{"type":"FeatureCollection","features":[{"type":"Feature","geometry":{"type":"Point","coordinates":[-46.74856339,-23.51265639]},"properties":{"id":"sp_geosampa_educacao_rede_publica:equipamento_educacao_rede_publica.50001","source_id":"sp_geosampa_educacao_rede_publica","name":"AYRES DE MOURA PROFESSOR","name_derived":false,"category":"school","subcategory":"primary_secondary","geometry_type":"Point","address":"ARTUR ORLANDO, 907, VILA JAGUARA, 05118-000","equipment_type":"EE","administrative_sphere":null,"included_in_metrics":true,"exclusion_reason":null,"override_reason":null,"outside_boundary":false}},{"type":"Feature","geometry":{"type":"Point","coordinates":[-46.75927132,-23.40481472]},"properties":{"id":"sp_geosampa_educacao_rede_publica:equipamento_educacao_rede_publica.50002","source_id":"sp_geosampa_educacao_rede_publica","name":"GAVIAO PEIXOTO BRIGADEIRO","name_derived":false,"category":"school","subcategory":"primary_secondary","geometry_type":"Point","address":"MOGEIRO, 710, VILA PERUS, 05208-230","equipment_type":"EE","administrative_sphere":null,"included_in_metrics":true,"exclusion_reason":null,"override_reason":null,"outside_boundary":false}},{"type":"Feature","geometry":{"type":"Point","coordinates":[-46.69840903,-23.46927451]},"properties":{"id":"sp_geosampa_educacao_rede_publica:equipamento_educacao_rede_publica.50003","source_id":"sp_geosampa_educacao_rede_publica","name":"JOAO SOLIMEO","name_derived":false,"category":"school","subcategory":"primary_secondary","geometry_type":"Point","address":"DO SABAO, 1497, JARDIM MARISTELA, 02806-000","equipment_type":"EE","administrative_sphere":null,"included_in_metrics":true,"exclusion_reason":null,"override_reason":null,"outside_boundary":false}},{"type":"Feature","geometry":{"type":"Point","coordinates":[-46.6794406,-23.46371672]},"properties":{"id":"sp_geosampa_educacao_rede_publica:equipamento_educacao_rede_publica.50004","source_id":"sp_geosampa_educacao_rede_publica","name":"WALFREDO ARANTES CALDAS PROFESSOR","name_derived":false,"category":"school","subcategory":"primary_secondary","geometry_type":"Point","address":"DEPUTADO CANTIDIO SAMPAIO, 1701, VILA SOUZA, 02860-001","equipment_type":"EE","administrative_sphere":null,"included_in_metrics":true,"exclusion_reason":null,"override_reason":null,"outside_boundary":false}},{"type":"Feature","geometry":{"type":"Point","coordinates":[-46.79226917,-23.43799184]},"properties":{"id":"sp_geosampa_educacao_rede_publica:equipamento_educacao_rede_publica.50005","source_id":"sp_geosampa_educacao_rede_publica","name":"SEBASTIAO DE OLIVEIRA GUSMAO PROFESSOR","name_derived":false,"category":"school","subcategory":"primary_secondary","geometry_type":"Point","address":"FRANCISCO GIRON, SN, MORRO DOCE, 05267-000","equipment_type":"EE","administrative_sphere":null,"included_in_metrics":true,"exclusion_reason":null,"override_reason":null,"outside_boundary":false}},{"type":"Feature","geometry":{"type":"Point","coordinates":[-46.75524919,-23.40706991]},"properties":{"id":"sp_geosampa_educacao_rede_publica:equipamento_educacao_rede_publica.50006","source_id":"sp_geosampa_educacao_rede_publica","name":"SUZANA DE CAMPOS DONA","name_derived":false,"category":"school","subcategory":"primary_secondary","geometry_type":"Point","address":"ANTONIO MAIA, 691, VILA PERUS, 05204-110","equipment_type":"EE","administrative_sphere":null,"included_in_metrics":true,"exclusion_reason":null,"override_reason":null,"outside_boundary":false}},{"type":"Feature","geometry":{"type":"Point","coordinates":[-46.67456588,-23.46729496]},"properties":{"id":"sp_geosampa_educacao_rede_publica:equipamento_educacao_rede_publica.50007","source_id":"sp_geosampa_educacao_rede_publica","name":"JULIO DE FARIA E SOUZA PROFESSOR","name_derived":false,"category":"school","subcategory":"primary_secondary","geometry_type":"Point","address":"POMPEU PEQUENO DE SOUZA BRASIL, 89, VILA FRANCOS, 02881-100","equipment_type":"EE","administrative_sphere":null,"included_in_metrics":true,"exclusion_reason":null,"override_reason":null,"outside_boundary":false}},{"type":"Feature","geometry":{"type":"Point","coordinates":[-46.74616217,-23.48155469]},"properties":{"id":"sp_geosampa_educacao_rede_publica:equipamento_educacao_rede_publica.50008","source_id":"sp_geosampa_educacao_rede_publica","name":"JULIO CESAR DE OLIVEIRA PROFESSOR","name_derived":false,"category":"school","subcategory":"primary_secondary","geometry_type":"Point","address":"ALBERTO VEIGA, 99, VILA PIRITUBA, 05172-270","equipment_type":"EE","administrative_sphere":null,"included_in_metrics":true,"exclusion_reason":null,"override_reason":null,"outside_boundary":false}},{"type":"Feature","geometry":{"type":"Point","coordinates":[-46.70240207,-23.457489]},"properties":{"id":"sp_geosampa_educacao_rede_publica:equipamento_educacao_rede_publica.50009","source_id":"sp_geosampa_educacao_rede_publica","name":"RENATO DE ARRUDA PENTEADO PROFESSOR","name_derived":false,"category":"school","subcategory":"primary_secondary","geometry_type":"Point","address":"FLORIANO DA COSTA BARROSO, 10, JARDIM CAROMBE, 02855-220","equipment_type":"EE","administrative_sphere":null,"included_in_metrics":true,"exclusion_reason":null,"override_reason":null,"outside_boundary":false}},{"type":"Feature","geometry":{"type":"Point","coordinates":[-46.67461908,-23.46019802]},"properties":{"id":"sp_geosampa_educacao_rede_publica:equipamento_educacao_rede_publica.50010","source_id":"sp_geosampa_educacao_rede_publica","name":"JOAO BOEMER JARDIM PROFESSOR","name_derived":false,"category":"school","subcategory":"primary_secondary","geometry_type":"Point","address":"CRISTOVAO SANTIAGO, 50, JARDIM ONDINA, 02871-040","equipment_type":"EE","administrative_sphere":null,"included_in_metrics":true,"exclusion_reason":null,"override_reason":null,"outside_boundary":false}},{"type":"Feature","geometry":{"type":"Point","coordinates":[-46.71642692,-23.45094922]},"properties":{"id":"sp_geosampa_educacao_rede_publica:equipamento_educacao_rede_publica.50011","source_id":"sp_geosampa_educacao_rede_publica","name":"FRANCISCO FARIA NETO PROFESSOR","name_derived":false,"category":"school","subcategory":"primary_secondary","geometry_type":"Point","address":"SILVERIO DE CASTRO SOUSA, 102, JARDIM SYDNEY, 02982-000","equipment_type":"EE","administrative_sphere":null,"included_in_metrics":true,"exclusion_reason":null,"override_reason":null,"outside_boundary":false}},{"type":"Feature","geometry":{"type":"Point","coordinates":[-46.75153671,-23.51397982]},"properties":{"id":"sp_geosampa_educacao_rede_publica:equipamento_educacao_rede_publica.50012","source_id":"sp_geosampa_educacao_rede_publica","name":"JOSE ALTENFELDER SILVA PROFESSOR","name_derived":false,"category":"school","subcategory":"primary_secondary","geometry_type":"Point","address":"CARLOS ALBERTO VANZOLINI, 397, VILA DOS REMEDIOS, 05103-060","equipment_type":"EE","administrative_sphere":null,"included_in_metrics":true,"exclusion_reason":null,"override_reason":null,"outside_boundary":false}},{"type":"Feature","geometry":{"type":"Point","coordinates":[-46.71562984,-23.49143218]},"properties":{"id":"sp_geosampa_educacao_rede_publica:equipamento_educacao_rede_publica.50013","source_id":"sp_geosampa_educacao_rede_publica","name":"MARIANO DE OLIVEIRA PROFESSOR","name_derived":false,"category":"school","subcategory":"primary_secondary","geometry_type":"Point","address":"ALMIRANTE ISAIAS DE NORONHA, 13, VILA PEREIRA BARRETO, 02919-100","equipment_type":"EE","administrative_sphere":null,"included_in_metrics":true,"exclusion_reason":null,"override_reason":null,"outside_boundary":false}},{"type":"Feature","geometry":{"type":"Point","coordinates":[-46.71291207,-23.50169913]},"properties":{"id":"sp_geosampa_educacao_rede_publica:equipamento_educacao_rede_publica.50014","source_id":"sp_geosampa_educacao_rede_publica","name":"SILVIO XAVIER ANTUNES PROFESSOR","name_derived":false,"category":"school","subcategory":"primary_secondary","geometry_type":"Point","address":"JOSE DA SILVA MARTHA, 150, PIQUERI, 02913-100","equipment_type":"EE","administrative_sphere":null,"included_in_metrics":true,"exclusion_reason":null,"override_reason":null,"outside_boundary":false}},{"type":"Feature","geometry":{"type":"Point","coordinates":[-46.74459321,-23.50478493]},"properties":{"id":"sp_geosampa_educacao_rede_publica:equipamento_educacao_rede_publica.50015","source_id":"sp_geosampa_educacao_rede_publica","name":"OCTAVIO MONTEIRO DE CASTRO PROFESSOR","name_derived":false,"category":"school","subcategory":"primary_secondary","geometry_type":"Point","address":"ITAQUIRAI, 01, VILA MANGALOT, 05132-110","equipment_type":"EE","administrative_sphere":null,"included_in_metrics":true,"exclusion_reason":null,"override_reason":null,"outside_boundary":false}},{"type":"Feature","geometry":{"type":"Point","coordinates":[-46.74856339,-23.51265639]},"properties":{"id":"sp_geosampa_educacao_rede_publica:equipamento_educacao_rede_publica.50016","source_id":"sp_geosampa_educacao_rede_publica","name":"PIO TELLES PEIXOTO PROFESSOR","name_derived":false,"category":"school","subcategory":"primary_secondary","geometry_type":"Point","address":"ARTUR ORLANDO, 985, VILA JAGUARA, 05118-000","equipment_type":"EE","administrative_sphere":null,"included_in_metrics":true,"exclusion_reason":null,"override_reason":null,"outside_boundary":false}},{"type":"Feature","geometry":{"type":"Point","coordinates":[-46.75170675,-23.48585233]},"properties":{"id":"sp_geosampa_educacao_rede_publica:equipamento_educacao_rede_publica.50017","source_id":"sp_geosampa_educacao_rede_publica","name":"ZENAIDE VILALVA DE ARAUJO PROFESSORA","name_derived":false,"category":"school","subcategory":"primary_secondary","geometry_type":"Point","address":"BELO JARDIM, 674, JARDIM MUTINGA, 05159-200","equipment_type":"EE","administrative_sphere":null,"included_in_metrics":true,"exclusion_reason":null,"override_reason":null,"outside_boundary":false}},{"type":"Feature","geometry":{"type":"Point","coordinates":[-46.75807892,-23.50474378]},"properties":{"id":"sp_geosampa_educacao_rede_publica:equipamento_educacao_rede_publica.50018","source_id":"sp_geosampa_educacao_rede_publica","name":"ANTONIO CANDIDO CORREA GUIMARAES FILHO PROFESSOR","name_derived":false,"category":"school","subcategory":"primary_secondary","geometry_type":"Point","address":"MUTINGA, 5071, JARDIM SANTO ELIAS, 05110-000","equipment_type":"EE","administrative_sphere":null,"included_in_metrics":true,"exclusion_reason":null,"override_reason":null,"outside_boundary":false}},{"type":"Feature","geometry":{"type":"Point","coordinates":[-46.7467837,-23.4713092]},"properties":{"id":"sp_geosampa_educacao_rede_publica:equipamento_educacao_rede_publica.50019","source_id":"sp_geosampa_educacao_rede_publica","name":"AGENOR COUTO DE MAGALHAES DOUTOR","name_derived":false,"category":"school","subcategory":"primary_secondary","geometry_type":"Point","address":"GUILHERME MANKEL, 99, VILA CLARICE, 05176-000","equipment_type":"EE","administrative_sphere":null,"included_in_metrics":true,"exclusion_reason":null,"override_reason":null,"outside_boundary":false}},{"type":"Feature","geometry":{"type":"Point","coordinates":[-46.71841529,-23.47973139]},"properties":{"id":"sp_geosampa_educacao_rede_publica:equipamento_educacao_rede_publica.50020","source_id":"sp_geosampa_educacao_rede_publica","name":"ALIPIO DE BARROS PROFESSOR","name_derived":false,"category":"school","subcategory":"primary_secondary","geometry_type":"Point","address":"COMENDADOR FEIZ ZARZUR, SN, JARDIM CIDADE PIRITUBA, 02942-000","equipment_type":"EE","administrative_sphere":null,"included_in_metrics":true,"exclusion_reason":null,"override_reason":null,"outside_boundary":false}},{"type":"Feature","geometry":{"type":"Point","coordinates":[-46.74332908,-23.49721737]},"properties":{"id":"sp_geosampa_educacao_rede_publica:equipamento_educacao_rede_publica.50021","source_id":"sp_geosampa_educacao_rede_publica","name":"ANTONIO FRANCISCO REDONDO PROFESSOR","name_derived":false,"category":"school","subcategory":"primary_secondary","geometry_type":"Point","address":"EVANDRO DANTON FERREIRA GANDRA, 148, VILA MANGALOT, 05131-100","equipment_type":"EE","administrative_sphere":null,"included_in_metrics":true,"exclusion_reason":null,"override_reason":null,"outside_boundary":false}},{"type":"Feature","geometry":{"type":"Point","coordinates":[-46.72623115,-23.48324592]},"properties":{"id":"sp_geosampa_educacao_rede_publica:equipamento_educacao_rede_publica.50022","source_id":"sp_geosampa_educacao_rede_publica","name":"CANDIDO GONCALVES GOMIDE PROFESSOR","name_derived":false,"category":"school","subcategory":"primary_secondary","geometry_type":"Point","address":"AVELINO ZANETTI, 50, JARDIM CIDADE PIRITUBA, 02945-100","equipment_type":"EE","administrative_sphere":null,"included_in_metrics":true,"exclusion_reason":null,"override_reason":null,"outside_boundary":false}},{"type":"Feature","geometry":{"type":"Point","coordinates":[-46.68344728,-23.47200232]},"properties":{"id":"sp_geosampa_educacao_rede_publica:equipamento_educacao_rede_publica.50023","source_id":"sp_geosampa_educacao_rede_publica","name":"CHIQUINHA RODRIGUES","name_derived":false,"category":"school","subcategory":"primary_secondary","geometry_type":"Point","address":"CAIAPE, 49, VILA PENTEADO, 02867-000","equipment_type":"EE","administrative_sphere":null,"included_in_metrics":true,"exclusion_reason":null,"override_reason":null,"outside_boundary":false}},{"type":"Feature","geometry":{"type":"Point","coordinates":[-46.74475118,-23.45561134]},"properties":{"id":"sp_geosampa_educacao_rede_publica:equipamento_educacao_rede_publica.50024","source_id":"sp_geosampa_educacao_rede_publica","name":"ISABEL VIEIRA DE SERPA E PAIVA PROFESSORA","name_derived":false,"category":"school","subcategory":"primary_secondary","geometry_type":"Point","address":"JERIMANDUBA, 561, JARAGUA, 05181-000","equipment_type":"EE","administrative_sphere":null,"included_in_metrics":true,"exclusion_reason":null,"override_reason":null,"outside_boundary":false}},{"type":"Feature","geometry":{"type":"Point","coordinates":[-46.70313889,-23.47165983]},"properties":{"id":"sp_geosampa_educacao_rede_publica:equipamento_educacao_rede_publica.50025","source_id":"sp_geosampa_educacao_rede_publica","name":"CLODOMIRO CARNEIRO","name_derived":false,"category":"school","subcategory":"primary_secondary","geometry_type":"Point","address":"MANOEL DE SOUZA AZEVEDO, 364, SITIO MORRO GRANDE, 02809-040","equipment_type":"EE","administrative_sphere":null,"included_in_metrics":true,"exclusion_reason":null,"override_reason":null,"outside_boundary":false}},{"type":"Feature","geometry":{"type":"Point","coordinates":[-46.72939677,-23.49333035]},"properties":{"id":"sp_geosampa_educacao_rede_publica:equipamento_educacao_rede_publica.50026","source_id":"sp_geosampa_educacao_rede_publica","name":"ERMANO MARCHETTI","name_derived":false,"category":"school","subcategory":"primary_secondary","geometry_type":"Point","address":"PEDRO MARIGLIANI, 192, CHACARA INGLESA, 05141-010","equipment_type":"EE","administrative_sphere":null,"included_in_metrics":true,"exclusion_reason":null,"override_reason":null,"outside_boundary":false}},{"type":"Feature","geometry":{"type":"Point","coordinates":[-46.69787365,-23.46901364]},"properties":{"id":"sp_geosampa_educacao_rede_publica:equipamento_educacao_rede_publica.50027","source_id":"sp_geosampa_educacao_rede_publica","name":"GALDINO LOPES CHAGAS PROFESSOR","name_derived":false,"category":"school","subcategory":"primary_secondary","geometry_type":"Point","address":"SABAO, 1547, JARDIM MARISTELA, 02806-000","equipment_type":"EE","administrative_sphere":null,"included_in_metrics":true,"exclusion_reason":null,"override_reason":null,"outside_boundary":false}},{"type":"Feature","geometry":{"type":"Point","coordinates":[-46.71886743,-23.43499095]},"properties":{"id":"sp_geosampa_educacao_rede_publica:equipamento_educacao_rede_publica.50028","source_id":"sp_geosampa_educacao_rede_publica","name":"HUMBERTO DE SOUZA MELLO GENERAL","name_derived":false,"category":"school","subcategory":"primary_secondary","geometry_type":"Point","address":"DEPUTADO CANTIDIO SAMPAIO, 6803, PARADA DE TAIPAS, 02860-001","equipment_type":"EE","administrative_sphere":null,"included_in_metrics":true,"exclusion_reason":null,"override_reason":null,"outside_boundary":false}},{"type":"Feature","geometry":{"type":"Point","coordinates":[-46.6862182,-23.45361269]},"properties":{"id":"sp_geosampa_educacao_rede_publica:equipamento_educacao_rede_publica.50029","source_id":"sp_geosampa_educacao_rede_publica","name":"DALILA DE ANDRADE COSTA PROFESSORA","name_derived":false,"category":"school","subcategory":"primary_secondary","geometry_type":"Point","address":"ARROIO DO MEIO, SN, JARDIM VISTA ALEGRE, 02878-120","equipment_type":"EE","administrative_sphere":null,"included_in_metrics":true,"exclusion_reason":null,"override_reason":null,"outside_boundary":false}},{"type":"Feature","geometry":{"type":"Point","coordinates":[-46.65816971,-23.51021944]},"properties":{"id":"sp_geosampa_educacao_rede_publica:equipamento_educacao_rede_publica.50030","source_id":"sp_geosampa_educacao_rede_publica","name":"BENEDITO TOLOSA PROFESSOR","name_derived":false,"category":"school","subcategory":"primary_secondary","geometry_type":"Point","address":"DIRCEU DE LIMA, 617, CASA VERDE, 02515-050","equipment_type":"EE","administrative_sphere":null,"included_in_metrics":true,"exclusion_reason":null,"override_reason":null,"outside_boundary":false}},{"type":"Feature","geometry":{"type":"Point","coordinates":[-46.65513721,-23.49769553]},"properties":{"id":"sp_geosampa_educacao_rede_publica:equipamento_educacao_rede_publica.50031","source_id":"sp_geosampa_educacao_rede_publica","name":"ARY BARROSO","name_derived":false,"category":"school","subcategory":"primary_secondary","geometry_type":"Point","address":"SANTA EUDOXIA, 630, PARQUE PERUCHE, 02533-010","equipment_type":"EE","administrative_sphere":null,"included_in_metrics":true,"exclusion_reason":null,"override_reason":null,"outside_boundary":false}},{"type":"Feature","geometry":{"type":"Point","coordinates":[-46.6506291,-23.50212735]},"properties":{"id":"sp_geosampa_educacao_rede_publica:equipamento_educacao_rede_publica.50032","source_id":"sp_geosampa_educacao_rede_publica","name":"PEDRO MONTEIRO DO AMARAL CAPITAO","name_derived":false,"category":"school","subcategory":"primary_secondary","geometry_type":"Point","address":"NURSIA, 412, JARDIM SAO BENTO, 02524-020","equipment_type":"EE","administrative_sphere":null,"included_in_metrics":true,"exclusion_reason":null,"override_reason":null,"outside_boundary":false}},{"type":"Feature","geometry":{"type":"Point","coordinates":[-46.66329047,-23.50933826]},"properties":{"id":"sp_geosampa_educacao_rede_publica:equipamento_educacao_rede_publica.50033","source_id":"sp_geosampa_educacao_rede_publica","name":"MANUEL DA NOBREGA PADRE","name_derived":false,"category":"school","subcategory":"primary_secondary","geometry_type":"Point","address":"SANTA PRISCA, 122, JARDIM LARANJEIRAS, 02518-010","equipment_type":"EE","administrative_sphere":null,"included_in_metrics":true,"exclusion_reason":null,"override_reason":null,"outside_boundary":false}},{"type":"Feature","geometry":{"type":"Point","coordinates":[-46.69835842,-23.49999904]},"properties":{"id":"sp_geosampa_educacao_rede_publica:equipamento_educacao_rede_publica.50034","source_id":"sp_geosampa_educacao_rede_publica","name":"MANOEL DA NOBREGA PADRE","name_derived":false,"category":"school","subcategory":"primary_secondary","geometry_type":"Point","address":"ITABERABA, 145, NOSSA SENHORA DO O, 02734-000","equipment_type":"EE","administrative_sphere":null,"included_in_metrics":true,"exclusion_reason":null,"override_reason":null,"outside_boundary":false}},{"type":"Feature","geometry":{"type":"Point","coordinates":[-46.66750161,-23.49494667]},"properties":{"id":"sp_geosampa_educacao_rede_publica:equipamento_educacao_rede_publica.50035","source_id":"sp_geosampa_educacao_rede_publica","name":"MATILDE MACEDO SOARES","name_derived":false,"category":"school","subcategory":"primary_secondary","geometry_type":"Point","address":"JOSE SORIANO DE SOUSA, 30, CASA VERDE ALTA, 02555-050","equipment_type":"EE","administrative_sphere":null,"included_in_metrics":true,"exclusion_reason":null,"override_reason":null,"outside_boundary":false}},{"type":"Feature","geometry":{"type":"Point","coordinates":[-46.6973967,-23.4923794]},"properties":{"id":"sp_geosampa_educacao_rede_publica:equipamento_educacao_rede_publica.50036","source_id":"sp_geosampa_educacao_rede_publica","name":"PASQUALE PECCICACCO","name_derived":false,"category":"school","subcategory":"primary_secondary","geometry_type":"Point","address":"NAZARIO PAGANO, 225, JARDIM MONJOLO, 02961-030","equipment_type":"EE","administrative_sphere":null,"included_in_metrics":true,"exclusion_reason":null,"override_reason":null,"outside_boundary":false}},{"type":"Feature","geometry":{"type":"Point","coordinates":[-46.65527704,-23.47026819]},"properties":{"id":"sp_geosampa_educacao_rede_publica:equipamento_educacao_rede_publica.50037","source_id":"sp_geosampa_educacao_rede_publica","name":"ANTONIO JOSE LEITE PROF","name_derived":false,"category":"school","subcategory":"primary_secondary","geometry_type":"Point","address":"DEZ DE MAIO, 271, VILA AMELIA, 02615-100","equipment_type":"EE","administrative_sphere":null,"included_in_metrics":true,"exclusion_reason":null,"override_reason":null,"outside_boundary":false}},{"type":"Feature","geometry":{"type":"Point","coordinates":[-46.68120522,-23.49148875]},"properties":{"id":"sp_geosampa_educacao_rede_publica:equipamento_educacao_rede_publica.50038","source_id":"sp_geosampa_educacao_rede_publica","name":"ANTOINE DE SAINT EXUPERY","name_derived":false,"category":"school","subcategory":"primary_secondary","geometry_type":"Point","address":"ANTONIO RIBEIRO DE MORAIS, 184, VILA CARBONE, 02751-000","equipment_type":"EE","administrative_sphere":null,"included_in_metrics":true,"exclusion_reason":null,"override_reason":null,"outside_boundary":false}},{"type":"Feature","geometry":{"type":"Point","coordinates":[-46.69218621,-23.48764757]},"properties":{"id":"sp_geosampa_educacao_rede_publica:equipamento_educacao_rede_publica.50039","source_id":"sp_geosampa_educacao_rede_publica","name":"JOAQUIM LUIZ DE BRITO PROFESSOR","name_derived":false,"category":"school","subcategory":"primary_secondary","geometry_type":"Point","address":"SANTA LUCIA FILIPPINI, 65, ITABERABA, 02737-100","equipment_type":"EE","administrative_sphere":null,"included_in_metrics":true,"exclusion_reason":null,"override_reason":null,"outside_boundary":false}},{"type":"Feature","geometry":{"type":"Point","coordinates":[-46.70235308,-23.48430078]},"properties":{"id":"sp_geosampa_educacao_rede_publica:equipamento_educacao_rede_publica.50040","source_id":"sp_geosampa_educacao_rede_publica","name":"MARQUES DE TAMANDARE ALMIRANTE","name_derived":false,"category":"school","subcategory":"primary_secondary","geometry_type":"Point","address":"JACARECOPAIBA, 33, VILA MARINA, 02965-170","equipment_type":"EE","administrative_sphere":null,"included_in_metrics":true,"exclusion_reason":null,"override_reason":null,"outside_boundary":false}},{"type":"Feature","geometry":{"type":"Point","coordinates":[-46.71081297,-23.47882568]},"properties":{"id":"sp_geosampa_educacao_rede_publica:equipamento_educacao_rede_publica.50041","source_id":"sp_geosampa_educacao_rede_publica","name":"JOAQUIM SILVADO DOUTOR","name_derived":false,"category":"school","subcategory":"primary_secondary","geometry_type":"Point","address":"MONSENHOR MANOEL GOMES, 306, VILA ZAT, 02975-120","equipment_type":"EE","administrative_sphere":null,"included_in_metrics":true,"exclusion_reason":null,"override_reason":null,"outside_boundary":false}},{"type":"Feature","geometry":{"type":"Point","coordinates":[-46.66344861,-23.47008268]},"properties":{"id":"sp_geosampa_educacao_rede_publica:equipamento_educacao_rede_publica.50042","source_id":"sp_geosampa_educacao_rede_publica","name":"REPUBLICA DO CHILE","name_derived":false,"category":"school","subcategory":"primary_secondary","geometry_type":"Point","address":"MARACAIA, 204, VILA NOVA CACHOEIRINHA, 02612-020","equipment_type":"EE","administrative_sphere":null,"included_in_metrics":true,"exclusion_reason":null,"override_reason":null,"outside_boundary":false}},{"type":"Feature","geometry":{"type":"Point","coordinates":[-46.68063559,-23.49827479]},"properties":{"id":"sp_geosampa_educacao_rede_publica:equipamento_educacao_rede_publica.50043","source_id":"sp_geosampa_educacao_rede_publica","name":"ANGELINA MADUREIRA PROFESSORA","name_derived":false,"category":"school","subcategory":"primary_secondary","geometry_type":"Point","address":"VICENTE FERREIRA LEITE, 489, VILA SIQUEIRA, 02723-000","equipment_type":"EE","administrative_sphere":null,"included_in_metrics":true,"exclusion_reason":null,"override_reason":null,"outside_boundary":false}},{"type":"Feature","geometry":{"type":"Point","coordinates":[-46.67278346,-23.51078264]},"properties":{"id":"sp_geosampa_educacao_rede_publica:equipamento_educacao_rede_publica.50044","source_id":"sp_geosampa_educacao_rede_publica","name":"TAUNAY VISCONDE DE","name_derived":false,"category":"school","subcategory":"primary_secondary","geometry_type":"Point","address":"CELESTINO BOURROUL, 304, LIMAO, 02710-000","equipment_type":"EE","administrative_sphere":null,"included_in_metrics":true,"exclusion_reason":null,"override_reason":null,"outside_boundary":false}},{"type":"Feature","geometry":{"type":"Point","coordinates":[-46.70348616,-23.49796133]},"properties":{"id":"sp_geosampa_educacao_rede_publica:equipamento_educacao_rede_publica.50045","source_id":"sp_geosampa_educacao_rede_publica","name":"AUGUSTO RIBEIRO DE CARVALHO PROFESSOR","name_derived":false,"category":"school","subcategory":"primary_secondary","geometry_type":"Point","address":"PROFESSOR JOAO MACHADO, 511, NOSSA SENHORA DO O, 02927-000","equipment_type":"EE","administrative_sphere":null,"included_in_metrics":true,"exclusion_reason":null,"override_reason":null,"outside_boundary":false}},{"type":"Feature","geometry":{"type":"Point","coordinates":[-46.6515208,-23.49190192]},"properties":{"id":"sp_geosampa_educacao_rede_publica:equipamento_educacao_rede_publica.50046","source_id":"sp_geosampa_educacao_rede_publica","name":"AUGUSTO MEIRELLES REIS FILHO PROFESSOR","name_derived":false,"category":"school","subcategory":"primary_secondary","geometry_type":"Point","address":"PADRE JOAO GUALBERTO, 311, IMIRIM, 02537-000","equipment_type":"EE","administrative_sphere":null,"included_in_metrics":true,"exclusion_reason":null,"override_reason":null,"outside_boundary":false}},{"type":"Feature","geometry":{"type":"Point","coordinates":[-46.70800003,-23.49411429]},"properties":{"id":"sp_geosampa_educacao_rede_publica:equipamento_educacao_rede_publica.50047","source_id":"sp_geosampa_educacao_rede_publica","name":"MATHIAS AIRES","name_derived":false,"category":"school","subcategory":"primary_secondary","geometry_type":"Point","address":"MOINHO VELHO, 355, MOINHO VELHO, 02929-000","equipment_type":"EE","administrative_sphere":null,"included_in_metrics":true,"exclusion_reason":null,"override_reason":null,"outside_boundary":false}},{"type":"Feature","geometry":{"type":"Point","coordinates":[-46.67561281,-23.49777265]},"properties":{"id":"sp_geosampa_educacao_rede_publica:equipamento_educacao_rede_publica.50049","source_id":"sp_geosampa_educacao_rede_publica","name":"LUIZ GONZAGA RIGHINI PROFESSOR","name_derived":false,"category":"school","subcategory":"primary_secondary","geometry_type":"Point","address":"DEPUTADO EMILIO CARLOS, 900, LIMAO, 02720-100","equipment_type":"EE","administrative_sphere":null,"included_in_metrics":true,"exclusion_reason":null,"override_reason":null,"outside_boundary":false}},{"type":"Feature","geometry":{"type":"Point","coordinates":[-46.67742723,-23.48484173]},"properties":{"id":"sp_geosampa_educacao_rede_publica:equipamento_educacao_rede_publica.50050","source_id":"sp_geosampa_educacao_rede_publica","name":"MARIO TEIXEIRA MARIANO PROFESSOR","name_derived":false,"category":"school","subcategory":"primary_secondary","geometry_type":"Point","address":"DOM ANTONIO DE ALMEIDA LUSTOSA, 94, JARDIM PRIMAVERA ZONA NORTE, 02756-030","equipment_type":"EE","administrative_sphere":null,"included_in_metrics":true,"exclusion_reason":null,"override_reason":null,"outside_boundary":false}},{"type":"Feature","geometry":{"type":"Point","coordinates":[-46.66024308,-23.49391896]},"properties":{"id":"sp_geosampa_educacao_rede_publica:equipamento_educacao_rede_publica.50051","source_id":"sp_geosampa_educacao_rede_publica","name":"COLOMBO DE ALMEIDA PROFESSOR","name_derived":false,"category":"school","subcategory":"primary_secondary","geometry_type":"Point","address":"GRACIANO ALTIERI, 114, CASA VERDE ALTA, 02545-060","equipment_type":"EE","administrative_sphere":null,"included_in_metrics":true,"exclusion_reason":null,"override_reason":null,"outside_boundary":false}},{"type":"Feature","geometry":{"type":"Point","coordinates":[-46.68066565,-23.50286194]},"properties":{"id":"sp_geosampa_educacao_rede_publica:equipamento_educacao_rede_publica.50052","source_id":"sp_geosampa_educacao_rede_publica","name":"TARCISIO ALVARES LOBO","name_derived":false,"category":"school","subcategory":"primary_secondary","geometry_type":"Point","address":"ESTELA BORGES MORATO, 500, VILA SIQUEIRA, 02722-000","equipment_type":"EE","administrative_sphere":null,"included_in_metrics":true,"exclusion_reason":null,"override_reason":null,"outside_boundary":false}},{"type":"Feature","geometry":{"type":"Point","coordinates":[-46.66553744,-23.48857022]},"properties":{"id":"sp_geosampa_educacao_rede_publica:equipamento_educacao_rede_publica.50053","source_id":"sp_geosampa_educacao_rede_publica","name":"JOAQUIM NABUCO","name_derived":false,"category":"school","subcategory":"primary_secondary","geometry_type":"Point","address":"JOAQUIM AFONSO DE SOUZA, 355, VILA CELESTE, 02543-000","equipment_type":"EE","administrative_sphere":null,"included_in_metrics":true,"exclusion_reason":null,"override_reason":null,"outside_boundary":false}},{"type":"Feature","geometry":{"type":"Point","coordinates":[-46.69980281,-23.49585002]},"properties":{"id":"sp_geosampa_educacao_rede_publica:equipamento_educacao_rede_publica.50054","source_id":"sp_geosampa_educacao_rede_publica","name":"JACOMO STAVALE PROFESSOR","name_derived":false,"category":"school","subcategory":"primary_secondary","geometry_type":"Point","address":"MANUEL MADRUGA, 205, MOINHO VELHO, 02960-020","equipment_type":"EE","administrative_sphere":null,"included_in_metrics":true,"exclusion_reason":null,"override_reason":null,"outside_boundary":false}},{"type":"Feature","geometry":{"type":"Point","coordinates":[-46.71964698,-23.47271306]},"properties":{"id":"sp_geosampa_educacao_rede_publica:equipamento_educacao_rede_publica.50055","source_id":"sp_geosampa_educacao_rede_publica","name":"NOSSA SENHORA DO RETIRO","name_derived":false,"category":"school","subcategory":"primary_secondary","geometry_type":"Point","address":"DOUTOR PEDRO MUSTRE PORTUGAL, 265, VILA RENATO ZONA NORTE, 02952-080","equipment_type":"EE","administrative_sphere":null,"included_in_metrics":true,"exclusion_reason":null,"override_reason":null,"outside_boundary":false}},{"type":"Feature","geometry":{"type":"Point","coordinates":[-46.67041066,-23.490139]},"properties":{"id":"sp_geosampa_educacao_rede_publica:equipamento_educacao_rede_publica.50056","source_id":"sp_geosampa_educacao_rede_publica","name":"DULCE FERREIRA BOARIN PROFESSORA","name_derived":false,"category":"school","subcategory":"primary_secondary","geometry_type":"Point","address":"DOUTOR FLEURY SILVEIRA, 295, VILA SANTA MARIA, 02563-010","equipment_type":"EE","administrative_sphere":null,"included_in_metrics":true,"exclusion_reason":null,"override_reason":null,"outside_boundary":false}},{"type":"Feature","geometry":{"type":"Point","coordinates":[-46.68348038,-23.48306865]},"properties":{"id":"sp_geosampa_educacao_rede_publica:equipamento_educacao_rede_publica.50057","source_id":"sp_geosampa_educacao_rede_publica","name":"PLINIO DAMASCO PENNA PROFESSOR","name_derived":false,"category":"school","subcategory":"primary_secondary","geometry_type":"Point","address":"GENERAL ULHOA CINTRA, 37, VILA BANCARIA MUNHOZ, 02759-030","equipment_type":"EE","administrative_sphere":null,"included_in_metrics":true,"exclusion_reason":null,"override_reason":null,"outside_boundary":false}},{"type":"Feature","geometry":{"type":"Point","coordinates":[-46.67506929,-23.48990247]},"properties":{"id":"sp_geosampa_educacao_rede_publica:equipamento_educacao_rede_publica.50058","source_id":"sp_geosampa_educacao_rede_publica","name":"PAULO SETUBAL","name_derived":false,"category":"school","subcategory":"primary_secondary","geometry_type":"Point","address":"DEPUTADO EMILIO CARLOS, 1980, LIMAO, 02720-200","equipment_type":"EE","administrative_sphere":null,"included_in_metrics":true,"exclusion_reason":null,"override_reason":null,"outside_boundary":false}},{"type":"Feature","geometry":{"type":"Point","coordinates":[-46.66447222,-23.47687251]},"properties":{"id":"sp_geosampa_educacao_rede_publica:equipamento_educacao_rede_publica.50059","source_id":"sp_geosampa_educacao_rede_publica","name":"TITO PRATES DA FONSECA","name_derived":false,"category":"school","subcategory":"primary_secondary","geometry_type":"Point","address":"MENDONCA JUNIOR, 611, VILA DOS ANDRADES, 02610-010","equipment_type":"EE","administrative_sphere":null,"included_in_metrics":true,"exclusion_reason":null,"override_reason":null,"outside_boundary":false}},{"type":"Feature","geometry":{"type":"Point","coordinates":[-46.68970067,-23.49701794]},"properties":{"id":"sp_geosampa_educacao_rede_publica:equipamento_educacao_rede_publica.50060","source_id":"sp_geosampa_educacao_rede_publica","name":"REGENTE FEIJO","name_derived":false,"category":"school","subcategory":"primary_secondary","geometry_type":"Point","address":"ANTONIO DE COUROS, SN, VILA PALMEIRAS, 02726-000","equipment_type":"EE","administrative_sphere":null,"included_in_metrics":true,"exclusion_reason":null,"override_reason":null,"outside_boundary":false}},{"type":"Feature","geometry":{"type":"Point","coordinates":[-46.69293374,-23.50339041]},"properties":{"id":"sp_geosampa_educacao_rede_publica:equipamento_educacao_rede_publica.50061","source_id":"sp_geosampa_educacao_rede_publica","name":"ANTONIO EMILIO SOUZA PENNA PROFESSOR","name_derived":false,"category":"school","subcategory":"primary_secondary","geometry_type":"Point","address":"CAROLINA MARIA DO CARMO, 30, VILA ALBERTINA, 02729-080","equipment_type":"EE","administrative_sphere":null,"included_in_metrics":true,"exclusion_reason":null,"override_reason":null,"outside_boundary":false}},{"type":"Feature","geometry":{"type":"Point","coordinates":[-46.69859708,-23.48058607]},"properties":{"id":"sp_geosampa_educacao_rede_publica:equipamento_educacao_rede_publica.50062","source_id":"sp_geosampa_educacao_rede_publica","name":"AUGUSTO DE MACEDO COSTA DOUTOR","name_derived":false,"category":"school","subcategory":"primary_secondary","geometry_type":"Point","address":"CONCEICAO DE JACAREI, 8, VILA CRUZ DAS ALMAS, 02805-140","equipment_type":"EE","administrative_sphere":null,"included_in_metrics":true,"exclusion_reason":null,"override_reason":null,"outside_boundary":false}},{"type":"Feature","geometry":{"type":"Point","coordinates":[-46.70954537,-23.50596418]},"properties":{"id":"sp_geosampa_educacao_rede_publica:equipamento_educacao_rede_publica.50063","source_id":"sp_geosampa_educacao_rede_publica","name":"PIO XII","name_derived":false,"category":"school","subcategory":"primary_secondary","geometry_type":"Point","address":"OTAVIO DOMINGUITO, 50, PIQUERI, 02912-040","equipment_type":"EE","administrative_sphere":null,"included_in_metrics":true,"exclusion_reason":null,"override_reason":null,"outside_boundary":false}},{"type":"Feature","geometry":{"type":"Point","coordinates":[-46.62800417,-23.49622729]},"properties":{"id":"sp_geosampa_educacao_rede_publica:equipamento_educacao_rede_publica.50064","source_id":"sp_geosampa_educacao_rede_publica","name":"FRONTINO GUIMARAES","name_derived":false,"category":"school","subcategory":"primary_secondary","geometry_type":"Point","address":"PAULO GONCALVES, 55, SANTANA, 02403-020","equipment_type":"EE","administrative_sphere":null,"included_in_metrics":true,"exclusion_reason":null,"override_reason":null,"outside_boundary":false}},{"type":"Feature","geometry":{"type":"Point","coordinates":[-46.63798587,-23.49437427]},"properties":{"id":"sp_geosampa_educacao_rede_publica:equipamento_educacao_rede_publica.50065","source_id":"sp_geosampa_educacao_rede_publica","name":"ROMULO PERO PROFESSOR","name_derived":false,"category":"school","subcategory":"primary_secondary","geometry_type":"Point","address":"COPACABANA, 243, SANTA TERESINHA, 02461-000","equipment_type":"EE","administrative_sphere":null,"included_in_metrics":true,"exclusion_reason":null,"override_reason":null,"outside_boundary":false}},{"type":"Feature","geometry":{"type":"Point","coordinates":[-46.58239543,-23.51531854]},"properties":{"id":"sp_geosampa_educacao_rede_publica:equipamento_educacao_rede_publica.50066","source_id":"sp_geosampa_educacao_rede_publica","name":"PAULO EGYDIO DE OLIVEIRA CARVALHO SENADOR","name_derived":false,"category":"school","subcategory":"primary_secondary","geometry_type":"Point","address":"ARARITAGUABA, 1264, VILA MARIA, 02122-011","equipment_type":"EE","administrative_sphere":null,"included_in_metrics":true,"exclusion_reason":null,"override_reason":null,"outside_boundary":false}},{"type":"Feature","geometry":{"type":"Point","coordinates":[-46.61149458,-23.50177798]},"properties":{"id":"sp_geosampa_educacao_rede_publica:equipamento_educacao_rede_publica.50067","source_id":"sp_geosampa_educacao_rede_publica","name":"TOLEDO BARBOSA","name_derived":false,"category":"school","subcategory":"primary_secondary","geometry_type":"Point","address":"MARIA CANDIDA, 293, VILA GUILHERME, 02071-010","equipment_type":"EE","administrative_sphere":null,"included_in_metrics":true,"exclusion_reason":null,"override_reason":null,"outside_boundary":false}},{"type":"Feature","geometry":{"type":"Point","coordinates":[-46.6509936,-23.46184552]},"properties":{"id":"sp_geosampa_educacao_rede_publica:equipamento_educacao_rede_publica.50068","source_id":"sp_geosampa_educacao_rede_publica","name":"RITA BICUDO PEREIRA PROFA","name_derived":false,"category":"school","subcategory":"primary_secondary","geometry_type":"Point","address":"PERI RONCHETTI, 494, JARDIM PERI, 02633-000","equipment_type":"EE","administrative_sphere":null,"included_in_metrics":true,"exclusion_reason":null,"override_reason":null,"outside_boundary":false}},{"type":"Feature","geometry":{"type":"Point","coordinates":[-46.58431284,-23.51403283]},"properties":{"id":"sp_geosampa_educacao_rede_publica:equipamento_educacao_rede_publica.50069","source_id":"sp_geosampa_educacao_rede_publica","name":"HORACIO LAFER MINISTRO","name_derived":false,"category":"school","subcategory":"primary_secondary","geometry_type":"Point","address":"DIAS DA SILVA, 1464, VILA MARIA, 02114-002","equipment_type":"EE","administrative_sphere":null,"included_in_metrics":true,"exclusion_reason":null,"override_reason":null,"outside_boundary":false}},{"type":"Feature","geometry":{"type":"Point","coordinates":[-46.60594462,-23.50058175]},"properties":{"id":"sp_geosampa_educacao_rede_publica:equipamento_educacao_rede_publica.50070","source_id":"sp_geosampa_educacao_rede_publica","name":"NARBAL FONTES PROFESSORA","name_derived":false,"category":"school","subcategory":"primary_secondary","geometry_type":"Point","address":"CONCEICAO, 806, CARANDIRU, 02072-000","equipment_type":"EE","administrative_sphere":null,"included_in_metrics":true,"exclusion_reason":null,"override_reason":null,"outside_boundary":false}},{"type":"Feature","geometry":{"type":"Point","coordinates":[-46.62499062,-23.49003214]},"properties":{"id":"sp_geosampa_educacao_rede_publica:equipamento_educacao_rede_publica.50071","source_id":"sp_geosampa_educacao_rede_publica","name":"OCTAVIO MENDES DOUTOR","name_derived":false,"category":"school","subcategory":"primary_secondary","geometry_type":"Point","address":"VOLUNTARIOS DA PATRIA, 3422, SANTANA, 02402-300","equipment_type":"EE","administrative_sphere":null,"included_in_metrics":true,"exclusion_reason":null,"override_reason":null,"outside_boundary":false}},{"type":"Feature","geometry":{"type":"Point","coordinates":[-46.63566121,-23.47123819]},"properties":{"id":"sp_geosampa_educacao_rede_publica:equipamento_educacao_rede_publica.50072","source_id":"sp_geosampa_educacao_rede_publica","name":"PAUL HUGON PROF","name_derived":false,"category":"school","subcategory":"primary_secondary","geometry_type":"Point","address":"JOSE DE ALMEIDA BOTELHO GENERAL, 196, PARQUE MANDAQUI, 02422-090","equipment_type":"EE","administrative_sphere":null,"included_in_metrics":true,"exclusion_reason":null,"override_reason":null,"outside_boundary":false}},{"type":"Feature","geometry":{"type":"Point","coordinates":[-46.59301245,-23.50048332]},"properties":{"id":"sp_geosampa_educacao_rede_publica:equipamento_educacao_rede_publica.50073","source_id":"sp_geosampa_educacao_rede_publica","name":"MARIA MONTESSORI","name_derived":false,"category":"school","subcategory":"primary_secondary","geometry_type":"Point","address":"CONCEICAO, 2288, VILA PAIVA, 02072-002","equipment_type":"EE","administrative_sphere":null,"included_in_metrics":true,"exclusion_reason":null,"override_reason":null,"outside_boundary":false}},{"type":"Feature","geometry":{"type":"Point","coordinates":[-46.59041671,-23.51615546]},"properties":{"id":"sp_geosampa_educacao_rede_publica:equipamento_educacao_rede_publica.50074","source_id":"sp_geosampa_educacao_rede_publica","name":"FLORINDA CARDOSO PROFESSORA","name_derived":false,"category":"school","subcategory":"primary_secondary","geometry_type":"Point","address":"ITAUNA, 748, VILA MARIA, 02111-031","equipment_type":"EE","administrative_sphere":null,"included_in_metrics":true,"exclusion_reason":null,"override_reason":null,"outside_boundary":false}},{"type":"Feature","geometry":{"type":"Point","coordinates":[-46.59704577,-23.50864952]},"properties":{"id":"sp_geosampa_educacao_rede_publica:equipamento_educacao_rede_publica.50075","source_id":"sp_geosampa_educacao_rede_publica","name":"AFRANIO PEIXOTO","name_derived":false,"category":"school","subcategory":"primary_secondary","geometry_type":"Point","address":"MARIA CANDIDA, 1936, VILA GUILHERME, 02071-013","equipment_type":"EE","administrative_sphere":null,"included_in_metrics":true,"exclusion_reason":null,"override_reason":null,"outside_boundary":false}},{"type":"Feature","geometry":{"type":"Point","coordinates":[-46.63325307,-23.47615581]},"properties":{"id":"sp_geosampa_educacao_rede_publica:equipamento_educacao_rede_publica.50076","source_id":"sp_geosampa_educacao_rede_publica","name":"VISCONDE DE INHAUMA ALMIRANTE","name_derived":false,"category":"school","subcategory":"primary_secondary","geometry_type":"Point","address":"GUACA, 1382, LAUZANE PAULISTA, 02435-001","equipment_type":"EE","administrative_sphere":null,"included_in_metrics":true,"exclusion_reason":null,"override_reason":null,"outside_boundary":false}},{"type":"Feature","geometry":{"type":"Point","coordinates":[-46.60457908,-23.51575439]},"properties":{"id":"sp_geosampa_educacao_rede_publica:equipamento_educacao_rede_publica.50077","source_id":"sp_geosampa_educacao_rede_publica","name":"ANESIA SINCORA PROFESSORA","name_derived":false,"category":"school","subcategory":"primary_secondary","geometry_type":"Point","address":"JOSE BERNARDO PINTO, 758, VILA GUILHERME, 02055-001","equipment_type":"EE","administrative_sphere":null,"included_in_metrics":true,"exclusion_reason":null,"override_reason":null,"outside_boundary":false}},{"type":"Feature","geometry":{"type":"Point","coordinates":[-46.56915388,-23.5117572]},"properties":{"id":"sp_geosampa_educacao_rede_publica:equipamento_educacao_rede_publica.50078","source_id":"sp_geosampa_educacao_rede_publica","name":"HEROIS DA FEB","name_derived":false,"category":"school","subcategory":"primary_secondary","geometry_type":"Point","address":"SOLDADO BENEDITO ELISEU DOS SANTOS, SN, PARQUE NOVO MUNDO, 02177-020","equipment_type":"EE","administrative_sphere":null,"included_in_metrics":true,"exclusion_reason":null,"override_reason":null,"outside_boundary":false}},{"type":"Feature","geometry":{"type":"Point","coordinates":[-46.57798579,-23.50533817]},"properties":{"id":"sp_geosampa_educacao_rede_publica:equipamento_educacao_rede_publica.50079","source_id":"sp_geosampa_educacao_rede_publica","name":"IMPERATRIZ LEOPOLDINA","name_derived":false,"category":"school","subcategory":"primary_secondary","geometry_type":"Point","address":"TOGO, 571, JARDIM JAPAO, 02124-050","equipment_type":"EE","administrative_sphere":null,"included_in_metrics":true,"exclusion_reason":null,"override_reason":null,"outside_boundary":false}},{"type":"Feature","geometry":{"type":"Point","coordinates":[-46.66867612,-23.46429512]},"properties":{"id":"sp_geosampa_educacao_rede_publica:equipamento_educacao_rede_publica.50080","source_id":"sp_geosampa_educacao_rede_publica","name":"RAQUEL ASSIS BARREIROS PROFA","name_derived":false,"category":"school","subcategory":"primary_secondary","geometry_type":"Point","address":"PENHA BRASIL GENERAL, 1255, VILA NOVA CACHOEIRINHA, 02673-000","equipment_type":"EE","administrative_sphere":null,"included_in_metrics":true,"exclusion_reason":null,"override_reason":null,"outside_boundary":false}},{"type":"Feature","geometry":{"type":"Point","coordinates":[-46.58891288,-23.51864621]},"properties":{"id":"sp_geosampa_educacao_rede_publica:equipamento_educacao_rede_publica.50081","source_id":"sp_geosampa_educacao_rede_publica","name":"JOAO VIEIRA DE ALMEIDA","name_derived":false,"category":"school","subcategory":"primary_secondary","geometry_type":"Point","address":"GUILHERME COTCHING, 1272, VILA MARIA, 02113-012","equipment_type":"EE","administrative_sphere":null,"included_in_metrics":true,"exclusion_reason":null,"override_reason":null,"outside_boundary":false}},{"type":"Feature","geometry":{"type":"Point","coordinates":[-46.65269846,-23.48834401]},"properties":{"id":"sp_geosampa_educacao_rede_publica:equipamento_educacao_rede_publica.50082","source_id":"sp_geosampa_educacao_rede_publica","name":"JOAQUIM LEME DO PRADO PROFESSOR","name_derived":false,"category":"school","subcategory":"primary_secondary","geometry_type":"Point","address":"IMIRIM, 2113, IMIRIM, 02465-200","equipment_type":"EE","administrative_sphere":null,"included_in_metrics":true,"exclusion_reason":null,"override_reason":null,"outside_boundary":false}},{"type":"Feature","geometry":{"type":"Point","coordinates":[-46.58788739,-23.50568746]},"properties":{"id":"sp_geosampa_educacao_rede_publica:equipamento_educacao_rede_publica.50083","source_id":"sp_geosampa_educacao_rede_publica","name":"JULIO MAIA","name_derived":false,"category":"school","subcategory":"primary_secondary","geometry_type":"Point","address":"SOBRAL JUNIOR, 234, VILA MARIA ALTA, 02130-020","equipment_type":"EE","administrative_sphere":null,"included_in_metrics":true,"exclusion_reason":null,"override_reason":null,"outside_boundary":false}},{"type":"Feature","geometry":{"type":"Point","coordinates":[-46.62873513,-23.47103412]},"properties":{"id":"sp_geosampa_educacao_rede_publica:equipamento_educacao_rede_publica.50084","source_id":"sp_geosampa_educacao_rede_publica","name":"JOSE MARCELINO DA FONSECA MAJOR","name_derived":false,"category":"school","subcategory":"primary_secondary","geometry_type":"Point","address":"SOLDADO BENTINHO, 87, PARQUE MANDAQUI, 02418-090","equipment_type":"EE","administrative_sphere":null,"included_in_metrics":true,"exclusion_reason":null,"override_reason":null,"outside_boundary":false}},{"type":"Feature","geometry":{"type":"Point","coordinates":[-46.6398181,-23.48538461]},"properties":{"id":"sp_geosampa_educacao_rede_publica:equipamento_educacao_rede_publica.50085","source_id":"sp_geosampa_educacao_rede_publica","name":"CASTRO ALVES","name_derived":false,"category":"school","subcategory":"primary_secondary","geometry_type":"Point","address":"FRANCISCO BRUNO, 67, VILA MARIZA MAZZEI, 02432-070","equipment_type":"EE","administrative_sphere":null,"included_in_metrics":true,"exclusion_reason":null,"override_reason":null,"outside_boundary":false}},{"type":"Feature","geometry":{"type":"Point","coordinates":[-46.60262005,-23.49368448]},"properties":{"id":"sp_geosampa_educacao_rede_publica:equipamento_educacao_rede_publica.50086","source_id":"sp_geosampa_educacao_rede_publica","name":"PEDRO COSTA DEPUTADO","name_derived":false,"category":"school","subcategory":"primary_secondary","geometry_type":"Point","address":"NILO LUIS MAZZEI, 378, VILA ISOLINA MAZZEI, 02081-070","equipment_type":"EE","administrative_sphere":null,"included_in_metrics":true,"exclusion_reason":null,"override_reason":null,"outside_boundary":false}},{"type":"Feature","geometry":{"type":"Point","coordinates":[-46.62445424,-23.47674771]},"properties":{"id":"sp_geosampa_educacao_rede_publica:equipamento_educacao_rede_publica.50087","source_id":"sp_geosampa_educacao_rede_publica","name":"CARLOS DE LAET PROF","name_derived":false,"category":"school","subcategory":"primary_secondary","geometry_type":"Point","address":"ALBERTINA VIEIRA DA SILVA GORDO, 147, VILA AURORA ZONA NORTE, 02410-000","equipment_type":"EE","administrative_sphere":null,"included_in_metrics":true,"exclusion_reason":null,"override_reason":null,"outside_boundary":false}},{"type":"Feature","geometry":{"type":"Point","coordinates":[-46.61573187,-23.49339731]},"properties":{"id":"sp_geosampa_educacao_rede_publica:equipamento_educacao_rede_publica.50088","source_id":"sp_geosampa_educacao_rede_publica","name":"ANTONIO LISBOA PROFESSOR","name_derived":false,"category":"school","subcategory":"primary_secondary","geometry_type":"Point","address":"PROFESSOR FABIO FANUCCHI, 425, BAIRRO JARDIM SAO PAULO, 02045-080","equipment_type":"EE","administrative_sphere":null,"included_in_metrics":true,"exclusion_reason":null,"override_reason":null,"outside_boundary":false}},{"type":"Feature","geometry":{"type":"Point","coordinates":[-46.62523858,-23.50166204]},"properties":{"id":"sp_geosampa_educacao_rede_publica:equipamento_educacao_rede_publica.50089","source_id":"sp_geosampa_educacao_rede_publica","name":"ANTONIO VIEIRA PADRE","name_derived":false,"category":"school","subcategory":"primary_secondary","geometry_type":"Point","address":"CRUZEIRO DO SUL, 3301, CANINDE, 02031-200","equipment_type":"EE","administrative_sphere":null,"included_in_metrics":true,"exclusion_reason":null,"override_reason":null,"outside_boundary":false}},{"type":"Feature","geometry":{"type":"Point","coordinates":[-46.64035376,-23.50237337]},"properties":{"id":"sp_geosampa_educacao_rede_publica:equipamento_educacao_rede_publica.50090","source_id":"sp_geosampa_educacao_rede_publica","name":"HOMEM DE MELLO BARAO","name_derived":false,"category":"school","subcategory":"primary_secondary","geometry_type":"Point","address":"ALFREDO PUJOL, 1555, SANTANA, 02017-013","equipment_type":"EE","administrative_sphere":null,"included_in_metrics":true,"exclusion_reason":null,"override_reason":null,"outside_boundary":false}},{"type":"Feature","geometry":{"type":"Point","coordinates":[-46.61632202,-23.50056465]},"properties":{"id":"sp_geosampa_educacao_rede_publica:equipamento_educacao_rede_publica.50091","source_id":"sp_geosampa_educacao_rede_publica","name":"BUENOS AIRES","name_derived":false,"category":"school","subcategory":"primary_secondary","geometry_type":"Point","address":"DOUTOR OLAVO EGIDIO, 1008, SANTANA, 02037-001","equipment_type":"EE","administrative_sphere":null,"included_in_metrics":true,"exclusion_reason":null,"override_reason":null,"outside_boundary":false}},{"type":"Feature","geometry":{"type":"Point","coordinates":[-46.60178233,-23.49274698]},"properties":{"id":"sp_geosampa_educacao_rede_publica:equipamento_educacao_rede_publica.50093","source_id":"sp_geosampa_educacao_rede_publica","name":"GONCALVES DIAS","name_derived":false,"category":"school","subcategory":"primary_secondary","geometry_type":"Point","address":"NILO LUIS MAZZEI, SN, VILA ISOLINA MAZZEI, 02081-070","equipment_type":"EE","administrative_sphere":null,"included_in_metrics":true,"exclusion_reason":null,"override_reason":null,"outside_boundary":false}},{"type":"Feature","geometry":{"type":"Point","coordinates":[-46.60132655,-23.50780269]},"properties":{"id":"sp_geosampa_educacao_rede_publica:equipamento_educacao_rede_publica.50094","source_id":"sp_geosampa_educacao_rede_publica","name":"CASIMIRO DE ABREU","name_derived":false,"category":"school","subcategory":"primary_secondary","geometry_type":"Point","address":"CORONEL JORDAO, 144, VILA PAIVA, 02075-030","equipment_type":"EE","administrative_sphere":null,"included_in_metrics":true,"exclusion_reason":null,"override_reason":null,"outside_boundary":false}},{"type":"Feature","geometry":{"type":"Point","coordinates":[-46.62270807,-23.49016514]},"properties":{"id":"sp_geosampa_educacao_rede_publica:equipamento_educacao_rede_publica.50095","source_id":"sp_geosampa_educacao_rede_publica","name":"REPUBLICA DA BOLIVIA","name_derived":false,"category":"school","subcategory":"primary_secondary","geometry_type":"Point","address":"OUTEIRO DA CRUZ, 571, JARDIM SAO PAULO, 02041-040","equipment_type":"EE","administrative_sphere":null,"included_in_metrics":true,"exclusion_reason":null,"override_reason":null,"outside_boundary":false}},{"type":"Feature","geometry":{"type":"Point","coordinates":[-46.58673097,-23.47042603]},"properties":{"id":"sp_geosampa_educacao_rede_publica:equipamento_educacao_rede_publica.50096","source_id":"sp_geosampa_educacao_rede_publica","name":"EURICO FIGUEIREDO PROF","name_derived":false,"category":"school","subcategory":"primary_secondary","geometry_type":"Point","address":"FONSECA FILHO MINISTRO, 75, JACANA, 02272-030","equipment_type":"EE","administrative_sphere":null,"included_in_metrics":true,"exclusion_reason":null,"override_reason":null,"outside_boundary":false}},{"type":"Feature","geometry":{"type":"Point","coordinates":[-46.60473131,-23.46434985]},"properties":{"id":"sp_geosampa_educacao_rede_publica:equipamento_educacao_rede_publica.50097","source_id":"sp_geosampa_educacao_rede_publica","name":"ALBERTO CARDOSO DE MELLO NETO DR","name_derived":false,"category":"school","subcategory":"primary_secondary","geometry_type":"Point","address":"VIRGILIA RODRIGUES ALVES DE CARVALHO PINTO PROFESSORA, 633, JARDIM LEONOR MENDES DE BARROS, 02346-000","equipment_type":"EE","administrative_sphere":null,"included_in_metrics":true,"exclusion_reason":null,"override_reason":null,"outside_boundary":false}},{"type":"Feature","geometry":{"type":"Point","coordinates":[-46.57276964,-23.48964665]},"properties":{"id":"sp_geosampa_educacao_rede_publica:equipamento_educacao_rede_publica.50098","source_id":"sp_geosampa_educacao_rede_publica","name":"VICTOR DOS SANTOS CUNHA PROF","name_derived":false,"category":"school","subcategory":"primary_secondary","geometry_type":"Point","address":"JOAO SIMAO DE CASTRO, 280, VILA SABRINA, 02141-000","equipment_type":"EE","administrative_sphere":null,"included_in_metrics":true,"exclusion_reason":null,"override_reason":null,"outside_boundary":false}},{"type":"Feature","geometry":{"type":"Point","coordinates":[-46.5862848,-23.49223461]},"properties":{"id":"sp_geosampa_educacao_rede_publica:equipamento_educacao_rede_publica.50099","source_id":"sp_geosampa_educacao_rede_publica","name":"SEBASTIAO DE SOUZA BUENO PROF","name_derived":false,"category":"school","subcategory":"primary_secondary","geometry_type":"Point","address":"FRANCISCO DE MEDEIROS JORDAO, 579, VILA MEDEIROS, 02214-030","equipment_type":"EE","administrative_sphere":null,"included_in_metrics":true,"exclusion_reason":null,"override_reason":null,"outside_boundary":false}},{"type":"Feature","geometry":{"type":"Point","coordinates":[-46.56307281,-23.47341415]},"properties":{"id":"sp_geosampa_educacao_rede_publica:equipamento_educacao_rede_publica.50100","source_id":"sp_geosampa_educacao_rede_publica","name":"JOHANN GUTENBERG","name_derived":false,"category":"school","subcategory":"primary_secondary","geometry_type":"Point","address":"BUSSE CAPITAO, 391, PARQUE EDU CHAVES, 02232-050","equipment_type":"EE","administrative_sphere":null,"included_in_metrics":true,"exclusion_reason":null,"override_reason":null,"outside_boundary":false}},{"type":"Feature","geometry":{"type":"Point","coordinates":[-46.58109696,-23.47325362]},"properties":{"id":"sp_geosampa_educacao_rede_publica:equipamento_educacao_rede_publica.50101","source_id":"sp_geosampa_educacao_rede_publica","name":"LUIZ AMARAL WAGNER PROF","name_derived":false,"category":"school","subcategory":"primary_secondary","geometry_type":"Point","address":"NICOLINO MORENA DOUTOR, 541, VILA CONSTANCA, 02257-000","equipment_type":"EE","administrative_sphere":null,"included_in_metrics":true,"exclusion_reason":null,"override_reason":null,"outside_boundary":false}},{"type":"Feature","geometry":{"type":"Point","coordinates":[-46.59028562,-23.48399086]},"properties":{"id":"sp_geosampa_educacao_rede_publica:equipamento_educacao_rede_publica.50102","source_id":"sp_geosampa_educacao_rede_publica","name":"DAVID EUGENIO DOS SANTOS PROF","name_derived":false,"category":"school","subcategory":"primary_secondary","geometry_type":"Point","address":"JOSE DE ALMEIDA, 1377, VILA MEDEIROS, 02204-001","equipment_type":"EE","administrative_sphere":null,"included_in_metrics":true,"exclusion_reason":null,"override_reason":null,"outside_boundary":false}},{"type":"Feature","geometry":{"type":"Point","coordinates":[-46.5972257,-23.45668972]},"properties":{"id":"sp_geosampa_educacao_rede_publica:equipamento_educacao_rede_publica.50103","source_id":"sp_geosampa_educacao_rede_publica","name":"JUDITH GUIMARAES DOS SANTOS PROFA","name_derived":false,"category":"school","subcategory":"primary_secondary","geometry_type":"Point","address":"MANUEL PEREIRA SAMPAIO, 66, BORTOLANDIA, 02352-030","equipment_type":"EE","administrative_sphere":null,"included_in_metrics":true,"exclusion_reason":null,"override_reason":null,"outside_boundary":false}},{"type":"Feature","geometry":{"type":"Point","coordinates":[-46.56238505,-23.47834637]},"properties":{"id":"sp_geosampa_educacao_rede_publica:equipamento_educacao_rede_publica.50104","source_id":"sp_geosampa_educacao_rede_publica","name":"GABRIELA MISTRAL","name_derived":false,"category":"school","subcategory":"primary_secondary","geometry_type":"Point","address":"BARACCA MAJOR, 584, PARQUE EDU CHAVES, 02232-000","equipment_type":"EE","administrative_sphere":null,"included_in_metrics":true,"exclusion_reason":null,"override_reason":null,"outside_boundary":false}},{"type":"Feature","geometry":{"type":"Point","coordinates":[-46.587415,-23.49718641]},"properties":{"id":"sp_geosampa_educacao_rede_publica:equipamento_educacao_rede_publica.50105","source_id":"sp_geosampa_educacao_rede_publica","name":"JOSE MARIA REYS PROF","name_derived":false,"category":"school","subcategory":"primary_secondary","geometry_type":"Point","address":"CONCEICAO, 3027, JARDIM JAPAO, 02135-001","equipment_type":"EE","administrative_sphere":null,"included_in_metrics":true,"exclusion_reason":null,"override_reason":null,"outside_boundary":false}},{"type":"Feature","geometry":{"type":"Point","coordinates":[-46.5756056,-23.48072626]},"properties":{"id":"sp_geosampa_educacao_rede_publica:equipamento_educacao_rede_publica.50106","source_id":"sp_geosampa_educacao_rede_publica","name":"EURIPEDES DE CASTRO","name_derived":false,"category":"school","subcategory":"primary_secondary","geometry_type":"Point","address":"EDGAR RUZZANT, 456, JARDIM BRASIL ZONA NORTE, 02225-010","equipment_type":"EE","administrative_sphere":null,"included_in_metrics":true,"exclusion_reason":null,"override_reason":null,"outside_boundary":false}},{"type":"Feature","geometry":{"type":"Point","coordinates":[-46.6201704,-23.48287035]},"properties":{"id":"sp_geosampa_educacao_rede_publica:equipamento_educacao_rede_publica.50107","source_id":"sp_geosampa_educacao_rede_publica","name":"EXPEDICIONARIO BRASILEIRO","name_derived":false,"category":"school","subcategory":"primary_secondary","geometry_type":"Point","address":"ALTINOPOLIS, 501, AGUA FRIA, 02334-001","equipment_type":"EE","administrative_sphere":null,"included_in_metrics":true,"exclusion_reason":null,"override_reason":null,"outside_boundary":false}},{"type":"Feature","geometry":{"type":"Point","coordinates":[-46.59726561,-23.46536448]},"properties":{"id":"sp_geosampa_educacao_rede_publica:equipamento_educacao_rede_publica.50108","source_id":"sp_geosampa_educacao_rede_publica","name":"PEDRO ALEXANDRINO","name_derived":false,"category":"school","subcategory":"primary_secondary","geometry_type":"Point","address":"IMBIRAS, 49, VILA NOVA MAZZEI, 02316-000","equipment_type":"EE","administrative_sphere":null,"included_in_metrics":true,"exclusion_reason":null,"override_reason":null,"outside_boundary":false}},{"type":"Feature","geometry":{"type":"Point","coordinates":[-46.58345315,-23.4654848]},"properties":{"id":"sp_geosampa_educacao_rede_publica:equipamento_educacao_rede_publica.50109","source_id":"sp_geosampa_educacao_rede_publica","name":"JULIO PESTANA","name_derived":false,"category":"school","subcategory":"primary_secondary","geometry_type":"Point","address":"GUAPIRA, 2862, TUCURUVI, 02265-002","equipment_type":"EE","administrative_sphere":null,"included_in_metrics":true,"exclusion_reason":null,"override_reason":null,"outside_boundary":false}},{"type":"Feature","geometry":{"type":"Point","coordinates":[-46.60483796,-23.48112723]},"properties":{"id":"sp_geosampa_educacao_rede_publica:equipamento_educacao_rede_publica.50110","source_id":"sp_geosampa_educacao_rede_publica","name":"SILVA JARDIM","name_derived":false,"category":"school","subcategory":"primary_secondary","geometry_type":"Point","address":"TUCURUVI, 724, TUCURUVI, 02304-002","equipment_type":"EE","administrative_sphere":null,"included_in_metrics":true,"exclusion_reason":null,"override_reason":null,"outside_boundary":false}},{"type":"Feature","geometry":{"type":"Point","coordinates":[-46.59208797,-23.47778366]},"properties":{"id":"sp_geosampa_educacao_rede_publica:equipamento_educacao_rede_publica.50111","source_id":"sp_geosampa_educacao_rede_publica","name":"ALFREDO INACIO TRINDADE","name_derived":false,"category":"school","subcategory":"primary_secondary","geometry_type":"Point","address":"JOAO ROSA, 86, VILA NIVI, 02255-130","equipment_type":"EE","administrative_sphere":null,"included_in_metrics":true,"exclusion_reason":null,"override_reason":null,"outside_boundary":false}},{"type":"Feature","geometry":{"type":"Point","coordinates":[-46.60668915,-23.47710621]},"properties":{"id":"sp_geosampa_educacao_rede_publica:equipamento_educacao_rede_publica.50112","source_id":"sp_geosampa_educacao_rede_publica","name":"ALBINO CESAR","name_derived":false,"category":"school","subcategory":"primary_secondary","geometry_type":"Point","address":"CAJAMAR, 5, VILA MAZZEI, 02308-090","equipment_type":"EE","administrative_sphere":null,"included_in_metrics":true,"exclusion_reason":null,"override_reason":null,"outside_boundary":false}},{"type":"Feature","geometry":{"type":"Point","coordinates":[-46.60593515,-23.46556587]},"properties":{"id":"sp_geosampa_educacao_rede_publica:equipamento_educacao_rede_publica.50113","source_id":"sp_geosampa_educacao_rede_publica","name":"RAFAEL DE MORAES LIMA PROF","name_derived":false,"category":"school","subcategory":"primary_secondary","geometry_type":"Point","address":"LAVINIA PACHECO E SILVA, SN, JARDIM LEONOR MENDES DE BARROS, 02346-140","equipment_type":"EE","administrative_sphere":null,"included_in_metrics":true,"exclusion_reason":null,"override_reason":null,"outside_boundary":false}},{"type":"Feature","geometry":{"type":"Point","coordinates":[-46.58463679,-23.41724642]},"properties":{"id":"sp_geosampa_educacao_rede_publica:equipamento_educacao_rede_publica.50114","source_id":"sp_geosampa_educacao_rede_publica","name":"PHILOMENA BAYLAO PROFA","name_derived":false,"category":"school","subcategory":"primary_secondary","geometry_type":"Point","address":"CORONEL SEZEFREDO FAGUNDES, 14666, NUCLEO DO ENGORDADOR, 02368-000","equipment_type":"EE","administrative_sphere":null,"included_in_metrics":true,"exclusion_reason":null,"override_reason":null,"outside_boundary":false}},{"type":"Feature","geometry":{"type":"Point","coordinates":[-46.57421397,-23.49733717]},"properties":{"id":"sp_geosampa_educacao_rede_publica:equipamento_educacao_rede_publica.50115","source_id":"sp_geosampa_educacao_rede_publica","name":"LAEL DE MOURA PRADO PROF","name_derived":false,"category":"school","subcategory":"primary_secondary","geometry_type":"Point","address":"AV PROFESSOR CASTRO JUNIOR, 609, VL SABRINA, 02138-030","equipment_type":"EE","administrative_sphere":null,"included_in_metrics":true,"exclusion_reason":null,"override_reason":null,"outside_boundary":false}},{"type":"Feature","geometry":{"type":"Point","coordinates":[-46.58551967,-23.49233157]},"properties":{"id":"sp_geosampa_educacao_rede_publica:equipamento_educacao_rede_publica.50116","source_id":"sp_geosampa_educacao_rede_publica","name":"MIGUEL VIEIRA FERREIRA DR","name_derived":false,"category":"school","subcategory":"primary_secondary","geometry_type":"Point","address":"FRANCISCO DE MEDEIROS JORDAO, 628, VILA MEDEIROS, 02214-030","equipment_type":"EE","administrative_sphere":null,"included_in_metrics":true,"exclusion_reason":null,"override_reason":null,"outside_boundary":false}},{"type":"Feature","geometry":{"type":"Point","coordinates":[-46.57908762,-23.45858461]},"properties":{"id":"sp_geosampa_educacao_rede_publica:equipamento_educacao_rede_publica.50117","source_id":"sp_geosampa_educacao_rede_publica","name":"CYRENE DE OLIVEIRA LAET DONA","name_derived":false,"category":"school","subcategory":"primary_secondary","geometry_type":"Point","address":"ESTER ELISA, 227, VILA NILO, 02278-040","equipment_type":"EE","administrative_sphere":null,"included_in_metrics":true,"exclusion_reason":null,"override_reason":null,"outside_boundary":false}},{"type":"Feature","geometry":{"type":"Point","coordinates":[-46.63045608,-23.45694438]},"properties":{"id":"sp_geosampa_educacao_rede_publica:equipamento_educacao_rede_publica.50118","source_id":"sp_geosampa_educacao_rede_publica","name":"RUY BARBOSA CONSELHEIRO","name_derived":false,"category":"school","subcategory":"primary_secondary","geometry_type":"Point","address":"ANTONIO CASTELAR DE FRANCESCHI PROFESSOR, 200, HORTO FLORESTAL, 02377-080","equipment_type":"EE","administrative_sphere":null,"included_in_metrics":true,"exclusion_reason":null,"override_reason":null,"outside_boundary":false}},{"type":"Feature","geometry":{"type":"Point","coordinates":[-46.59647434,-23.48160756]},"properties":{"id":"sp_geosampa_educacao_rede_publica:equipamento_educacao_rede_publica.50119","source_id":"sp_geosampa_educacao_rede_publica","name":"JOAO LIGABUE CONEGO","name_derived":false,"category":"school","subcategory":"primary_secondary","geometry_type":"Point","address":"GROTA, 483, VILA GUSTAVO, 02206-010","equipment_type":"EE","administrative_sphere":null,"included_in_metrics":true,"exclusion_reason":null,"override_reason":null,"outside_boundary":false}},{"type":"Feature","geometry":{"type":"Point","coordinates":[-46.59713214,-23.45464804]},"properties":{"id":"sp_geosampa_educacao_rede_publica:equipamento_educacao_rede_publica.50120","source_id":"sp_geosampa_educacao_rede_publica","name":"ANGELO BORTOLO","name_derived":false,"category":"school","subcategory":"primary_secondary","geometry_type":"Point","address":"ANTONIO GONCALVES SILVA, 91, BORTOLANDIA, 02352-090","equipment_type":"EE","administrative_sphere":null,"included_in_metrics":true,"exclusion_reason":null,"override_reason":null,"outside_boundary":false}},{"type":"Feature","geometry":{"type":"Point","coordinates":[-46.61162012,-23.47707643]},"properties":{"id":"sp_geosampa_educacao_rede_publica:equipamento_educacao_rede_publica.50121","source_id":"sp_geosampa_educacao_rede_publica","name":"AMENAIDE BRAGA DE QUEIROZ PROFA","name_derived":false,"category":"school","subcategory":"primary_secondary","geometry_type":"Point","address":"BARRA MANSA, 480, JARDIM FRANCA, 02337-040","equipment_type":"EE","administrative_sphere":null,"included_in_metrics":true,"exclusion_reason":null,"override_reason":null,"outside_boundary":false}},{"type":"Feature","geometry":{"type":"Point","coordinates":[-46.58025872,-23.48572875]},"properties":{"id":"sp_geosampa_educacao_rede_publica:equipamento_educacao_rede_publica.50122","source_id":"sp_geosampa_educacao_rede_publica","name":"CARMOSINA MONTEIRO VIANNA PROFA","name_derived":false,"category":"school","subcategory":"primary_secondary","geometry_type":"Point","address":"ANTONIO PALMIERI, 377, JARDIM BRASIL ZONA NORTE, 02210-000","equipment_type":"EE","administrative_sphere":null,"included_in_metrics":true,"exclusion_reason":null,"override_reason":null,"outside_boundary":false}},{"type":"Feature","geometry":{"type":"Point","coordinates":[-46.62217608,-23.46132833]},"properties":{"id":"sp_geosampa_educacao_rede_publica:equipamento_educacao_rede_publica.50123","source_id":"sp_geosampa_educacao_rede_publica","name":"ARNALDO BARRETO","name_derived":false,"category":"school","subcategory":"primary_secondary","geometry_type":"Point","address":"ANTONIO PESTANA, 58, TREMEMBE, 02370-020","equipment_type":"EE","administrative_sphere":null,"included_in_metrics":true,"exclusion_reason":null,"override_reason":null,"outside_boundary":false}},{"type":"Feature","geometry":{"type":"Point","coordinates":[-46.58855248,-23.44410741]},"properties":{"id":"sp_geosampa_educacao_rede_publica:equipamento_educacao_rede_publica.50124","source_id":"sp_geosampa_educacao_rede_publica","name":"PEDRO DE MORAES VICTOR DR","name_derived":false,"category":"school","subcategory":"primary_secondary","geometry_type":"Point","address":"BOAVENTURA COLETTI, SN, VILA FIDALGO, 02324-100","equipment_type":"EE","administrative_sphere":null,"included_in_metrics":true,"exclusion_reason":null,"override_reason":null,"outside_boundary":false}},{"type":"Feature","geometry":{"type":"Point","coordinates":[-46.57737915,-23.46680046]},"properties":{"id":"sp_geosampa_educacao_rede_publica:equipamento_educacao_rede_publica.50125","source_id":"sp_geosampa_educacao_rede_publica","name":"MARIA ANGELITA SAYAGO LAET PROFA","name_derived":false,"category":"school","subcategory":"primary_secondary","geometry_type":"Point","address":"FREIRE BASTOS, 226, JARDIM MODELO, 02261-020","equipment_type":"EE","administrative_sphere":null,"included_in_metrics":true,"exclusion_reason":null,"override_reason":null,"outside_boundary":false}},{"type":"Feature","geometry":{"type":"Point","coordinates":[-46.5729455,-23.45189448]},"properties":{"id":"sp_geosampa_educacao_rede_publica:equipamento_educacao_rede_publica.50126","source_id":"sp_geosampa_educacao_rede_publica","name":"JOSE DO AMARAL MELLO PROF","name_derived":false,"category":"school","subcategory":"primary_secondary","geometry_type":"Point","address":"ALPHEU LUIZ GASPARINO, 84, VILA NOVA GALVAO, 02281-110","equipment_type":"EE","administrative_sphere":null,"included_in_metrics":true,"exclusion_reason":null,"override_reason":null,"outside_boundary":false}},{"type":"Feature","geometry":{"type":"Point","coordinates":[-46.59512249,-23.47079572]},"properties":{"id":"sp_geosampa_educacao_rede_publica:equipamento_educacao_rede_publica.50127","source_id":"sp_geosampa_educacao_rede_publica","name":"ADEMAR HIROSHI SUDA PROF","name_derived":false,"category":"school","subcategory":"primary_secondary","geometry_type":"Point","address":"AGAFITA, 50, PARQUE VITORIA, 02269-080","equipment_type":"EE","administrative_sphere":null,"included_in_metrics":true,"exclusion_reason":null,"override_reason":null,"outside_boundary":false}},{"type":"Feature","geometry":{"type":"Point","coordinates":[-46.62753514,-23.5472195]},"properties":{"id":"sp_geosampa_educacao_rede_publica:equipamento_educacao_rede_publica.50128","source_id":"sp_geosampa_educacao_rede_publica","name":"SAO PAULO","name_derived":false,"category":"school","subcategory":"primary_secondary","geometry_type":"Point","address":"DA FIGUEIRA, 500, BRAS, 03003-000","equipment_type":"EE","administrative_sphere":null,"included_in_metrics":true,"exclusion_reason":null,"override_reason":null,"outside_boundary":false}},{"type":"Feature","geometry":{"type":"Point","coordinates":[-46.58114105,-23.54367972]},"properties":{"id":"sp_geosampa_educacao_rede_publica:equipamento_educacao_rede_publica.50129","source_id":"sp_geosampa_educacao_rede_publica","name":"LOUREIRO JUNIOR PROFESSOR","name_derived":false,"category":"school","subcategory":"primary_secondary","geometry_type":"Point","address":"PADRE ADELINO, 1330, QUARTA PARADA, 03303-000","equipment_type":"EE","administrative_sphere":null,"included_in_metrics":true,"exclusion_reason":null,"override_reason":null,"outside_boundary":false}},{"type":"Feature","geometry":{"type":"Point","coordinates":[-46.57299598,-23.55739887]},"properties":{"id":"sp_geosampa_educacao_rede_publica:equipamento_educacao_rede_publica.50130","source_id":"sp_geosampa_educacao_rede_publica","name":"THEODORO DE MORAES PROFESSOR","name_derived":false,"category":"school","subcategory":"primary_secondary","geometry_type":"Point","address":"REGENTE FEIJO, 586, VILA REGENTE FEIJO, 03342-000","equipment_type":"EE","administrative_sphere":null,"included_in_metrics":true,"exclusion_reason":null,"override_reason":null,"outside_boundary":false}},{"type":"Feature","geometry":{"type":"Point","coordinates":[-46.57071235,-23.56794616]},"properties":{"id":"sp_geosampa_educacao_rede_publica:equipamento_educacao_rede_publica.50131","source_id":"sp_geosampa_educacao_rede_publica","name":"PAULO MONTE SERRAT PROFESSOR","name_derived":false,"category":"school","subcategory":"primary_secondary","geometry_type":"Point","address":"TORIBA, 141, VILA CANERO, 03191-130","equipment_type":"EE","administrative_sphere":null,"included_in_metrics":true,"exclusion_reason":null,"override_reason":null,"outside_boundary":false}},{"type":"Feature","geometry":{"type":"Point","coordinates":[-46.62002606,-23.54548328]},"properties":{"id":"sp_geosampa_educacao_rede_publica:equipamento_educacao_rede_publica.50132","source_id":"sp_geosampa_educacao_rede_publica","name":"ROMAO PUIGARI","name_derived":false,"category":"school","subcategory":"primary_secondary","geometry_type":"Point","address":"RANGEL PESTANA, 1482, BRAS, 03002-000","equipment_type":"EE","administrative_sphere":null,"included_in_metrics":true,"exclusion_reason":null,"override_reason":null,"outside_boundary":false}},{"type":"Feature","geometry":{"type":"Point","coordinates":[-46.5652231,-23.56725222]},"properties":{"id":"sp_geosampa_educacao_rede_publica:equipamento_educacao_rede_publica.50133","source_id":"sp_geosampa_educacao_rede_publica","name":"ISAI LEIRNER","name_derived":false,"category":"school","subcategory":"primary_secondary","geometry_type":"Point","address":"PLACIDO DE CASTRO, 221, VILA INVERNADA, 03349-030","equipment_type":"EE","administrative_sphere":null,"included_in_metrics":true,"exclusion_reason":null,"override_reason":null,"outside_boundary":false}},{"type":"Feature","geometry":{"type":"Point","coordinates":[-46.55810935,-23.57415664]},"properties":{"id":"sp_geosampa_educacao_rede_publica:equipamento_educacao_rede_publica.50134","source_id":"sp_geosampa_educacao_rede_publica","name":"ANDRE OHL","name_derived":false,"category":"school","subcategory":"primary_secondary","geometry_type":"Point","address":"SAPOPEMBA, 3244, VILA REGENTE FEIJO, 03345-000","equipment_type":"EE","administrative_sphere":null,"included_in_metrics":true,"exclusion_reason":null,"override_reason":null,"outside_boundary":false}},{"type":"Feature","geometry":{"type":"Point","coordinates":[-46.58167604,-23.56207815]},"properties":{"id":"sp_geosampa_educacao_rede_publica:equipamento_educacao_rede_publica.50135","source_id":"sp_geosampa_educacao_rede_publica","name":"ANDRE XAVIER GALLICHO PROFESSOR","name_derived":false,"category":"school","subcategory":"primary_secondary","geometry_type":"Point","address":"MOOCA, 4650, MOOCA, 03165-002","equipment_type":"EE","administrative_sphere":null,"included_in_metrics":true,"exclusion_reason":null,"override_reason":null,"outside_boundary":false}},{"type":"Feature","geometry":{"type":"Point","coordinates":[-46.62110307,-23.55315519]},"properties":{"id":"sp_geosampa_educacao_rede_publica:equipamento_educacao_rede_publica.50136","source_id":"sp_geosampa_educacao_rede_publica","name":"ANTONIO FIRMINO DE PROENCA PROF","name_derived":false,"category":"school","subcategory":"primary_secondary","geometry_type":"Point","address":"DA MOOCA, 363, MOOCA, 03103-000","equipment_type":"EE","administrative_sphere":null,"included_in_metrics":true,"exclusion_reason":null,"override_reason":null,"outside_boundary":false}},{"type":"Feature","geometry":{"type":"Point","coordinates":[-46.59506819,-23.54147922]},"properties":{"id":"sp_geosampa_educacao_rede_publica:equipamento_educacao_rede_publica.50137","source_id":"sp_geosampa_educacao_rede_publica","name":"AMADEU AMARAL","name_derived":false,"category":"school","subcategory":"primary_secondary","geometry_type":"Point","address":"LARGO SAO JOSE DO BELEM, 66, BELENZINHO, 03057-040","equipment_type":"EE","administrative_sphere":null,"included_in_metrics":true,"exclusion_reason":null,"override_reason":null,"outside_boundary":false}},{"type":"Feature","geometry":{"type":"Point","coordinates":[-46.61277126,-23.53721601]},"properties":{"id":"sp_geosampa_educacao_rede_publica:equipamento_educacao_rede_publica.50138","source_id":"sp_geosampa_educacao_rede_publica","name":"EDUARDO PRADO","name_derived":false,"category":"school","subcategory":"primary_secondary","geometry_type":"Point","address":"ALMIRANTE BARROSO, 225, BRAS, 03025-000","equipment_type":"EE","administrative_sphere":null,"included_in_metrics":true,"exclusion_reason":null,"override_reason":null,"outside_boundary":false}},{"type":"Feature","geometry":{"type":"Point","coordinates":[-46.5900103,-23.54712273]},"properties":{"id":"sp_geosampa_educacao_rede_publica:equipamento_educacao_rede_publica.50139","source_id":"sp_geosampa_educacao_rede_publica","name":"GUERINO RASO","name_derived":false,"category":"school","subcategory":"primary_secondary","geometry_type":"Point","address":"SERRA DA BOCAINA, 126, QUARTA PARADA, 03174-000","equipment_type":"EE","administrative_sphere":null,"included_in_metrics":true,"exclusion_reason":null,"override_reason":null,"outside_boundary":false}},{"type":"Feature","geometry":{"type":"Point","coordinates":[-46.5597423,-23.57187724]},"properties":{"id":"sp_geosampa_educacao_rede_publica:equipamento_educacao_rede_publica.50140","source_id":"sp_geosampa_educacao_rede_publica","name":"ANNA TEIXEIRA PRADO ZACHARIAS PROFESSORA","name_derived":false,"category":"school","subcategory":"primary_secondary","geometry_type":"Point","address":"PAULINA, 149, CHACARA MAFALDA, 03370-040","equipment_type":"EE","administrative_sphere":null,"included_in_metrics":true,"exclusion_reason":null,"override_reason":null,"outside_boundary":false}},{"type":"Feature","geometry":{"type":"Point","coordinates":[-46.58455143,-23.55124822]},"properties":{"id":"sp_geosampa_educacao_rede_publica:equipamento_educacao_rede_publica.50141","source_id":"sp_geosampa_educacao_rede_publica","name":"ANTONIO DE QUEIROZ TELLES DOUTOR","name_derived":false,"category":"school","subcategory":"primary_secondary","geometry_type":"Point","address":"ITAQUERI, 372, ALTO DA MOOCA, 03178-000","equipment_type":"EE","administrative_sphere":null,"included_in_metrics":true,"exclusion_reason":null,"override_reason":null,"outside_boundary":false}},{"type":"Feature","geometry":{"type":"Point","coordinates":[-46.59742373,-23.55645257]},"properties":{"id":"sp_geosampa_educacao_rede_publica:equipamento_educacao_rede_publica.50142","source_id":"sp_geosampa_educacao_rede_publica","name":"ARMANDO ARAUJO","name_derived":false,"category":"school","subcategory":"primary_secondary","geometry_type":"Point","address":"JUVENAL PARADA, 264, MOOCA, 03167-060","equipment_type":"EE","administrative_sphere":null,"included_in_metrics":true,"exclusion_reason":null,"override_reason":null,"outside_boundary":false}},{"type":"Feature","geometry":{"type":"Point","coordinates":[-46.61208866,-23.52672173]},"properties":{"id":"sp_geosampa_educacao_rede_publica:equipamento_educacao_rede_publica.50143","source_id":"sp_geosampa_educacao_rede_publica","name":"PAULO LUIG FREI","name_derived":false,"category":"school","subcategory":"primary_secondary","geometry_type":"Point","address":"CARLOS DE CAMPOS, 841, PARI, 03028-001","equipment_type":"EE","administrative_sphere":null,"included_in_metrics":true,"exclusion_reason":null,"override_reason":null,"outside_boundary":false}},{"type":"Feature","geometry":{"type":"Point","coordinates":[-46.5965387,-23.56359564]},"properties":{"id":"sp_geosampa_educacao_rede_publica:equipamento_educacao_rede_publica.50144","source_id":"sp_geosampa_educacao_rede_publica","name":"PANDIA CALOGERAS","name_derived":false,"category":"school","subcategory":"primary_secondary","geometry_type":"Point","address":"PAES DE BARROS, 1025, MOOCA, 03115-020","equipment_type":"EE","administrative_sphere":null,"included_in_metrics":true,"exclusion_reason":null,"override_reason":null,"outside_boundary":false}},{"type":"Feature","geometry":{"type":"Point","coordinates":[-46.60392567,-23.55484389]},"properties":{"id":"sp_geosampa_educacao_rede_publica:equipamento_educacao_rede_publica.50145","source_id":"sp_geosampa_educacao_rede_publica","name":"OSWALDO CRUZ","name_derived":false,"category":"school","subcategory":"primary_secondary","geometry_type":"Point","address":"DA MOOCA, 2183, MOOCA, 03103-003","equipment_type":"EE","administrative_sphere":null,"included_in_metrics":true,"exclusion_reason":null,"override_reason":null,"outside_boundary":false}},{"type":"Feature","geometry":{"type":"Point","coordinates":[-46.6242165,-23.53263955]},"properties":{"id":"sp_geosampa_educacao_rede_publica:equipamento_educacao_rede_publica.50146","source_id":"sp_geosampa_educacao_rede_publica","name":"ORESTES GUIMARAES","name_derived":false,"category":"school","subcategory":"primary_secondary","geometry_type":"Point","address":"CANINDE, 153, CANINDE, 03033-000","equipment_type":"EE","administrative_sphere":null,"included_in_metrics":true,"exclusion_reason":null,"override_reason":null,"outside_boundary":false}},{"type":"Feature","geometry":{"type":"Point","coordinates":[-46.60566867,-23.54248425]},"properties":{"id":"sp_geosampa_educacao_rede_publica:equipamento_educacao_rede_publica.50147","source_id":"sp_geosampa_educacao_rede_publica","name":"DOMINGOS FAUSTINO SARMIENTO","name_derived":false,"category":"school","subcategory":"primary_secondary","geometry_type":"Point","address":"21 DE ABRIL, 970, BRAS, 03047-000","equipment_type":"EE","administrative_sphere":null,"included_in_metrics":true,"exclusion_reason":null,"override_reason":null,"outside_boundary":false}},{"type":"Feature","geometry":{"type":"Point","coordinates":[-46.59721456,-23.5403108]},"properties":{"id":"sp_geosampa_educacao_rede_publica:equipamento_educacao_rede_publica.50149","source_id":"sp_geosampa_educacao_rede_publica","name":"PLINIO BARRETO","name_derived":false,"category":"school","subcategory":"primary_secondary","geometry_type":"Point","address":"SIQUEIRA BUENO, 2123, BELENZINHO, 03173-010","equipment_type":"EE","administrative_sphere":null,"included_in_metrics":true,"exclusion_reason":null,"override_reason":null,"outside_boundary":false}},{"type":"Feature","geometry":{"type":"Point","coordinates":[-46.56982186,-23.56316527]},"properties":{"id":"sp_geosampa_educacao_rede_publica:equipamento_educacao_rede_publica.50150","source_id":"sp_geosampa_educacao_rede_publica","name":"WOLNY CARVALHO RAMOS PROFESSOR","name_derived":false,"category":"school","subcategory":"primary_secondary","geometry_type":"Point","address":"BOM JESUS, 909, VILA REGENTE FEIJO, 03344-000","equipment_type":"EE","administrative_sphere":null,"included_in_metrics":true,"exclusion_reason":null,"override_reason":null,"outside_boundary":false}},{"type":"Feature","geometry":{"type":"Point","coordinates":[-46.61329417,-23.54027376]},"properties":{"id":"sp_geosampa_educacao_rede_publica:equipamento_educacao_rede_publica.50152","source_id":"sp_geosampa_educacao_rede_publica","name":"ANCHIETA PADRE","name_derived":false,"category":"school","subcategory":"primary_secondary","geometry_type":"Point","address":"VISCONDE DE ABAETE, 154, BRAS, 03012-050","equipment_type":"EE","administrative_sphere":null,"included_in_metrics":true,"exclusion_reason":null,"override_reason":null,"outside_boundary":false}},{"type":"Feature","geometry":{"type":"Point","coordinates":[-46.59036885,-23.56025918]},"properties":{"id":"sp_geosampa_educacao_rede_publica:equipamento_educacao_rede_publica.50153","source_id":"sp_geosampa_educacao_rede_publica","name":"MMDC","name_derived":false,"category":"school","subcategory":"primary_secondary","geometry_type":"Point","address":"CUIABA, 667, ALTO DA MOOCA, 03183-001","equipment_type":"EE","administrative_sphere":null,"included_in_metrics":true,"exclusion_reason":null,"override_reason":null,"outside_boundary":false}},{"type":"Feature","geometry":{"type":"Point","coordinates":[-46.52726346,-23.60828096]},"properties":{"id":"sp_geosampa_educacao_rede_publica:equipamento_educacao_rede_publica.50154","source_id":"sp_geosampa_educacao_rede_publica","name":"MARIA DA GLORIA COSTA E SILVA PROFESSORA","name_derived":false,"category":"school","subcategory":"primary_secondary","geometry_type":"Point","address":"DOUTOR MONTEIRO DE BARROS, 110, VILA ELZE, 03254-120","equipment_type":"EE","administrative_sphere":null,"included_in_metrics":true,"exclusion_reason":null,"override_reason":null,"outside_boundary":false}},{"type":"Feature","geometry":{"type":"Point","coordinates":[-46.56651739,-23.59402884]},"properties":{"id":"sp_geosampa_educacao_rede_publica:equipamento_educacao_rede_publica.50155","source_id":"sp_geosampa_educacao_rede_publica","name":"MARIO CASASSANTA PROFESSOR","name_derived":false,"category":"school","subcategory":"primary_secondary","geometry_type":"Point","address":"PARAMU, 693, VILA ALPINA, 03147-100","equipment_type":"EE","administrative_sphere":null,"included_in_metrics":true,"exclusion_reason":null,"override_reason":null,"outside_boundary":false}},{"type":"Feature","geometry":{"type":"Point","coordinates":[-46.53423428,-23.59135821]},"properties":{"id":"sp_geosampa_educacao_rede_publica:equipamento_educacao_rede_publica.50156","source_id":"sp_geosampa_educacao_rede_publica","name":"BEATRIZ R BASSI ASTORINO PROFESSORA","name_derived":false,"category":"school","subcategory":"primary_secondary","geometry_type":"Point","address":"JUIZ DE FORA, 366, VILA EMA, 03286-000","equipment_type":"EE","administrative_sphere":null,"included_in_metrics":true,"exclusion_reason":null,"override_reason":null,"outside_boundary":false}},{"type":"Feature","geometry":{"type":"Point","coordinates":[-46.56435042,-23.57596814]},"properties":{"id":"sp_geosampa_educacao_rede_publica:equipamento_educacao_rede_publica.50157","source_id":"sp_geosampa_educacao_rede_publica","name":"MARIO MARQUES DE OLIVEIRA PROFESSOR","name_derived":false,"category":"school","subcategory":"primary_secondary","geometry_type":"Point","address":"BUENOPOLIS, 234, VILA SANTA CLARA, 03161-010","equipment_type":"EE","administrative_sphere":null,"included_in_metrics":true,"exclusion_reason":null,"override_reason":null,"outside_boundary":false}},{"type":"Feature","geometry":{"type":"Point","coordinates":[-46.5234009,-23.59554758]},"properties":{"id":"sp_geosampa_educacao_rede_publica:equipamento_educacao_rede_publica.50158","source_id":"sp_geosampa_educacao_rede_publica","name":"VICTOR MIGUEL ROMANO PROF","name_derived":false,"category":"school","subcategory":"primary_secondary","geometry_type":"Point","address":"SAPOPEMBA, 7763, JARDIM ADUTORA, 03988-010","equipment_type":"EE","administrative_sphere":null,"included_in_metrics":true,"exclusion_reason":null,"override_reason":null,"outside_boundary":false}},{"type":"Feature","geometry":{"type":"Point","coordinates":[-46.58291861,-23.58807564]},"properties":{"id":"sp_geosampa_educacao_rede_publica:equipamento_educacao_rede_publica.50159","source_id":"sp_geosampa_educacao_rede_publica","name":"ANDRE DREYFUS PROFESSOR","name_derived":false,"category":"school","subcategory":"primary_secondary","geometry_type":"Point","address":"PEDRO DE GODOI, 170, VILA ZELINA, 03138-010","equipment_type":"EE","administrative_sphere":null,"included_in_metrics":true,"exclusion_reason":null,"override_reason":null,"outside_boundary":false}},{"type":"Feature","geometry":{"type":"Point","coordinates":[-46.55503858,-23.58109722]},"properties":{"id":"sp_geosampa_educacao_rede_publica:equipamento_educacao_rede_publica.50160","source_id":"sp_geosampa_educacao_rede_publica","name":"STEFAN ZWEIG","name_derived":false,"category":"school","subcategory":"primary_secondary","geometry_type":"Point","address":"GENARO ARILA ARENSANZ, 225, VILA IVONE, 03275-090","equipment_type":"EE","administrative_sphere":null,"included_in_metrics":true,"exclusion_reason":null,"override_reason":null,"outside_boundary":false}},{"type":"Feature","geometry":{"type":"Point","coordinates":[-46.50990387,-23.60595326]},"properties":{"id":"sp_geosampa_educacao_rede_publica:equipamento_educacao_rede_publica.50161","source_id":"sp_geosampa_educacao_rede_publica","name":"AROLDO DE AZEVEDO PROF","name_derived":false,"category":"school","subcategory":"primary_secondary","geometry_type":"Point","address":"FILIPA ALVARES, SN, JARDIM PLANALTO, 03984-020","equipment_type":"EE","administrative_sphere":null,"included_in_metrics":true,"exclusion_reason":null,"override_reason":null,"outside_boundary":false}},{"type":"Feature","geometry":{"type":"Point","coordinates":[-46.57102572,-23.58870108]},"properties":{"id":"sp_geosampa_educacao_rede_publica:equipamento_educacao_rede_publica.50162","source_id":"sp_geosampa_educacao_rede_publica","name":"ANNITA ATALLA PROFESSORA","name_derived":false,"category":"school","subcategory":"primary_secondary","geometry_type":"Point","address":"LOURENCO CAETANO DA SILVA, 18, JARDIM AVELINO, 03227-020","equipment_type":"EE","administrative_sphere":null,"included_in_metrics":true,"exclusion_reason":null,"override_reason":null,"outside_boundary":false}},{"type":"Feature","geometry":{"type":"Point","coordinates":[-46.55993613,-23.58907385]},"properties":{"id":"sp_geosampa_educacao_rede_publica:equipamento_educacao_rede_publica.50163","source_id":"sp_geosampa_educacao_rede_publica","name":"SECUNDINO DOMINGUES FILHO DOUTOR","name_derived":false,"category":"school","subcategory":"primary_secondary","geometry_type":"Point","address":"SECUNDINO DOMINGUES, 136, JARDIM INDEPENDENCIA, 03223-110","equipment_type":"EE","administrative_sphere":null,"included_in_metrics":true,"exclusion_reason":null,"override_reason":null,"outside_boundary":false}},{"type":"Feature","geometry":{"type":"Point","coordinates":[-46.57972646,-23.59299997]},"properties":{"id":"sp_geosampa_educacao_rede_publica:equipamento_educacao_rede_publica.50164","source_id":"sp_geosampa_educacao_rede_publica","name":"OLGA BENATTI PROFESSORA","name_derived":false,"category":"school","subcategory":"primary_secondary","geometry_type":"Point","address":"IBITIRAMA, 1412, VILA BELA, 03134-001","equipment_type":"EE","administrative_sphere":null,"included_in_metrics":true,"exclusion_reason":null,"override_reason":null,"outside_boundary":false}},{"type":"Feature","geometry":{"type":"Point","coordinates":[-46.56095295,-23.6062167]},"properties":{"id":"sp_geosampa_educacao_rede_publica:equipamento_educacao_rede_publica.50165","source_id":"sp_geosampa_educacao_rede_publica","name":"BRISABELLA ALMEIDA NOBRE PROFESSORA","name_derived":false,"category":"school","subcategory":"primary_secondary","geometry_type":"Point","address":"SANTA GENOVEVA, 47, VILA CALIFORNIA, 03213-050","equipment_type":"EE","administrative_sphere":null,"included_in_metrics":true,"exclusion_reason":null,"override_reason":null,"outside_boundary":false}},{"type":"Feature","geometry":{"type":"Point","coordinates":[-46.56211594,-23.5789388]},"properties":{"id":"sp_geosampa_educacao_rede_publica:equipamento_educacao_rede_publica.50166","source_id":"sp_geosampa_educacao_rede_publica","name":"JOY ARRUDA DOUTOR","name_derived":false,"category":"school","subcategory":"primary_secondary","geometry_type":"Point","address":"BATUNS, 52, VILA SANTA CLARA, 03273-410","equipment_type":"EE","administrative_sphere":null,"included_in_metrics":true,"exclusion_reason":null,"override_reason":null,"outside_boundary":false}},{"type":"Feature","geometry":{"type":"Point","coordinates":[-46.52200216,-23.60891288]},"properties":{"id":"sp_geosampa_educacao_rede_publica:equipamento_educacao_rede_publica.50167","source_id":"sp_geosampa_educacao_rede_publica","name":"JOCELYN PONTES GESTAL PROF","name_derived":false,"category":"school","subcategory":"primary_secondary","geometry_type":"Point","address":"PEDRO GONCALVES VAREJAO, 209, JARDIM MIMAR, 03986-170","equipment_type":"EE","administrative_sphere":null,"included_in_metrics":true,"exclusion_reason":null,"override_reason":null,"outside_boundary":false}},{"type":"Feature","geometry":{"type":"Point","coordinates":[-46.58877229,-23.57552567]},"properties":{"id":"sp_geosampa_educacao_rede_publica:equipamento_educacao_rede_publica.50168","source_id":"sp_geosampa_educacao_rede_publica","name":"JOSE HEITOR CARUSI PROFESSOR","name_derived":false,"category":"school","subcategory":"primary_secondary","geometry_type":"Point","address":"ROBERTO UGOLINI COMENDADOR, 300, PARQUE DA MOOCA, 03125-010","equipment_type":"EE","administrative_sphere":null,"included_in_metrics":true,"exclusion_reason":null,"override_reason":null,"outside_boundary":false}},{"type":"Feature","geometry":{"type":"Point","coordinates":[-46.55818101,-23.59696528]},"properties":{"id":"sp_geosampa_educacao_rede_publica:equipamento_educacao_rede_publica.50169","source_id":"sp_geosampa_educacao_rede_publica","name":"FRANCISCO BORGES VIEIRA DOUTOR","name_derived":false,"category":"school","subcategory":"primary_secondary","geometry_type":"Point","address":"PARATINQUARA, 67, VILA ALPINA, 03209-040","equipment_type":"EE","administrative_sphere":null,"included_in_metrics":true,"exclusion_reason":null,"override_reason":null,"outside_boundary":false}},{"type":"Feature","geometry":{"type":"Point","coordinates":[-46.57378537,-23.58408687]},"properties":{"id":"sp_geosampa_educacao_rede_publica:equipamento_educacao_rede_publica.50170","source_id":"sp_geosampa_educacao_rede_publica","name":"AMERICO DE MOURA PROFESSOR","name_derived":false,"category":"school","subcategory":"primary_secondary","geometry_type":"Point","address":"MENDONCA CORTE REAL, SN, JARDIM AVELINO, 03227-110","equipment_type":"EE","administrative_sphere":null,"included_in_metrics":true,"exclusion_reason":null,"override_reason":null,"outside_boundary":false}},{"type":"Feature","geometry":{"type":"Point","coordinates":[-46.54194732,-23.59243017]},"properties":{"id":"sp_geosampa_educacao_rede_publica:equipamento_educacao_rede_publica.50171","source_id":"sp_geosampa_educacao_rede_publica","name":"LUIZA MENDES CORREA SOUZA PROFESSORA","name_derived":false,"category":"school","subcategory":"primary_secondary","geometry_type":"Point","address":"PROFESSOR LUIZ IGNACIO ANHAIA MELLO, 5796, PARQUE SAO LUCAS, 03294-100","equipment_type":"EE","administrative_sphere":null,"included_in_metrics":true,"exclusion_reason":null,"override_reason":null,"outside_boundary":false}},{"type":"Feature","geometry":{"type":"Point","coordinates":[-46.56635681,-23.60424896]},"properties":{"id":"sp_geosampa_educacao_rede_publica:equipamento_educacao_rede_publica.50172","source_id":"sp_geosampa_educacao_rede_publica","name":"JOAO FIRMINO DE CAMPOS","name_derived":false,"category":"school","subcategory":"primary_secondary","geometry_type":"Point","address":"VISCONDE DE ALCANTARA, 350, VILA ALPINA, 03205-060","equipment_type":"EE","administrative_sphere":null,"included_in_metrics":true,"exclusion_reason":null,"override_reason":null,"outside_boundary":false}},{"type":"Feature","geometry":{"type":"Point","coordinates":[-46.54702276,-23.5928807]},"properties":{"id":"sp_geosampa_educacao_rede_publica:equipamento_educacao_rede_publica.50173","source_id":"sp_geosampa_educacao_rede_publica","name":"JOSE CHEDIAK","name_derived":false,"category":"school","subcategory":"primary_secondary","geometry_type":"Point","address":"ORATORIO, 2320, PARQUE SAO LUCAS, 03220-100","equipment_type":"EE","administrative_sphere":null,"included_in_metrics":true,"exclusion_reason":null,"override_reason":null,"outside_boundary":false}},{"type":"Feature","geometry":{"type":"Point","coordinates":[-46.5834881,-23.58140634]},"properties":{"id":"sp_geosampa_educacao_rede_publica:equipamento_educacao_rede_publica.50174","source_id":"sp_geosampa_educacao_rede_publica","name":"REPUBLICA DO PARAGUAY","name_derived":false,"category":"school","subcategory":"primary_secondary","geometry_type":"Point","address":"CARLOS MULLER, 21, VILA SAO MAURICIO, 03132-060","equipment_type":"EE","administrative_sphere":null,"included_in_metrics":true,"exclusion_reason":null,"override_reason":null,"outside_boundary":false}},{"type":"Feature","geometry":{"type":"Point","coordinates":[-46.58842739,-23.58514569]},"properties":{"id":"sp_geosampa_educacao_rede_publica:equipamento_educacao_rede_publica.50175","source_id":"sp_geosampa_educacao_rede_publica","name":"CAROLINA AUGUSTA DA COSTA GALVAO PROFESSORA","name_derived":false,"category":"school","subcategory":"primary_secondary","geometry_type":"Point","address":"MARIA DAFFRE, 406, QUINTA DA PAINEIRA, 03150-020","equipment_type":"EE","administrative_sphere":null,"included_in_metrics":true,"exclusion_reason":null,"override_reason":null,"outside_boundary":false}},{"type":"Feature","geometry":{"type":"Point","coordinates":[-46.57967817,-23.57299329]},"properties":{"id":"sp_geosampa_educacao_rede_publica:equipamento_educacao_rede_publica.50176","source_id":"sp_geosampa_educacao_rede_publica","name":"CLEMENTE QUAGLIO PROFESSOR","name_derived":false,"category":"school","subcategory":"primary_secondary","geometry_type":"Point","address":"MANUEL ONHA, 234, VILA ORATORIO, 03192-100","equipment_type":"EE","administrative_sphere":null,"included_in_metrics":true,"exclusion_reason":null,"override_reason":null,"outside_boundary":false}},{"type":"Feature","geometry":{"type":"Point","coordinates":[-46.54837771,-23.60023085]},"properties":{"id":"sp_geosampa_educacao_rede_publica:equipamento_educacao_rede_publica.50177","source_id":"sp_geosampa_educacao_rede_publica","name":"JULIETA NOGUEIRA RINALDI PROFESSORA","name_derived":false,"category":"school","subcategory":"primary_secondary","geometry_type":"Point","address":"IELMO MARINHO, 940, PARQUE INDEPENDENCIA, 03236-030","equipment_type":"EE","administrative_sphere":null,"included_in_metrics":true,"exclusion_reason":null,"override_reason":null,"outside_boundary":false}},{"type":"Feature","geometry":{"type":"Point","coordinates":[-46.53251436,-23.60186053]},"properties":{"id":"sp_geosampa_educacao_rede_publica:equipamento_educacao_rede_publica.50178","source_id":"sp_geosampa_educacao_rede_publica","name":"JOAQUIM BRAGA DE PAULA PROFESSOR","name_derived":false,"category":"school","subcategory":"primary_secondary","geometry_type":"Point","address":"DO ORATORIO, 4330, JARDIM GUAIRACA, 03220-200","equipment_type":"EE","administrative_sphere":null,"included_in_metrics":true,"exclusion_reason":null,"override_reason":null,"outside_boundary":false}},{"type":"Feature","geometry":{"type":"Point","coordinates":[-46.57680589,-23.57950079]},"properties":{"id":"sp_geosampa_educacao_rede_publica:equipamento_educacao_rede_publica.50180","source_id":"sp_geosampa_educacao_rede_publica","name":"JULIA MACEDO PANTOJA PROFESSORA","name_derived":false,"category":"school","subcategory":"primary_secondary","geometry_type":"Point","address":"ASSUPA, 200, VILA PRUDENTE, 03137-050","equipment_type":"EE","administrative_sphere":null,"included_in_metrics":true,"exclusion_reason":null,"override_reason":null,"outside_boundary":false}},{"type":"Feature","geometry":{"type":"Point","coordinates":[-46.5165712,-23.57340096]},"properties":{"id":"sp_geosampa_educacao_rede_publica:equipamento_educacao_rede_publica.50181","source_id":"sp_geosampa_educacao_rede_publica","name":"NORBERTO MAYER FILHO DEPUTADO","name_derived":false,"category":"school","subcategory":"primary_secondary","geometry_type":"Point","address":"MANUEL LUIS DE VERGUEIRO PADRE, 365, VILA ANTONIETA, 03476-000","equipment_type":"EE","administrative_sphere":null,"included_in_metrics":true,"exclusion_reason":null,"override_reason":null,"outside_boundary":false}},{"type":"Feature","geometry":{"type":"Point","coordinates":[-46.50733245,-23.57068892]},"properties":{"id":"sp_geosampa_educacao_rede_publica:equipamento_educacao_rede_publica.50182","source_id":"sp_geosampa_educacao_rede_publica","name":"MOACYR CAMPOS PROFESSOR","name_derived":false,"category":"school","subcategory":"primary_secondary","geometry_type":"Point","address":"RIO DAS PEDRAS, 2022, JARDIM ARICANDUVA, 03452-100","equipment_type":"EE","administrative_sphere":null,"included_in_metrics":true,"exclusion_reason":null,"override_reason":null,"outside_boundary":false}},{"type":"Feature","geometry":{"type":"Point","coordinates":[-46.53536638,-23.55214839]},"properties":{"id":"sp_geosampa_educacao_rede_publica:equipamento_educacao_rede_publica.50183","source_id":"sp_geosampa_educacao_rede_publica","name":"JULIA AMALIA AZEVEDO ANTUNES PROFESSORA","name_derived":false,"category":"school","subcategory":"primary_secondary","geometry_type":"Point","address":"LUIS PINTO, 92, VILA CARRAO, 03427-000","equipment_type":"EE","administrative_sphere":null,"included_in_metrics":true,"exclusion_reason":null,"override_reason":null,"outside_boundary":false}},{"type":"Feature","geometry":{"type":"Point","coordinates":[-46.56348455,-23.53539579]},"properties":{"id":"sp_geosampa_educacao_rede_publica:equipamento_educacao_rede_publica.50184","source_id":"sp_geosampa_educacao_rede_publica","name":"JOAO DIAS DA SILVEIRA PROFESSOR","name_derived":false,"category":"school","subcategory":"primary_secondary","geometry_type":"Point","address":"SOUSA BREVES, 80, VILA ZILDA, 03069-060","equipment_type":"EE","administrative_sphere":null,"included_in_metrics":true,"exclusion_reason":null,"override_reason":null,"outside_boundary":false}},{"type":"Feature","geometry":{"type":"Point","coordinates":[-46.57249775,-23.55140804]},"properties":{"id":"sp_geosampa_educacao_rede_publica:equipamento_educacao_rede_publica.50185","source_id":"sp_geosampa_educacao_rede_publica","name":"JOAO CLIMACO DA SILVA KRUSE PROFESSOR","name_derived":false,"category":"school","subcategory":"primary_secondary","geometry_type":"Point","address":"TUIUTI, 2965, TATUAPE, 03307-005","equipment_type":"EE","administrative_sphere":null,"included_in_metrics":true,"exclusion_reason":null,"override_reason":null,"outside_boundary":false}},{"type":"Feature","geometry":{"type":"Point","coordinates":[-46.52262641,-23.55469935]},"properties":{"id":"sp_geosampa_educacao_rede_publica:equipamento_educacao_rede_publica.50186","source_id":"sp_geosampa_educacao_rede_publica","name":"IRENE RIBEIRO PROFESSORA","name_derived":false,"category":"school","subcategory":"primary_secondary","geometry_type":"Point","address":"CORONEL AMARO SOBRINHO, 303, VILA CARRAO, 03448-120","equipment_type":"EE","administrative_sphere":null,"included_in_metrics":true,"exclusion_reason":null,"override_reason":null,"outside_boundary":false}},{"type":"Feature","geometry":{"type":"Point","coordinates":[-46.54669641,-23.54119199]},"properties":{"id":"sp_geosampa_educacao_rede_publica:equipamento_educacao_rede_publica.50187","source_id":"sp_geosampa_educacao_rede_publica","name":"ALVINO BITTENCOURT PROFESSOR","name_derived":false,"category":"school","subcategory":"primary_secondary","geometry_type":"Point","address":"FRANCISCO MACHADO DE CAMPOS, 312, CHACARA CALIFORNIA, 03406-040","equipment_type":"EE","administrative_sphere":null,"included_in_metrics":true,"exclusion_reason":null,"override_reason":null,"outside_boundary":false}},{"type":"Feature","geometry":{"type":"Point","coordinates":[-46.53125566,-23.56054526]},"properties":{"id":"sp_geosampa_educacao_rede_publica:equipamento_educacao_rede_publica.50188","source_id":"sp_geosampa_educacao_rede_publica","name":"AMELIA DE ARAUJO DONA","name_derived":false,"category":"school","subcategory":"primary_secondary","geometry_type":"Point","address":"VACANGA, 415, VILA FERNANDES, 03433-025","equipment_type":"EE","administrative_sphere":null,"included_in_metrics":true,"exclusion_reason":null,"override_reason":null,"outside_boundary":false}},{"type":"Feature","geometry":{"type":"Point","coordinates":[-46.50763073,-23.58049603]},"properties":{"id":"sp_geosampa_educacao_rede_publica:equipamento_educacao_rede_publica.50189","source_id":"sp_geosampa_educacao_rede_publica","name":"ARACY LEME DA VEIGA RAVACHE PROFESSORA","name_derived":false,"category":"school","subcategory":"primary_secondary","geometry_type":"Point","address":"CANDIDO MENDES DE ALMEIDA, 184, JARDIM NOVO CARRAO, 03908-290","equipment_type":"EE","administrative_sphere":null,"included_in_metrics":true,"exclusion_reason":null,"override_reason":null,"outside_boundary":false}},{"type":"Feature","geometry":{"type":"Point","coordinates":[-46.55497657,-23.55087097]},"properties":{"id":"sp_geosampa_educacao_rede_publica:equipamento_educacao_rede_publica.50190","source_id":"sp_geosampa_educacao_rede_publica","name":"BENEDITO ESTEVAM DOS SANTOS DOUTOR","name_derived":false,"category":"school","subcategory":"primary_secondary","geometry_type":"Point","address":"AGUAPEI, 831, VILA SANTO ESTEVAO, 03325-000","equipment_type":"EE","administrative_sphere":null,"included_in_metrics":true,"exclusion_reason":null,"override_reason":null,"outside_boundary":false}},{"type":"Feature","geometry":{"type":"Point","coordinates":[-46.56563863,-23.55605454]},"properties":{"id":"sp_geosampa_educacao_rede_publica:equipamento_educacao_rede_publica.50191","source_id":"sp_geosampa_educacao_rede_publica","name":"BLANCA ZWICKER SIMOES PROFESSORA","name_derived":false,"category":"school","subcategory":"primary_secondary","geometry_type":"Point","address":"MARIO TEIXEIRA INSPETOR, 41, JARDIM ANALIA FRANCO, 03335-100","equipment_type":"EE","administrative_sphere":null,"included_in_metrics":true,"exclusion_reason":null,"override_reason":null,"outside_boundary":false}},{"type":"Feature","geometry":{"type":"Point","coordinates":[-46.54600129,-23.55510835]},"properties":{"id":"sp_geosampa_educacao_rede_publica:equipamento_educacao_rede_publica.50192","source_id":"sp_geosampa_educacao_rede_publica","name":"FREDERICO VERGUEIRO STEIDEL","name_derived":false,"category":"school","subcategory":"primary_secondary","geometry_type":"Point","address":"ATLANTIDA, 8, VILA CARRAO, 03421-030","equipment_type":"EE","administrative_sphere":null,"included_in_metrics":true,"exclusion_reason":null,"override_reason":null,"outside_boundary":false}},{"type":"Feature","geometry":{"type":"Point","coordinates":[-46.57354799,-23.5337544]},"properties":{"id":"sp_geosampa_educacao_rede_publica:equipamento_educacao_rede_publica.50193","source_id":"sp_geosampa_educacao_rede_publica","name":"ERASMO BRAGA","name_derived":false,"category":"school","subcategory":"primary_secondary","geometry_type":"Point","address":"MARIA EUGENIA, 190, TATUAPE, 03081-030","equipment_type":"EE","administrative_sphere":null,"included_in_metrics":true,"exclusion_reason":null,"override_reason":null,"outside_boundary":false}},{"type":"Feature","geometry":{"type":"Point","coordinates":[-46.57422442,-23.5436033]},"properties":{"id":"sp_geosampa_educacao_rede_publica:equipamento_educacao_rede_publica.50194","source_id":"sp_geosampa_educacao_rede_publica","name":"CONGONHAS DO CAMPO VISCONDE DE","name_derived":false,"category":"school","subcategory":"primary_secondary","geometry_type":"Point","address":"TUIUTI, 2051, TATUAPE, 03307-005","equipment_type":"EE","administrative_sphere":null,"included_in_metrics":true,"exclusion_reason":null,"override_reason":null,"outside_boundary":false}},{"type":"Feature","geometry":{"type":"Point","coordinates":[-46.55616491,-23.53332358]},"properties":{"id":"sp_geosampa_educacao_rede_publica:equipamento_educacao_rede_publica.50195","source_id":"sp_geosampa_educacao_rede_publica","name":"CARLOS ESCOBAR","name_derived":false,"category":"school","subcategory":"primary_secondary","geometry_type":"Point","address":"ADELINO DE ALMEIDA CASTILHO, 178, MARANHAO, 03073-050","equipment_type":"EE","administrative_sphere":null,"included_in_metrics":true,"exclusion_reason":null,"override_reason":null,"outside_boundary":false}},{"type":"Feature","geometry":{"type":"Point","coordinates":[-46.51791973,-23.56382786]},"properties":{"id":"sp_geosampa_educacao_rede_publica:equipamento_educacao_rede_publica.50196","source_id":"sp_geosampa_educacao_rede_publica","name":"CARAMURU","name_derived":false,"category":"school","subcategory":"primary_secondary","geometry_type":"Point","address":"REGO BARROS, 501, JARDIM VILA FORMOSA, 03460-000","equipment_type":"EE","administrative_sphere":null,"included_in_metrics":true,"exclusion_reason":null,"override_reason":null,"outside_boundary":false}},{"type":"Feature","geometry":{"type":"Point","coordinates":[-46.55877074,-23.54125788]},"properties":{"id":"sp_geosampa_educacao_rede_publica:equipamento_educacao_rede_publica.50197","source_id":"sp_geosampa_educacao_rede_publica","name":"PAULO NOVAES DE CARVALHO PROFESSOR","name_derived":false,"category":"school","subcategory":"primary_secondary","geometry_type":"Point","address":"FRANCISCO MARENGO, 475, TATUAPE, 03313-000","equipment_type":"EE","administrative_sphere":null,"included_in_metrics":true,"exclusion_reason":null,"override_reason":null,"outside_boundary":false}},{"type":"Feature","geometry":{"type":"Point","coordinates":[-46.53998615,-23.54595887]},"properties":{"id":"sp_geosampa_educacao_rede_publica:equipamento_educacao_rede_publica.50198","source_id":"sp_geosampa_educacao_rede_publica","name":"PEDRO ARBUES CORONEL","name_derived":false,"category":"school","subcategory":"primary_secondary","geometry_type":"Point","address":"LUCINDA GOMES BARRETO, 605, VILA NOVA MANCHESTER, 03440-040","equipment_type":"EE","administrative_sphere":null,"included_in_metrics":true,"exclusion_reason":null,"override_reason":null,"outside_boundary":false}},{"type":"Feature","geometry":{"type":"Point","coordinates":[-46.54559996,-23.54807804]},"properties":{"id":"sp_geosampa_educacao_rede_publica:equipamento_educacao_rede_publica.50199","source_id":"sp_geosampa_educacao_rede_publica","name":"SALVADOR ROCCO PROFESSOR","name_derived":false,"category":"school","subcategory":"primary_secondary","geometry_type":"Point","address":"RENATO RINALDI, 31, VILA CARRAO, 03426-000","equipment_type":"EE","administrative_sphere":null,"included_in_metrics":true,"exclusion_reason":null,"override_reason":null,"outside_boundary":false}},{"type":"Feature","geometry":{"type":"Point","coordinates":[-46.56640189,-23.54735597]},"properties":{"id":"sp_geosampa_educacao_rede_publica:equipamento_educacao_rede_publica.50200","source_id":"sp_geosampa_educacao_rede_publica","name":"JOAO BORGES PROFESSOR","name_derived":false,"category":"school","subcategory":"primary_secondary","geometry_type":"Point","address":"ITAPURA, 976, VILA GOMES CARDIM, 03310-000","equipment_type":"EE","administrative_sphere":null,"included_in_metrics":true,"exclusion_reason":null,"override_reason":null,"outside_boundary":false}},{"type":"Feature","geometry":{"type":"Point","coordinates":[-46.54172632,-23.56099372]},"properties":{"id":"sp_geosampa_educacao_rede_publica:equipamento_educacao_rede_publica.50202","source_id":"sp_geosampa_educacao_rede_publica","name":"IRENE DE LIMA PAIVA PROFESSORA","name_derived":false,"category":"school","subcategory":"primary_secondary","geometry_type":"Point","address":"LUTECIA, 1966, VILA CARRAO, 03423-000","equipment_type":"EE","administrative_sphere":null,"included_in_metrics":true,"exclusion_reason":null,"override_reason":null,"outside_boundary":false}},{"type":"Feature","geometry":{"type":"Point","coordinates":[-46.5424037,-23.5616115]},"properties":{"id":"sp_geosampa_educacao_rede_publica:equipamento_educacao_rede_publica.50203","source_id":"sp_geosampa_educacao_rede_publica","name":"JOSE MARQUES DA CRUZ PROFESSOR","name_derived":false,"category":"school","subcategory":"primary_secondary","geometry_type":"Point","address":"ARACE, 563, VILA FORMOSA, 03362-050","equipment_type":"EE","administrative_sphere":null,"included_in_metrics":true,"exclusion_reason":null,"override_reason":null,"outside_boundary":false}},{"type":"Feature","geometry":{"type":"Point","coordinates":[-46.56788194,-23.53247209]},"properties":{"id":"sp_geosampa_educacao_rede_publica:equipamento_educacao_rede_publica.50204","source_id":"sp_geosampa_educacao_rede_publica","name":"BENEDITA RIBAS F SILVEIRA PROFESSORA","name_derived":false,"category":"school","subcategory":"primary_secondary","geometry_type":"Point","address":"JOSE TAVARES DE SIQUEIRA, 198, PARQUE SAO JORGE, 03085-030","equipment_type":"EE","administrative_sphere":null,"included_in_metrics":true,"exclusion_reason":null,"override_reason":null,"outside_boundary":false}},{"type":"Feature","geometry":{"type":"Point","coordinates":[-46.53430151,-23.57688508]},"properties":{"id":"sp_geosampa_educacao_rede_publica:equipamento_educacao_rede_publica.50205","source_id":"sp_geosampa_educacao_rede_publica","name":"ALMERINDA RODRIGUES MELLO PROFESSORA","name_derived":false,"category":"school","subcategory":"primary_secondary","geometry_type":"Point","address":"REI ALBERTO DA BELGICA, 571, CHACARA BELENZINHO, 03381-000","equipment_type":"EE","administrative_sphere":null,"included_in_metrics":true,"exclusion_reason":null,"override_reason":null,"outside_boundary":false}},{"type":"Feature","geometry":{"type":"Point","coordinates":[-46.54891547,-23.57070921]},"properties":{"id":"sp_geosampa_educacao_rede_publica:equipamento_educacao_rede_publica.50206","source_id":"sp_geosampa_educacao_rede_publica","name":"ANTONIO CANDIDO BARONE","name_derived":false,"category":"school","subcategory":"primary_secondary","geometry_type":"Point","address":"ANGA, 110, VILA FORMOSA, 03360-000","equipment_type":"EE","administrative_sphere":null,"included_in_metrics":true,"exclusion_reason":null,"override_reason":null,"outside_boundary":false}},{"type":"Feature","geometry":{"type":"Point","coordinates":[-46.57255082,-23.55063349]},"properties":{"id":"sp_geosampa_educacao_rede_publica:equipamento_educacao_rede_publica.50207","source_id":"sp_geosampa_educacao_rede_publica","name":"ASCENDINO REIS PROFESSOR","name_derived":false,"category":"school","subcategory":"primary_secondary","geometry_type":"Point","address":"TUIUTI, 2865, TATUAPE, 03307-005","equipment_type":"EE","administrative_sphere":null,"included_in_metrics":true,"exclusion_reason":null,"override_reason":null,"outside_boundary":false}},{"type":"Feature","geometry":{"type":"Point","coordinates":[-46.5798353,-23.53818337]},"properties":{"id":"sp_geosampa_educacao_rede_publica:equipamento_educacao_rede_publica.50208","source_id":"sp_geosampa_educacao_rede_publica","name":"OSWALDO CATALANO","name_derived":false,"category":"school","subcategory":"primary_secondary","geometry_type":"Point","address":"FILIPE CAMARAO, 350, TATUAPE, 03065-000","equipment_type":"EE","administrative_sphere":null,"included_in_metrics":true,"exclusion_reason":null,"override_reason":null,"outside_boundary":false}},{"type":"Feature","geometry":{"type":"Point","coordinates":[-46.53985346,-23.57476249]},"properties":{"id":"sp_geosampa_educacao_rede_publica:equipamento_educacao_rede_publica.50210","source_id":"sp_geosampa_educacao_rede_publica","name":"PAULO CAVALCANTI ALBUQUERQUE PROFESSOR","name_derived":false,"category":"school","subcategory":"primary_secondary","geometry_type":"Point","address":"FABIO, 167, CHACARA BELENZINHO, 03378-060","equipment_type":"EE","administrative_sphere":null,"included_in_metrics":true,"exclusion_reason":null,"override_reason":null,"outside_boundary":false}},{"type":"Feature","geometry":{"type":"Point","coordinates":[-46.54393643,-23.56794037]},"properties":{"id":"sp_geosampa_educacao_rede_publica:equipamento_educacao_rede_publica.50211","source_id":"sp_geosampa_educacao_rede_publica","name":"ORVILLE DERBY","name_derived":false,"category":"school","subcategory":"primary_secondary","geometry_type":"Point","address":"SAIGON, 55, VILA FORMOSA, 03360-010","equipment_type":"EE","administrative_sphere":null,"included_in_metrics":true,"exclusion_reason":null,"override_reason":null,"outside_boundary":false}},{"type":"Feature","geometry":{"type":"Point","coordinates":[-46.52718887,-23.58469164]},"properties":{"id":"sp_geosampa_educacao_rede_publica:equipamento_educacao_rede_publica.50212","source_id":"sp_geosampa_educacao_rede_publica","name":"SANTOS AMARO DA CRUZ PROFESSOR","name_derived":false,"category":"school","subcategory":"primary_secondary","geometry_type":"Point","address":"BARREIRA GRANDE, 795, JARDIM COLORADO, 03386-000","equipment_type":"EE","administrative_sphere":null,"included_in_metrics":true,"exclusion_reason":null,"override_reason":null,"outside_boundary":false}},{"type":"Feature","geometry":{"type":"Point","coordinates":[-46.4984769,-23.58501099]},"properties":{"id":"sp_geosampa_educacao_rede_publica:equipamento_educacao_rede_publica.50213","source_id":"sp_geosampa_educacao_rede_publica","name":"PILAR GARCIA VIDAL DONA","name_derived":false,"category":"school","subcategory":"primary_secondary","geometry_type":"Point","address":"AGENOR CALDEIRA DINIZ PASTOR, 48, JARDIM IMPERADOR ZONA LESTE, 03935-080","equipment_type":"EE","administrative_sphere":null,"included_in_metrics":true,"exclusion_reason":null,"override_reason":null,"outside_boundary":false}},{"type":"Feature","geometry":{"type":"Point","coordinates":[-46.53291832,-23.53959458]},"properties":{"id":"sp_geosampa_educacao_rede_publica:equipamento_educacao_rede_publica.50214","source_id":"sp_geosampa_educacao_rede_publica","name":"MARIA LOURDES N ALBERGARIA PROFA","name_derived":false,"category":"school","subcategory":"primary_secondary","geometry_type":"Point","address":"JOSE MASCARENHAS, 456, VILA MATILDE, 03515-000","equipment_type":"EE","administrative_sphere":null,"included_in_metrics":true,"exclusion_reason":null,"override_reason":null,"outside_boundary":false}},{"type":"Feature","geometry":{"type":"Point","coordinates":[-46.53741361,-23.53403035]},"properties":{"id":"sp_geosampa_educacao_rede_publica:equipamento_educacao_rede_publica.50215","source_id":"sp_geosampa_educacao_rede_publica","name":"MARISA DE MELLO PROFA","name_derived":false,"category":"school","subcategory":"primary_secondary","geometry_type":"Point","address":"LUIS CARLOS DOUTOR, 1400, VILA ARICANDUVA, 03505-000","equipment_type":"EE","administrative_sphere":null,"included_in_metrics":true,"exclusion_reason":null,"override_reason":null,"outside_boundary":false}},{"type":"Feature","geometry":{"type":"Point","coordinates":[-46.5141035,-23.55202518]},"properties":{"id":"sp_geosampa_educacao_rede_publica:equipamento_educacao_rede_publica.50216","source_id":"sp_geosampa_educacao_rede_publica","name":"OLGA MARINOVIC DORO PROFA","name_derived":false,"category":"school","subcategory":"primary_secondary","geometry_type":"Point","address":"CUSTODIO LOBO, 29, JARDIM MARINGA, 03525-080","equipment_type":"EE","administrative_sphere":null,"included_in_metrics":true,"exclusion_reason":null,"override_reason":null,"outside_boundary":false}},{"type":"Feature","geometry":{"type":"Point","coordinates":[-46.53542524,-23.52984996]},"properties":{"id":"sp_geosampa_educacao_rede_publica:equipamento_educacao_rede_publica.50217","source_id":"sp_geosampa_educacao_rede_publica","name":"RITA JULIA DE OLIVEIRA PROFESSORA","name_derived":false,"category":"school","subcategory":"primary_secondary","geometry_type":"Point","address":"MIRANDINHA, 881, PENHA DE FRANCA, 03641-000","equipment_type":"EE","administrative_sphere":null,"included_in_metrics":true,"exclusion_reason":null,"override_reason":null,"outside_boundary":false}},{"type":"Feature","geometry":{"type":"Point","coordinates":[-46.54877746,-23.52390179]},"properties":{"id":"sp_geosampa_educacao_rede_publica:equipamento_educacao_rede_publica.50218","source_id":"sp_geosampa_educacao_rede_publica","name":"SANTOS DUMONT","name_derived":false,"category":"school","subcategory":"primary_secondary","geometry_type":"Point","address":"OITO DE SETEMBRO, 73, PENHA DE FRANCA, 03606-030","equipment_type":"EE","administrative_sphere":null,"included_in_metrics":true,"exclusion_reason":null,"override_reason":null,"outside_boundary":false}},{"type":"Feature","geometry":{"type":"Point","coordinates":[-46.49873007,-23.52766675]},"properties":{"id":"sp_geosampa_educacao_rede_publica:equipamento_educacao_rede_publica.50219","source_id":"sp_geosampa_educacao_rede_publica","name":"JOSE BARTOCCI PROFESSOR","name_derived":false,"category":"school","subcategory":"primary_secondary","geometry_type":"Point","address":"SERAPIAO SAO, 396, VILA RE, 03664-000","equipment_type":"EE","administrative_sphere":null,"included_in_metrics":true,"exclusion_reason":null,"override_reason":null,"outside_boundary":false}},{"type":"Feature","geometry":{"type":"Point","coordinates":[-46.50679289,-23.52873764]},"properties":{"id":"sp_geosampa_educacao_rede_publica:equipamento_educacao_rede_publica.50220","source_id":"sp_geosampa_educacao_rede_publica","name":"LUIZ ANTONIO FRAGOSO PROF","name_derived":false,"category":"school","subcategory":"primary_secondary","geometry_type":"Point","address":"ANTONIO ESTEVAO DE CARVALHO, 1778, CIDADE PATRIARCA, 03540-100","equipment_type":"EE","administrative_sphere":null,"included_in_metrics":true,"exclusion_reason":null,"override_reason":null,"outside_boundary":false}},{"type":"Feature","geometry":{"type":"Point","coordinates":[-46.52154909,-23.52154739]},"properties":{"id":"sp_geosampa_educacao_rede_publica:equipamento_educacao_rede_publica.50221","source_id":"sp_geosampa_educacao_rede_publica","name":"THEODOMIRO EMERIQUE PROFESSOR","name_derived":false,"category":"school","subcategory":"primary_secondary","geometry_type":"Point","address":"UICO, 533, VILA MARIETA, 03621-020","equipment_type":"EE","administrative_sphere":null,"included_in_metrics":true,"exclusion_reason":null,"override_reason":null,"outside_boundary":false}},{"type":"Feature","geometry":{"type":"Point","coordinates":[-46.51770042,-23.52278433]},"properties":{"id":"sp_geosampa_educacao_rede_publica:equipamento_educacao_rede_publica.50222","source_id":"sp_geosampa_educacao_rede_publica","name":"GABRIEL ORTIZ PROFESSOR","name_derived":false,"category":"school","subcategory":"primary_secondary","geometry_type":"Point","address":"AMADOR BUENO DA VEIGA, 2932, PENHA DE FRANCA, 03652-000","equipment_type":"EE","administrative_sphere":null,"included_in_metrics":true,"exclusion_reason":null,"override_reason":null,"outside_boundary":false}},{"type":"Feature","geometry":{"type":"Point","coordinates":[-46.50151839,-23.54145201]},"properties":{"id":"sp_geosampa_educacao_rede_publica:equipamento_educacao_rede_publica.50223","source_id":"sp_geosampa_educacao_rede_publica","name":"JAMIL PEDRO SAWAYA PROF","name_derived":false,"category":"school","subcategory":"primary_secondary","geometry_type":"Point","address":"PALMEIRINA, 189, CIDADE PATRIARCA, 03556-010","equipment_type":"EE","administrative_sphere":null,"included_in_metrics":true,"exclusion_reason":null,"override_reason":null,"outside_boundary":false}},{"type":"Feature","geometry":{"type":"Point","coordinates":[-46.53293175,-23.51804175]},"properties":{"id":"sp_geosampa_educacao_rede_publica:equipamento_educacao_rede_publica.50224","source_id":"sp_geosampa_educacao_rede_publica","name":"JOSE DE CAMPOS CAMARGO PROFESSOR","name_derived":false,"category":"school","subcategory":"primary_secondary","geometry_type":"Point","address":"SEVERIANO SAO, 217, VILA SANTANA, 03613-030","equipment_type":"EE","administrative_sphere":null,"included_in_metrics":true,"exclusion_reason":null,"override_reason":null,"outside_boundary":false}},{"type":"Feature","geometry":{"type":"Point","coordinates":[-46.51927634,-23.53868866]},"properties":{"id":"sp_geosampa_educacao_rede_publica:equipamento_educacao_rede_publica.50225","source_id":"sp_geosampa_educacao_rede_publica","name":"BERNARDO RODRIGUES NOGUEIRA DOM","name_derived":false,"category":"school","subcategory":"primary_secondary","geometry_type":"Point","address":"JOAO MARIA OGNO DOM, 481, VILA MATILDE, 03530-050","equipment_type":"EE","administrative_sphere":null,"included_in_metrics":true,"exclusion_reason":null,"override_reason":null,"outside_boundary":false}},{"type":"Feature","geometry":{"type":"Point","coordinates":[-46.52887043,-23.5250164]},"properties":{"id":"sp_geosampa_educacao_rede_publica:equipamento_educacao_rede_publica.50226","source_id":"sp_geosampa_educacao_rede_publica","name":"JOAO MARIA OGNO OSB DOM","name_derived":false,"category":"school","subcategory":"primary_secondary","geometry_type":"Point","address":"MARIA CARLOTA, 400, VILA ESPERANCA, 03647-000","equipment_type":"EE","administrative_sphere":null,"included_in_metrics":true,"exclusion_reason":null,"override_reason":null,"outside_boundary":false}},{"type":"Feature","geometry":{"type":"Point","coordinates":[-46.54421725,-23.53527812]},"properties":{"id":"sp_geosampa_educacao_rede_publica:equipamento_educacao_rede_publica.50227","source_id":"sp_geosampa_educacao_rede_publica","name":"ZALINA ROLIM DONA","name_derived":false,"category":"school","subcategory":"primary_secondary","geometry_type":"Point","address":"LUIS CARLOS DOUTOR, 740, VILA ARICANDUVA, 03505-000","equipment_type":"EE","administrative_sphere":null,"included_in_metrics":true,"exclusion_reason":null,"override_reason":null,"outside_boundary":false}},{"type":"Feature","geometry":{"type":"Point","coordinates":[-46.54233507,-23.51502603]},"properties":{"id":"sp_geosampa_educacao_rede_publica:equipamento_educacao_rede_publica.50228","source_id":"sp_geosampa_educacao_rede_publica","name":"ESTHER FRANKEL SAMPAIO","name_derived":false,"category":"school","subcategory":"primary_secondary","geometry_type":"Point","address":"TUJUBA, 1475, PENHA DE FRANCA, 03610-000","equipment_type":"EE","administrative_sphere":null,"included_in_metrics":true,"exclusion_reason":null,"override_reason":null,"outside_boundary":false}},{"type":"Feature","geometry":{"type":"Point","coordinates":[-46.5481813,-23.52096207]},"properties":{"id":"sp_geosampa_educacao_rede_publica:equipamento_educacao_rede_publica.50229","source_id":"sp_geosampa_educacao_rede_publica","name":"NOSSA SENHORA DA PENHA","name_derived":false,"category":"school","subcategory":"primary_secondary","geometry_type":"Point","address":"PADRE BENEDITO DE CAMARGO, 762, PENHA DE FRANCA, 03604-000","equipment_type":"EE","administrative_sphere":null,"included_in_metrics":true,"exclusion_reason":null,"override_reason":null,"outside_boundary":false}},{"type":"Feature","geometry":{"type":"Point","coordinates":[-46.54777403,-23.52839065]},"properties":{"id":"sp_geosampa_educacao_rede_publica:equipamento_educacao_rede_publica.50230","source_id":"sp_geosampa_educacao_rede_publica","name":"ANTAO PADRE","name_derived":false,"category":"school","subcategory":"primary_secondary","geometry_type":"Point","address":"SANTO AFONSO, 273, PENHA, 03632-020","equipment_type":"EE","administrative_sphere":null,"included_in_metrics":true,"exclusion_reason":null,"override_reason":null,"outside_boundary":false}},{"type":"Feature","geometry":{"type":"Point","coordinates":[-46.51467743,-23.53247466]},"properties":{"id":"sp_geosampa_educacao_rede_publica:equipamento_educacao_rede_publica.50231","source_id":"sp_geosampa_educacao_rede_publica","name":"ADELAIDE FERRAZ DE OLIVEIRA PROFA","name_derived":false,"category":"school","subcategory":"primary_secondary","geometry_type":"Point","address":"BENTO DO SAPUCAI SAO, 677, VILA GUILHERMINA, 03542-050","equipment_type":"EE","administrative_sphere":null,"included_in_metrics":true,"exclusion_reason":null,"override_reason":null,"outside_boundary":false}},{"type":"Feature","geometry":{"type":"Point","coordinates":[-46.49857572,-23.53011909]},"properties":{"id":"sp_geosampa_educacao_rede_publica:equipamento_educacao_rede_publica.50232","source_id":"sp_geosampa_educacao_rede_publica","name":"MARIA APARECIDA DE CASTRO MASIERO PROFESSORA","name_derived":false,"category":"school","subcategory":"primary_secondary","geometry_type":"Point","address":"PANGAUA, 210, VILA RE, 03665-010","equipment_type":"EE","administrative_sphere":null,"included_in_metrics":true,"exclusion_reason":null,"override_reason":null,"outside_boundary":false}},{"type":"Feature","geometry":{"type":"Point","coordinates":[-46.50969389,-23.52471209]},"properties":{"id":"sp_geosampa_educacao_rede_publica:equipamento_educacao_rede_publica.50233","source_id":"sp_geosampa_educacao_rede_publica","name":"MARIA DE CARVALHO SENNE PROFESSORA","name_derived":false,"category":"school","subcategory":"primary_secondary","geometry_type":"Point","address":"PUQUIXA, SN, VILA RE, 03656-060","equipment_type":"EE","administrative_sphere":null,"included_in_metrics":true,"exclusion_reason":null,"override_reason":null,"outside_boundary":false}},{"type":"Feature","geometry":{"type":"Point","coordinates":[-46.51820372,-23.52423429]},"properties":{"id":"sp_geosampa_educacao_rede_publica:equipamento_educacao_rede_publica.50234","source_id":"sp_geosampa_educacao_rede_publica","name":"CUSTODIO JOSE DE MELLO ALMIRANTE","name_derived":false,"category":"school","subcategory":"primary_secondary","geometry_type":"Point","address":"ALICANTE, 483, VILA GRANADA, 03654-010","equipment_type":"EE","administrative_sphere":null,"included_in_metrics":true,"exclusion_reason":null,"override_reason":null,"outside_boundary":false}},{"type":"Feature","geometry":{"type":"Point","coordinates":[-46.53865881,-23.52334199]},"properties":{"id":"sp_geosampa_educacao_rede_publica:equipamento_educacao_rede_publica.50235","source_id":"sp_geosampa_educacao_rede_publica","name":"BARAO DE RAMALHO","name_derived":false,"category":"school","subcategory":"primary_secondary","geometry_type":"Point","address":"AMADOR BUENO DA VEIGA, 604, PENHA DE FRANCA, 03636-000","equipment_type":"EE","administrative_sphere":null,"included_in_metrics":true,"exclusion_reason":null,"override_reason":null,"outside_boundary":false}},{"type":"Feature","geometry":{"type":"Point","coordinates":[-46.4984535,-23.55141082]},"properties":{"id":"sp_geosampa_educacao_rede_publica:equipamento_educacao_rede_publica.50236","source_id":"sp_geosampa_educacao_rede_publica","name":"ASTOLFO ARAUJO DEPUTADO","name_derived":false,"category":"school","subcategory":"primary_secondary","geometry_type":"Point","address":"ITAQUERA, 2417, JARDIM MARINGA, 03526-000","equipment_type":"EE","administrative_sphere":null,"included_in_metrics":true,"exclusion_reason":null,"override_reason":null,"outside_boundary":false}},{"type":"Feature","geometry":{"type":"Point","coordinates":[-46.49059915,-23.5403208]},"properties":{"id":"sp_geosampa_educacao_rede_publica:equipamento_educacao_rede_publica.50237","source_id":"sp_geosampa_educacao_rede_publica","name":"MARIA AUGUSTA DE AVILA PROFA","name_derived":false,"category":"school","subcategory":"primary_secondary","geometry_type":"Point","address":"FERNANDES PEREIRA, 690, VILA SANTA TERESA ZONA LESTE, 03565-000","equipment_type":"EE","administrative_sphere":null,"included_in_metrics":true,"exclusion_reason":null,"override_reason":null,"outside_boundary":false}},{"type":"Feature","geometry":{"type":"Point","coordinates":[-46.53260968,-23.54224824]},"properties":{"id":"sp_geosampa_educacao_rede_publica:equipamento_educacao_rede_publica.50239","source_id":"sp_geosampa_educacao_rede_publica","name":"INFANTE DOM HENRIQUE","name_derived":false,"category":"school","subcategory":"primary_secondary","geometry_type":"Point","address":"TEODORO MASCARENHAS, 133, VILA MATILDE, 03515-010","equipment_type":"EE","administrative_sphere":null,"included_in_metrics":true,"exclusion_reason":null,"override_reason":null,"outside_boundary":false}},{"type":"Feature","geometry":{"type":"Point","coordinates":[-46.51512658,-23.54316979]},"properties":{"id":"sp_geosampa_educacao_rede_publica:equipamento_educacao_rede_publica.50240","source_id":"sp_geosampa_educacao_rede_publica","name":"JOSE PEREIRA DE QUEIROZ DR","name_derived":false,"category":"school","subcategory":"primary_secondary","geometry_type":"Point","address":"PARANHOS, 264, VILA NOVA SAVOIA, 03532-020","equipment_type":"EE","administrative_sphere":null,"included_in_metrics":true,"exclusion_reason":null,"override_reason":null,"outside_boundary":false}},{"type":"Feature","geometry":{"type":"Point","coordinates":[-46.5140857,-23.55176443]},"properties":{"id":"sp_geosampa_educacao_rede_publica:equipamento_educacao_rede_publica.50241","source_id":"sp_geosampa_educacao_rede_publica","name":"AFONSO PENNA JUNIOR PROF","name_derived":false,"category":"school","subcategory":"primary_secondary","geometry_type":"Point","address":"MUANA, 31, JARDIM MARINGA, 03525-090","equipment_type":"EE","administrative_sphere":null,"included_in_metrics":true,"exclusion_reason":null,"override_reason":null,"outside_boundary":false}},{"type":"Feature","geometry":{"type":"Point","coordinates":[-46.54957606,-23.51638955]},"properties":{"id":"sp_geosampa_educacao_rede_publica:equipamento_educacao_rede_publica.50242","source_id":"sp_geosampa_educacao_rede_publica","name":"SOUZA QUEIROZ BARAO DE","name_derived":false,"category":"school","subcategory":"primary_secondary","geometry_type":"Point","address":"GABRIELA MISTRAL, 520, PENHA DE FRANCA, 03701-010","equipment_type":"EE","administrative_sphere":null,"included_in_metrics":true,"exclusion_reason":null,"override_reason":null,"outside_boundary":false}},{"type":"Feature","geometry":{"type":"Point","coordinates":[-46.52116471,-23.54374384]},"properties":{"id":"sp_geosampa_educacao_rede_publica:equipamento_educacao_rede_publica.50243","source_id":"sp_geosampa_educacao_rede_publica","name":"JOSE TALARICO","name_derived":false,"category":"school","subcategory":"primary_secondary","geometry_type":"Point","address":"WALDEMAR CARLOS PEREIRA, 452, VILA TALARICO, 03533-000","equipment_type":"EE","administrative_sphere":null,"included_in_metrics":true,"exclusion_reason":null,"override_reason":null,"outside_boundary":false}},{"type":"Feature","geometry":{"type":"Point","coordinates":[-46.48028448,-23.5256261]},"properties":{"id":"sp_geosampa_educacao_rede_publica:equipamento_educacao_rede_publica.50244","source_id":"sp_geosampa_educacao_rede_publica","name":"EXERCITO BRASILEIRO","name_derived":false,"category":"school","subcategory":"primary_secondary","geometry_type":"Point","address":"REBELO DA SILVA, 127, JARDIM SAO NICOLAU, 03685-050","equipment_type":"EE","administrative_sphere":null,"included_in_metrics":true,"exclusion_reason":null,"override_reason":null,"outside_boundary":false}},{"type":"Feature","geometry":{"type":"Point","coordinates":[-46.48123137,-23.5372463]},"properties":{"id":"sp_geosampa_educacao_rede_publica:equipamento_educacao_rede_publica.50245","source_id":"sp_geosampa_educacao_rede_publica","name":"JOAO RAMACCIOTTI PROF","name_derived":false,"category":"school","subcategory":"primary_secondary","geometry_type":"Point","address":"JOAO DORIVAL CARDOSO DOUTOR, 189, PARQUE DAS PAINEIRAS, 03694-060","equipment_type":"EE","administrative_sphere":null,"included_in_metrics":true,"exclusion_reason":null,"override_reason":null,"outside_boundary":false}},{"type":"Feature","geometry":{"type":"Point","coordinates":[-46.54616678,-23.51133278]},"properties":{"id":"sp_geosampa_educacao_rede_publica:equipamento_educacao_rede_publica.50246","source_id":"sp_geosampa_educacao_rede_publica","name":"VITAL FOGACA DE ALMEIDA DOUTOR","name_derived":false,"category":"school","subcategory":"primary_secondary","geometry_type":"Point","address":"MALACACHETA, 118, JARDIM JAU ZONA LESTE, 03713-020","equipment_type":"EE","administrative_sphere":null,"included_in_metrics":true,"exclusion_reason":null,"override_reason":null,"outside_boundary":false}},{"type":"Feature","geometry":{"type":"Point","coordinates":[-46.53450847,-23.50938656]},"properties":{"id":"sp_geosampa_educacao_rede_publica:equipamento_educacao_rede_publica.50247","source_id":"sp_geosampa_educacao_rede_publica","name":"CAETANO MIELE PROFESSOR","name_derived":false,"category":"school","subcategory":"primary_secondary","geometry_type":"Point","address":"FRANCISCO DAMANTE, 61, VILA LONDRINA, 03731-000","equipment_type":"EE","administrative_sphere":null,"included_in_metrics":true,"exclusion_reason":null,"override_reason":null,"outside_boundary":false}},{"type":"Feature","geometry":{"type":"Point","coordinates":[-46.5309268,-23.50192677]},"properties":{"id":"sp_geosampa_educacao_rede_publica:equipamento_educacao_rede_publica.50248","source_id":"sp_geosampa_educacao_rede_publica","name":"ANNITA GUASTINI EIRAS PROFESSORA","name_derived":false,"category":"school","subcategory":"primary_secondary","geometry_type":"Point","address":"ILHA DA FIGUEIRA, 151, VILA PAULISTANIA, 03720-040","equipment_type":"EE","administrative_sphere":null,"included_in_metrics":true,"exclusion_reason":null,"override_reason":null,"outside_boundary":false}},{"type":"Feature","geometry":{"type":"Point","coordinates":[-46.52311629,-23.51219786]},"properties":{"id":"sp_geosampa_educacao_rede_publica:equipamento_educacao_rede_publica.50249","source_id":"sp_geosampa_educacao_rede_publica","name":"IRENE BRANCO DA SILVA PROFESSORA","name_derived":false,"category":"school","subcategory":"primary_secondary","geometry_type":"Point","address":"QUARUNAS, 352, VILA RUI BARBOSA, 03734-220","equipment_type":"EE","administrative_sphere":null,"included_in_metrics":true,"exclusion_reason":null,"override_reason":null,"outside_boundary":false}},{"type":"Feature","geometry":{"type":"Point","coordinates":[-46.47594069,-23.50146352]},"properties":{"id":"sp_geosampa_educacao_rede_publica:equipamento_educacao_rede_publica.50250","source_id":"sp_geosampa_educacao_rede_publica","name":"FILOMENA MATARAZZO CONDESSA","name_derived":false,"category":"school","subcategory":"primary_secondary","geometry_type":"Point","address":"PARANAGUA, 472, ERMELINO MATARAZZO, 03806-000","equipment_type":"EE","administrative_sphere":null,"included_in_metrics":true,"exclusion_reason":null,"override_reason":null,"outside_boundary":false}},{"type":"Feature","geometry":{"type":"Point","coordinates":[-46.4821737,-23.49946764]},"properties":{"id":"sp_geosampa_educacao_rede_publica:equipamento_educacao_rede_publica.50251","source_id":"sp_geosampa_educacao_rede_publica","name":"EUNICE LAUREANO DA SILVA PROFESSORA","name_derived":false,"category":"school","subcategory":"primary_secondary","geometry_type":"Point","address":"FLORINDO ANTONIO BARATELLA, 12, PARQUE BOTURUSSU, 03804-065","equipment_type":"EE","administrative_sphere":null,"included_in_metrics":true,"exclusion_reason":null,"override_reason":null,"outside_boundary":false}},{"type":"Feature","geometry":{"type":"Point","coordinates":[-46.51044052,-23.50792418]},"properties":{"id":"sp_geosampa_educacao_rede_publica:equipamento_educacao_rede_publica.50252","source_id":"sp_geosampa_educacao_rede_publica","name":"VALACE MARQUES PROFESSOR","name_derived":false,"category":"school","subcategory":"primary_secondary","geometry_type":"Point","address":"GENTIL BRAGA, 701, VILA BUENOS AIRES, 03737-020","equipment_type":"EE","administrative_sphere":null,"included_in_metrics":true,"exclusion_reason":null,"override_reason":null,"outside_boundary":false}},{"type":"Feature","geometry":{"type":"Point","coordinates":[-46.48187747,-23.48583475]},"properties":{"id":"sp_geosampa_educacao_rede_publica:equipamento_educacao_rede_publica.50253","source_id":"sp_geosampa_educacao_rede_publica","name":"BENEDITA DE REZENDE PROFESSORA","name_derived":false,"category":"school","subcategory":"primary_secondary","geometry_type":"Point","address":"ASSIS RIBEIRO DOUTOR, 8402, ERMELINO MATARAZZO, 03827-000","equipment_type":"EE","administrative_sphere":null,"included_in_metrics":true,"exclusion_reason":null,"override_reason":null,"outside_boundary":false}},{"type":"Feature","geometry":{"type":"Point","coordinates":[-46.51236834,-23.51256223]},"properties":{"id":"sp_geosampa_educacao_rede_publica:equipamento_educacao_rede_publica.50254","source_id":"sp_geosampa_educacao_rede_publica","name":"JOSE DE CARVALHO PADRE","name_derived":false,"category":"school","subcategory":"primary_secondary","geometry_type":"Point","address":"MIGUEL SAO, 1888, VILA MARIETA, 03620-001","equipment_type":"EE","administrative_sphere":null,"included_in_metrics":true,"exclusion_reason":null,"override_reason":null,"outside_boundary":false}},{"type":"Feature","geometry":{"type":"Point","coordinates":[-46.52024333,-23.49977889]},"properties":{"id":"sp_geosampa_educacao_rede_publica:equipamento_educacao_rede_publica.50255","source_id":"sp_geosampa_educacao_rede_publica","name":"REPUBLICA DO URUGUAI","name_derived":false,"category":"school","subcategory":"primary_secondary","geometry_type":"Point","address":"ANTONIO ROBERTO DE ALMEIDA, 149, ENGENHEIRO GOULART, 03726-110","equipment_type":"EE","administrative_sphere":null,"included_in_metrics":true,"exclusion_reason":null,"override_reason":null,"outside_boundary":false}},{"type":"Feature","geometry":{"type":"Point","coordinates":[-46.48841801,-23.52195123]},"properties":{"id":"sp_geosampa_educacao_rede_publica:equipamento_educacao_rede_publica.50256","source_id":"sp_geosampa_educacao_rede_publica","name":"THEREZA DOROTHEA DE ARRUDA REGO PROFESSORA","name_derived":false,"category":"school","subcategory":"primary_secondary","geometry_type":"Point","address":"CONCEICAO DO CASTELO, 64, BURGO PAULISTA, 03681-020","equipment_type":"EE","administrative_sphere":null,"included_in_metrics":true,"exclusion_reason":null,"override_reason":null,"outside_boundary":false}},{"type":"Feature","geometry":{"type":"Point","coordinates":[-46.50361412,-23.51566278]},"properties":{"id":"sp_geosampa_educacao_rede_publica:equipamento_educacao_rede_publica.50257","source_id":"sp_geosampa_educacao_rede_publica","name":"SILVA PRADO DEPUTADO","name_derived":false,"category":"school","subcategory":"primary_secondary","geometry_type":"Point","address":"LUIS ANTONIO RANTIN MOUTINHO ENGENHEIRO, 296, JARDIM POPULAR, 03672-010","equipment_type":"EE","administrative_sphere":null,"included_in_metrics":true,"exclusion_reason":null,"override_reason":null,"outside_boundary":false}},{"type":"Feature","geometry":{"type":"Point","coordinates":[-46.48425094,-23.5129021]},"properties":{"id":"sp_geosampa_educacao_rede_publica:equipamento_educacao_rede_publica.50258","source_id":"sp_geosampa_educacao_rede_publica","name":"MARINHA DO BRASIL","name_derived":false,"category":"school","subcategory":"primary_secondary","geometry_type":"Point","address":"PONTE RASA, 709, JARDIM PONTE RASA, 03896-000","equipment_type":"EE","administrative_sphere":null,"included_in_metrics":true,"exclusion_reason":null,"override_reason":null,"outside_boundary":false}},{"type":"Feature","geometry":{"type":"Point","coordinates":[-46.47062663,-23.49267426]},"properties":{"id":"sp_geosampa_educacao_rede_publica:equipamento_educacao_rede_publica.50259","source_id":"sp_geosampa_educacao_rede_publica","name":"ERMELINO MATARAZZO","name_derived":false,"category":"school","subcategory":"primary_secondary","geometry_type":"Point","address":"ABEL TAVARES, SN, JARDIM BELEM, 03810-110","equipment_type":"EE","administrative_sphere":null,"included_in_metrics":true,"exclusion_reason":null,"override_reason":null,"outside_boundary":false}},{"type":"Feature","geometry":{"type":"Point","coordinates":[-46.49454192,-23.50521292]},"properties":{"id":"sp_geosampa_educacao_rede_publica:equipamento_educacao_rede_publica.50260","source_id":"sp_geosampa_educacao_rede_publica","name":"MIGUEL DE CERVANTES Y SAAVEDRA DOM","name_derived":false,"category":"school","subcategory":"primary_secondary","geometry_type":"Point","address":"CANDIDO MOTA, 267, JARDIM PENHA, 03759-000","equipment_type":"EE","administrative_sphere":null,"included_in_metrics":true,"exclusion_reason":null,"override_reason":null,"outside_boundary":false}},{"type":"Feature","geometry":{"type":"Point","coordinates":[-46.40772733,-23.48624018]},"properties":{"id":"sp_geosampa_educacao_rede_publica:equipamento_educacao_rede_publica.50261","source_id":"sp_geosampa_educacao_rede_publica","name":"MARIO KOZEL FILHO","name_derived":false,"category":"school","subcategory":"primary_secondary","geometry_type":"Point","address":"TIETE, 49, VILA SEABRA, 08180-410","equipment_type":"EE","administrative_sphere":null,"included_in_metrics":true,"exclusion_reason":null,"override_reason":null,"outside_boundary":false}},{"type":"Feature","geometry":{"type":"Point","coordinates":[-46.42018503,-23.47986125]},"properties":{"id":"sp_geosampa_educacao_rede_publica:equipamento_educacao_rede_publica.50262","source_id":"sp_geosampa_educacao_rede_publica","name":"ESTELA BORGES MORATO","name_derived":false,"category":"school","subcategory":"primary_secondary","geometry_type":"Point","address":"TUJUMIRIM, 419, JARDIM HELENA, 08081-180","equipment_type":"EE","administrative_sphere":null,"included_in_metrics":true,"exclusion_reason":null,"override_reason":null,"outside_boundary":false}},{"type":"Feature","geometry":{"type":"Point","coordinates":[-46.45488782,-23.49979274]},"properties":{"id":"sp_geosampa_educacao_rede_publica:equipamento_educacao_rede_publica.50263","source_id":"sp_geosampa_educacao_rede_publica","name":"MAXIMO DE MOURA SANTOS PROFESSOR","name_derived":false,"category":"school","subcategory":"primary_secondary","geometry_type":"Point","address":"PARIOTO, 249, VILA JACUI, 08060-030","equipment_type":"EE","administrative_sphere":null,"included_in_metrics":true,"exclusion_reason":null,"override_reason":null,"outside_boundary":false}},{"type":"Feature","geometry":{"type":"Point","coordinates":[-46.4570973,-23.49689111]},"properties":{"id":"sp_geosampa_educacao_rede_publica:equipamento_educacao_rede_publica.50264","source_id":"sp_geosampa_educacao_rede_publica","name":"RAUL PILLA DEPUTADO","name_derived":false,"category":"school","subcategory":"primary_secondary","geometry_type":"Point","address":"SAO BERTOLDO, 449, PARQUE CRUZEIRO DO SUL, 08070-380","equipment_type":"EE","administrative_sphere":null,"included_in_metrics":true,"exclusion_reason":null,"override_reason":null,"outside_boundary":false}},{"type":"Feature","geometry":{"type":"Point","coordinates":[-46.43639384,-23.52805364]},"properties":{"id":"sp_geosampa_educacao_rede_publica:equipamento_educacao_rede_publica.50265","source_id":"sp_geosampa_educacao_rede_publica","name":"GALILEO EMENDABILI ESCULTOR","name_derived":false,"category":"school","subcategory":"primary_secondary","geometry_type":"Point","address":"JERIBATUBA, 700, PARADA XV DE NOVEMBRO, 08246-091","equipment_type":"EE","administrative_sphere":null,"included_in_metrics":true,"exclusion_reason":null,"override_reason":null,"outside_boundary":false}},{"type":"Feature","geometry":{"type":"Point","coordinates":[-46.44423765,-23.49835482]},"properties":{"id":"sp_geosampa_educacao_rede_publica:equipamento_educacao_rede_publica.50266","source_id":"sp_geosampa_educacao_rede_publica","name":"CARLOS GOMES","name_derived":false,"category":"school","subcategory":"primary_secondary","geometry_type":"Point","address":"ANTONIO BERNARDO SILVESTRE, 203, VILA SAO SILVESTRE ZONA LESTE, 08011-390","equipment_type":"EE","administrative_sphere":null,"included_in_metrics":true,"exclusion_reason":null,"override_reason":null,"outside_boundary":false}},{"type":"Feature","geometry":{"type":"Point","coordinates":[-46.44058342,-23.49400434]},"properties":{"id":"sp_geosampa_educacao_rede_publica:equipamento_educacao_rede_publica.50267","source_id":"sp_geosampa_educacao_rede_publica","name":"DOM PEDRO I","name_derived":false,"category":"school","subcategory":"primary_secondary","geometry_type":"Point","address":"AMERICO GOMES DA COSTA, 59, VILA AMERICANA, 08010-120","equipment_type":"EE","administrative_sphere":null,"included_in_metrics":true,"exclusion_reason":null,"override_reason":null,"outside_boundary":false}},{"type":"Feature","geometry":{"type":"Point","coordinates":[-46.40060233,-23.50333791]},"properties":{"id":"sp_geosampa_educacao_rede_publica:equipamento_educacao_rede_publica.50268","source_id":"sp_geosampa_educacao_rede_publica","name":"ARMANDO GOMES DE ARAUJO PROF","name_derived":false,"category":"school","subcategory":"primary_secondary","geometry_type":"Point","address":"ALFREDO MOREIRA PINTO, SN, VILA SIMONE, 08110-220","equipment_type":"EE","administrative_sphere":null,"included_in_metrics":true,"exclusion_reason":null,"override_reason":null,"outside_boundary":false}},{"type":"Feature","geometry":{"type":"Point","coordinates":[-46.39449703,-23.50469792]},"properties":{"id":"sp_geosampa_educacao_rede_publica:equipamento_educacao_rede_publica.50269","source_id":"sp_geosampa_educacao_rede_publica","name":"ALBERTO SCHWEITZER","name_derived":false,"category":"school","subcategory":"primary_secondary","geometry_type":"Point","address":"MATACOES, 35, JARDIM CAMARGO NOVO, 08120-180","equipment_type":"EE","administrative_sphere":null,"included_in_metrics":true,"exclusion_reason":null,"override_reason":null,"outside_boundary":false}},{"type":"Feature","geometry":{"type":"Point","coordinates":[-46.41036019,-23.52097537]},"properties":{"id":"sp_geosampa_educacao_rede_publica:equipamento_educacao_rede_publica.50270","source_id":"sp_geosampa_educacao_rede_publica","name":"PLINIO CAIADO DE CASTRO DR","name_derived":false,"category":"school","subcategory":"primary_secondary","geometry_type":"Point","address":"JOAO BATISTA SANTIAGO, SN, PARQUE SANTA RITA, 08150-030","equipment_type":"EE","administrative_sphere":null,"included_in_metrics":true,"exclusion_reason":null,"override_reason":null,"outside_boundary":false}},{"type":"Feature","geometry":{"type":"Point","coordinates":[-46.43963585,-23.50703762]},"properties":{"id":"sp_geosampa_educacao_rede_publica:equipamento_educacao_rede_publica.50271","source_id":"sp_geosampa_educacao_rede_publica","name":"MANOEL DE NOBREGA DEPUTADO","name_derived":false,"category":"school","subcategory":"primary_secondary","geometry_type":"Point","address":"NORDESTINA, 1646, CIDADE NOVA SAO MIGUEL, 08042-000","equipment_type":"EE","administrative_sphere":null,"included_in_metrics":true,"exclusion_reason":null,"override_reason":null,"outside_boundary":false}},{"type":"Feature","geometry":{"type":"Point","coordinates":[-46.38458194,-23.47979646]},"properties":{"id":"sp_geosampa_educacao_rede_publica:equipamento_educacao_rede_publica.50272","source_id":"sp_geosampa_educacao_rede_publica","name":"JOSE BONIFACIO ANDRADA E SILVA JARDIM PROF","name_derived":false,"category":"school","subcategory":"primary_secondary","geometry_type":"Point","address":"ANDRE FURTADO DE MENDONCA, 473, JARDIM ROMANO, 08191-260","equipment_type":"EE","administrative_sphere":null,"included_in_metrics":true,"exclusion_reason":null,"override_reason":null,"outside_boundary":false}},{"type":"Feature","geometry":{"type":"Point","coordinates":[-46.43434789,-23.53351844]},"properties":{"id":"sp_geosampa_educacao_rede_publica:equipamento_educacao_rede_publica.50273","source_id":"sp_geosampa_educacao_rede_publica","name":"MARIO REYS COMENDADOR","name_derived":false,"category":"school","subcategory":"primary_secondary","geometry_type":"Point","address":"JERIBATUBA, 102, PARADA XV DE NOVEMBRO, 08246-090","equipment_type":"EE","administrative_sphere":null,"included_in_metrics":true,"exclusion_reason":null,"override_reason":null,"outside_boundary":false}},{"type":"Feature","geometry":{"type":"Point","coordinates":[-46.47346897,-23.51420876]},"properties":{"id":"sp_geosampa_educacao_rede_publica:equipamento_educacao_rede_publica.50274","source_id":"sp_geosampa_educacao_rede_publica","name":"GABRIEL PELICIOTTI PROFESSOR","name_derived":false,"category":"school","subcategory":"primary_secondary","geometry_type":"Point","address":"TITO CAPINAM, 57, JARDIM SAO CARLOS ZONA LESTE, 08062-270","equipment_type":"EE","administrative_sphere":null,"included_in_metrics":true,"exclusion_reason":null,"override_reason":null,"outside_boundary":false}},{"type":"Feature","geometry":{"type":"Point","coordinates":[-46.42137251,-23.50109128]},"properties":{"id":"sp_geosampa_educacao_rede_publica:equipamento_educacao_rede_publica.50275","source_id":"sp_geosampa_educacao_rede_publica","name":"SHINQUICHI AGARI","name_derived":false,"category":"school","subcategory":"primary_secondary","geometry_type":"Point","address":"JOAO MAXIMIANO MAFRA, 351, VILA CURUCA, 08030-350","equipment_type":"EE","administrative_sphere":null,"included_in_metrics":true,"exclusion_reason":null,"override_reason":null,"outside_boundary":false}},{"type":"Feature","geometry":{"type":"Point","coordinates":[-46.43348686,-23.49478187]},"properties":{"id":"sp_geosampa_educacao_rede_publica:equipamento_educacao_rede_publica.50276","source_id":"sp_geosampa_educacao_rede_publica","name":"DARIO DE QUEIROZ PROF","name_derived":false,"category":"school","subcategory":"primary_secondary","geometry_type":"Point","address":"LUIS ATILIO ROSSI, 75, CIDADE NITRO OPERARIA, 08010-440","equipment_type":"EE","administrative_sphere":null,"included_in_metrics":true,"exclusion_reason":null,"override_reason":null,"outside_boundary":false}},{"type":"Feature","geometry":{"type":"Point","coordinates":[-46.42897965,-23.48562274]},"properties":{"id":"sp_geosampa_educacao_rede_publica:equipamento_educacao_rede_publica.50277","source_id":"sp_geosampa_educacao_rede_publica","name":"DIOGO DE FARIA DR","name_derived":false,"category":"school","subcategory":"primary_secondary","geometry_type":"Point","address":"ROSA DE LIMA SANTA, 591, PARQUE PAULISTANO, 08080-000","equipment_type":"EE","administrative_sphere":null,"included_in_metrics":true,"exclusion_reason":null,"override_reason":null,"outside_boundary":false}},{"type":"Feature","geometry":{"type":"Point","coordinates":[-46.4354096,-23.50255275]},"properties":{"id":"sp_geosampa_educacao_rede_publica:equipamento_educacao_rede_publica.50278","source_id":"sp_geosampa_educacao_rede_publica","name":"ATAULPHO ALVES","name_derived":false,"category":"school","subcategory":"primary_secondary","geometry_type":"Point","address":"MARIA SUSANO POLILO, 485, VILA ROSARIA, 08021-300","equipment_type":"EE","administrative_sphere":null,"included_in_metrics":true,"exclusion_reason":null,"override_reason":null,"outside_boundary":false}},{"type":"Feature","geometry":{"type":"Point","coordinates":[-46.37618393,-23.4939453]},"properties":{"id":"sp_geosampa_educacao_rede_publica:equipamento_educacao_rede_publica.50279","source_id":"sp_geosampa_educacao_rede_publica","name":"ANTONIO DE PADUA VIEIRA","name_derived":false,"category":"school","subcategory":"primary_secondary","geometry_type":"Point","address":"MAXIMIANO CORREA DOS SANTOS, 125, JARDIM DAS OLIVEIRAS, 08122-210","equipment_type":"EE","administrative_sphere":null,"included_in_metrics":true,"exclusion_reason":null,"override_reason":null,"outside_boundary":false}},{"type":"Feature","geometry":{"type":"Point","coordinates":[-46.41071238,-23.5353707]},"properties":{"id":"sp_geosampa_educacao_rede_publica:equipamento_educacao_rede_publica.50280","source_id":"sp_geosampa_educacao_rede_publica","name":"ELIZA RAQUEL MACEDO DE SOUZA PROFA","name_derived":false,"category":"school","subcategory":"primary_secondary","geometry_type":"Point","address":"DARCI MANO, 97, VILA ODETE, 08440-400","equipment_type":"EE","administrative_sphere":null,"included_in_metrics":true,"exclusion_reason":null,"override_reason":null,"outside_boundary":false}},{"type":"Feature","geometry":{"type":"Point","coordinates":[-46.45438133,-23.54096539]},"properties":{"id":"sp_geosampa_educacao_rede_publica:equipamento_educacao_rede_publica.50281","source_id":"sp_geosampa_educacao_rede_publica","name":"EMILIA DE PAIVA MEIRA PROFESSORA","name_derived":false,"category":"school","subcategory":"primary_secondary","geometry_type":"Point","address":"PORTO XAVIER, 172, VILA CARMOSINA, 08210-170","equipment_type":"EE","administrative_sphere":null,"included_in_metrics":true,"exclusion_reason":null,"override_reason":null,"outside_boundary":false}},{"type":"Feature","geometry":{"type":"Point","coordinates":[-46.44457981,-23.53860872]},"properties":{"id":"sp_geosampa_educacao_rede_publica:equipamento_educacao_rede_publica.50282","source_id":"sp_geosampa_educacao_rede_publica","name":"GERALDO DOMINGOS CORTEZ PROFESSOR","name_derived":false,"category":"school","subcategory":"primary_secondary","geometry_type":"Point","address":"ALVARO DE MENDONCA, 914, ITAQUERA, 08215-290","equipment_type":"EE","administrative_sphere":null,"included_in_metrics":true,"exclusion_reason":null,"override_reason":null,"outside_boundary":false}},{"type":"Feature","geometry":{"type":"Point","coordinates":[-46.45267061,-23.52669368]},"properties":{"id":"sp_geosampa_educacao_rede_publica:equipamento_educacao_rede_publica.50283","source_id":"sp_geosampa_educacao_rede_publica","name":"HELENA LOMBARDI BRAGA PROFESSORA","name_derived":false,"category":"school","subcategory":"primary_secondary","geometry_type":"Point","address":"VIRGINIA DE MIRANDA, 138, JARDIM NORMA, 08240-010","equipment_type":"EE","administrative_sphere":null,"included_in_metrics":true,"exclusion_reason":null,"override_reason":null,"outside_boundary":false}},{"type":"Feature","geometry":{"type":"Point","coordinates":[-46.47421307,-23.55767613]},"properties":{"id":"sp_geosampa_educacao_rede_publica:equipamento_educacao_rede_publica.50284","source_id":"sp_geosampa_educacao_rede_publica","name":"ASCANIO DE AZEVEDO CASTILHO PROF","name_derived":false,"category":"school","subcategory":"primary_secondary","geometry_type":"Point","address":"LIDER, 2168, CIDADE LIDER, 08280-005","equipment_type":"EE","administrative_sphere":null,"included_in_metrics":true,"exclusion_reason":null,"override_reason":null,"outside_boundary":false}},{"type":"Feature","geometry":{"type":"Point","coordinates":[-46.47192907,-23.56770433]},"properties":{"id":"sp_geosampa_educacao_rede_publica:equipamento_educacao_rede_publica.50285","source_id":"sp_geosampa_educacao_rede_publica","name":"CIDADE DE HIROSHIMA","name_derived":false,"category":"school","subcategory":"primary_secondary","geometry_type":"Point","address":"VENANCIO LISBOA, 382, JARDIM NOSSA SENHORA DO CARMO, 08280-590","equipment_type":"EE","administrative_sphere":null,"included_in_metrics":true,"exclusion_reason":null,"override_reason":null,"outside_boundary":false}},{"type":"Feature","geometry":{"type":"Point","coordinates":[-46.45547161,-23.5499739]},"properties":{"id":"sp_geosampa_educacao_rede_publica:equipamento_educacao_rede_publica.50286","source_id":"sp_geosampa_educacao_rede_publica","name":"APPARECIDA RAHAL PROFESSORA","name_derived":false,"category":"school","subcategory":"primary_secondary","geometry_type":"Point","address":"FONTOURA XAVIER, 542, ITAQUERA, 08295-300","equipment_type":"EE","administrative_sphere":null,"included_in_metrics":true,"exclusion_reason":null,"override_reason":null,"outside_boundary":false}},{"type":"Feature","geometry":{"type":"Point","coordinates":[-46.46366911,-23.61976107]},"properties":{"id":"sp_geosampa_educacao_rede_publica:equipamento_educacao_rede_publica.50287","source_id":"sp_geosampa_educacao_rede_publica","name":"DECIO FERRAZ ALVIM PROFESSOR DOUTOR","name_derived":false,"category":"school","subcategory":"primary_secondary","geometry_type":"Point","address":"EDMUNDO DA CUNHA, 95, JARDIM ESTER, 08330-230","equipment_type":"EE","administrative_sphere":null,"included_in_metrics":true,"exclusion_reason":null,"override_reason":null,"outside_boundary":false}},{"type":"Feature","geometry":{"type":"Point","coordinates":[-46.40386244,-23.55964943]},"properties":{"id":"sp_geosampa_educacao_rede_publica:equipamento_educacao_rede_publica.50288","source_id":"sp_geosampa_educacao_rede_publica","name":"LUIZ ROSANOVA PROFESSOR","name_derived":false,"category":"school","subcategory":"primary_secondary","geometry_type":"Point","address":"MIGUEL ACHIOLE DA FONSECA, 1447, JARDIM SAO PAULOZONA LESTE, 08461-110","equipment_type":"EE","administrative_sphere":null,"included_in_metrics":true,"exclusion_reason":null,"override_reason":null,"outside_boundary":false}},{"type":"Feature","geometry":{"type":"Point","coordinates":[-46.47132318,-23.55306553]},"properties":{"id":"sp_geosampa_educacao_rede_publica:equipamento_educacao_rede_publica.50289","source_id":"sp_geosampa_educacao_rede_publica","name":"LUZIA DE QUEIROZ E OLIVEIRA PROFA","name_derived":false,"category":"school","subcategory":"primary_secondary","geometry_type":"Point","address":"ITAQUERA, 5912, CIDADE LIDER, 08285-065","equipment_type":"EE","administrative_sphere":null,"included_in_metrics":true,"exclusion_reason":null,"override_reason":null,"outside_boundary":false}},{"type":"Feature","geometry":{"type":"Point","coordinates":[-46.49444897,-23.61173841]},"properties":{"id":"sp_geosampa_educacao_rede_publica:equipamento_educacao_rede_publica.50290","source_id":"sp_geosampa_educacao_rede_publica","name":"JANDYRA VIEIRA CUNHA BARRA PROFA","name_derived":false,"category":"school","subcategory":"primary_secondary","geometry_type":"Point","address":"JOAO LOPES DE LIMA, 1000, JARDIM SAPOPEMBA, 03976-020","equipment_type":"EE","administrative_sphere":null,"included_in_metrics":true,"exclusion_reason":null,"override_reason":null,"outside_boundary":false}},{"type":"Feature","geometry":{"type":"Point","coordinates":[-46.44513612,-23.62879857]},"properties":{"id":"sp_geosampa_educacao_rede_publica:equipamento_educacao_rede_publica.50291","source_id":"sp_geosampa_educacao_rede_publica","name":"ALCIDES BOSCOLO PROFESSOR","name_derived":false,"category":"school","subcategory":"primary_secondary","geometry_type":"Point","address":"MIGUEL FERREIRA DE MELO, 50, JARDIM SANTO ANDRE, 08390-000","equipment_type":"EE","administrative_sphere":null,"included_in_metrics":true,"exclusion_reason":null,"override_reason":null,"outside_boundary":false}},{"type":"Feature","geometry":{"type":"Point","coordinates":[-46.4825728,-23.60073594]},"properties":{"id":"sp_geosampa_educacao_rede_publica:equipamento_educacao_rede_publica.50292","source_id":"sp_geosampa_educacao_rede_publica","name":"ALFREDO MACHADO PEDROSA PROF","name_derived":false,"category":"school","subcategory":"primary_secondary","geometry_type":"Point","address":"ANTONIO PREVIATO, 1385, CIDADE SAO MATEUS, 03958-010","equipment_type":"EE","administrative_sphere":null,"included_in_metrics":true,"exclusion_reason":null,"override_reason":null,"outside_boundary":false}},{"type":"Feature","geometry":{"type":"Point","coordinates":[-46.45237239,-23.53933032]},"properties":{"id":"sp_geosampa_educacao_rede_publica:equipamento_educacao_rede_publica.50293","source_id":"sp_geosampa_educacao_rede_publica","name":"ALVARES DE AZEVEDO","name_derived":false,"category":"school","subcategory":"primary_secondary","geometry_type":"Point","address":"IGNACIO ALVES DE MATTOS, 281, ITAQUERA, 08210-210","equipment_type":"EE","administrative_sphere":null,"included_in_metrics":true,"exclusion_reason":null,"override_reason":null,"outside_boundary":false}},{"type":"Feature","geometry":{"type":"Point","coordinates":[-46.46201544,-23.53956746]},"properties":{"id":"sp_geosampa_educacao_rede_publica:equipamento_educacao_rede_publica.50294","source_id":"sp_geosampa_educacao_rede_publica","name":"MARIA CECILIA DA SILVA GROHMANN PROFESSORA","name_derived":false,"category":"school","subcategory":"primary_secondary","geometry_type":"Point","address":"JOSE ALVES DOS SANTOS, 19, VILA CAMPANELA, 08220-450","equipment_type":"EE","administrative_sphere":null,"included_in_metrics":true,"exclusion_reason":null,"override_reason":null,"outside_boundary":false}},{"type":"Feature","geometry":{"type":"Point","coordinates":[-46.4577263,-23.55112067]},"properties":{"id":"sp_geosampa_educacao_rede_publica:equipamento_educacao_rede_publica.50295","source_id":"sp_geosampa_educacao_rede_publica","name":"MARIA DA CONCEICAO OLIVEIRA COSTA PROFESSORA","name_derived":false,"category":"school","subcategory":"primary_secondary","geometry_type":"Point","address":"LAGOA TAI GRANDE, 475, ITAQUERA, 08290-500","equipment_type":"EE","administrative_sphere":null,"included_in_metrics":true,"exclusion_reason":null,"override_reason":null,"outside_boundary":false}},{"type":"Feature","geometry":{"type":"Point","coordinates":[-46.46742225,-23.53551984]},"properties":{"id":"sp_geosampa_educacao_rede_publica:equipamento_educacao_rede_publica.50296","source_id":"sp_geosampa_educacao_rede_publica","name":"MILTON CRUZEIRO PROFESSOR","name_derived":false,"category":"school","subcategory":"primary_secondary","geometry_type":"Point","address":"ALAMANDAS, 36, CIDADE ANTONIO ESTEVAO DE CARVALHO, 08225-310","equipment_type":"EE","administrative_sphere":null,"included_in_metrics":true,"exclusion_reason":null,"override_reason":null,"outside_boundary":false}},{"type":"Feature","geometry":{"type":"Point","coordinates":[-46.47971539,-23.62028722]},"properties":{"id":"sp_geosampa_educacao_rede_publica:equipamento_educacao_rede_publica.50297","source_id":"sp_geosampa_educacao_rede_publica","name":"ADELINO JOSE DA SILVA D AZEVEDO PROF","name_derived":false,"category":"school","subcategory":"primary_secondary","geometry_type":"Point","address":"ALBERTO DE MACEDO, 127, JARDIM SANTA ADELIA, 03973-000","equipment_type":"EE","administrative_sphere":null,"included_in_metrics":true,"exclusion_reason":null,"override_reason":null,"outside_boundary":false}},{"type":"Feature","geometry":{"type":"Point","coordinates":[-46.47020249,-23.6168069]},"properties":{"id":"sp_geosampa_educacao_rede_publica:equipamento_educacao_rede_publica.50298","source_id":"sp_geosampa_educacao_rede_publica","name":"ADHEMAR ANTONIO PRADO PROFESSOR","name_derived":false,"category":"school","subcategory":"primary_secondary","geometry_type":"Point","address":"FERNANDES TOURINHO, 133, JARDIM VERA CRUZZONA LESTE, 08330-120","equipment_type":"EE","administrative_sphere":null,"included_in_metrics":true,"exclusion_reason":null,"override_reason":null,"outside_boundary":false}},{"type":"Feature","geometry":{"type":"Point","coordinates":[-46.41420363,-23.54476905]},"properties":{"id":"sp_geosampa_educacao_rede_publica:equipamento_educacao_rede_publica.50299","source_id":"sp_geosampa_educacao_rede_publica","name":"PEDRO TAQUES","name_derived":false,"category":"school","subcategory":"primary_secondary","geometry_type":"Point","address":"CARLOS RUHL COMANDANTE, 56, VILA PRINCESA ISABEL, 08410-130","equipment_type":"EE","administrative_sphere":null,"included_in_metrics":true,"exclusion_reason":null,"override_reason":null,"outside_boundary":false}},{"type":"Feature","geometry":{"type":"Point","coordinates":[-46.4089364,-23.55282364]},"properties":{"id":"sp_geosampa_educacao_rede_publica:equipamento_educacao_rede_publica.50300","source_id":"sp_geosampa_educacao_rede_publica","name":"SEBASTIAO FARIA ZIMBRES PROFESSOR","name_derived":false,"category":"school","subcategory":"primary_secondary","geometry_type":"Point","address":"QUINTA DO PACO, 45, VILA MARILENA, 08411-280","equipment_type":"EE","administrative_sphere":null,"included_in_metrics":true,"exclusion_reason":null,"override_reason":null,"outside_boundary":false}},{"type":"Feature","geometry":{"type":"Point","coordinates":[-46.46362781,-23.60100083]},"properties":{"id":"sp_geosampa_educacao_rede_publica:equipamento_educacao_rede_publica.50301","source_id":"sp_geosampa_educacao_rede_publica","name":"SAO JOAO EVANGELISTA","name_derived":false,"category":"school","subcategory":"primary_secondary","geometry_type":"Point","address":"FORTE CANANEIA, 3, PARQUE SAO LOURENCO, 08340-020","equipment_type":"EE","administrative_sphere":null,"included_in_metrics":true,"exclusion_reason":null,"override_reason":null,"outside_boundary":false}},{"type":"Feature","geometry":{"type":"Point","coordinates":[-46.39459609,-23.53772041]},"properties":{"id":"sp_geosampa_educacao_rede_publica:equipamento_educacao_rede_publica.50302","source_id":"sp_geosampa_educacao_rede_publica","name":"BALBINA NETTO VELLOSO PROFA","name_derived":false,"category":"school","subcategory":"primary_secondary","geometry_type":"Point","address":"FRANCISCO FERNANDES FRAZAO, 37, LAJEADO, 08452-180","equipment_type":"EE","administrative_sphere":null,"included_in_metrics":true,"exclusion_reason":null,"override_reason":null,"outside_boundary":false}},{"type":"Feature","geometry":{"type":"Point","coordinates":[-46.45462093,-23.54690999]},"properties":{"id":"sp_geosampa_educacao_rede_publica:equipamento_educacao_rede_publica.50303","source_id":"sp_geosampa_educacao_rede_publica","name":"THALES CASTANHO DE ANDRADE PROFESSOR","name_derived":false,"category":"school","subcategory":"primary_secondary","geometry_type":"Point","address":"FONTOURA XAVIER, 851, ITAQUERA, 08295-300","equipment_type":"EE","administrative_sphere":null,"included_in_metrics":true,"exclusion_reason":null,"override_reason":null,"outside_boundary":false}},{"type":"Feature","geometry":{"type":"Point","coordinates":[-46.48800096,-23.59901512]},"properties":{"id":"sp_geosampa_educacao_rede_publica:equipamento_educacao_rede_publica.50304","source_id":"sp_geosampa_educacao_rede_publica","name":"ALFREDO ASHCAR PROF","name_derived":false,"category":"school","subcategory":"primary_secondary","geometry_type":"Point","address":"JOSE FRANCISCO DOS SANTOS, 641, JARDIM TIETE, 03946-010","equipment_type":"EE","administrative_sphere":null,"included_in_metrics":true,"exclusion_reason":null,"override_reason":null,"outside_boundary":false}},{"type":"Feature","geometry":{"type":"Point","coordinates":[-46.47484861,-23.62956655]},"properties":{"id":"sp_geosampa_educacao_rede_publica:equipamento_educacao_rede_publica.50305","source_id":"sp_geosampa_educacao_rede_publica","name":"ANDRE NUNES JUNIOR","name_derived":false,"category":"school","subcategory":"primary_secondary","geometry_type":"Point","address":"SALVADOR DE PAIVA, 145, PARQUE SAO RAFAEL, 08320-200","equipment_type":"EE","administrative_sphere":null,"included_in_metrics":true,"exclusion_reason":null,"override_reason":null,"outside_boundary":false}},{"type":"Feature","geometry":{"type":"Point","coordinates":[-46.42664495,-23.62216039]},"properties":{"id":"sp_geosampa_educacao_rede_publica:equipamento_educacao_rede_publica.50306","source_id":"sp_geosampa_educacao_rede_publica","name":"RITA PINTO DE ARAUJO PROFESSORA","name_derived":false,"category":"school","subcategory":"primary_secondary","geometry_type":"Point","address":"SAPOPEMBA, 30500, CIDADE SATELITE SANTA BARBARA, 08330-180","equipment_type":"EE","administrative_sphere":null,"included_in_metrics":true,"exclusion_reason":null,"override_reason":null,"outside_boundary":false}},{"type":"Feature","geometry":{"type":"Point","coordinates":[-46.48221883,-23.61286477]},"properties":{"id":"sp_geosampa_educacao_rede_publica:equipamento_educacao_rede_publica.50307","source_id":"sp_geosampa_educacao_rede_publica","name":"WALTER BELIAN","name_derived":false,"category":"school","subcategory":"primary_secondary","geometry_type":"Point","address":"SERGIO SAO, 33, JARDIM SANTA ADELIA, 03972-000","equipment_type":"EE","administrative_sphere":null,"included_in_metrics":true,"exclusion_reason":null,"override_reason":null,"outside_boundary":false}},{"type":"Feature","geometry":{"type":"Point","coordinates":[-46.70922002,-23.53511417]},"properties":{"id":"sp_geosampa_educacao_rede_publica:equipamento_educacao_rede_publica.50308","source_id":"sp_geosampa_educacao_rede_publica","name":"ALFREDO PAULINO","name_derived":false,"category":"school","subcategory":"primary_secondary","geometry_type":"Point","address":"CAATIVA, 15, ALTO DA LAPA, 05059-040","equipment_type":"EE","administrative_sphere":null,"included_in_metrics":true,"exclusion_reason":null,"override_reason":null,"outside_boundary":false}},{"type":"Feature","geometry":{"type":"Point","coordinates":[-46.70405467,-23.53170739]},"properties":{"id":"sp_geosampa_educacao_rede_publica:equipamento_educacao_rede_publica.50309","source_id":"sp_geosampa_educacao_rede_publica","name":"ROMEU DE MORAES","name_derived":false,"category":"school","subcategory":"primary_secondary","geometry_type":"Point","address":"TONELERO, 407, VILA IPOJUCA, 05056-000","equipment_type":"EE","administrative_sphere":null,"included_in_metrics":true,"exclusion_reason":null,"override_reason":null,"outside_boundary":false}},{"type":"Feature","geometry":{"type":"Point","coordinates":[-46.70580235,-23.52169145]},"properties":{"id":"sp_geosampa_educacao_rede_publica:equipamento_educacao_rede_publica.50310","source_id":"sp_geosampa_educacao_rede_publica","name":"ANHANGUERA","name_derived":false,"category":"school","subcategory":"primary_secondary","geometry_type":"Point","address":"ANTONIO RAPOSO, 87, LAPA, 05074-020","equipment_type":"EE","administrative_sphere":null,"included_in_metrics":true,"exclusion_reason":null,"override_reason":null,"outside_boundary":false}},{"type":"Feature","geometry":{"type":"Point","coordinates":[-46.70518242,-23.52480785]},"properties":{"id":"sp_geosampa_educacao_rede_publica:equipamento_educacao_rede_publica.50311","source_id":"sp_geosampa_educacao_rede_publica","name":"PEREIRA BARRETO","name_derived":false,"category":"school","subcategory":"primary_secondary","geometry_type":"Point","address":"NOSSA SENHORA DA LAPA, 615, LAPA, 05072-000","equipment_type":"EE","administrative_sphere":null,"included_in_metrics":true,"exclusion_reason":null,"override_reason":null,"outside_boundary":false}},{"type":"Feature","geometry":{"type":"Point","coordinates":[-46.65283736,-23.5315725]},"properties":{"id":"sp_geosampa_educacao_rede_publica:equipamento_educacao_rede_publica.50312","source_id":"sp_geosampa_educacao_rede_publica","name":"ANTONIO PRADO CONSELHEIRO","name_derived":false,"category":"school","subcategory":"primary_secondary","geometry_type":"Point","address":"VITORINO CARMILO, 621, BARRA FUNDA, 01153-000","equipment_type":"EE","administrative_sphere":null,"included_in_metrics":true,"exclusion_reason":null,"override_reason":null,"outside_boundary":false}},{"type":"Feature","geometry":{"type":"Point","coordinates":[-46.65961062,-23.52362453]},"properties":{"id":"sp_geosampa_educacao_rede_publica:equipamento_educacao_rede_publica.50313","source_id":"sp_geosampa_educacao_rede_publica","name":"CANUTO DO VAL","name_derived":false,"category":"school","subcategory":"primary_secondary","geometry_type":"Point","address":"DOUTOR ABRAAO RIBEIRO, 526, BOM RETIRO, 01133-020","equipment_type":"EE","administrative_sphere":null,"included_in_metrics":true,"exclusion_reason":null,"override_reason":null,"outside_boundary":false}},{"type":"Feature","geometry":{"type":"Point","coordinates":[-46.66320626,-23.53054967]},"properties":{"id":"sp_geosampa_educacao_rede_publica:equipamento_educacao_rede_publica.50314","source_id":"sp_geosampa_educacao_rede_publica","name":"PEDRO II","name_derived":false,"category":"school","subcategory":"primary_secondary","geometry_type":"Point","address":"MARTA, 33, BARRA FUNDA, 01155-010","equipment_type":"EE","administrative_sphere":null,"included_in_metrics":true,"exclusion_reason":null,"override_reason":null,"outside_boundary":false}},{"type":"Feature","geometry":{"type":"Point","coordinates":[-46.64200218,-23.53238949]},"properties":{"id":"sp_geosampa_educacao_rede_publica:equipamento_educacao_rede_publica.50315","source_id":"sp_geosampa_educacao_rede_publica","name":"JOAO KOPKE","name_derived":false,"category":"school","subcategory":"primary_secondary","geometry_type":"Point","address":"ALAMEDA CLEVELAND, 331, CAMPOS ELISEOS, 01218-000","equipment_type":"EE","administrative_sphere":null,"included_in_metrics":true,"exclusion_reason":null,"override_reason":null,"outside_boundary":false}},{"type":"Feature","geometry":{"type":"Point","coordinates":[-46.71207959,-23.51209574]},"properties":{"id":"sp_geosampa_educacao_rede_publica:equipamento_educacao_rede_publica.50316","source_id":"sp_geosampa_educacao_rede_publica","name":"REINALDO RIBEIRO DA SILVA DOUTOR","name_derived":false,"category":"school","subcategory":"primary_secondary","geometry_type":"Point","address":"EMBAIXADOR MACEDO SOARES, 10935, VILA ANASTACIO, 05095-035","equipment_type":"EE","administrative_sphere":null,"included_in_metrics":true,"exclusion_reason":null,"override_reason":null,"outside_boundary":false}},{"type":"Feature","geometry":{"type":"Point","coordinates":[-46.68427496,-23.53682021]},"properties":{"id":"sp_geosampa_educacao_rede_publica:equipamento_educacao_rede_publica.50317","source_id":"sp_geosampa_educacao_rede_publica","name":"JOSE CANDIDO DE SOUZA","name_derived":false,"category":"school","subcategory":"primary_secondary","geometry_type":"Point","address":"DIANA, 1070, PERDIZES, 05019-000","equipment_type":"EE","administrative_sphere":null,"included_in_metrics":true,"exclusion_reason":null,"override_reason":null,"outside_boundary":false}},{"type":"Feature","geometry":{"type":"Point","coordinates":[-46.65127806,-23.54127604]},"properties":{"id":"sp_geosampa_educacao_rede_publica:equipamento_educacao_rede_publica.50318","source_id":"sp_geosampa_educacao_rede_publica","name":"ESCOLA ESTADUAL ARTHUR GUIMARAES","name_derived":false,"category":"school","subcategory":"primary_secondary","geometry_type":"Point","address":"JAGUARIBE, 354, VILA BUARQUE, 01224-000","equipment_type":"EE","administrative_sphere":null,"included_in_metrics":true,"exclusion_reason":null,"override_reason":null,"outside_boundary":false}},{"type":"Feature","geometry":{"type":"Point","coordinates":[-46.68330177,-23.52874069]},"properties":{"id":"sp_geosampa_educacao_rede_publica:equipamento_educacao_rede_publica.50319","source_id":"sp_geosampa_educacao_rede_publica","name":"ZULEIKA DE BARROS MARTINS FERREIRA PROFESSORA","name_derived":false,"category":"school","subcategory":"primary_secondary","geometry_type":"Point","address":"PADRE CHICO, 420, PERDIZES, 05008-010","equipment_type":"EE","administrative_sphere":null,"included_in_metrics":true,"exclusion_reason":null,"override_reason":null,"outside_boundary":false}},{"type":"Feature","geometry":{"type":"Point","coordinates":[-46.70028335,-23.53768474]},"properties":{"id":"sp_geosampa_educacao_rede_publica:equipamento_educacao_rede_publica.50320","source_id":"sp_geosampa_educacao_rede_publica","name":"MARINA CERQUEIRA CESAR PROFESSORA","name_derived":false,"category":"school","subcategory":"primary_secondary","geometry_type":"Point","address":"ACURUA, 241, VILA ROMANA, 05053-000","equipment_type":"EE","administrative_sphere":null,"included_in_metrics":true,"exclusion_reason":null,"override_reason":null,"outside_boundary":false}},{"type":"Feature","geometry":{"type":"Point","coordinates":[-46.65539633,-23.52798825]},"properties":{"id":"sp_geosampa_educacao_rede_publica:equipamento_educacao_rede_publica.50321","source_id":"sp_geosampa_educacao_rede_publica","name":"ALARICO SILVEIRA DOUTOR","name_derived":false,"category":"school","subcategory":"primary_secondary","geometry_type":"Point","address":"RUA CONSELHEIRO BROTERO, 100, BARRA FUNDA, 01154-000","equipment_type":"EE","administrative_sphere":null,"included_in_metrics":true,"exclusion_reason":null,"override_reason":null,"outside_boundary":false}},{"type":"Feature","geometry":{"type":"Point","coordinates":[-46.72119582,-23.5260814]},"properties":{"id":"sp_geosampa_educacao_rede_publica:equipamento_educacao_rede_publica.50322","source_id":"sp_geosampa_educacao_rede_publica","name":"JOSE MONTEIRO BOANOVA PROFESSOR","name_derived":false,"category":"school","subcategory":"primary_secondary","geometry_type":"Point","address":"DALTON, 10, ALTO DA LAPA, 05086-030","equipment_type":"EE","administrative_sphere":null,"included_in_metrics":true,"exclusion_reason":null,"override_reason":null,"outside_boundary":false}},{"type":"Feature","geometry":{"type":"Point","coordinates":[-46.69514796,-23.54215098]},"properties":{"id":"sp_geosampa_educacao_rede_publica:equipamento_educacao_rede_publica.50323","source_id":"sp_geosampa_educacao_rede_publica","name":"MAURO DE OLIVEIRA PROFESSOR","name_derived":false,"category":"school","subcategory":"primary_secondary","geometry_type":"Point","address":"PEDRO SOARES DE ALMEIDA, 134, VILA ANGLO BRASILEIRA, 05029-030","equipment_type":"EE","administrative_sphere":null,"included_in_metrics":true,"exclusion_reason":null,"override_reason":null,"outside_boundary":false}},{"type":"Feature","geometry":{"type":"Point","coordinates":[-46.68030936,-23.53041548]},"properties":{"id":"sp_geosampa_educacao_rede_publica:equipamento_educacao_rede_publica.50324","source_id":"sp_geosampa_educacao_rede_publica","name":"MISS BROWNE","name_derived":false,"category":"school","subcategory":"primary_secondary","geometry_type":"Point","address":"PADRE CHICO, 102, PERDIZES, 05008-010","equipment_type":"EE","administrative_sphere":null,"included_in_metrics":true,"exclusion_reason":null,"override_reason":null,"outside_boundary":false}},{"type":"Feature","geometry":{"type":"Point","coordinates":[-46.70366795,-23.53986573]},"properties":{"id":"sp_geosampa_educacao_rede_publica:equipamento_educacao_rede_publica.50325","source_id":"sp_geosampa_educacao_rede_publica","name":"MANUEL CIRIDIAO BUARQUE PROFESSOR","name_derived":false,"category":"school","subcategory":"primary_secondary","geometry_type":"Point","address":"CERRO CORA, 770, VILA ROMANA, 05061-100","equipment_type":"EE","administrative_sphere":null,"included_in_metrics":true,"exclusion_reason":null,"override_reason":null,"outside_boundary":false}},{"type":"Feature","geometry":{"type":"Point","coordinates":[-46.68804341,-23.52436022]},"properties":{"id":"sp_geosampa_educacao_rede_publica:equipamento_educacao_rede_publica.50326","source_id":"sp_geosampa_educacao_rede_publica","name":"EDMUNDO DE CARVALHO DOUTOR","name_derived":false,"category":"school","subcategory":"primary_secondary","geometry_type":"Point","address":"TIBERIO, 145, AGUA BRANCA, 05042-010","equipment_type":"EE","administrative_sphere":null,"included_in_metrics":true,"exclusion_reason":null,"override_reason":null,"outside_boundary":false}},{"type":"Feature","geometry":{"type":"Point","coordinates":[-46.70526034,-23.51493745]},"properties":{"id":"sp_geosampa_educacao_rede_publica:equipamento_educacao_rede_publica.50328","source_id":"sp_geosampa_educacao_rede_publica","name":"GUILHERME KUHLMANN","name_derived":false,"category":"school","subcategory":"primary_secondary","geometry_type":"Point","address":"LARGO DA LAPA, 124, LAPA DE BAIXO, 05069-030","equipment_type":"EE","administrative_sphere":null,"included_in_metrics":true,"exclusion_reason":null,"override_reason":null,"outside_boundary":false}},{"type":"Feature","geometry":{"type":"Point","coordinates":[-46.63358537,-23.53059237]},"properties":{"id":"sp_geosampa_educacao_rede_publica:equipamento_educacao_rede_publica.50329","source_id":"sp_geosampa_educacao_rede_publica","name":"PRUDENTE DE MORAES","name_derived":false,"category":"school","subcategory":"primary_secondary","geometry_type":"Point","address":"CEL FERNANDO PRESTES, 197, BOM RETIRO, 01124-060","equipment_type":"EE","administrative_sphere":null,"included_in_metrics":true,"exclusion_reason":null,"override_reason":null,"outside_boundary":false}},{"type":"Feature","geometry":{"type":"Point","coordinates":[-46.68480059,-23.53862792]},"properties":{"id":"sp_geosampa_educacao_rede_publica:equipamento_educacao_rede_publica.50330","source_id":"sp_geosampa_educacao_rede_publica","name":"FARIA LIMA BRIGADEIRO","name_derived":false,"category":"school","subcategory":"primary_secondary","geometry_type":"Point","address":"CAJAIBA, 420, VILA POMPEIA, 05025-000","equipment_type":"EE","administrative_sphere":null,"included_in_metrics":true,"exclusion_reason":null,"override_reason":null,"outside_boundary":false}},{"type":"Feature","geometry":{"type":"Point","coordinates":[-46.71625314,-23.54334476]},"properties":{"id":"sp_geosampa_educacao_rede_publica:equipamento_educacao_rede_publica.50331","source_id":"sp_geosampa_educacao_rede_publica","name":"EMILIANO AUGUSTO CAVALCANTI DE ALBUQUERQUE E MELO","name_derived":false,"category":"school","subcategory":"primary_secondary","geometry_type":"Point","address":"DIOGENES RIBEIRO DE LIMA, 2001, ALTO DE PINHEIROS, 05458-001","equipment_type":"EE","administrative_sphere":null,"included_in_metrics":true,"exclusion_reason":null,"override_reason":null,"outside_boundary":false}},{"type":"Feature","geometry":{"type":"Point","coordinates":[-46.71560872,-23.50983421]},"properties":{"id":"sp_geosampa_educacao_rede_publica:equipamento_educacao_rede_publica.50332","source_id":"sp_geosampa_educacao_rede_publica","name":"ALEXANDRE VON HUMBOLDT","name_derived":false,"category":"school","subcategory":"primary_secondary","geometry_type":"Point","address":"RAIMUNDO PEREIRA DE MAGALHAES, 1201, VILA ANASTACIO, 05092-040","equipment_type":"EE","administrative_sphere":null,"included_in_metrics":true,"exclusion_reason":null,"override_reason":null,"outside_boundary":false}},{"type":"Feature","geometry":{"type":"Point","coordinates":[-46.65343629,-23.53913547]},"properties":{"id":"sp_geosampa_educacao_rede_publica:equipamento_educacao_rede_publica.50333","source_id":"sp_geosampa_educacao_rede_publica","name":"FIDELINO DE FIGUEIREDO PROFESSOR","name_derived":false,"category":"school","subcategory":"primary_secondary","geometry_type":"Point","address":"IMACULADA CONCEICAO, 71, VILA BUARQUE, 01226-020","equipment_type":"EE","administrative_sphere":null,"included_in_metrics":true,"exclusion_reason":null,"override_reason":null,"outside_boundary":false}},{"type":"Feature","geometry":{"type":"Point","coordinates":[-46.68953269,-23.56611031]},"properties":{"id":"sp_geosampa_educacao_rede_publica:equipamento_educacao_rede_publica.50334","source_id":"sp_geosampa_educacao_rede_publica","name":"FERNAO DIAS PAES","name_derived":false,"category":"school","subcategory":"primary_secondary","geometry_type":"Point","address":"PEDROSO DE MORAIS, 420, PINHEIROS, 05420-000","equipment_type":"EE","administrative_sphere":null,"included_in_metrics":true,"exclusion_reason":null,"override_reason":null,"outside_boundary":false}},{"type":"Feature","geometry":{"type":"Point","coordinates":[-46.68256916,-23.55019449]},"properties":{"id":"sp_geosampa_educacao_rede_publica:equipamento_educacao_rede_publica.50336","source_id":"sp_geosampa_educacao_rede_publica","name":"ANTONIO ALVES CRUZ PROFESSOR","name_derived":false,"category":"school","subcategory":"primary_secondary","geometry_type":"Point","address":"ALVES GUIMARAES, 1511, PINHEIROS, 05410-002","equipment_type":"EE","administrative_sphere":null,"included_in_metrics":true,"exclusion_reason":null,"override_reason":null,"outside_boundary":false}},{"type":"Feature","geometry":{"type":"Point","coordinates":[-46.65308425,-23.5498605]},"properties":{"id":"sp_geosampa_educacao_rede_publica:equipamento_educacao_rede_publica.50337","source_id":"sp_geosampa_educacao_rede_publica","name":"MARINA CINTRA PROFESSORA","name_derived":false,"category":"school","subcategory":"primary_secondary","geometry_type":"Point","address":"DA CONSOLACAO, 1289, CONSOLACAO, 01301-100","equipment_type":"EE","administrative_sphere":null,"included_in_metrics":true,"exclusion_reason":null,"override_reason":null,"outside_boundary":false}},{"type":"Feature","geometry":{"type":"Point","coordinates":[-46.62727678,-23.58705025]},"properties":{"id":"sp_geosampa_educacao_rede_publica:equipamento_educacao_rede_publica.50338","source_id":"sp_geosampa_educacao_rede_publica","name":"ROLDAO LOPES DE BARROS PROFESSOR","name_derived":false,"category":"school","subcategory":"primary_secondary","geometry_type":"Point","address":"COLONIA DA GLORIA, 580, JARDIM DA GLORIA, 04113-001","equipment_type":"EE","administrative_sphere":null,"included_in_metrics":true,"exclusion_reason":null,"override_reason":null,"outside_boundary":false}},{"type":"Feature","geometry":{"type":"Point","coordinates":[-46.67289542,-23.58181843]},"properties":{"id":"sp_geosampa_educacao_rede_publica:equipamento_educacao_rede_publica.50339","source_id":"sp_geosampa_educacao_rede_publica","name":"LUDOVINA CREDIDIO PEIXOTO","name_derived":false,"category":"school","subcategory":"primary_secondary","geometry_type":"Point","address":"JESUINO ARRUDA, 205, ITAIM BIBI, 04532-080","equipment_type":"EE","administrative_sphere":null,"included_in_metrics":true,"exclusion_reason":null,"override_reason":null,"outside_boundary":false}},{"type":"Feature","geometry":{"type":"Point","coordinates":[-46.63575209,-23.57876271]},"properties":{"id":"sp_geosampa_educacao_rede_publica:equipamento_educacao_rede_publica.50340","source_id":"sp_geosampa_educacao_rede_publica","name":"ARCY MAJOR","name_derived":false,"category":"school","subcategory":"primary_secondary","geometry_type":"Point","address":"JOSE DE QUEIROS ARANHA DOUTOR, 451, VILA MARIANA, 04106-062","equipment_type":"EE","administrative_sphere":null,"included_in_metrics":true,"exclusion_reason":null,"override_reason":null,"outside_boundary":false}},{"type":"Feature","geometry":{"type":"Point","coordinates":[-46.64642838,-23.55574456]},"properties":{"id":"sp_geosampa_educacao_rede_publica:equipamento_educacao_rede_publica.50341","source_id":"sp_geosampa_educacao_rede_publica","name":"MARIA JOSE","name_derived":false,"category":"school","subcategory":"primary_secondary","geometry_type":"Point","address":"TREZE DE MAIO, 267, BELA VISTA, 01327-000","equipment_type":"EE","administrative_sphere":null,"included_in_metrics":true,"exclusion_reason":null,"override_reason":null,"outside_boundary":false}},{"type":"Feature","geometry":{"type":"Point","coordinates":[-46.67699181,-23.58850417]},"properties":{"id":"sp_geosampa_educacao_rede_publica:equipamento_educacao_rede_publica.50342","source_id":"sp_geosampa_educacao_rede_publica","name":"COSTA MANSO MINISTRO","name_derived":false,"category":"school","subcategory":"primary_secondary","geometry_type":"Point","address":"JOAO CACHOEIRA, 960, VILA NOVA CONCEICAO, 04535-003","equipment_type":"EE","administrative_sphere":null,"included_in_metrics":true,"exclusion_reason":null,"override_reason":null,"outside_boundary":false}},{"type":"Feature","geometry":{"type":"Point","coordinates":[-46.64129523,-23.5856441]},"properties":{"id":"sp_geosampa_educacao_rede_publica:equipamento_educacao_rede_publica.50343","source_id":"sp_geosampa_educacao_rede_publica","name":"FABIANO LOZANO MAESTRO","name_derived":false,"category":"school","subcategory":"primary_secondary","geometry_type":"Point","address":"HUMBERTO I, 633, VILA MARIANA, 04018-031","equipment_type":"EE","administrative_sphere":null,"included_in_metrics":true,"exclusion_reason":null,"override_reason":null,"outside_boundary":false}},{"type":"Feature","geometry":{"type":"Point","coordinates":[-46.70727118,-23.54643471]},"properties":{"id":"sp_geosampa_educacao_rede_publica:equipamento_educacao_rede_publica.50344","source_id":"sp_geosampa_educacao_rede_publica","name":"VICTOR OLIVA PROFESSOR","name_derived":false,"category":"school","subcategory":"primary_secondary","geometry_type":"Point","address":"ALVILANDIA, 409, VILA MADALENA, 05449-070","equipment_type":"EE","administrative_sphere":null,"included_in_metrics":true,"exclusion_reason":null,"override_reason":null,"outside_boundary":false}},{"type":"Feature","geometry":{"type":"Point","coordinates":[-46.6351096,-23.58813957]},"properties":{"id":"sp_geosampa_educacao_rede_publica:equipamento_educacao_rede_publica.50345","source_id":"sp_geosampa_educacao_rede_publica","name":"FLORIANO MARECHAL","name_derived":false,"category":"school","subcategory":"primary_secondary","geometry_type":"Point","address":"DONA JULIA, 37, VILA MARIANA, 04117-020","equipment_type":"EE","administrative_sphere":null,"included_in_metrics":true,"exclusion_reason":null,"override_reason":null,"outside_boundary":false}},{"type":"Feature","geometry":{"type":"Point","coordinates":[-46.64653532,-23.57017628]},"properties":{"id":"sp_geosampa_educacao_rede_publica:equipamento_educacao_rede_publica.50346","source_id":"sp_geosampa_educacao_rede_publica","name":"RODRIGUES ALVES","name_derived":false,"category":"school","subcategory":"primary_secondary","geometry_type":"Point","address":"PAULISTA, 227, PARAISO, 01311-000","equipment_type":"EE","administrative_sphere":null,"included_in_metrics":true,"exclusion_reason":null,"override_reason":null,"outside_boundary":false}},{"type":"Feature","geometry":{"type":"Point","coordinates":[-46.6787318,-23.55950725]},"properties":{"id":"sp_geosampa_educacao_rede_publica:equipamento_educacao_rede_publica.50347","source_id":"sp_geosampa_educacao_rede_publica","name":"GODOFREDO FURTADO","name_derived":false,"category":"school","subcategory":"primary_secondary","geometry_type":"Point","address":"JOAO MOURA, 727, JARDIM AMERICA, 05412-001","equipment_type":"EE","administrative_sphere":null,"included_in_metrics":true,"exclusion_reason":null,"override_reason":null,"outside_boundary":false}},{"type":"Feature","geometry":{"type":"Point","coordinates":[-46.68916759,-23.55112951]},"properties":{"id":"sp_geosampa_educacao_rede_publica:equipamento_educacao_rede_publica.50348","source_id":"sp_geosampa_educacao_rede_publica","name":"CARLOS MAXIMILIANO PEREIRA DOS SANTOS","name_derived":false,"category":"school","subcategory":"primary_secondary","geometry_type":"Point","address":"JERICO, 256, SUMAREZINHO, 05435-040","equipment_type":"EE","administrative_sphere":null,"included_in_metrics":true,"exclusion_reason":null,"override_reason":null,"outside_boundary":false}},{"type":"Feature","geometry":{"type":"Point","coordinates":[-46.6473417,-23.54957917]},"properties":{"id":"sp_geosampa_educacao_rede_publica:equipamento_educacao_rede_publica.50349","source_id":"sp_geosampa_educacao_rede_publica","name":"CAETANO DE CAMPOS CONSOLACAO","name_derived":false,"category":"school","subcategory":"primary_secondary","geometry_type":"Point","address":"JOAO GUIMARAES ROSA, 111, CONSOLACAO, 01303-030","equipment_type":"EE","administrative_sphere":null,"included_in_metrics":true,"exclusion_reason":null,"override_reason":null,"outside_boundary":false}},{"type":"Feature","geometry":{"type":"Point","coordinates":[-46.68523704,-23.5878076]},"properties":{"id":"sp_geosampa_educacao_rede_publica:equipamento_educacao_rede_publica.50350","source_id":"sp_geosampa_educacao_rede_publica","name":"CECILIANO JOSE ENNES PROFESSOR","name_derived":false,"category":"school","subcategory":"primary_secondary","geometry_type":"Point","address":"SALVADOR CARDOSO, 219, ITAIM BIBI, 04533-050","equipment_type":"EE","administrative_sphere":null,"included_in_metrics":true,"exclusion_reason":null,"override_reason":null,"outside_boundary":false}},{"type":"Feature","geometry":{"type":"Point","coordinates":[-46.69379341,-23.55617165]},"properties":{"id":"sp_geosampa_educacao_rede_publica:equipamento_educacao_rede_publica.50351","source_id":"sp_geosampa_educacao_rede_publica","name":"BRASILIO MACHADO","name_derived":false,"category":"school","subcategory":"primary_secondary","geometry_type":"Point","address":"MORAS, 630, VILA MADALENA, 05434-020","equipment_type":"EE","administrative_sphere":null,"included_in_metrics":true,"exclusion_reason":null,"override_reason":null,"outside_boundary":false}},{"type":"Feature","geometry":{"type":"Point","coordinates":[-46.670891,-23.59250154]},"properties":{"id":"sp_geosampa_educacao_rede_publica:equipamento_educacao_rede_publica.50352","source_id":"sp_geosampa_educacao_rede_publica","name":"MARTIM FRANCISCO","name_derived":false,"category":"school","subcategory":"primary_secondary","geometry_type":"Point","address":"DOMINGOS FERNANDES, 583, VILA NOVA CONCEICAO, 04509-011","equipment_type":"EE","administrative_sphere":null,"included_in_metrics":true,"exclusion_reason":null,"override_reason":null,"outside_boundary":false}},{"type":"Feature","geometry":{"type":"Point","coordinates":[-46.6960611,-23.56490425]},"properties":{"id":"sp_geosampa_educacao_rede_publica:equipamento_educacao_rede_publica.50353","source_id":"sp_geosampa_educacao_rede_publica","name":"ALFREDO BRESSER","name_derived":false,"category":"school","subcategory":"primary_secondary","geometry_type":"Point","address":"SUMIDOURO, 66, PINHEIROS, 05428-010","equipment_type":"EE","administrative_sphere":null,"included_in_metrics":true,"exclusion_reason":null,"override_reason":null,"outside_boundary":false}},{"type":"Feature","geometry":{"type":"Point","coordinates":[-46.67589234,-23.58681695]},"properties":{"id":"sp_geosampa_educacao_rede_publica:equipamento_educacao_rede_publica.50354","source_id":"sp_geosampa_educacao_rede_publica","name":"ARISTIDES DE CASTRO","name_derived":false,"category":"school","subcategory":"primary_secondary","geometry_type":"Point","address":"LEOPOLDO COUTO DE MAGALHAES JUNIOR, 306, ITAIM BIBI, 04542-000","equipment_type":"EE","administrative_sphere":null,"included_in_metrics":true,"exclusion_reason":null,"override_reason":null,"outside_boundary":false}},{"type":"Feature","geometry":{"type":"Point","coordinates":[-46.67255983,-23.60975674]},"properties":{"id":"sp_geosampa_educacao_rede_publica:equipamento_educacao_rede_publica.50355","source_id":"sp_geosampa_educacao_rede_publica","name":"NAPOLEAO DE CARVALHO FREIRE PROFESSOR","name_derived":false,"category":"school","subcategory":"primary_secondary","geometry_type":"Point","address":"IRAUNA, 815, INDIANOPOLIS, 04518-061","equipment_type":"EE","administrative_sphere":null,"included_in_metrics":true,"exclusion_reason":null,"override_reason":null,"outside_boundary":false}},{"type":"Feature","geometry":{"type":"Point","coordinates":[-46.68190858,-23.61605786]},"properties":{"id":"sp_geosampa_educacao_rede_publica:equipamento_educacao_rede_publica.50356","source_id":"sp_geosampa_educacao_rede_publica","name":"OSWALDO ARANHA","name_derived":false,"category":"school","subcategory":"primary_secondary","geometry_type":"Point","address":"PORTUGAL, 859, BROOKLIN PAULISTA, 04559-002","equipment_type":"EE","administrative_sphere":null,"included_in_metrics":true,"exclusion_reason":null,"override_reason":null,"outside_boundary":false}},{"type":"Feature","geometry":{"type":"Point","coordinates":[-46.74649998,-23.60314406]},"properties":{"id":"sp_geosampa_educacao_rede_publica:equipamento_educacao_rede_publica.50357","source_id":"sp_geosampa_educacao_rede_publica","name":"JACYRA MOYA MARTINS CARVALHO PROFESSORA","name_derived":false,"category":"school","subcategory":"primary_secondary","geometry_type":"Point","address":"ARISTIDES GUILHEM ALMIRANTE, 38, JARDIM JUSSARA, 05526-000","equipment_type":"EE","administrative_sphere":null,"included_in_metrics":true,"exclusion_reason":null,"override_reason":null,"outside_boundary":false}},{"type":"Feature","geometry":{"type":"Point","coordinates":[-46.72462129,-23.57561431]},"properties":{"id":"sp_geosampa_educacao_rede_publica:equipamento_educacao_rede_publica.50358","source_id":"sp_geosampa_educacao_rede_publica","name":"KEIZO ISHIHARA","name_derived":false,"category":"school","subcategory":"primary_secondary","geometry_type":"Point","address":"MARIO GESSULLO, 60, CONJUNTO RESIDENCIAL BUTANTA, 05540-130","equipment_type":"EE","administrative_sphere":null,"included_in_metrics":true,"exclusion_reason":null,"override_reason":null,"outside_boundary":false}},{"type":"Feature","geometry":{"type":"Point","coordinates":[-46.71988125,-23.57613332]},"properties":{"id":"sp_geosampa_educacao_rede_publica:equipamento_educacao_rede_publica.50359","source_id":"sp_geosampa_educacao_rede_publica","name":"KYRILLOS DOUTOR","name_derived":false,"category":"school","subcategory":"primary_secondary","geometry_type":"Point","address":"ANTONIO ADIB CHAMMAS, 124, INSTITUTO DE PREVIDENCIA, 05530-090","equipment_type":"EE","administrative_sphere":null,"included_in_metrics":true,"exclusion_reason":null,"override_reason":null,"outside_boundary":false}},{"type":"Feature","geometry":{"type":"Point","coordinates":[-46.64395479,-23.62093772]},"properties":{"id":"sp_geosampa_educacao_rede_publica:equipamento_educacao_rede_publica.50360","source_id":"sp_geosampa_educacao_rede_publica","name":"LOURENCO FILHO PROFESSOR","name_derived":false,"category":"school","subcategory":"primary_secondary","geometry_type":"Point","address":"TACAUNAS, 181, PLANALTO PAULISTA, 04068-020","equipment_type":"EE","administrative_sphere":null,"included_in_metrics":true,"exclusion_reason":null,"override_reason":null,"outside_boundary":false}},{"type":"Feature","geometry":{"type":"Point","coordinates":[-46.6816227,-23.62678434]},"properties":{"id":"sp_geosampa_educacao_rede_publica:equipamento_educacao_rede_publica.50361","source_id":"sp_geosampa_educacao_rede_publica","name":"MARIO DE ANDRADE","name_derived":false,"category":"school","subcategory":"primary_secondary","geometry_type":"Point","address":"JOAQUIM NABUCO, 570, BROOKLIN PAULISTA, 04621-003","equipment_type":"EE","administrative_sphere":null,"included_in_metrics":true,"exclusion_reason":null,"override_reason":null,"outside_boundary":false}},{"type":"Feature","geometry":{"type":"Point","coordinates":[-46.74837356,-23.54336482]},"properties":{"id":"sp_geosampa_educacao_rede_publica:equipamento_educacao_rede_publica.50364","source_id":"sp_geosampa_educacao_rede_publica","name":"MARIA EUGENIA MARTINS PROFESSORA","name_derived":false,"category":"school","subcategory":"primary_secondary","geometry_type":"Point","address":"ALARICO FRANCO CAIUBI, 651, JAGUARE, 05330-012","equipment_type":"EE","administrative_sphere":null,"included_in_metrics":true,"exclusion_reason":null,"override_reason":null,"outside_boundary":false}},{"type":"Feature","geometry":{"type":"Point","coordinates":[-46.65368883,-23.63885589]},"properties":{"id":"sp_geosampa_educacao_rede_publica:equipamento_educacao_rede_publica.50368","source_id":"sp_geosampa_educacao_rede_publica","name":"FLAVIA VIZIBELI PIRRO PROFESSORA","name_derived":false,"category":"school","subcategory":"primary_secondary","geometry_type":"Point","address":"ABREU E LIMA PADRE, 107, PARQUE JABAQUARA, 04358-130","equipment_type":"EE","administrative_sphere":null,"included_in_metrics":true,"exclusion_reason":null,"override_reason":null,"outside_boundary":false}},{"type":"Feature","geometry":{"type":"Point","coordinates":[-46.78013875,-23.58838783]},"properties":{"id":"sp_geosampa_educacao_rede_publica:equipamento_educacao_rede_publica.50369","source_id":"sp_geosampa_educacao_rede_publica","name":"GUIOMAR ROCHA RINALDI PROFESSORA","name_derived":false,"category":"school","subcategory":"primary_secondary","geometry_type":"Point","address":"DOM FRANCISCO CARDOSO AYRES, 285, JARDIM CAMBARA, 05560-010","equipment_type":"EE","administrative_sphere":null,"included_in_metrics":true,"exclusion_reason":null,"override_reason":null,"outside_boundary":false}},{"type":"Feature","geometry":{"type":"Point","coordinates":[-46.75174256,-23.54521849]},"properties":{"id":"sp_geosampa_educacao_rede_publica:equipamento_educacao_rede_publica.50370","source_id":"sp_geosampa_educacao_rede_publica","name":"HENRIQUE DUMONT VILLARES","name_derived":false,"category":"school","subcategory":"primary_secondary","geometry_type":"Point","address":"PRESIDENTE ALTINO, 1131, JAGUARE, 05323-001","equipment_type":"EE","administrative_sphere":null,"included_in_metrics":true,"exclusion_reason":null,"override_reason":null,"outside_boundary":false}},{"type":"Feature","geometry":{"type":"Point","coordinates":[-46.75925183,-23.54180756]},"properties":{"id":"sp_geosampa_educacao_rede_publica:equipamento_educacao_rede_publica.50377","source_id":"sp_geosampa_educacao_rede_publica","name":"ARCHITICLINO SANTOS PROFESSOR","name_derived":false,"category":"school","subcategory":"primary_secondary","geometry_type":"Point","address":"MAESTRO ITALO IZZO, 110, PARQUE CONTINENTAL, 05325-200","equipment_type":"EE","administrative_sphere":null,"included_in_metrics":true,"exclusion_reason":null,"override_reason":null,"outside_boundary":false}},{"type":"Feature","geometry":{"type":"Point","coordinates":[-46.6579739,-23.60158509]},"properties":{"id":"sp_geosampa_educacao_rede_publica:equipamento_educacao_rede_publica.50382","source_id":"sp_geosampa_educacao_rede_publica","name":"CESAR MARTINEZ","name_derived":false,"category":"school","subcategory":"primary_secondary","geometry_type":"Point","address":"IRAE, 155, INDIANOPOLIS, 04075-000","equipment_type":"EE","administrative_sphere":null,"included_in_metrics":true,"exclusion_reason":null,"override_reason":null,"outside_boundary":false}},{"type":"Feature","geometry":{"type":"Point","coordinates":[-46.73920337,-23.57088366]},"properties":{"id":"sp_geosampa_educacao_rede_publica:equipamento_educacao_rede_publica.50383","source_id":"sp_geosampa_educacao_rede_publica","name":"CLORINDA DANTI PROFESSORA","name_derived":false,"category":"school","subcategory":"primary_secondary","geometry_type":"Point","address":"CORIFEU DE AZEVEDO MARQUES, 2700, VILA LAGEADO, 05340-000","equipment_type":"EE","administrative_sphere":null,"included_in_metrics":true,"exclusion_reason":null,"override_reason":null,"outside_boundary":false}},{"type":"Feature","geometry":{"type":"Point","coordinates":[-46.75498129,-23.56890633]},"properties":{"id":"sp_geosampa_educacao_rede_publica:equipamento_educacao_rede_publica.50384","source_id":"sp_geosampa_educacao_rede_publica","name":"DANIEL PAULO VERANO PONTES PROFESSOR","name_derived":false,"category":"school","subcategory":"primary_secondary","geometry_type":"Point","address":"JOSE JOAQUIM SEABRA, 1187, RIO PEQUENO, 05364-000","equipment_type":"EE","administrative_sphere":null,"included_in_metrics":true,"exclusion_reason":null,"override_reason":null,"outside_boundary":false}},{"type":"Feature","geometry":{"type":"Point","coordinates":[-46.78675353,-23.60086264]},"properties":{"id":"sp_geosampa_educacao_rede_publica:equipamento_educacao_rede_publica.50387","source_id":"sp_geosampa_educacao_rede_publica","name":"LUIS ELIAS ATTIE","name_derived":false,"category":"school","subcategory":"primary_secondary","geometry_type":"Point","address":"HEITOR ANTONIO EIRAS GARCIA ENGENHEIRO, 6821, JARDIM ESMERALDA, 05564-200","equipment_type":"EE","administrative_sphere":null,"included_in_metrics":true,"exclusion_reason":null,"override_reason":null,"outside_boundary":false}},{"type":"Feature","geometry":{"type":"Point","coordinates":[-46.74220522,-23.57317777]},"properties":{"id":"sp_geosampa_educacao_rede_publica:equipamento_educacao_rede_publica.50391","source_id":"sp_geosampa_educacao_rede_publica","name":"EMYGDIO DE BARROS PROFESSOR","name_derived":false,"category":"school","subcategory":"primary_secondary","geometry_type":"Point","address":"NOSSA SENHORA DA ASSUNCAO, 292, VILA BUTANTA, 05359-000","equipment_type":"EE","administrative_sphere":null,"included_in_metrics":true,"exclusion_reason":null,"override_reason":null,"outside_boundary":false}},{"type":"Feature","geometry":{"type":"Point","coordinates":[-46.68526383,-23.61809995]},"properties":{"id":"sp_geosampa_educacao_rede_publica:equipamento_educacao_rede_publica.50395","source_id":"sp_geosampa_educacao_rede_publica","name":"ENNIO VOSS PROFESSOR","name_derived":false,"category":"school","subcategory":"primary_secondary","geometry_type":"Point","address":"PORTUGAL, 1220, BROOKLIN PAULISTA, 04559-002","equipment_type":"EE","administrative_sphere":null,"included_in_metrics":true,"exclusion_reason":null,"override_reason":null,"outside_boundary":false}},{"type":"Feature","geometry":{"type":"Point","coordinates":[-46.65146453,-23.61241806]},"properties":{"id":"sp_geosampa_educacao_rede_publica:equipamento_educacao_rede_publica.50397","source_id":"sp_geosampa_educacao_rede_publica","name":"ALBERTO LEVY PROFESSOR","name_derived":false,"category":"school","subcategory":"primary_secondary","geometry_type":"Point","address":"INDIANOPOLIS, 1570, INDIANOPOLIS, 04062-001","equipment_type":"EE","administrative_sphere":null,"included_in_metrics":true,"exclusion_reason":null,"override_reason":null,"outside_boundary":false}},{"type":"Feature","geometry":{"type":"Point","coordinates":[-46.71422418,-23.5683273]},"properties":{"id":"sp_geosampa_educacao_rede_publica:equipamento_educacao_rede_publica.50409","source_id":"sp_geosampa_educacao_rede_publica","name":"ALBERTO TORRES","name_derived":false,"category":"school","subcategory":"primary_secondary","geometry_type":"Point","address":"DOUTOR VITAL BRASIL, 1260, BUTANTA, 05503-000","equipment_type":"EE","administrative_sphere":null,"included_in_metrics":true,"exclusion_reason":null,"override_reason":null,"outside_boundary":false}},{"type":"Feature","geometry":{"type":"Point","coordinates":[-46.72729325,-23.58910008]},"properties":{"id":"sp_geosampa_educacao_rede_publica:equipamento_educacao_rede_publica.50417","source_id":"sp_geosampa_educacao_rede_publica","name":"ANA ROSA DE ARAUJO DONA","name_derived":false,"category":"school","subcategory":"primary_secondary","geometry_type":"Point","address":"EDEN, 100, VILA INAH, 05619-000","equipment_type":"EE","administrative_sphere":null,"included_in_metrics":true,"exclusion_reason":null,"override_reason":null,"outside_boundary":false}},{"type":"Feature","geometry":{"type":"Point","coordinates":[-46.73025989,-23.59713025]},"properties":{"id":"sp_geosampa_educacao_rede_publica:equipamento_educacao_rede_publica.50418","source_id":"sp_geosampa_educacao_rede_publica","name":"ANDRONICO DE MELLO PROFESSOR","name_derived":false,"category":"school","subcategory":"primary_secondary","geometry_type":"Point","address":"THEO DUTRA, 33, JARDIM COLOMBO, 05628-000","equipment_type":"EE","administrative_sphere":null,"included_in_metrics":true,"exclusion_reason":null,"override_reason":null,"outside_boundary":false}},{"type":"Feature","geometry":{"type":"Point","coordinates":[-46.74933354,-23.56578875]},"properties":{"id":"sp_geosampa_educacao_rede_publica:equipamento_educacao_rede_publica.50431","source_id":"sp_geosampa_educacao_rede_publica","name":"ADOLFINO DE ARRUDA CASTANHO PROFESSOR","name_derived":false,"category":"school","subcategory":"primary_secondary","geometry_type":"Point","address":"PROFESSORA ANA MARIA LELIS DA SILVA, 252, RIO PEQUENO, 05361-010","equipment_type":"EE","administrative_sphere":null,"included_in_metrics":true,"exclusion_reason":null,"override_reason":null,"outside_boundary":false}},{"type":"Feature","geometry":{"type":"Point","coordinates":[-46.7203885,-23.58735639]},"properties":{"id":"sp_geosampa_educacao_rede_publica:equipamento_educacao_rede_publica.50432","source_id":"sp_geosampa_educacao_rede_publica","name":"ADOLFO GORDO SENADOR","name_derived":false,"category":"school","subcategory":"primary_secondary","geometry_type":"Point","address":"ARMANDO LOMBARDI DOM, 223, VILA PROGREDIOR, 05616-010","equipment_type":"EE","administrative_sphere":null,"included_in_metrics":true,"exclusion_reason":null,"override_reason":null,"outside_boundary":false}},{"type":"Feature","geometry":{"type":"Point","coordinates":[-46.71997925,-23.57604732]},"properties":{"id":"sp_geosampa_educacao_rede_publica:equipamento_educacao_rede_publica.50437","source_id":"sp_geosampa_educacao_rede_publica","name":"VIRGILIA RODRIGUES ALVES DE CARVALHO PINTO","name_derived":false,"category":"school","subcategory":"primary_secondary","geometry_type":"Point","address":"DOMINGOS BARBIERI, 350, JARDIM PREVIDENCIA, 05531-060","equipment_type":"EE","administrative_sphere":null,"included_in_metrics":true,"exclusion_reason":null,"override_reason":null,"outside_boundary":false}},{"type":"Feature","geometry":{"type":"Point","coordinates":[-46.73999972,-23.60364574]},"properties":{"id":"sp_geosampa_educacao_rede_publica:equipamento_educacao_rede_publica.50445","source_id":"sp_geosampa_educacao_rede_publica","name":"PEDRO FONSECA PROFESSOR","name_derived":false,"category":"school","subcategory":"primary_secondary","geometry_type":"Point","address":"RUBENS GRISOLIA, 65, JARDIM MONTE KEMEL, 05634-150","equipment_type":"EE","administrative_sphere":null,"included_in_metrics":true,"exclusion_reason":null,"override_reason":null,"outside_boundary":false}},{"type":"Feature","geometry":{"type":"Point","coordinates":[-46.73704751,-23.59266042]},"properties":{"id":"sp_geosampa_educacao_rede_publica:equipamento_educacao_rede_publica.50446","source_id":"sp_geosampa_educacao_rede_publica","name":"THOMAZIA MONTORO","name_derived":false,"category":"school","subcategory":"primary_secondary","geometry_type":"Point","address":"DOUTOR ADOLFO MELO JUNIOR, 156, FERREIRA, 05522-030","equipment_type":"EE","administrative_sphere":null,"included_in_metrics":true,"exclusion_reason":null,"override_reason":null,"outside_boundary":false}},{"type":"Feature","geometry":{"type":"Point","coordinates":[-46.72961102,-23.59652127]},"properties":{"id":"sp_geosampa_educacao_rede_publica:equipamento_educacao_rede_publica.50448","source_id":"sp_geosampa_educacao_rede_publica","name":"ADOLFO TRIPOLI PROFESSOR","name_derived":false,"category":"school","subcategory":"primary_secondary","geometry_type":"Point","address":"LOURENCO DE AZEVEDO, 149, VILA MORSE, 05624-060","equipment_type":"EE","administrative_sphere":null,"included_in_metrics":true,"exclusion_reason":null,"override_reason":null,"outside_boundary":false}},{"type":"Feature","geometry":{"type":"Point","coordinates":[-46.59677769,-23.61273704]},"properties":{"id":"sp_geosampa_educacao_rede_publica:equipamento_educacao_rede_publica.50450","source_id":"sp_geosampa_educacao_rede_publica","name":"DEMOSTHENES MARQUES PROFESSOR","name_derived":false,"category":"school","subcategory":"primary_secondary","geometry_type":"Point","address":"ALENCAR ARARIPE, 611, SACOMA, 04253-000","equipment_type":"EE","administrative_sphere":null,"included_in_metrics":true,"exclusion_reason":null,"override_reason":null,"outside_boundary":false}},{"type":"Feature","geometry":{"type":"Point","coordinates":[-46.60003544,-23.62244657]},"properties":{"id":"sp_geosampa_educacao_rede_publica:equipamento_educacao_rede_publica.50452","source_id":"sp_geosampa_educacao_rede_publica","name":"JACQUES MARITAIN","name_derived":false,"category":"school","subcategory":"primary_secondary","geometry_type":"Point","address":"LARANJAL, 36, VILA MARTE, 04250-100","equipment_type":"EE","administrative_sphere":null,"included_in_metrics":true,"exclusion_reason":null,"override_reason":null,"outside_boundary":false}},{"type":"Feature","geometry":{"type":"Point","coordinates":[-46.61192045,-23.57355021]},"properties":{"id":"sp_geosampa_educacao_rede_publica:equipamento_educacao_rede_publica.50454","source_id":"sp_geosampa_educacao_rede_publica","name":"MURTINHO NOBRE DOUTOR","name_derived":false,"category":"school","subcategory":"primary_secondary","geometry_type":"Point","address":"OUVIDOR PORTUGAL, 789, VILA MONUMENTO, 01551-000","equipment_type":"EE","administrative_sphere":null,"included_in_metrics":true,"exclusion_reason":null,"override_reason":null,"outside_boundary":false}},{"type":"Feature","geometry":{"type":"Point","coordinates":[-46.61448348,-23.56545487]},"properties":{"id":"sp_geosampa_educacao_rede_publica:equipamento_educacao_rede_publica.50455","source_id":"sp_geosampa_educacao_rede_publica","name":"ADELINA ISSA ASHCAR","name_derived":false,"category":"school","subcategory":"primary_secondary","geometry_type":"Point","address":"ALEXANDRINO DA SILVEIRA BUENO, SN, CAMBUCI, 01524-010","equipment_type":"EE","administrative_sphere":null,"included_in_metrics":true,"exclusion_reason":null,"override_reason":null,"outside_boundary":false}},{"type":"Feature","geometry":{"type":"Point","coordinates":[-46.60461064,-23.57511901]},"properties":{"id":"sp_geosampa_educacao_rede_publica:equipamento_educacao_rede_publica.50457","source_id":"sp_geosampa_educacao_rede_publica","name":"JULIO DE MESQUITA FILHO","name_derived":false,"category":"school","subcategory":"primary_secondary","geometry_type":"Point","address":"AGOSTINHO GOMES, 601, IPIRANGA, 04206-000","equipment_type":"EE","administrative_sphere":null,"included_in_metrics":true,"exclusion_reason":null,"override_reason":null,"outside_boundary":false}},{"type":"Feature","geometry":{"type":"Point","coordinates":[-46.60195965,-23.5909013]},"properties":{"id":"sp_geosampa_educacao_rede_publica:equipamento_educacao_rede_publica.50458","source_id":"sp_geosampa_educacao_rede_publica","name":"ITAUNA VISCONDE DE","name_derived":false,"category":"school","subcategory":"primary_secondary","geometry_type":"Point","address":"SILVA BUENO, 1412, IPIRANGA, 04208-001","equipment_type":"EE","administrative_sphere":null,"included_in_metrics":true,"exclusion_reason":null,"override_reason":null,"outside_boundary":false}},{"type":"Feature","geometry":{"type":"Point","coordinates":[-46.59464637,-23.62404113]},"properties":{"id":"sp_geosampa_educacao_rede_publica:equipamento_educacao_rede_publica.50461","source_id":"sp_geosampa_educacao_rede_publica","name":"ATALIBA DE OLIVEIRA PROFESSOR","name_derived":false,"category":"school","subcategory":"primary_secondary","geometry_type":"Point","address":"SAO SILVESTRE, 400, SAO JOAO CLIMACO, 04255-080","equipment_type":"EE","administrative_sphere":null,"included_in_metrics":true,"exclusion_reason":null,"override_reason":null,"outside_boundary":false}},{"type":"Feature","geometry":{"type":"Point","coordinates":[-46.63549654,-23.56173001]},"properties":{"id":"sp_geosampa_educacao_rede_publica:equipamento_educacao_rede_publica.50462","source_id":"sp_geosampa_educacao_rede_publica","name":"ROOSEVELT PRESIDENTE","name_derived":false,"category":"school","subcategory":"primary_secondary","geometry_type":"Point","address":"SAO JOAQUIM, 320, LIBERDADE, 01508-000","equipment_type":"EE","administrative_sphere":null,"included_in_metrics":true,"exclusion_reason":null,"override_reason":null,"outside_boundary":false}},{"type":"Feature","geometry":{"type":"Point","coordinates":[-46.58640453,-23.62812089]},"properties":{"id":"sp_geosampa_educacao_rede_publica:equipamento_educacao_rede_publica.50467","source_id":"sp_geosampa_educacao_rede_publica","name":"ASTROGILDO SILVA PROFESSOR","name_derived":false,"category":"school","subcategory":"primary_secondary","geometry_type":"Point","address":"PATENTE, 615, JARDIM PATENTE, 04243-000","equipment_type":"EE","administrative_sphere":null,"included_in_metrics":true,"exclusion_reason":null,"override_reason":null,"outside_boundary":false}},{"type":"Feature","geometry":{"type":"Point","coordinates":[-46.60943582,-23.59141087]},"properties":{"id":"sp_geosampa_educacao_rede_publica:equipamento_educacao_rede_publica.50473","source_id":"sp_geosampa_educacao_rede_publica","name":"SEMINARIO NOSSA SENHORA DA GLORIA","name_derived":false,"category":"school","subcategory":"primary_secondary","geometry_type":"Point","address":"MOREIRA DE GODOI, 399, IPIRANGA, 04266-060","equipment_type":"EE","administrative_sphere":null,"included_in_metrics":true,"exclusion_reason":null,"override_reason":null,"outside_boundary":false}},{"type":"Feature","geometry":{"type":"Point","coordinates":[-46.6022178,-23.60176237]},"properties":{"id":"sp_geosampa_educacao_rede_publica:equipamento_educacao_rede_publica.50476","source_id":"sp_geosampa_educacao_rede_publica","name":"JOSE ESCOBAR PROFESSOR","name_derived":false,"category":"school","subcategory":"primary_secondary","geometry_type":"Point","address":"GREENFELD, 130, IPIRANGA, 04218-100","equipment_type":"EE","administrative_sphere":null,"included_in_metrics":true,"exclusion_reason":null,"override_reason":null,"outside_boundary":false}},{"type":"Feature","geometry":{"type":"Point","coordinates":[-46.61609661,-23.58496028]},"properties":{"id":"sp_geosampa_educacao_rede_publica:equipamento_educacao_rede_publica.50477","source_id":"sp_geosampa_educacao_rede_publica","name":"MILDRE ALVARES BIAGGI PROFESSORA","name_derived":false,"category":"school","subcategory":"primary_secondary","geometry_type":"Point","address":"MONT ALVERNE, 91, VILA SAO JOSE IPIRANGA, 04265-060","equipment_type":"EE","administrative_sphere":null,"included_in_metrics":true,"exclusion_reason":null,"override_reason":null,"outside_boundary":false}},{"type":"Feature","geometry":{"type":"Point","coordinates":[-46.59100595,-23.59869755]},"properties":{"id":"sp_geosampa_educacao_rede_publica:equipamento_educacao_rede_publica.50479","source_id":"sp_geosampa_educacao_rede_publica","name":"NOSSA SENHORA APARECIDA","name_derived":false,"category":"school","subcategory":"primary_secondary","geometry_type":"Point","address":"ALVARO FRAGOSO, 734, VILA CARIOCA, 04223-000","equipment_type":"EE","administrative_sphere":null,"included_in_metrics":true,"exclusion_reason":null,"override_reason":null,"outside_boundary":false}},{"type":"Feature","geometry":{"type":"Point","coordinates":[-46.60741151,-23.59024895]},"properties":{"id":"sp_geosampa_educacao_rede_publica:equipamento_educacao_rede_publica.50480","source_id":"sp_geosampa_educacao_rede_publica","name":"FRANCISCO DE ASSIS REYS","name_derived":false,"category":"school","subcategory":"primary_secondary","geometry_type":"Point","address":"BOM PASTOR, 1560, IPIRANGA, 04203-002","equipment_type":"EE","administrative_sphere":null,"included_in_metrics":true,"exclusion_reason":null,"override_reason":null,"outside_boundary":false}},{"type":"Feature","geometry":{"type":"Point","coordinates":[-46.59314946,-23.62184111]},"properties":{"id":"sp_geosampa_educacao_rede_publica:equipamento_educacao_rede_publica.50481","source_id":"sp_geosampa_educacao_rede_publica","name":"MANUELA LACERDA VERGUEIRO","name_derived":false,"category":"school","subcategory":"primary_secondary","geometry_type":"Point","address":"TAMUATA, 176, SAO JOAO CLIMACO, 04255-140","equipment_type":"EE","administrative_sphere":null,"included_in_metrics":true,"exclusion_reason":null,"override_reason":null,"outside_boundary":false}},{"type":"Feature","geometry":{"type":"Point","coordinates":[-46.60856904,-23.60305336]},"properties":{"id":"sp_geosampa_educacao_rede_publica:equipamento_educacao_rede_publica.50482","source_id":"sp_geosampa_educacao_rede_publica","name":"ODON CAVALCANTI PROFESSOR","name_derived":false,"category":"school","subcategory":"primary_secondary","geometry_type":"Point","address":"BAMBORE, 546, VILA NAIR, 04278-060","equipment_type":"EE","administrative_sphere":null,"included_in_metrics":true,"exclusion_reason":null,"override_reason":null,"outside_boundary":false}},{"type":"Feature","geometry":{"type":"Point","coordinates":[-46.62227194,-23.56816165]},"properties":{"id":"sp_geosampa_educacao_rede_publica:equipamento_educacao_rede_publica.50486","source_id":"sp_geosampa_educacao_rede_publica","name":"OSCAR THOMPSON","name_derived":false,"category":"school","subcategory":"primary_secondary","geometry_type":"Point","address":"LINS DE VASCONCELOS, 600, CAMBUCI, 01538-000","equipment_type":"EE","administrative_sphere":null,"included_in_metrics":true,"exclusion_reason":null,"override_reason":null,"outside_boundary":false}},{"type":"Feature","geometry":{"type":"Point","coordinates":[-46.6249543,-23.577371]},"properties":{"id":"sp_geosampa_educacao_rede_publica:equipamento_educacao_rede_publica.50487","source_id":"sp_geosampa_educacao_rede_publica","name":"GOMES CARDIM PROFESSOR","name_derived":false,"category":"school","subcategory":"primary_secondary","geometry_type":"Point","address":"LACERDA FRANCO, 1641, CAMBUCI, 01536-001","equipment_type":"EE","administrative_sphere":null,"included_in_metrics":true,"exclusion_reason":null,"override_reason":null,"outside_boundary":false}},{"type":"Feature","geometry":{"type":"Point","coordinates":[-46.60446099,-23.58851985]},"properties":{"id":"sp_geosampa_educacao_rede_publica:equipamento_educacao_rede_publica.50489","source_id":"sp_geosampa_educacao_rede_publica","name":"ALEXANDRE DE GUSMAO","name_derived":false,"category":"school","subcategory":"primary_secondary","geometry_type":"Point","address":"CISPLATINA, 298, IPIRANGA, 04211-040","equipment_type":"EE","administrative_sphere":null,"included_in_metrics":true,"exclusion_reason":null,"override_reason":null,"outside_boundary":false}},{"type":"Feature","geometry":{"type":"Point","coordinates":[-46.58912853,-23.63406753]},"properties":{"id":"sp_geosampa_educacao_rede_publica:equipamento_educacao_rede_publica.50490","source_id":"sp_geosampa_educacao_rede_publica","name":"EURYDICE ZERBINI PROFESSORA","name_derived":false,"category":"school","subcategory":"primary_secondary","geometry_type":"Point","address":"EPIACABA, 547, PARQUE FONGARO, 04257-145","equipment_type":"EE","administrative_sphere":null,"included_in_metrics":true,"exclusion_reason":null,"override_reason":null,"outside_boundary":false}},{"type":"Feature","geometry":{"type":"Point","coordinates":[-46.60276166,-23.60636876]},"properties":{"id":"sp_geosampa_educacao_rede_publica:equipamento_educacao_rede_publica.50491","source_id":"sp_geosampa_educacao_rede_publica","name":"GUALTER DA SILVA PROFESSOR","name_derived":false,"category":"school","subcategory":"primary_secondary","geometry_type":"Point","address":"ANATOLE FRANCE, 76, VILA MOINHO VELHO, 04283-050","equipment_type":"EE","administrative_sphere":null,"included_in_metrics":true,"exclusion_reason":null,"override_reason":null,"outside_boundary":false}},{"type":"Feature","geometry":{"type":"Point","coordinates":[-46.60239092,-23.60615911]},"properties":{"id":"sp_geosampa_educacao_rede_publica:equipamento_educacao_rede_publica.50496","source_id":"sp_geosampa_educacao_rede_publica","name":"MARIA ODILA GUIMARAES BUENO PROFESSORA","name_derived":false,"category":"school","subcategory":"primary_secondary","geometry_type":"Point","address":"AMERICO SAMARONE, 350, VILA MOINHO VELHO, 04284-000","equipment_type":"EE","administrative_sphere":null,"included_in_metrics":true,"exclusion_reason":null,"override_reason":null,"outside_boundary":false}},{"type":"Feature","geometry":{"type":"Point","coordinates":[-46.61971338,-23.59159957]},"properties":{"id":"sp_geosampa_educacao_rede_publica:equipamento_educacao_rede_publica.50497","source_id":"sp_geosampa_educacao_rede_publica","name":"TEOTONIO ALVES PEREIRA","name_derived":false,"category":"school","subcategory":"primary_secondary","geometry_type":"Point","address":"ARCIPRESTE EZEQUIAS, 734, VILA SAO JOSE IPIRANGA, 04271-060","equipment_type":"EE","administrative_sphere":null,"included_in_metrics":true,"exclusion_reason":null,"override_reason":null,"outside_boundary":false}},{"type":"Feature","geometry":{"type":"Point","coordinates":[-46.60692256,-23.62625801]},"properties":{"id":"sp_geosampa_educacao_rede_publica:equipamento_educacao_rede_publica.50500","source_id":"sp_geosampa_educacao_rede_publica","name":"RAUL CARDOSO DE ALMEIDA PROFESSOR","name_derived":false,"category":"school","subcategory":"primary_secondary","geometry_type":"Point","address":"NOSSA SENHORA DAS MERCES, 1000, VILA DAS MERCES, 04165-011","equipment_type":"EE","administrative_sphere":null,"included_in_metrics":true,"exclusion_reason":null,"override_reason":null,"outside_boundary":false}},{"type":"Feature","geometry":{"type":"Point","coordinates":[-46.66643029,-23.65276935]},"properties":{"id":"sp_geosampa_educacao_rede_publica:equipamento_educacao_rede_publica.50505","source_id":"sp_geosampa_educacao_rede_publica","name":"REDUCINO DE OLIVEIRA LARA PROFESSOR","name_derived":false,"category":"school","subcategory":"primary_secondary","geometry_type":"Point","address":"CONTOS GAUCHESCOS, 322, VILA SANTA CATARINA, 04369-000","equipment_type":"EE","administrative_sphere":null,"included_in_metrics":true,"exclusion_reason":null,"override_reason":null,"outside_boundary":false}},{"type":"Feature","geometry":{"type":"Point","coordinates":[-46.6084956,-23.61291813]},"properties":{"id":"sp_geosampa_educacao_rede_publica:equipamento_educacao_rede_publica.50508","source_id":"sp_geosampa_educacao_rede_publica","name":"RAUL FONSECA","name_derived":false,"category":"school","subcategory":"primary_secondary","geometry_type":"Point","address":"INHAIBA, 92, SAUDE, 04292-050","equipment_type":"EE","administrative_sphere":null,"included_in_metrics":true,"exclusion_reason":null,"override_reason":null,"outside_boundary":false}},{"type":"Feature","geometry":{"type":"Point","coordinates":[-46.66434902,-23.64463469]},"properties":{"id":"sp_geosampa_educacao_rede_publica:equipamento_educacao_rede_publica.50511","source_id":"sp_geosampa_educacao_rede_publica","name":"DANDOLO FREDIANI PROFESSOR","name_derived":false,"category":"school","subcategory":"primary_secondary","geometry_type":"Point","address":"SANTA CATARINA, 1025, VILA MASCOTE, 04378-300","equipment_type":"EE","administrative_sphere":null,"included_in_metrics":true,"exclusion_reason":null,"override_reason":null,"outside_boundary":false}},{"type":"Feature","geometry":{"type":"Point","coordinates":[-46.62256393,-23.63232832]},"properties":{"id":"sp_geosampa_educacao_rede_publica:equipamento_educacao_rede_publica.50512","source_id":"sp_geosampa_educacao_rede_publica","name":"VALENTIM GENTIL","name_derived":false,"category":"school","subcategory":"primary_secondary","geometry_type":"Point","address":"FRANCISCO HURTADO, 303, AGUA FUNDA, 04156-040","equipment_type":"EE","administrative_sphere":null,"included_in_metrics":true,"exclusion_reason":null,"override_reason":null,"outside_boundary":false}},{"type":"Feature","geometry":{"type":"Point","coordinates":[-46.64525548,-23.60998586]},"properties":{"id":"sp_geosampa_educacao_rede_publica:equipamento_educacao_rede_publica.50517","source_id":"sp_geosampa_educacao_rede_publica","name":"PAULO ROSSI PROFESSOR","name_derived":false,"category":"school","subcategory":"primary_secondary","geometry_type":"Point","address":"DOS BOGARIS, 200, MIRANDOPOLIS, 04047-020","equipment_type":"EE","administrative_sphere":null,"included_in_metrics":true,"exclusion_reason":null,"override_reason":null,"outside_boundary":false}},{"type":"Feature","geometry":{"type":"Point","coordinates":[-46.64988066,-23.65081185]},"properties":{"id":"sp_geosampa_educacao_rede_publica:equipamento_educacao_rede_publica.50520","source_id":"sp_geosampa_educacao_rede_publica","name":"LAIS AMARAL VICENTE PROFESSORA","name_derived":false,"category":"school","subcategory":"primary_secondary","geometry_type":"Point","address":"TAQUACETUBA, 214, VILA PARQUE JABAQUARA, 04349-210","equipment_type":"EE","administrative_sphere":null,"included_in_metrics":true,"exclusion_reason":null,"override_reason":null,"outside_boundary":false}},{"type":"Feature","geometry":{"type":"Point","coordinates":[-46.63565742,-23.62605353]},"properties":{"id":"sp_geosampa_educacao_rede_publica:equipamento_educacao_rede_publica.50521","source_id":"sp_geosampa_educacao_rede_publica","name":"LYGIA DE AZEVEDO SOUZA E SA PROFESSORA","name_derived":false,"category":"school","subcategory":"primary_secondary","geometry_type":"Point","address":"DOUTOR MAURICIO DE LACERDA, 322, SAO JUDAS, 04303-191","equipment_type":"EE","administrative_sphere":null,"included_in_metrics":true,"exclusion_reason":null,"override_reason":null,"outside_boundary":false}},{"type":"Feature","geometry":{"type":"Point","coordinates":[-46.6100069,-23.64689071]},"properties":{"id":"sp_geosampa_educacao_rede_publica:equipamento_educacao_rede_publica.50522","source_id":"sp_geosampa_educacao_rede_publica","name":"JULIA COLLACO FRANCA PROFESSORA","name_derived":false,"category":"school","subcategory":"primary_secondary","geometry_type":"Point","address":"ARLINDO VIEIRA PADRE, 3443, JARDIM VERGUEIRO SACOMA, 04166-003","equipment_type":"EE","administrative_sphere":null,"included_in_metrics":true,"exclusion_reason":null,"override_reason":null,"outside_boundary":false}},{"type":"Feature","geometry":{"type":"Point","coordinates":[-46.64254908,-23.66773098]},"properties":{"id":"sp_geosampa_educacao_rede_publica:equipamento_educacao_rede_publica.50528","source_id":"sp_geosampa_educacao_rede_publica","name":"MARIA AUGUSTA DE MORAES NEVES PROFESSORA","name_derived":false,"category":"school","subcategory":"primary_secondary","geometry_type":"Point","address":"HUGO VITOR SILVA, 508, AMERICANOPOLIS, 04340-040","equipment_type":"EE","administrative_sphere":null,"included_in_metrics":true,"exclusion_reason":null,"override_reason":null,"outside_boundary":false}},{"type":"Feature","geometry":{"type":"Point","coordinates":[-46.6295305,-23.62038534]},"properties":{"id":"sp_geosampa_educacao_rede_publica:equipamento_educacao_rede_publica.50530","source_id":"sp_geosampa_educacao_rede_publica","name":"MARIA RIBEIRO GUIMARAES BUENO PROFESSORA","name_derived":false,"category":"school","subcategory":"primary_secondary","geometry_type":"Point","address":"VUTURUNA, 190, VILA DO BOSQUE, 04147-080","equipment_type":"EE","administrative_sphere":null,"included_in_metrics":true,"exclusion_reason":null,"override_reason":null,"outside_boundary":false}},{"type":"Feature","geometry":{"type":"Point","coordinates":[-46.61289421,-23.633485]},"properties":{"id":"sp_geosampa_educacao_rede_publica:equipamento_educacao_rede_publica.50533","source_id":"sp_geosampa_educacao_rede_publica","name":"CALIXTO DE SOUZA ARANHA PROFESSOR","name_derived":false,"category":"school","subcategory":"primary_secondary","geometry_type":"Point","address":"SIMAO LOPES, 925, VILA MORAES, 04167-001","equipment_type":"EE","administrative_sphere":null,"included_in_metrics":true,"exclusion_reason":null,"override_reason":null,"outside_boundary":false}},{"type":"Feature","geometry":{"type":"Point","coordinates":[-46.63460181,-23.61263244]},"properties":{"id":"sp_geosampa_educacao_rede_publica:equipamento_educacao_rede_publica.50535","source_id":"sp_geosampa_educacao_rede_publica","name":"HELENA LEMMI PROFESSORA","name_derived":false,"category":"school","subcategory":"primary_secondary","geometry_type":"Point","address":"JUA, 246, SAUDE, 04138-020","equipment_type":"EE","administrative_sphere":null,"included_in_metrics":true,"exclusion_reason":null,"override_reason":null,"outside_boundary":false}},{"type":"Feature","geometry":{"type":"Point","coordinates":[-46.65839766,-23.6600185]},"properties":{"id":"sp_geosampa_educacao_rede_publica:equipamento_educacao_rede_publica.50541","source_id":"sp_geosampa_educacao_rede_publica","name":"HELOISA CARNEIRO PROFESSORA","name_derived":false,"category":"school","subcategory":"primary_secondary","geometry_type":"Point","address":"ANTONIO COVELLO, 58, JARDIM JABAQUARA, 04383-070","equipment_type":"EE","administrative_sphere":null,"included_in_metrics":true,"exclusion_reason":null,"override_reason":null,"outside_boundary":false}},{"type":"Feature","geometry":{"type":"Point","coordinates":[-46.64364105,-23.66537012]},"properties":{"id":"sp_geosampa_educacao_rede_publica:equipamento_educacao_rede_publica.50543","source_id":"sp_geosampa_educacao_rede_publica","name":"PEROLA BYINGTON DONA","name_derived":false,"category":"school","subcategory":"primary_secondary","geometry_type":"Point","address":"DOUTOR ALCIDES DE CAMPOS, 150, AMERICANOPOLIS, 04336-160","equipment_type":"EE","administrative_sphere":null,"included_in_metrics":true,"exclusion_reason":null,"override_reason":null,"outside_boundary":false}},{"type":"Feature","geometry":{"type":"Point","coordinates":[-46.64678985,-23.64511557]},"properties":{"id":"sp_geosampa_educacao_rede_publica:equipamento_educacao_rede_publica.50547","source_id":"sp_geosampa_educacao_rede_publica","name":"ANGELO MENDES DE ALMEIDA DOUTOR","name_derived":false,"category":"school","subcategory":"primary_secondary","geometry_type":"Point","address":"APACE, SN, JARDIM ORIENTAL, 04347-110","equipment_type":"EE","administrative_sphere":null,"included_in_metrics":true,"exclusion_reason":null,"override_reason":null,"outside_boundary":false}},{"type":"Feature","geometry":{"type":"Point","coordinates":[-46.64472629,-23.63379511]},"properties":{"id":"sp_geosampa_educacao_rede_publica:equipamento_educacao_rede_publica.50551","source_id":"sp_geosampa_educacao_rede_publica","name":"CARLOS AUGUSTO DE FREITAS VILLALVA JUNIOR DOUTOR","name_derived":false,"category":"school","subcategory":"primary_secondary","geometry_type":"Point","address":"ENGENHEIRO ARMANDO DE ARRUDA PEREIRA, 506, JABAQUARA, 04308-000","equipment_type":"EE","administrative_sphere":null,"included_in_metrics":true,"exclusion_reason":null,"override_reason":null,"outside_boundary":false}},{"type":"Feature","geometry":{"type":"Point","coordinates":[-46.63203104,-23.60625788]},"properties":{"id":"sp_geosampa_educacao_rede_publica:equipamento_educacao_rede_publica.50554","source_id":"sp_geosampa_educacao_rede_publica","name":"ERICO DE ABREU SODRE","name_derived":false,"category":"school","subcategory":"primary_secondary","geometry_type":"Point","address":"PROFESSORA LUDOVINA CREDIDIO PEIXOTO, 98, CHACARA INGLESA, 04139-070","equipment_type":"EE","administrative_sphere":null,"included_in_metrics":true,"exclusion_reason":null,"override_reason":null,"outside_boundary":false}},{"type":"Feature","geometry":{"type":"Point","coordinates":[-46.64752042,-23.65600662]},"properties":{"id":"sp_geosampa_educacao_rede_publica:equipamento_educacao_rede_publica.50561","source_id":"sp_geosampa_educacao_rede_publica","name":"JOAO MARIA PIRES DE AGUIAR PROFESSOR","name_derived":false,"category":"school","subcategory":"primary_secondary","geometry_type":"Point","address":"MARAPES, 17, VILA PARQUE JABAQUARA, 04330-070","equipment_type":"EE","administrative_sphere":null,"included_in_metrics":true,"exclusion_reason":null,"override_reason":null,"outside_boundary":false}},{"type":"Feature","geometry":{"type":"Point","coordinates":[-46.65749659,-23.64962583]},"properties":{"id":"sp_geosampa_educacao_rede_publica:equipamento_educacao_rede_publica.50565","source_id":"sp_geosampa_educacao_rede_publica","name":"JOAO AMOS COMENIUS","name_derived":false,"category":"school","subcategory":"primary_secondary","geometry_type":"Point","address":"ESTEVAO MENDONCA, 439, VILA SANTA CATARINA, 04372-050","equipment_type":"EE","administrative_sphere":null,"included_in_metrics":true,"exclusion_reason":null,"override_reason":null,"outside_boundary":false}},{"type":"Feature","geometry":{"type":"Point","coordinates":[-46.61982833,-23.62561823]},"properties":{"id":"sp_geosampa_educacao_rede_publica:equipamento_educacao_rede_publica.50568","source_id":"sp_geosampa_educacao_rede_publica","name":"JULIO RIBEIRO","name_derived":false,"category":"school","subcategory":"primary_secondary","geometry_type":"Point","address":"DOUTOR NESTOR ALBERTO DE MACEDO, 117, VILA MORAES, 04154-020","equipment_type":"EE","administrative_sphere":null,"included_in_metrics":true,"exclusion_reason":null,"override_reason":null,"outside_boundary":false}},{"type":"Feature","geometry":{"type":"Point","coordinates":[-46.63555161,-23.64286934]},"properties":{"id":"sp_geosampa_educacao_rede_publica:equipamento_educacao_rede_publica.50575","source_id":"sp_geosampa_educacao_rede_publica","name":"NELSON FERNANDES DEPUTADO","name_derived":false,"category":"school","subcategory":"primary_secondary","geometry_type":"Point","address":"OURICANA, 57, VILA GUARANI Z SUL, 04317-240","equipment_type":"EE","administrative_sphere":null,"included_in_metrics":true,"exclusion_reason":null,"override_reason":null,"outside_boundary":false}},{"type":"Feature","geometry":{"type":"Point","coordinates":[-46.64377061,-23.6285558]},"properties":{"id":"sp_geosampa_educacao_rede_publica:equipamento_educacao_rede_publica.50577","source_id":"sp_geosampa_educacao_rede_publica","name":"BARROSO ALMIRANTE","name_derived":false,"category":"school","subcategory":"primary_secondary","geometry_type":"Point","address":"JABAQUARA, 2875, JABAQUARA, 04045-004","equipment_type":"EE","administrative_sphere":null,"included_in_metrics":true,"exclusion_reason":null,"override_reason":null,"outside_boundary":false}},{"type":"Feature","geometry":{"type":"Point","coordinates":[-46.61660371,-23.60439332]},"properties":{"id":"sp_geosampa_educacao_rede_publica:equipamento_educacao_rede_publica.50579","source_id":"sp_geosampa_educacao_rede_publica","name":"ANTONIO ALCANTARA MACHADO","name_derived":false,"category":"school","subcategory":"primary_secondary","geometry_type":"Point","address":"AMERICO RIBEIRO, 97, VILA GUMERCINDO, 04130-050","equipment_type":"EE","administrative_sphere":null,"included_in_metrics":true,"exclusion_reason":null,"override_reason":null,"outside_boundary":false}},{"type":"Feature","geometry":{"type":"Point","coordinates":[-46.62389768,-23.60647084]},"properties":{"id":"sp_geosampa_educacao_rede_publica:equipamento_educacao_rede_publica.50586","source_id":"sp_geosampa_educacao_rede_publica","name":"ANTONIO CASTELAR DE FRANCESCHI","name_derived":false,"category":"school","subcategory":"primary_secondary","geometry_type":"Point","address":"DOM PERO SARDINHA, 115, VILA GUMERCINDO, 04134-050","equipment_type":"EE","administrative_sphere":null,"included_in_metrics":true,"exclusion_reason":null,"override_reason":null,"outside_boundary":false}},{"type":"Feature","geometry":{"type":"Point","coordinates":[-46.6342368,-23.59435494]},"properties":{"id":"sp_geosampa_educacao_rede_publica:equipamento_educacao_rede_publica.50587","source_id":"sp_geosampa_educacao_rede_publica","name":"BRASILIO MACHADO","name_derived":false,"category":"school","subcategory":"primary_secondary","geometry_type":"Point","address":"AFONSO CELSO, 311, VILA MARIANA, 04119-001","equipment_type":"EE","administrative_sphere":null,"included_in_metrics":true,"exclusion_reason":null,"override_reason":null,"outside_boundary":false}},{"type":"Feature","geometry":{"type":"Point","coordinates":[-46.63664304,-23.63204365]},"properties":{"id":"sp_geosampa_educacao_rede_publica:equipamento_educacao_rede_publica.50595","source_id":"sp_geosampa_educacao_rede_publica","name":"DOMINGOS QUIRINO FERREIRA CORONEL","name_derived":false,"category":"school","subcategory":"primary_secondary","geometry_type":"Point","address":"CAFE, 681, VILA GUARANI Z SUL, 04311-001","equipment_type":"EE","administrative_sphere":null,"included_in_metrics":true,"exclusion_reason":null,"override_reason":null,"outside_boundary":false}},{"type":"Feature","geometry":{"type":"Point","coordinates":[-46.62144556,-23.59820363]},"properties":{"id":"sp_geosampa_educacao_rede_publica:equipamento_educacao_rede_publica.50596","source_id":"sp_geosampa_educacao_rede_publica","name":"RAUL HUMAITA VILLA NOVA CORONEL","name_derived":false,"category":"school","subcategory":"primary_secondary","geometry_type":"Point","address":"MAESTRO JOAO BATISTA JULIAO, SN, VILA FIRMIANO PINTO, 04124-090","equipment_type":"EE","administrative_sphere":null,"included_in_metrics":true,"exclusion_reason":null,"override_reason":null,"outside_boundary":false}},{"type":"Feature","geometry":{"type":"Point","coordinates":[-46.62588285,-23.6088001]},"properties":{"id":"sp_geosampa_educacao_rede_publica:equipamento_educacao_rede_publica.50597","source_id":"sp_geosampa_educacao_rede_publica","name":"JOSE VICENTE DE AZEVEDO CONDE","name_derived":false,"category":"school","subcategory":"primary_secondary","geometry_type":"Point","address":"GUARAREMA, 365, BOSQUE DA SAUDE, 04136-030","equipment_type":"EE","administrative_sphere":null,"included_in_metrics":true,"exclusion_reason":null,"override_reason":null,"outside_boundary":false}},{"type":"Feature","geometry":{"type":"Point","coordinates":[-46.64450574,-23.6105117]},"properties":{"id":"sp_geosampa_educacao_rede_publica:equipamento_educacao_rede_publica.50598","source_id":"sp_geosampa_educacao_rede_publica","name":"RUI BLOEM","name_derived":false,"category":"school","subcategory":"primary_secondary","geometry_type":"Point","address":"DOS BOGARIS, 244, MIRANDOPOLIS, 04047-020","equipment_type":"EE","administrative_sphere":null,"included_in_metrics":true,"exclusion_reason":null,"override_reason":null,"outside_boundary":false}},{"type":"Feature","geometry":{"type":"Point","coordinates":[-46.64897697,-23.59864866]},"properties":{"id":"sp_geosampa_educacao_rede_publica:equipamento_educacao_rede_publica.50611","source_id":"sp_geosampa_educacao_rede_publica","name":"PEDRO VOSS PROFESSOR","name_derived":false,"category":"school","subcategory":"primary_secondary","geometry_type":"Point","address":"JOSE DE MAGALHAES, 477, VILA CLEMENTINO, 04026-090","equipment_type":"EE","administrative_sphere":null,"included_in_metrics":true,"exclusion_reason":null,"override_reason":null,"outside_boundary":false}},{"type":"Feature","geometry":{"type":"Point","coordinates":[-46.63665094,-23.68109291]},"properties":{"id":"sp_geosampa_educacao_rede_publica:equipamento_educacao_rede_publica.50618","source_id":"sp_geosampa_educacao_rede_publica","name":"LEONOR QUADROS","name_derived":false,"category":"school","subcategory":"primary_secondary","geometry_type":"Point","address":"BALTAZAR GOMES DE ALARCAO, SN, JARDIM MIRIAM, 04417-270","equipment_type":"EE","administrative_sphere":null,"included_in_metrics":true,"exclusion_reason":null,"override_reason":null,"outside_boundary":false}},{"type":"Feature","geometry":{"type":"Point","coordinates":[-46.62755433,-23.60950622]},"properties":{"id":"sp_geosampa_educacao_rede_publica:equipamento_educacao_rede_publica.50620","source_id":"sp_geosampa_educacao_rede_publica","name":"ISABEL PRINCESA","name_derived":false,"category":"school","subcategory":"primary_secondary","geometry_type":"Point","address":"IBIRAREMA, 341, BOSQUE DA SAUDE, 04136-000","equipment_type":"EE","administrative_sphere":null,"included_in_metrics":true,"exclusion_reason":null,"override_reason":null,"outside_boundary":false}},{"type":"Feature","geometry":{"type":"Point","coordinates":[-46.63838163,-23.67308934]},"properties":{"id":"sp_geosampa_educacao_rede_publica:equipamento_educacao_rede_publica.50621","source_id":"sp_geosampa_educacao_rede_publica","name":"EDMEA ATTAB PROFESSORA","name_derived":false,"category":"school","subcategory":"primary_secondary","geometry_type":"Point","address":"OLIVERIO GIRONDO, 127, VILA CLARA, 04414-170","equipment_type":"EE","administrative_sphere":null,"included_in_metrics":true,"exclusion_reason":null,"override_reason":null,"outside_boundary":false}},{"type":"Feature","geometry":{"type":"Point","coordinates":[-46.63433615,-23.59536749]},"properties":{"id":"sp_geosampa_educacao_rede_publica:equipamento_educacao_rede_publica.50622","source_id":"sp_geosampa_educacao_rede_publica","name":"LASAR SEGALL","name_derived":false,"category":"school","subcategory":"primary_secondary","geometry_type":"Point","address":"DOUTOR THIRSO MARTINS, 211, VILA MARIANA, 04120-050","equipment_type":"EE","administrative_sphere":null,"included_in_metrics":true,"exclusion_reason":null,"override_reason":null,"outside_boundary":false}},{"type":"Feature","geometry":{"type":"Point","coordinates":[-46.64699782,-23.67922542]},"properties":{"id":"sp_geosampa_educacao_rede_publica:equipamento_educacao_rede_publica.50624","source_id":"sp_geosampa_educacao_rede_publica","name":"JOANNA ABRAHAO PROFESSORA","name_derived":false,"category":"school","subcategory":"primary_secondary","geometry_type":"Point","address":"COMENDADOR ARTUR CAPODAGLIO, 99, AMERICANOPOLIS, 04410-080","equipment_type":"EE","administrative_sphere":null,"included_in_metrics":true,"exclusion_reason":null,"override_reason":null,"outside_boundary":false}},{"type":"Feature","geometry":{"type":"Point","coordinates":[-46.74020946,-23.64898547]},"properties":{"id":"sp_geosampa_educacao_rede_publica:equipamento_educacao_rede_publica.50625","source_id":"sp_geosampa_educacao_rede_publica","name":"RENATO BRAGA PROFESSOR","name_derived":false,"category":"school","subcategory":"primary_secondary","geometry_type":"Point","address":"ARTHUR BLISS, 465, JARDIM CASA BLANCA, 05842-020","equipment_type":"EE","administrative_sphere":null,"included_in_metrics":true,"exclusion_reason":null,"override_reason":null,"outside_boundary":false}},{"type":"Feature","geometry":{"type":"Point","coordinates":[-46.77672262,-23.68051738]},"properties":{"id":"sp_geosampa_educacao_rede_publica:equipamento_educacao_rede_publica.50627","source_id":"sp_geosampa_educacao_rede_publica","name":"JOAO SILVA PROFESSOR","name_derived":false,"category":"school","subcategory":"primary_secondary","geometry_type":"Point","address":"ABILIO CESAR, 243, JARDIM SORAIA, 05881-020","equipment_type":"EE","administrative_sphere":null,"included_in_metrics":true,"exclusion_reason":null,"override_reason":null,"outside_boundary":false}},{"type":"Feature","geometry":{"type":"Point","coordinates":[-46.66403518,-23.66305933]},"properties":{"id":"sp_geosampa_educacao_rede_publica:equipamento_educacao_rede_publica.50630","source_id":"sp_geosampa_educacao_rede_publica","name":"DULCE CARNEIRO PROFESSORA","name_derived":false,"category":"school","subcategory":"primary_secondary","geometry_type":"Point","address":"GRANDE MADRUGADA, 53, VILA MARARI, 04401-010","equipment_type":"EE","administrative_sphere":null,"included_in_metrics":true,"exclusion_reason":null,"override_reason":null,"outside_boundary":false}},{"type":"Feature","geometry":{"type":"Point","coordinates":[-46.74661846,-23.62100934]},"properties":{"id":"sp_geosampa_educacao_rede_publica:equipamento_educacao_rede_publica.50631","source_id":"sp_geosampa_educacao_rede_publica","name":"NEYDE APPARECIDA SOLLITTO PROFESSORA","name_derived":false,"category":"school","subcategory":"primary_secondary","geometry_type":"Point","address":"JOSE MARIA PINTO ZILLI, 696, JARDIM DAS PALMAS, 05749-300","equipment_type":"EE","administrative_sphere":null,"included_in_metrics":true,"exclusion_reason":null,"override_reason":null,"outside_boundary":false}},{"type":"Feature","geometry":{"type":"Point","coordinates":[-46.63595942,-23.71304021]},"properties":{"id":"sp_geosampa_educacao_rede_publica:equipamento_educacao_rede_publica.50632","source_id":"sp_geosampa_educacao_rede_publica","name":"LUIZA MARCELINA BRANCA CHAIB","name_derived":false,"category":"school","subcategory":"primary_secondary","geometry_type":"Point","address":"ESTRADA DO ALVARENGA, 5110, BALNEARIO SAO FRANCISCO, 04474-340","equipment_type":"EE","administrative_sphere":null,"included_in_metrics":true,"exclusion_reason":null,"override_reason":null,"outside_boundary":false}},{"type":"Feature","geometry":{"type":"Point","coordinates":[-46.65081161,-23.70050275]},"properties":{"id":"sp_geosampa_educacao_rede_publica:equipamento_educacao_rede_publica.50633","source_id":"sp_geosampa_educacao_rede_publica","name":"EUGENIO ZERBINI PROFESSOR","name_derived":false,"category":"school","subcategory":"primary_secondary","geometry_type":"Point","address":"PIAVUNAS, 10, BALNEARIO SAO FRANCISCO, 04473-040","equipment_type":"EE","administrative_sphere":null,"included_in_metrics":true,"exclusion_reason":null,"override_reason":null,"outside_boundary":false}},{"type":"Feature","geometry":{"type":"Point","coordinates":[-46.75274264,-23.61253444]},"properties":{"id":"sp_geosampa_educacao_rede_publica:equipamento_educacao_rede_publica.50636","source_id":"sp_geosampa_educacao_rede_publica","name":"NIPO BRASILEIRA","name_derived":false,"category":"school","subcategory":"primary_secondary","geometry_type":"Point","address":"NESTOR DOS SANTOS LIMA, 182, JARDIM JAMAICA, 05743-210","equipment_type":"EE","administrative_sphere":null,"included_in_metrics":true,"exclusion_reason":null,"override_reason":null,"outside_boundary":false}},{"type":"Feature","geometry":{"type":"Point","coordinates":[-46.71548866,-23.65086365]},"properties":{"id":"sp_geosampa_educacao_rede_publica:equipamento_educacao_rede_publica.50639","source_id":"sp_geosampa_educacao_rede_publica","name":"MARIA PETRONILA LIMEIRA DOS MILAGRES MONTEIRO PROFESSORA","name_derived":false,"category":"school","subcategory":"primary_secondary","geometry_type":"Point","address":"MARIO LOPES LEAO, 1050, SANTO AMARO, 04754-010","equipment_type":"EE","administrative_sphere":null,"included_in_metrics":true,"exclusion_reason":null,"override_reason":null,"outside_boundary":false}},{"type":"Feature","geometry":{"type":"Point","coordinates":[-46.76713629,-23.67730008]},"properties":{"id":"sp_geosampa_educacao_rede_publica:equipamento_educacao_rede_publica.50641","source_id":"sp_geosampa_educacao_rede_publica","name":"DAVINA AGUIAR DIAS PROFESSORA","name_derived":false,"category":"school","subcategory":"primary_secondary","geometry_type":"Point","address":"FRANCISCO DE ABREU, SN, JARDIM IMBE, 05863-100","equipment_type":"EE","administrative_sphere":null,"included_in_metrics":true,"exclusion_reason":null,"override_reason":null,"outside_boundary":false}},{"type":"Feature","geometry":{"type":"Point","coordinates":[-46.79027264,-23.67485604]},"properties":{"id":"sp_geosampa_educacao_rede_publica:equipamento_educacao_rede_publica.50643","source_id":"sp_geosampa_educacao_rede_publica","name":"BEATRIZ DE QUADROS LEME PROFESSORA","name_derived":false,"category":"school","subcategory":"primary_secondary","geometry_type":"Point","address":"PROFESSOR GASTAO RAMOS, 03, PARQUE FERNANDA, 05888-160","equipment_type":"EE","administrative_sphere":null,"included_in_metrics":true,"exclusion_reason":null,"override_reason":null,"outside_boundary":false}},{"type":"Feature","geometry":{"type":"Point","coordinates":[-46.76780146,-23.66819747]},"properties":{"id":"sp_geosampa_educacao_rede_publica:equipamento_educacao_rede_publica.50644","source_id":"sp_geosampa_educacao_rede_publica","name":"LEOPOLDO SANTANA PROFESSOR","name_derived":false,"category":"school","subcategory":"primary_secondary","geometry_type":"Point","address":"MANOEL DUARTE OLIVEIRA, 151, CAPAO REDONDO, 05859-100","equipment_type":"EE","administrative_sphere":null,"included_in_metrics":true,"exclusion_reason":null,"override_reason":null,"outside_boundary":false}},{"type":"Feature","geometry":{"type":"Point","coordinates":[-46.65690323,-23.66807514]},"properties":{"id":"sp_geosampa_educacao_rede_publica:equipamento_educacao_rede_publica.50645","source_id":"sp_geosampa_educacao_rede_publica","name":"JUVENTINA PATRICIA SANT ANA PROFESSORA","name_derived":false,"category":"school","subcategory":"primary_secondary","geometry_type":"Point","address":"ENGENHEIRO EMILIO SAAD, 50, CIDADE ADEMAR, 04405-020","equipment_type":"EE","administrative_sphere":null,"included_in_metrics":true,"exclusion_reason":null,"override_reason":null,"outside_boundary":false}},{"type":"Feature","geometry":{"type":"Point","coordinates":[-46.65637201,-23.66777785]},"properties":{"id":"sp_geosampa_educacao_rede_publica:equipamento_educacao_rede_publica.50648","source_id":"sp_geosampa_educacao_rede_publica","name":"MARTINS PENA","name_derived":false,"category":"school","subcategory":"primary_secondary","geometry_type":"Point","address":"PROFESSOR PAULO MANGABEIRA ALBERNAZ, 150, AMERICANOPOLIS, 04405-030","equipment_type":"EE","administrative_sphere":null,"included_in_metrics":true,"exclusion_reason":null,"override_reason":null,"outside_boundary":false}},{"type":"Feature","geometry":{"type":"Point","coordinates":[-46.63821882,-23.68573446]},"properties":{"id":"sp_geosampa_educacao_rede_publica:equipamento_educacao_rede_publica.50657","source_id":"sp_geosampa_educacao_rede_publica","name":"JOSE NASCIMENTO PROFESSOR","name_derived":false,"category":"school","subcategory":"primary_secondary","geometry_type":"Point","address":"LUISA, 48, CIDADE JULIA, 04424-030","equipment_type":"EE","administrative_sphere":null,"included_in_metrics":true,"exclusion_reason":null,"override_reason":null,"outside_boundary":false}},{"type":"Feature","geometry":{"type":"Point","coordinates":[-46.6333664,-23.70321471]},"properties":{"id":"sp_geosampa_educacao_rede_publica:equipamento_educacao_rede_publica.50661","source_id":"sp_geosampa_educacao_rede_publica","name":"BENTO PEREIRA DA ROCHA PROFESSOR","name_derived":false,"category":"school","subcategory":"primary_secondary","geometry_type":"Point","address":"GEORGE BENDA, 80, JARDIM RUBILENE, 04475-100","equipment_type":"EE","administrative_sphere":null,"included_in_metrics":true,"exclusion_reason":null,"override_reason":null,"outside_boundary":false}},{"type":"Feature","geometry":{"type":"Point","coordinates":[-46.73293907,-23.64572005]},"properties":{"id":"sp_geosampa_educacao_rede_publica:equipamento_educacao_rede_publica.50662","source_id":"sp_geosampa_educacao_rede_publica","name":"ZULMIRA CAVALHEIRO FAUSTINO DONA","name_derived":false,"category":"school","subcategory":"primary_secondary","geometry_type":"Point","address":"LUIZ GRASSMANN, 216, JARDIM MIRANTE, 05801-050","equipment_type":"EE","administrative_sphere":null,"included_in_metrics":true,"exclusion_reason":null,"override_reason":null,"outside_boundary":false}},{"type":"Feature","geometry":{"type":"Point","coordinates":[-46.67687032,-23.68173657]},"properties":{"id":"sp_geosampa_educacao_rede_publica:equipamento_educacao_rede_publica.50666","source_id":"sp_geosampa_educacao_rede_publica","name":"EUSEBIO DE PAULA MARCONDES PROFESSOR","name_derived":false,"category":"school","subcategory":"primary_secondary","geometry_type":"Point","address":"DOMINGAS GALLETERI BLOTTA, 45, VILA CAMPO GRANDE, 04455-360","equipment_type":"EE","administrative_sphere":null,"included_in_metrics":true,"exclusion_reason":null,"override_reason":null,"outside_boundary":false}},{"type":"Feature","geometry":{"type":"Point","coordinates":[-46.68345868,-23.68275772]},"properties":{"id":"sp_geosampa_educacao_rede_publica:equipamento_educacao_rede_publica.50675","source_id":"sp_geosampa_educacao_rede_publica","name":"JOAQUIM ADOLFO ARAUJO PROFESSOR","name_derived":false,"category":"school","subcategory":"primary_secondary","geometry_type":"Point","address":"FRANCISCO MADERO, 16, VILA ARRIETE, 04445-090","equipment_type":"EE","administrative_sphere":null,"included_in_metrics":true,"exclusion_reason":null,"override_reason":null,"outside_boundary":false}},{"type":"Feature","geometry":{"type":"Point","coordinates":[-46.78626268,-23.6437694]},"properties":{"id":"sp_geosampa_educacao_rede_publica:equipamento_educacao_rede_publica.50680","source_id":"sp_geosampa_educacao_rede_publica","name":"HUGO LACORTE VITALE DEPUTADO","name_derived":false,"category":"school","subcategory":"primary_secondary","geometry_type":"Point","address":"CANTANHEDE, 190, PIRAJUSSARA, 05790-150","equipment_type":"EE","administrative_sphere":null,"included_in_metrics":true,"exclusion_reason":null,"override_reason":null,"outside_boundary":false}},{"type":"Feature","geometry":{"type":"Point","coordinates":[-46.65898785,-23.67340619]},"properties":{"id":"sp_geosampa_educacao_rede_publica:equipamento_educacao_rede_publica.50694","source_id":"sp_geosampa_educacao_rede_publica","name":"MEXICO","name_derived":false,"category":"school","subcategory":"primary_secondary","geometry_type":"Point","address":"LEONEL DA GAMA BELES, 82, VILA JOANIZA, 04403-360","equipment_type":"EE","administrative_sphere":null,"included_in_metrics":true,"exclusion_reason":null,"override_reason":null,"outside_boundary":false}},{"type":"Feature","geometry":{"type":"Point","coordinates":[-46.70899982,-23.65389622]},"properties":{"id":"sp_geosampa_educacao_rede_publica:equipamento_educacao_rede_publica.50698","source_id":"sp_geosampa_educacao_rede_publica","name":"PAULO EIRO","name_derived":false,"category":"school","subcategory":"primary_secondary","geometry_type":"Point","address":"PADRE JOSE MARIA, 210, SANTO AMARO, 04753-060","equipment_type":"EE","administrative_sphere":null,"included_in_metrics":true,"exclusion_reason":null,"override_reason":null,"outside_boundary":false}},{"type":"Feature","geometry":{"type":"Point","coordinates":[-46.66966236,-23.6663113]},"properties":{"id":"sp_geosampa_educacao_rede_publica:equipamento_educacao_rede_publica.50703","source_id":"sp_geosampa_educacao_rede_publica","name":"ZENAIDE LOPES DE OLIVEIRA GODOY PROFESSORA","name_derived":false,"category":"school","subcategory":"primary_secondary","geometry_type":"Point","address":"CELSO DOS SANTOS, 375, VILA CONSTANCA, 04658-240","equipment_type":"EE","administrative_sphere":null,"included_in_metrics":true,"exclusion_reason":null,"override_reason":null,"outside_boundary":false}},{"type":"Feature","geometry":{"type":"Point","coordinates":[-46.65984814,-23.66493509]},"properties":{"id":"sp_geosampa_educacao_rede_publica:equipamento_educacao_rede_publica.50711","source_id":"sp_geosampa_educacao_rede_publica","name":"JOAO EVANGELISTA COSTA PROFESSOR","name_derived":false,"category":"school","subcategory":"primary_secondary","geometry_type":"Point","address":"CUPECE, 2672, JARDIM PRUDENCIA, 04366-000","equipment_type":"EE","administrative_sphere":null,"included_in_metrics":true,"exclusion_reason":null,"override_reason":null,"outside_boundary":false}},{"type":"Feature","geometry":{"type":"Point","coordinates":[-46.70791933,-23.65053726]},"properties":{"id":"sp_geosampa_educacao_rede_publica:equipamento_educacao_rede_publica.50717","source_id":"sp_geosampa_educacao_rede_publica","name":"ALBERTO CONTE PROFESSOR","name_derived":false,"category":"school","subcategory":"primary_secondary","geometry_type":"Point","address":"MARIO LOPES LEAO, 120, SANTO AMARO, 04754-010","equipment_type":"EE","administrative_sphere":null,"included_in_metrics":true,"exclusion_reason":null,"override_reason":null,"outside_boundary":false}},{"type":"Feature","geometry":{"type":"Point","coordinates":[-46.7099466,-23.63843088]},"properties":{"id":"sp_geosampa_educacao_rede_publica:equipamento_educacao_rede_publica.50721","source_id":"sp_geosampa_educacao_rede_publica","name":"LUIS ARROBAS MARTINS DOUTOR","name_derived":false,"category":"school","subcategory":"primary_secondary","geometry_type":"Point","address":"JOAO ELIAS, 80, VILA CRUZEIRO, 04726-070","equipment_type":"EE","administrative_sphere":null,"included_in_metrics":true,"exclusion_reason":null,"override_reason":null,"outside_boundary":false}},{"type":"Feature","geometry":{"type":"Point","coordinates":[-46.73805668,-23.65292117]},"properties":{"id":"sp_geosampa_educacao_rede_publica:equipamento_educacao_rede_publica.50729","source_id":"sp_geosampa_educacao_rede_publica","name":"LUIZ GONZAGA PINTO E SILVA PROFESSOR","name_derived":false,"category":"school","subcategory":"primary_secondary","geometry_type":"Point","address":"GERALDO FRAGA DE OLIVEIRA, 324, JARDIM SAO LUIS, 05843-000","equipment_type":"EE","administrative_sphere":null,"included_in_metrics":true,"exclusion_reason":null,"override_reason":null,"outside_boundary":false}},{"type":"Feature","geometry":{"type":"Point","coordinates":[-46.71514892,-23.64202075]},"properties":{"id":"sp_geosampa_educacao_rede_publica:equipamento_educacao_rede_publica.50735","source_id":"sp_geosampa_educacao_rede_publica","name":"PLINIO NEGRAO","name_derived":false,"category":"school","subcategory":"primary_secondary","geometry_type":"Point","address":"BRAGANCA PAULISTA, 575, VILA CRUZEIRO, 04727-001","equipment_type":"EE","administrative_sphere":null,"included_in_metrics":true,"exclusion_reason":null,"override_reason":null,"outside_boundary":false}},{"type":"Feature","geometry":{"type":"Point","coordinates":[-46.77075585,-23.63502613]},"properties":{"id":"sp_geosampa_educacao_rede_publica:equipamento_educacao_rede_publica.50738","source_id":"sp_geosampa_educacao_rede_publica","name":"KENNEDY PRESIDENTE","name_derived":false,"category":"school","subcategory":"primary_secondary","geometry_type":"Point","address":"FRANCISCO PEIXOTO, 54, VILA PIRAJUSSARA, 05786-110","equipment_type":"EE","administrative_sphere":null,"included_in_metrics":true,"exclusion_reason":null,"override_reason":null,"outside_boundary":false}},{"type":"Feature","geometry":{"type":"Point","coordinates":[-46.68765373,-23.67465073]},"properties":{"id":"sp_geosampa_educacao_rede_publica:equipamento_educacao_rede_publica.50747","source_id":"sp_geosampa_educacao_rede_publica","name":"ISALTINO DE MELLO PROFESSOR","name_derived":false,"category":"school","subcategory":"primary_secondary","geometry_type":"Point","address":"TONINHAS, 73, VILA GEA, 04691-040","equipment_type":"EE","administrative_sphere":null,"included_in_metrics":true,"exclusion_reason":null,"override_reason":null,"outside_boundary":false}},{"type":"Feature","geometry":{"type":"Point","coordinates":[-46.69975198,-23.63308527]},"properties":{"id":"sp_geosampa_educacao_rede_publica:equipamento_educacao_rede_publica.50758","source_id":"sp_geosampa_educacao_rede_publica","name":"SABOIA DE MEDEIROS PADRE EE","name_derived":false,"category":"school","subcategory":"primary_secondary","geometry_type":"Point","address":"AMERICO BRASILIENSE, 1297, CHACARA SANTO ANTONIO ZONA SUL, 04715-002","equipment_type":"EE","administrative_sphere":null,"included_in_metrics":true,"exclusion_reason":null,"override_reason":null,"outside_boundary":false}},{"type":"Feature","geometry":{"type":"Point","coordinates":[-46.7521492,-23.68045559]},"properties":{"id":"sp_geosampa_educacao_rede_publica:equipamento_educacao_rede_publica.50764","source_id":"sp_geosampa_educacao_rede_publica","name":"MARIA PECCIOLI GIANNASI PROFESSORA","name_derived":false,"category":"school","subcategory":"primary_secondary","geometry_type":"Point","address":"CATALDO PARRILHA, 179, JARDIM SANTA MARGARIDA, 04930-055","equipment_type":"EE","administrative_sphere":null,"included_in_metrics":true,"exclusion_reason":null,"override_reason":null,"outside_boundary":false}},{"type":"Feature","geometry":{"type":"Point","coordinates":[-46.73849344,-23.67816268]},"properties":{"id":"sp_geosampa_educacao_rede_publica:equipamento_educacao_rede_publica.50768","source_id":"sp_geosampa_educacao_rede_publica","name":"PAULO OCTAVIO DE AZEVEDO PROFESSOR","name_derived":false,"category":"school","subcategory":"primary_secondary","geometry_type":"Point","address":"ANTONIO VIEIRA MISTURA, 440, JARDIM SANTA EDWIGES CAPELA DO SOCORRO, 04913-110","equipment_type":"EE","administrative_sphere":null,"included_in_metrics":true,"exclusion_reason":null,"override_reason":null,"outside_boundary":false}},{"type":"Feature","geometry":{"type":"Point","coordinates":[-46.74817325,-23.68942484]},"properties":{"id":"sp_geosampa_educacao_rede_publica:equipamento_educacao_rede_publica.50772","source_id":"sp_geosampa_educacao_rede_publica","name":"JOAO DE DEUS CARDOSO DE MELLO","name_derived":false,"category":"school","subcategory":"primary_secondary","geometry_type":"Point","address":"FRANCISCO DE ALMEIDA SOUZA, 192, JARDIM SOUZA, 04917-070","equipment_type":"EE","administrative_sphere":null,"included_in_metrics":true,"exclusion_reason":null,"override_reason":null,"outside_boundary":false}},{"type":"Feature","geometry":{"type":"Point","coordinates":[-46.75913271,-23.69017863]},"properties":{"id":"sp_geosampa_educacao_rede_publica:equipamento_educacao_rede_publica.50779","source_id":"sp_geosampa_educacao_rede_publica","name":"ORLANDO MENDES DE MORAES PROFESSOR","name_derived":false,"category":"school","subcategory":"primary_secondary","geometry_type":"Point","address":"BARONESA, 100, PARQUE BOLOGNE, 04941-175","equipment_type":"EE","administrative_sphere":null,"included_in_metrics":true,"exclusion_reason":null,"override_reason":null,"outside_boundary":false}},{"type":"Feature","geometry":{"type":"Point","coordinates":[-46.700565,-23.71182187]},"properties":{"id":"sp_geosampa_educacao_rede_publica:equipamento_educacao_rede_publica.50788","source_id":"sp_geosampa_educacao_rede_publica","name":"BEATRIZ LOPES PROFA","name_derived":false,"category":"school","subcategory":"primary_secondary","geometry_type":"Point","address":"GUARUVA, 384, CIDADE DUTRA, 04807-030","equipment_type":"EE","administrative_sphere":null,"included_in_metrics":true,"exclusion_reason":null,"override_reason":null,"outside_boundary":false}},{"type":"Feature","geometry":{"type":"Point","coordinates":[-46.7060549,-23.74029971]},"properties":{"id":"sp_geosampa_educacao_rede_publica:equipamento_educacao_rede_publica.50794","source_id":"sp_geosampa_educacao_rede_publica","name":"ALBERTO SALOTTI PROF EE","name_derived":false,"category":"school","subcategory":"primary_secondary","geometry_type":"Point","address":"CARLOS OBERHUBER, 90, JARDIM FLORESTA, 04836-130","equipment_type":"EE","administrative_sphere":null,"included_in_metrics":true,"exclusion_reason":null,"override_reason":null,"outside_boundary":false}},{"type":"Feature","geometry":{"type":"Point","coordinates":[-46.6962567,-23.76348123]},"properties":{"id":"sp_geosampa_educacao_rede_publica:equipamento_educacao_rede_publica.50795","source_id":"sp_geosampa_educacao_rede_publica","name":"LEVI CARNEIRO","name_derived":false,"category":"school","subcategory":"primary_secondary","geometry_type":"Point","address":"ANTONIO CARLOS BENJAMIN DOS SANTOS, 2882, JARDIM MYRNA, 04856-070","equipment_type":"EE","administrative_sphere":null,"included_in_metrics":true,"exclusion_reason":null,"override_reason":null,"outside_boundary":false}},{"type":"Feature","geometry":{"type":"Point","coordinates":[-46.7268985,-23.79806015]},"properties":{"id":"sp_geosampa_educacao_rede_publica:equipamento_educacao_rede_publica.50809","source_id":"sp_geosampa_educacao_rede_publica","name":"PAULINO NUNES ESPOSO","name_derived":false,"category":"school","subcategory":"primary_secondary","geometry_type":"Point","address":"SADAMU INOUE, 365, JARDIM CASA GRANDE, 04865-005","equipment_type":"EE","administrative_sphere":null,"included_in_metrics":true,"exclusion_reason":null,"override_reason":null,"outside_boundary":false}},{"type":"Feature","geometry":{"type":"Point","coordinates":[-46.72448385,-23.83221331]},"properties":{"id":"sp_geosampa_educacao_rede_publica:equipamento_educacao_rede_publica.50819","source_id":"sp_geosampa_educacao_rede_publica","name":"ALEXANDRE MARCONDES FILHO SENADOR","name_derived":false,"category":"school","subcategory":"primary_secondary","geometry_type":"Point","address":"MARIA ROSCHEL SCHUNCK, 690, JARDIM NOVO PARELHEIROS, 04890-400","equipment_type":"EE","administrative_sphere":null,"included_in_metrics":true,"exclusion_reason":null,"override_reason":null,"outside_boundary":false}},{"type":"Feature","geometry":{"type":"Point","coordinates":[-46.73196299,-23.82724465]},"properties":{"id":"sp_geosampa_educacao_rede_publica:equipamento_educacao_rede_publica.50820","source_id":"sp_geosampa_educacao_rede_publica","name":"PRISCILIANA DUARTE DE ALMEIDA DONA","name_derived":false,"category":"school","subcategory":"primary_secondary","geometry_type":"Point","address":"SADAMU INOUE, 6820, JARDIM CASA GRANDE, 04865-005","equipment_type":"EE","administrative_sphere":null,"included_in_metrics":true,"exclusion_reason":null,"override_reason":null,"outside_boundary":false}},{"type":"Feature","geometry":{"type":"Point","coordinates":[-46.69780822,-23.84825998]},"properties":{"id":"sp_geosampa_educacao_rede_publica:equipamento_educacao_rede_publica.50827","source_id":"sp_geosampa_educacao_rede_publica","name":"ERNESTINO LOPES DA SILVA PROF","name_derived":false,"category":"school","subcategory":"primary_secondary","geometry_type":"Point","address":"MIGUEL ROCUMBACK, SN, COLONIA ZONA SUL, 04892-190","equipment_type":"EE","administrative_sphere":null,"included_in_metrics":true,"exclusion_reason":null,"override_reason":null,"outside_boundary":false}},{"type":"Feature","geometry":{"type":"Point","coordinates":[-46.74005763,-23.87815321]},"properties":{"id":"sp_geosampa_educacao_rede_publica:equipamento_educacao_rede_publica.50830","source_id":"sp_geosampa_educacao_rede_publica","name":"HILTON REIS SANTOS PROF","name_derived":false,"category":"school","subcategory":"primary_secondary","geometry_type":"Point","address":"MARCILAC ENGENHEIRO, 8029, EMBURA, 04893-000","equipment_type":"EE","administrative_sphere":null,"included_in_metrics":true,"exclusion_reason":null,"override_reason":null,"outside_boundary":false}},{"type":"Feature","geometry":{"type":"Point","coordinates":[-46.71467341,-23.67070761]},"properties":{"id":"sp_geosampa_educacao_rede_publica:equipamento_educacao_rede_publica.50834","source_id":"sp_geosampa_educacao_rede_publica","name":"DUARTE LEOPOLDO E SILVA DOM","name_derived":false,"category":"school","subcategory":"primary_secondary","geometry_type":"Point","address":"PINEDO, 577, SOCORRO, 04764-001","equipment_type":"EE","administrative_sphere":null,"included_in_metrics":true,"exclusion_reason":null,"override_reason":null,"outside_boundary":false}},{"type":"Feature","geometry":{"type":"Point","coordinates":[-46.70119696,-23.71847598]},"properties":{"id":"sp_geosampa_educacao_rede_publica:equipamento_educacao_rede_publica.50839","source_id":"sp_geosampa_educacao_rede_publica","name":"JOSE VIEIRA DE MORAES PROF","name_derived":false,"category":"school","subcategory":"primary_secondary","geometry_type":"Point","address":"FREDERICO RENE DE JAEGHER, 206, RIO BONITO, 04826-000","equipment_type":"EE","administrative_sphere":null,"included_in_metrics":true,"exclusion_reason":null,"override_reason":null,"outside_boundary":false}},{"type":"Feature","geometry":{"type":"Point","coordinates":[-46.70852439,-23.688673]},"properties":{"id":"sp_geosampa_educacao_rede_publica:equipamento_educacao_rede_publica.50842","source_id":"sp_geosampa_educacao_rede_publica","name":"JOSE GERALDO DE LIMA PROF EE","name_derived":false,"category":"school","subcategory":"primary_secondary","geometry_type":"Point","address":"ANTONIO MARIANO, 254, JARDIM IPANEMA ZONA SUL, 04784-000","equipment_type":"EE","administrative_sphere":null,"included_in_metrics":true,"exclusion_reason":null,"override_reason":null,"outside_boundary":false}},{"type":"Feature","geometry":{"type":"Point","coordinates":[-46.68571776,-23.72592352]},"properties":{"id":"sp_geosampa_educacao_rede_publica:equipamento_educacao_rede_publica.50843","source_id":"sp_geosampa_educacao_rede_publica","name":"ADOLFO CASAIS MONTEIRO PROF","name_derived":false,"category":"school","subcategory":"primary_secondary","geometry_type":"Point","address":"MANUEL ALVES SOARES, 659, PARQUE COLONIAL, 04821-270","equipment_type":"EE","administrative_sphere":null,"included_in_metrics":true,"exclusion_reason":null,"override_reason":null,"outside_boundary":false}},{"type":"Feature","geometry":{"type":"Point","coordinates":[-46.68463975,-23.78693495]},"properties":{"id":"sp_geosampa_educacao_rede_publica:equipamento_educacao_rede_publica.50846","source_id":"sp_geosampa_educacao_rede_publica","name":"JUVENTINA MARCONDES DOMINGUES DE CASTRO PROFA","name_derived":false,"category":"school","subcategory":"primary_secondary","geometry_type":"Point","address":"HENRIQUE MUZZIO, 233, JARDIM VARGINHA, 04857-040","equipment_type":"EE","administrative_sphere":null,"included_in_metrics":true,"exclusion_reason":null,"override_reason":null,"outside_boundary":false}},{"type":"Feature","geometry":{"type":"Point","coordinates":[-46.73125929,-23.66508293]},"properties":{"id":"sp_geosampa_educacao_rede_publica:equipamento_educacao_rede_publica.50849","source_id":"sp_geosampa_educacao_rede_publica","name":"ALFREDO VIANELLO GREGORIO COMENDADOR","name_derived":false,"category":"school","subcategory":"primary_secondary","geometry_type":"Point","address":"FELIPE DE VERAS, SN, JD SAO LUIS, 05818-260","equipment_type":"EE","administrative_sphere":null,"included_in_metrics":true,"exclusion_reason":null,"override_reason":null,"outside_boundary":false}},{"type":"Feature","geometry":{"type":"Point","coordinates":[-46.78190269,-23.74277519]},"properties":{"id":"sp_geosampa_educacao_rede_publica:equipamento_educacao_rede_publica.50850","source_id":"sp_geosampa_educacao_rede_publica","name":"AMELIA KERR NOGUEIRA PROFESSORA","name_derived":false,"category":"school","subcategory":"primary_secondary","geometry_type":"Point","address":"DOS FUNCIONARIOS PUBLICOS, 1355, JARDIM HORIZONTE AZUL, 04962-000","equipment_type":"EE","administrative_sphere":null,"included_in_metrics":true,"exclusion_reason":null,"override_reason":null,"outside_boundary":false}},{"type":"Feature","geometry":{"type":"Point","coordinates":[-46.73966393,-23.67402492]},"properties":{"id":"sp_geosampa_educacao_rede_publica:equipamento_educacao_rede_publica.50858","source_id":"sp_geosampa_educacao_rede_publica","name":"VICENTE LEPORACE","name_derived":false,"category":"school","subcategory":"primary_secondary","geometry_type":"Point","address":"JOAO ALVES TORRES, 555, JARDIM DAS FLORES, 04904-120","equipment_type":"EE","administrative_sphere":null,"included_in_metrics":true,"exclusion_reason":null,"override_reason":null,"outside_boundary":false}},{"type":"Feature","geometry":{"type":"Point","coordinates":[-46.71720159,-23.76089219]},"properties":{"id":"sp_geosampa_educacao_rede_publica:equipamento_educacao_rede_publica.50862","source_id":"sp_geosampa_educacao_rede_publica","name":"MARIA AMELIA BRAZ PROFA","name_derived":false,"category":"school","subcategory":"primary_secondary","geometry_type":"Point","address":"AMADOR ARRAIS FREI, 100, JARDIM SAO RAFAEL, 04860-050","equipment_type":"EE","administrative_sphere":null,"included_in_metrics":true,"exclusion_reason":null,"override_reason":null,"outside_boundary":false}},{"type":"Feature","geometry":{"type":"Point","coordinates":[-46.70446908,-23.75840105]},"properties":{"id":"sp_geosampa_educacao_rede_publica:equipamento_educacao_rede_publica.50867","source_id":"sp_geosampa_educacao_rede_publica","name":"HERBERT BALDUS","name_derived":false,"category":"school","subcategory":"primary_secondary","geometry_type":"Point","address":"CANCAO DA TERRA, 100, JARDIM SAO BERNARDO, 04844-560","equipment_type":"EE","administrative_sphere":null,"included_in_metrics":true,"exclusion_reason":null,"override_reason":null,"outside_boundary":false}},{"type":"Feature","geometry":{"type":"Point","coordinates":[-46.69895625,-23.72615251]},"properties":{"id":"sp_geosampa_educacao_rede_publica:equipamento_educacao_rede_publica.50868","source_id":"sp_geosampa_educacao_rede_publica","name":"JERONYMO MONTEIRO","name_derived":false,"category":"school","subcategory":"primary_secondary","geometry_type":"Point","address":"JOAQUIM DOS SANTOS, 539, JARDIM IMPERIAL, 04823-080","equipment_type":"EE","administrative_sphere":null,"included_in_metrics":true,"exclusion_reason":null,"override_reason":null,"outside_boundary":false}},{"type":"Feature","geometry":{"type":"Point","coordinates":[-46.74095015,-23.66774208]},"properties":{"id":"sp_geosampa_educacao_rede_publica:equipamento_educacao_rede_publica.50872","source_id":"sp_geosampa_educacao_rede_publica","name":"SINHA PANTOJA","name_derived":false,"category":"school","subcategory":"primary_secondary","geometry_type":"Point","address":"SIMAO DE LEMOS, SN, RECANTO SANTO ANTONIO, 05816-220","equipment_type":"EE","administrative_sphere":null,"included_in_metrics":true,"exclusion_reason":null,"override_reason":null,"outside_boundary":false}},{"type":"Feature","geometry":{"type":"Point","coordinates":[-46.75606839,-23.67121075]},"properties":{"id":"sp_geosampa_educacao_rede_publica:equipamento_educacao_rede_publica.50877","source_id":"sp_geosampa_educacao_rede_publica","name":"JOAO BATISTA DE CARVALHO MONSENHOR","name_derived":false,"category":"school","subcategory":"primary_secondary","geometry_type":"Point","address":"CRISTIANIA, 13, JARDIM CRIS, 05834-090","equipment_type":"EE","administrative_sphere":null,"included_in_metrics":true,"exclusion_reason":null,"override_reason":null,"outside_boundary":false}},{"type":"Feature","geometry":{"type":"Point","coordinates":[-46.4161533,-23.47934095]},"properties":{"id":"sp_geosampa_educacao_rede_publica:equipamento_educacao_rede_publica.51061","source_id":"sp_geosampa_educacao_rede_publica","name":"PARQUE JARDIM HELENA","name_derived":false,"category":"school","subcategory":"primary_secondary","geometry_type":"Point","address":"KUMAKI AOKI, 1390, JARDIM HELENA, 08090-370","equipment_type":"EE","administrative_sphere":null,"included_in_metrics":true,"exclusion_reason":null,"override_reason":null,"outside_boundary":false}},{"type":"Feature","geometry":{"type":"Point","coordinates":[-46.62858086,-23.71518008]},"properties":{"id":"sp_geosampa_educacao_rede_publica:equipamento_educacao_rede_publica.51376","source_id":"sp_geosampa_educacao_rede_publica","name":"EMEF SETE PRAIAS","name_derived":false,"category":"school","subcategory":"primary_secondary","geometry_type":"Point","address":"ALDA, 2200, ELDORADO, 04476-240","equipment_type":"EMEF","administrative_sphere":null,"included_in_metrics":true,"exclusion_reason":null,"override_reason":null,"outside_boundary":false}},{"type":"Feature","geometry":{"type":"Point","coordinates":[-46.66972843,-23.74871524]},"properties":{"id":"sp_geosampa_educacao_rede_publica:equipamento_educacao_rede_publica.51412","source_id":"sp_geosampa_educacao_rede_publica","name":"EMEF JARDIM SIPRAMAR","name_derived":false,"category":"school","subcategory":"primary_secondary","geometry_type":"Point","address":"JULIO GADDA, 1250, JARDIM SIPRAMAR, 04851-360","equipment_type":"EMEF","administrative_sphere":null,"included_in_metrics":true,"exclusion_reason":null,"override_reason":null,"outside_boundary":false}},{"type":"Feature","geometry":{"type":"Point","coordinates":[-46.68540508,-23.76097259]},"properties":{"id":"sp_geosampa_educacao_rede_publica:equipamento_educacao_rede_publica.51413","source_id":"sp_geosampa_educacao_rede_publica","name":"EMEF LIA - MARIA DOS REIS DE JESUS SOUZA SILVA PROFA","name_derived":false,"category":"school","subcategory":"primary_secondary","geometry_type":"Point","address":"ALZIRO PINHEIRO MAGALHAES, 899, PARQUE SAO MIGUEL, 04855-000","equipment_type":"EMEF","administrative_sphere":null,"included_in_metrics":true,"exclusion_reason":null,"override_reason":null,"outside_boundary":false}},{"type":"Feature","geometry":{"type":"Point","coordinates":[-46.64335814,-23.53219115]},"properties":{"id":"sp_geosampa_educacao_rede_publica:equipamento_educacao_rede_publica.51708","source_id":"sp_geosampa_educacao_rede_publica","name":"EMEF P FOM LICEU","name_derived":false,"category":"school","subcategory":"primary_secondary","geometry_type":"Point","address":"DINO BUENO, 285, CAMPOS ELISEOS, 01217-000","equipment_type":"EMEF","administrative_sphere":null,"included_in_metrics":true,"exclusion_reason":null,"override_reason":null,"outside_boundary":false}},{"type":"Feature","geometry":{"type":"Point","coordinates":[-46.73548787,-23.60078068]},"properties":{"id":"sp_geosampa_educacao_rede_publica:equipamento_educacao_rede_publica.51795","source_id":"sp_geosampa_educacao_rede_publica","name":"EMEF ADALGIZA SEGURADO DA SILVEIRA PROFA","name_derived":false,"category":"school","subcategory":"primary_secondary","geometry_type":"Point","address":"PROFESSOR GIOIA MARTINS, 686, JARDIM MONTE KEMEL, 05632-020","equipment_type":"EMEF","administrative_sphere":null,"included_in_metrics":true,"exclusion_reason":null,"override_reason":null,"outside_boundary":false}},{"type":"Feature","geometry":{"type":"Point","coordinates":[-46.76867673,-23.59627727]},"properties":{"id":"sp_geosampa_educacao_rede_publica:equipamento_educacao_rede_publica.51796","source_id":"sp_geosampa_educacao_rede_publica","name":"EMEF LUIZ CINTRA DO PRADO PROF","name_derived":false,"category":"school","subcategory":"primary_secondary","geometry_type":"Point","address":"ARTUR FERREIRA DE ABREU, 321, JARDIM ROSA MARIA, 05547-150","equipment_type":"EMEF","administrative_sphere":null,"included_in_metrics":true,"exclusion_reason":null,"override_reason":null,"outside_boundary":false}},{"type":"Feature","geometry":{"type":"Point","coordinates":[-46.78959623,-23.65296389]},"properties":{"id":"sp_geosampa_educacao_rede_publica:equipamento_educacao_rede_publica.51804","source_id":"sp_geosampa_educacao_rede_publica","name":"EMEF CESAR YASIGI PROF","name_derived":false,"category":"school","subcategory":"primary_secondary","geometry_type":"Point","address":"SORIANO DE ALBUQUERQUE, 100, JARDIM MACEDONIA, 05894-440","equipment_type":"EMEF","administrative_sphere":null,"included_in_metrics":true,"exclusion_reason":null,"override_reason":null,"outside_boundary":false}},{"type":"Feature","geometry":{"type":"Point","coordinates":[-46.67405674,-23.87203681]},"properties":{"id":"sp_geosampa_educacao_rede_publica:equipamento_educacao_rede_publica.51805","source_id":"sp_geosampa_educacao_rede_publica","name":"EMEF BELKICE MANHAES REIS PROFA","name_derived":false,"category":"school","subcategory":"primary_secondary","geometry_type":"Point","address":"JANE VANINE CAPOZI, S/N, CIDADE NOVA AMERICA, 04897-340","equipment_type":"EMEF","administrative_sphere":null,"included_in_metrics":true,"exclusion_reason":null,"override_reason":null,"outside_boundary":false}},{"type":"Feature","geometry":{"type":"Point","coordinates":[-46.66572125,-23.7586192]},"properties":{"id":"sp_geosampa_educacao_rede_publica:equipamento_educacao_rede_publica.51806","source_id":"sp_geosampa_educacao_rede_publica","name":"EMEF CLARINA AMARAL GURGEL PROFA","name_derived":false,"category":"school","subcategory":"primary_secondary","geometry_type":"Point","address":"IRARA BRANCA, S/N, JARDIM SHANGRILA ZONA SUL, 04852-006","equipment_type":"EMEF","administrative_sphere":null,"included_in_metrics":true,"exclusion_reason":null,"override_reason":null,"outside_boundary":false}},{"type":"Feature","geometry":{"type":"Point","coordinates":[-46.70036474,-23.47471492]},"properties":{"id":"sp_geosampa_educacao_rede_publica:equipamento_educacao_rede_publica.51807","source_id":"sp_geosampa_educacao_rede_publica","name":"EMEF OSMAR BASTOS CONCEICAO PROF","name_derived":false,"category":"school","subcategory":"primary_secondary","geometry_type":"Point","address":"PINHEIRO DE FARIA, 40, JARDIM MARISTELA, 02806-040","equipment_type":"EMEF","administrative_sphere":null,"included_in_metrics":true,"exclusion_reason":null,"override_reason":null,"outside_boundary":false}},{"type":"Feature","geometry":{"type":"Point","coordinates":[-46.65998961,-23.50408186]},"properties":{"id":"sp_geosampa_educacao_rede_publica:equipamento_educacao_rede_publica.51808","source_id":"sp_geosampa_educacao_rede_publica","name":"EMEF JOSE CARLOS DIAS PROF","name_derived":false,"category":"school","subcategory":"primary_secondary","geometry_type":"Point","address":"VICHY, 488, VILA BARUEL, 02522-100","equipment_type":"EMEF","administrative_sphere":null,"included_in_metrics":true,"exclusion_reason":null,"override_reason":null,"outside_boundary":false}},{"type":"Feature","geometry":{"type":"Point","coordinates":[-46.39479961,-23.60138138]},"properties":{"id":"sp_geosampa_educacao_rede_publica:equipamento_educacao_rede_publica.51809","source_id":"sp_geosampa_educacao_rede_publica","name":"EMEF CAMILO CASTELO BRANCO","name_derived":false,"category":"school","subcategory":"primary_secondary","geometry_type":"Point","address":"EDMUNDO ORIOLI, 85, CIDADE TIRADENTES, 08470-600","equipment_type":"EMEF","administrative_sphere":null,"included_in_metrics":true,"exclusion_reason":null,"override_reason":null,"outside_boundary":false}},{"type":"Feature","geometry":{"type":"Point","coordinates":[-46.4010952,-23.53814799]},"properties":{"id":"sp_geosampa_educacao_rede_publica:equipamento_educacao_rede_publica.51810","source_id":"sp_geosampa_educacao_rede_publica","name":"EMEF GIORGIO GAGLIANI CAPUTO PE","name_derived":false,"category":"school","subcategory":"primary_secondary","geometry_type":"Point","address":"QUIMANGA, 40, VILA IOLANDA LAJEADO, 08451-060","equipment_type":"EMEF","administrative_sphere":null,"included_in_metrics":true,"exclusion_reason":null,"override_reason":null,"outside_boundary":false}},{"type":"Feature","geometry":{"type":"Point","coordinates":[-46.6047625,-23.61889303]},"properties":{"id":"sp_geosampa_educacao_rede_publica:equipamento_educacao_rede_publica.51811","source_id":"sp_geosampa_educacao_rede_publica","name":"EMEF ARTUR SABOIA","name_derived":false,"category":"school","subcategory":"primary_secondary","geometry_type":"Point","address":"TAQUARICHIM, 22, VILA VERA, 04296-100","equipment_type":"EMEF","administrative_sphere":null,"included_in_metrics":true,"exclusion_reason":null,"override_reason":null,"outside_boundary":false}},{"type":"Feature","geometry":{"type":"Point","coordinates":[-46.64334912,-23.52625274]},"properties":{"id":"sp_geosampa_educacao_rede_publica:equipamento_educacao_rede_publica.51812","source_id":"sp_geosampa_educacao_rede_publica","name":"EMEF DEODORO MAL","name_derived":false,"category":"school","subcategory":"primary_secondary","geometry_type":"Point","address":"DOS ITALIANOS, 405, BOM RETIRO, 01131-000","equipment_type":"EMEF","administrative_sphere":null,"included_in_metrics":true,"exclusion_reason":null,"override_reason":null,"outside_boundary":false}},{"type":"Feature","geometry":{"type":"Point","coordinates":[-46.48524368,-23.5677862]},"properties":{"id":"sp_geosampa_educacao_rede_publica:equipamento_educacao_rede_publica.51813","source_id":"sp_geosampa_educacao_rede_publica","name":"EMEF A HEBRAICA","name_derived":false,"category":"school","subcategory":"primary_secondary","geometry_type":"Point","address":"ALZIRO ZARUR, 550, PARQUE SAVOY CITY, 03570-000","equipment_type":"EMEF","administrative_sphere":null,"included_in_metrics":true,"exclusion_reason":null,"override_reason":null,"outside_boundary":false}},{"type":"Feature","geometry":{"type":"Point","coordinates":[-46.44694595,-23.5713171]},"properties":{"id":"sp_geosampa_educacao_rede_publica:equipamento_educacao_rede_publica.51814","source_id":"sp_geosampa_educacao_rede_publica","name":"EMEF LINA DA COSTA COUTO PROFA","name_derived":false,"category":"school","subcategory":"primary_secondary","geometry_type":"Point","address":"DO PESSEGO, 1400, ITAQUERA, 08260-001","equipment_type":"EMEF","administrative_sphere":null,"included_in_metrics":true,"exclusion_reason":null,"override_reason":null,"outside_boundary":false}},{"type":"Feature","geometry":{"type":"Point","coordinates":[-46.61977001,-23.45407646]},"properties":{"id":"sp_geosampa_educacao_rede_publica:equipamento_educacao_rede_publica.51815","source_id":"sp_geosampa_educacao_rede_publica","name":"EMEF MARIA PAULA MARCONDES DOMINGUES PROFA","name_derived":false,"category":"school","subcategory":"primary_secondary","geometry_type":"Point","address":"MANUEL MORAIS PONTES, 395, VILA ALBERTINA, 02373-000","equipment_type":"EMEF","administrative_sphere":null,"included_in_metrics":true,"exclusion_reason":null,"override_reason":null,"outside_boundary":false}},{"type":"Feature","geometry":{"type":"Point","coordinates":[-46.58986525,-23.44802312]},"properties":{"id":"sp_geosampa_educacao_rede_publica:equipamento_educacao_rede_publica.51816","source_id":"sp_geosampa_educacao_rede_publica","name":"EMEF CASSIO DA COSTA VIDIGAL","name_derived":false,"category":"school","subcategory":"primary_secondary","geometry_type":"Point","address":"MUNIZ FERREIRA, 121, JARDIM JOAMAR, 02321-170","equipment_type":"EMEF","administrative_sphere":null,"included_in_metrics":true,"exclusion_reason":null,"override_reason":null,"outside_boundary":false}},{"type":"Feature","geometry":{"type":"Point","coordinates":[-46.41949155,-23.51031389]},"properties":{"id":"sp_geosampa_educacao_rede_publica:equipamento_educacao_rede_publica.51817","source_id":"sp_geosampa_educacao_rede_publica","name":"EMEF JOSE BORGES ANDRADE","name_derived":false,"category":"school","subcategory":"primary_secondary","geometry_type":"Point","address":"RAINHA-MARGARIDA, 20, VILA CURUCA, 08030-660","equipment_type":"EMEF","administrative_sphere":null,"included_in_metrics":true,"exclusion_reason":null,"override_reason":null,"outside_boundary":false}},{"type":"Feature","geometry":{"type":"Point","coordinates":[-46.47065196,-23.51842279]},"properties":{"id":"sp_geosampa_educacao_rede_publica:equipamento_educacao_rede_publica.51818","source_id":"sp_geosampa_educacao_rede_publica","name":"EMEF JOSE BORGES DOS SANTOS JUNIOR REV","name_derived":false,"category":"school","subcategory":"primary_secondary","geometry_type":"Point","address":"DANIEL ARCIONI, 80, LIMOEIRO, 08051-080","equipment_type":"EMEF","administrative_sphere":null,"included_in_metrics":true,"exclusion_reason":null,"override_reason":null,"outside_boundary":false}},{"type":"Feature","geometry":{"type":"Point","coordinates":[-46.5040474,-23.50744858]},"properties":{"id":"sp_geosampa_educacao_rede_publica:equipamento_educacao_rede_publica.51819","source_id":"sp_geosampa_educacao_rede_publica","name":"EMEF LAERTE PANIGHEL PROF","name_derived":false,"category":"school","subcategory":"primary_secondary","geometry_type":"Point","address":"PLANALTO DE ARAXA, 60, JARDIM GONZAGA, 03756-020","equipment_type":"EMEF","administrative_sphere":null,"included_in_metrics":true,"exclusion_reason":null,"override_reason":null,"outside_boundary":false}},{"type":"Feature","geometry":{"type":"Point","coordinates":[-46.49292576,-23.53089321]},"properties":{"id":"sp_geosampa_educacao_rede_publica:equipamento_educacao_rede_publica.51820","source_id":"sp_geosampa_educacao_rede_publica","name":"EMEF ADALGISA MOREIRA PIRES PROFA","name_derived":false,"category":"school","subcategory":"primary_secondary","geometry_type":"Point","address":"MARCIANO CAPELLA, 257, VILA RE, 03669-030","equipment_type":"EMEF","administrative_sphere":null,"included_in_metrics":true,"exclusion_reason":null,"override_reason":null,"outside_boundary":false}},{"type":"Feature","geometry":{"type":"Point","coordinates":[-46.71645663,-23.52857716]},"properties":{"id":"sp_geosampa_educacao_rede_publica:equipamento_educacao_rede_publica.51821","source_id":"sp_geosampa_educacao_rede_publica","name":"EMEF REYNALDO PORCHAT PROF","name_derived":false,"category":"school","subcategory":"primary_secondary","geometry_type":"Point","address":"DOS ALIADOS, 540, ALTO DA LAPA, 05082-000","equipment_type":"EMEF","administrative_sphere":null,"included_in_metrics":true,"exclusion_reason":null,"override_reason":null,"outside_boundary":false}},{"type":"Feature","geometry":{"type":"Point","coordinates":[-46.63110606,-23.55703093]},"properties":{"id":"sp_geosampa_educacao_rede_publica:equipamento_educacao_rede_publica.51822","source_id":"sp_geosampa_educacao_rede_publica","name":"EMEF VIRGINIA VALERIA APARECIDA DE ALMEIDA FREITAS","name_derived":false,"category":"school","subcategory":"primary_secondary","geometry_type":"Point","address":"SAO PAULO, 184, RESIDENCIAL SOL NASCENTE, 05280-110","equipment_type":"EMEF","administrative_sphere":null,"included_in_metrics":true,"exclusion_reason":null,"override_reason":null,"outside_boundary":false}},{"type":"Feature","geometry":{"type":"Point","coordinates":[-46.67148219,-23.69778971]},"properties":{"id":"sp_geosampa_educacao_rede_publica:equipamento_educacao_rede_publica.51823","source_id":"sp_geosampa_educacao_rede_publica","name":"EMEF MANUEL BORBA GATO","name_derived":false,"category":"school","subcategory":"primary_secondary","geometry_type":"Point","address":"DO ALVARENGA, 179, JARDIM DA PEDREIRA, 04462-000","equipment_type":"EMEF","administrative_sphere":null,"included_in_metrics":true,"exclusion_reason":null,"override_reason":null,"outside_boundary":false}},{"type":"Feature","geometry":{"type":"Point","coordinates":[-46.64868058,-23.69097631]},"properties":{"id":"sp_geosampa_educacao_rede_publica:equipamento_educacao_rede_publica.51824","source_id":"sp_geosampa_educacao_rede_publica","name":"EMEF JOAO ERNESTO DE SOUZA CAMPOS PROF","name_derived":false,"category":"school","subcategory":"primary_secondary","geometry_type":"Point","address":"MONSENHOR JOSE MARINONI, 22, VILA MISSIONARIA, 04430-350","equipment_type":"EMEF","administrative_sphere":null,"included_in_metrics":true,"exclusion_reason":null,"override_reason":null,"outside_boundary":false}},{"type":"Feature","geometry":{"type":"Point","coordinates":[-46.46736633,-23.63403432]},"properties":{"id":"sp_geosampa_educacao_rede_publica:equipamento_educacao_rede_publica.51825","source_id":"sp_geosampa_educacao_rede_publica","name":"EMEF ORLANDO SILVA","name_derived":false,"category":"school","subcategory":"primary_secondary","geometry_type":"Point","address":"PIRES RODOVALHO, 45, PARQUE SAO RAFAEL, 08311-230","equipment_type":"EMEF","administrative_sphere":null,"included_in_metrics":true,"exclusion_reason":null,"override_reason":null,"outside_boundary":false}},{"type":"Feature","geometry":{"type":"Point","coordinates":[-46.52228515,-23.58672675]},"properties":{"id":"sp_geosampa_educacao_rede_publica:equipamento_educacao_rede_publica.51826","source_id":"sp_geosampa_educacao_rede_publica","name":"EMEF JULIETA TERLIZZI BINDO PROFA","name_derived":false,"category":"school","subcategory":"primary_secondary","geometry_type":"Point","address":"ANTONIO RIBEIRO MACEDO, 115, VILA BANCARIA, 03918-055","equipment_type":"EMEF","administrative_sphere":null,"included_in_metrics":true,"exclusion_reason":null,"override_reason":null,"outside_boundary":false}},{"type":"Feature","geometry":{"type":"Point","coordinates":[-46.65606241,-23.68279754]},"properties":{"id":"sp_geosampa_educacao_rede_publica:equipamento_educacao_rede_publica.51867","source_id":"sp_geosampa_educacao_rede_publica","name":"SALGADO FILHO MINISTRO","name_derived":false,"category":"school","subcategory":"primary_secondary","geometry_type":"Point","address":"PEDRO GONCALVES MEIRA, 101, JARDIM SAO CARLOS ZONA SUL, 04433-250","equipment_type":"EE","administrative_sphere":null,"included_in_metrics":true,"exclusion_reason":null,"override_reason":null,"outside_boundary":false}},{"type":"Feature","geometry":{"type":"Point","coordinates":[-46.78094306,-23.68198553]},"properties":{"id":"sp_geosampa_educacao_rede_publica:equipamento_educacao_rede_publica.51868","source_id":"sp_geosampa_educacao_rede_publica","name":"FRANCISCO ANTONIO MARTINS JUNIOR PROFESSOR","name_derived":false,"category":"school","subcategory":"primary_secondary","geometry_type":"Point","address":"ROCHA MEDRANO, SN, JARDIM SAO BENTO NOVO, 05881-270","equipment_type":"EE","administrative_sphere":null,"included_in_metrics":true,"exclusion_reason":null,"override_reason":null,"outside_boundary":false}},{"type":"Feature","geometry":{"type":"Point","coordinates":[-46.77332706,-23.67997363]},"properties":{"id":"sp_geosampa_educacao_rede_publica:equipamento_educacao_rede_publica.51869","source_id":"sp_geosampa_educacao_rede_publica","name":"HUMBERTO ALFREDO PUCCA PROFESSOR","name_derived":false,"category":"school","subcategory":"primary_secondary","geometry_type":"Point","address":"MANDIRA, 120, JARDIM FRATERNIDADE, 05870-150","equipment_type":"EE","administrative_sphere":null,"included_in_metrics":true,"exclusion_reason":null,"override_reason":null,"outside_boundary":false}},{"type":"Feature","geometry":{"type":"Point","coordinates":[-46.78942102,-23.69564705]},"properties":{"id":"sp_geosampa_educacao_rede_publica:equipamento_educacao_rede_publica.51870","source_id":"sp_geosampa_educacao_rede_publica","name":"RENATA GRAZIANO DE OLIVEIRA PRADO PROFESSORA","name_derived":false,"category":"school","subcategory":"primary_secondary","geometry_type":"Point","address":"ARNALDO DANIEL, 100, JARDIM GUARUJA, 05877-150","equipment_type":"EE","administrative_sphere":null,"included_in_metrics":true,"exclusion_reason":null,"override_reason":null,"outside_boundary":false}},{"type":"Feature","geometry":{"type":"Point","coordinates":[-46.75903942,-23.66853584]},"properties":{"id":"sp_geosampa_educacao_rede_publica:equipamento_educacao_rede_publica.51871","source_id":"sp_geosampa_educacao_rede_publica","name":"OCTALLES MARCONDES FERREIRA","name_derived":false,"category":"school","subcategory":"primary_secondary","geometry_type":"Point","address":"DANCA DE ANITRA, 1, JARDIM VAZ DE LIMA, 05833-080","equipment_type":"EE","administrative_sphere":null,"included_in_metrics":true,"exclusion_reason":null,"override_reason":null,"outside_boundary":false}},{"type":"Feature","geometry":{"type":"Point","coordinates":[-46.7560042,-23.62960307]},"properties":{"id":"sp_geosampa_educacao_rede_publica:equipamento_educacao_rede_publica.51872","source_id":"sp_geosampa_educacao_rede_publica","name":"HELIO MOTTA DOUTOR","name_derived":false,"category":"school","subcategory":"primary_secondary","geometry_type":"Point","address":"CANORI, 30, JARDIM OLINDA, 05765-170","equipment_type":"EE","administrative_sphere":null,"included_in_metrics":true,"exclusion_reason":null,"override_reason":null,"outside_boundary":false}},{"type":"Feature","geometry":{"type":"Point","coordinates":[-46.66726571,-23.68255007]},"properties":{"id":"sp_geosampa_educacao_rede_publica:equipamento_educacao_rede_publica.51873","source_id":"sp_geosampa_educacao_rede_publica","name":"ASSIS CHATEAUBRIAND","name_derived":false,"category":"school","subcategory":"primary_secondary","geometry_type":"Point","address":"ARMANDO GONZAGA, 150, JARDIM MARIA LUIZA, 04434-110","equipment_type":"EE","administrative_sphere":null,"included_in_metrics":true,"exclusion_reason":null,"override_reason":null,"outside_boundary":false}},{"type":"Feature","geometry":{"type":"Point","coordinates":[-46.76068968,-23.69729941]},"properties":{"id":"sp_geosampa_educacao_rede_publica:equipamento_educacao_rede_publica.51874","source_id":"sp_geosampa_educacao_rede_publica","name":"JOSEFINA MARIA BARBOSA PROFESSORA","name_derived":false,"category":"school","subcategory":"primary_secondary","geometry_type":"Point","address":"PROFESSOR MARIO MAZAGAO, 31, ALTO DA RIVIERA, 04929-080","equipment_type":"EE","administrative_sphere":null,"included_in_metrics":true,"exclusion_reason":null,"override_reason":null,"outside_boundary":false}},{"type":"Feature","geometry":{"type":"Point","coordinates":[-46.70949448,-23.73045829]},"properties":{"id":"sp_geosampa_educacao_rede_publica:equipamento_educacao_rede_publica.51875","source_id":"sp_geosampa_educacao_rede_publica","name":"PERILLIER MADEMOISELLE","name_derived":false,"category":"school","subcategory":"primary_secondary","geometry_type":"Point","address":"CAROLINA MICHAELIS, 138, JARDIM DAS IMBUIAS, 04829-170","equipment_type":"EE","administrative_sphere":null,"included_in_metrics":true,"exclusion_reason":null,"override_reason":null,"outside_boundary":false}},{"type":"Feature","geometry":{"type":"Point","coordinates":[-46.69657289,-23.74002981]},"properties":{"id":"sp_geosampa_educacao_rede_publica:equipamento_educacao_rede_publica.51876","source_id":"sp_geosampa_educacao_rede_publica","name":"FRANCISCO ROSWELL FREIRE","name_derived":false,"category":"school","subcategory":"primary_secondary","geometry_type":"Point","address":"LOUIS DAQUIN, 229, PARQUE BRASIL, 04843-070","equipment_type":"EE","administrative_sphere":null,"included_in_metrics":true,"exclusion_reason":null,"override_reason":null,"outside_boundary":false}},{"type":"Feature","geometry":{"type":"Point","coordinates":[-46.75498711,-23.67965516]},"properties":{"id":"sp_geosampa_educacao_rede_publica:equipamento_educacao_rede_publica.51877","source_id":"sp_geosampa_educacao_rede_publica","name":"EULALIA SILVA PROFESSORA","name_derived":false,"category":"school","subcategory":"primary_secondary","geometry_type":"Point","address":"AMARO ANTONIO DE ARAUJO, 337, JARDIM SANTA MARGARIDA, 04931-030","equipment_type":"EE","administrative_sphere":null,"included_in_metrics":true,"exclusion_reason":null,"override_reason":null,"outside_boundary":false}},{"type":"Feature","geometry":{"type":"Point","coordinates":[-46.65182351,-23.68821266]},"properties":{"id":"sp_geosampa_educacao_rede_publica:equipamento_educacao_rede_publica.51878","source_id":"sp_geosampa_educacao_rede_publica","name":"LAURO PEREIRA TRAVASSOS PROFESSOR DOUTOR","name_derived":false,"category":"school","subcategory":"primary_secondary","geometry_type":"Point","address":"FREI FRANCISCO FERREIRA, 128, VILA MISSIONARIA, 04430-180","equipment_type":"EE","administrative_sphere":null,"included_in_metrics":true,"exclusion_reason":null,"override_reason":null,"outside_boundary":false}},{"type":"Feature","geometry":{"type":"Point","coordinates":[-46.76487446,-23.67048378]},"properties":{"id":"sp_geosampa_educacao_rede_publica:equipamento_educacao_rede_publica.51879","source_id":"sp_geosampa_educacao_rede_publica","name":"JOAO SUSSUMU HIRATA DEPUTADO","name_derived":false,"category":"school","subcategory":"primary_secondary","geometry_type":"Point","address":"COMENDADOR ANTUNES DOS SANTOS, 936, CAPAO REDONDO, 05861-260","equipment_type":"EE","administrative_sphere":null,"included_in_metrics":true,"exclusion_reason":null,"override_reason":null,"outside_boundary":false}},{"type":"Feature","geometry":{"type":"Point","coordinates":[-46.69628357,-23.44697548]},"properties":{"id":"sp_geosampa_educacao_rede_publica:equipamento_educacao_rede_publica.51880","source_id":"sp_geosampa_educacao_rede_publica","name":"GENESIO DE ALMEIDA MOURA DOUTOR","name_derived":false,"category":"school","subcategory":"primary_secondary","geometry_type":"Point","address":"DOMINGOS AREVALO, 862, JARDIM DAMASCENO, 02879-070","equipment_type":"EE","administrative_sphere":null,"included_in_metrics":true,"exclusion_reason":null,"override_reason":null,"outside_boundary":false}},{"type":"Feature","geometry":{"type":"Point","coordinates":[-46.73919007,-23.41089891]},"properties":{"id":"sp_geosampa_educacao_rede_publica:equipamento_educacao_rede_publica.51881","source_id":"sp_geosampa_educacao_rede_publica","name":"MIGUEL OLIVA FEITOSA PROFESSOR","name_derived":false,"category":"school","subcategory":"primary_secondary","geometry_type":"Point","address":"TARCON, 479, JARDIM ADELFIORE, 05223-070","equipment_type":"EE","administrative_sphere":null,"included_in_metrics":true,"exclusion_reason":null,"override_reason":null,"outside_boundary":false}},{"type":"Feature","geometry":{"type":"Point","coordinates":[-46.72007848,-23.46763357]},"properties":{"id":"sp_geosampa_educacao_rede_publica:equipamento_educacao_rede_publica.51882","source_id":"sp_geosampa_educacao_rede_publica","name":"GERALDO HOMERO FRANCA OTTONI PROFESSOR","name_derived":false,"category":"school","subcategory":"primary_secondary","geometry_type":"Point","address":"BERNARDO ROLIM DE MOURA, 129, VILA MIRANTE, 02955-110","equipment_type":"EE","administrative_sphere":null,"included_in_metrics":true,"exclusion_reason":null,"override_reason":null,"outside_boundary":false}},{"type":"Feature","geometry":{"type":"Point","coordinates":[-46.49176139,-23.54840389]},"properties":{"id":"sp_geosampa_educacao_rede_publica:equipamento_educacao_rede_publica.51883","source_id":"sp_geosampa_educacao_rede_publica","name":"AUGUSTO BAILLOT PROF","name_derived":false,"category":"school","subcategory":"primary_secondary","geometry_type":"Point","address":"SUSANA DACRE, 8, JARDIM SAO JOSE ARTUR ALVIM, 03563-220","equipment_type":"EE","administrative_sphere":null,"included_in_metrics":true,"exclusion_reason":null,"override_reason":null,"outside_boundary":false}},{"type":"Feature","geometry":{"type":"Point","coordinates":[-46.42123742,-23.52952764]},"properties":{"id":"sp_geosampa_educacao_rede_publica:equipamento_educacao_rede_publica.51884","source_id":"sp_geosampa_educacao_rede_publica","name":"CESAR DACORSO FILHO PROF","name_derived":false,"category":"school","subcategory":"primary_secondary","geometry_type":"Point","address":"JOAO GOMES DE FARIAS, 205, JARDIM ETELVINA, 08430-540","equipment_type":"EE","administrative_sphere":null,"included_in_metrics":true,"exclusion_reason":null,"override_reason":null,"outside_boundary":false}},{"type":"Feature","geometry":{"type":"Point","coordinates":[-46.71625708,-23.76881889]},"properties":{"id":"sp_geosampa_educacao_rede_publica:equipamento_educacao_rede_publica.51885","source_id":"sp_geosampa_educacao_rede_publica","name":"JORGE SARAIVA","name_derived":false,"category":"school","subcategory":"primary_secondary","geometry_type":"Point","address":"ARCELINA TEIXEIRA DA SILVA, SN, PARQUE MARIA FERNANDES, 04858-465","equipment_type":"EE","administrative_sphere":null,"included_in_metrics":true,"exclusion_reason":null,"override_reason":null,"outside_boundary":false}},{"type":"Feature","geometry":{"type":"Point","coordinates":[-46.78988539,-23.7359607]},"properties":{"id":"sp_geosampa_educacao_rede_publica:equipamento_educacao_rede_publica.51886","source_id":"sp_geosampa_educacao_rede_publica","name":"HONORIO MONTEIRO DOUTOR","name_derived":false,"category":"school","subcategory":"primary_secondary","geometry_type":"Point","address":"MAGONDI, 80, VILA CALU, 04961-150","equipment_type":"EE","administrative_sphere":null,"included_in_metrics":true,"exclusion_reason":null,"override_reason":null,"outside_boundary":false}},{"type":"Feature","geometry":{"type":"Point","coordinates":[-46.77600315,-23.70082872]},"properties":{"id":"sp_geosampa_educacao_rede_publica:equipamento_educacao_rede_publica.51887","source_id":"sp_geosampa_educacao_rede_publica","name":"FRANCISCO DE PAULA VICENTE DE AZEVEDO","name_derived":false,"category":"school","subcategory":"primary_secondary","geometry_type":"Point","address":"JIVAROS, 72, PARQUE BOLOGNE, 04941-110","equipment_type":"EE","administrative_sphere":null,"included_in_metrics":true,"exclusion_reason":null,"override_reason":null,"outside_boundary":false}},{"type":"Feature","geometry":{"type":"Point","coordinates":[-46.689471,-23.75042296]},"properties":{"id":"sp_geosampa_educacao_rede_publica:equipamento_educacao_rede_publica.51888","source_id":"sp_geosampa_educacao_rede_publica","name":"CARLOS DE MORAES ANDRADE PROF","name_derived":false,"category":"school","subcategory":"primary_secondary","geometry_type":"Point","address":"BELMIRA MARIN DONA, 2440, PARQUE BRASIL, 04846-000","equipment_type":"EE","administrative_sphere":null,"included_in_metrics":true,"exclusion_reason":null,"override_reason":null,"outside_boundary":false}},{"type":"Feature","geometry":{"type":"Point","coordinates":[-46.6935948,-23.73587712]},"properties":{"id":"sp_geosampa_educacao_rede_publica:equipamento_educacao_rede_publica.51889","source_id":"sp_geosampa_educacao_rede_publica","name":"CARLOS AYRES PROF","name_derived":false,"category":"school","subcategory":"primary_secondary","geometry_type":"Point","address":"BELMIRA MARIN DONA, 595, PARQUE BRASIL, 04846-010","equipment_type":"EE","administrative_sphere":null,"included_in_metrics":true,"exclusion_reason":null,"override_reason":null,"outside_boundary":false}},{"type":"Feature","geometry":{"type":"Point","coordinates":[-46.70264157,-23.7339325]},"properties":{"id":"sp_geosampa_educacao_rede_publica:equipamento_educacao_rede_publica.51890","source_id":"sp_geosampa_educacao_rede_publica","name":"GIULIO DAVID LEONE PROF","name_derived":false,"category":"school","subcategory":"primary_secondary","geometry_type":"Point","address":"RIBEIRA DO VOUGA, 91, JARDIM PRESIDENTE, 04830-180","equipment_type":"EE","administrative_sphere":null,"included_in_metrics":true,"exclusion_reason":null,"override_reason":null,"outside_boundary":false}},{"type":"Feature","geometry":{"type":"Point","coordinates":[-46.50683346,-23.5023562]},"properties":{"id":"sp_geosampa_educacao_rede_publica:equipamento_educacao_rede_publica.51891","source_id":"sp_geosampa_educacao_rede_publica","name":"MIGUEL KRUSE DOM","name_derived":false,"category":"school","subcategory":"primary_secondary","geometry_type":"Point","address":"SAO JOSE DO CAMPESTRE, 30, JARDIM DANFER, 03728-000","equipment_type":"EE","administrative_sphere":null,"included_in_metrics":true,"exclusion_reason":null,"override_reason":null,"outside_boundary":false}},{"type":"Feature","geometry":{"type":"Point","coordinates":[-46.49245975,-23.48900964]},"properties":{"id":"sp_geosampa_educacao_rede_publica:equipamento_educacao_rede_publica.51892","source_id":"sp_geosampa_educacao_rede_publica","name":"FRANCISCO MESQUITA JORNALISTA","name_derived":false,"category":"school","subcategory":"primary_secondary","geometry_type":"Point","address":"WENCESLAU GUIMARAES, 5, PARQUE CISPER, 03823-000","equipment_type":"EE","administrative_sphere":null,"included_in_metrics":true,"exclusion_reason":null,"override_reason":null,"outside_boundary":false}},{"type":"Feature","geometry":{"type":"Point","coordinates":[-46.46250416,-23.51158021]},"properties":{"id":"sp_geosampa_educacao_rede_publica:equipamento_educacao_rede_publica.51893","source_id":"sp_geosampa_educacao_rede_publica","name":"LUIGI PIRANDELLO","name_derived":false,"category":"school","subcategory":"primary_secondary","geometry_type":"Point","address":"LARANJA DA CHINA, 50, JARDIM DAS CAMELIAS, 08050-710","equipment_type":"EE","administrative_sphere":null,"included_in_metrics":true,"exclusion_reason":null,"override_reason":null,"outside_boundary":false}},{"type":"Feature","geometry":{"type":"Point","coordinates":[-46.42307253,-23.50874788]},"properties":{"id":"sp_geosampa_educacao_rede_publica:equipamento_educacao_rede_publica.51894","source_id":"sp_geosampa_educacao_rede_publica","name":"PEDRO VIRIATO PARIGOT DE SOUZA ENGENHEIRO","name_derived":false,"category":"school","subcategory":"primary_secondary","geometry_type":"Point","address":"BENJAMIN CAPUSSO, 836, VILA CURUCA, 08031-760","equipment_type":"EE","administrative_sphere":null,"included_in_metrics":true,"exclusion_reason":null,"override_reason":null,"outside_boundary":false}},{"type":"Feature","geometry":{"type":"Point","coordinates":[-46.41629947,-23.5151739]},"properties":{"id":"sp_geosampa_educacao_rede_publica:equipamento_educacao_rede_publica.51895","source_id":"sp_geosampa_educacao_rede_publica","name":"FORCA AEREA BRASILEIRA","name_derived":false,"category":"school","subcategory":"primary_secondary","geometry_type":"Point","address":"ARMANDO MAMEDE JUNIOR, 450, PARQUE SANTA RITA, 08150-070","equipment_type":"EE","administrative_sphere":null,"included_in_metrics":true,"exclusion_reason":null,"override_reason":null,"outside_boundary":false}},{"type":"Feature","geometry":{"type":"Point","coordinates":[-46.48331058,-23.52401423]},"properties":{"id":"sp_geosampa_educacao_rede_publica:equipamento_educacao_rede_publica.51896","source_id":"sp_geosampa_educacao_rede_publica","name":"ANTONIO DE OLIVEIRA CAMARGO PROFESSOR","name_derived":false,"category":"school","subcategory":"primary_secondary","geometry_type":"Point","address":"CARLO GRAZIA ENGENHEIRO, 500, VILA UNIAO ZONA LESTE, 03683-150","equipment_type":"EE","administrative_sphere":null,"included_in_metrics":true,"exclusion_reason":null,"override_reason":null,"outside_boundary":false}},{"type":"Feature","geometry":{"type":"Point","coordinates":[-46.40750702,-23.5667517]},"properties":{"id":"sp_geosampa_educacao_rede_publica:equipamento_educacao_rede_publica.51897","source_id":"sp_geosampa_educacao_rede_publica","name":"PAULO SARASATE GOVERNADOR","name_derived":false,"category":"school","subcategory":"primary_secondary","geometry_type":"Point","address":"INACIO PINTO LIMA, 199, CONJUNTO RESIDENCIAL PRESTES MAIA, 08490-020","equipment_type":"EE","administrative_sphere":null,"included_in_metrics":true,"exclusion_reason":null,"override_reason":null,"outside_boundary":false}},{"type":"Feature","geometry":{"type":"Point","coordinates":[-46.64910575,-23.46952279]},"properties":{"id":"sp_geosampa_educacao_rede_publica:equipamento_educacao_rede_publica.51898","source_id":"sp_geosampa_educacao_rede_publica","name":"GUILHERME DE ALMEIDA","name_derived":false,"category":"school","subcategory":"primary_secondary","geometry_type":"Point","address":"PARADA PINTO, 2355, VILA NOVA CACHOEIRINHA, 02611-003","equipment_type":"EE","administrative_sphere":null,"included_in_metrics":true,"exclusion_reason":null,"override_reason":null,"outside_boundary":false}},{"type":"Feature","geometry":{"type":"Point","coordinates":[-46.75621268,-23.41144278]},"properties":{"id":"sp_geosampa_educacao_rede_publica:equipamento_educacao_rede_publica.51899","source_id":"sp_geosampa_educacao_rede_publica","name":"MANUEL BANDEIRA","name_derived":false,"category":"school","subcategory":"primary_secondary","geometry_type":"Point","address":"JULIO CESAR LEAL, 15, VILA PERUS, 05208-000","equipment_type":"EE","administrative_sphere":null,"included_in_metrics":true,"exclusion_reason":null,"override_reason":null,"outside_boundary":false}},{"type":"Feature","geometry":{"type":"Point","coordinates":[-46.45238122,-23.61237613]},"properties":{"id":"sp_geosampa_educacao_rede_publica:equipamento_educacao_rede_publica.51900","source_id":"sp_geosampa_educacao_rede_publica","name":"MOZART TAVARES DE LIMA PROFESSOR","name_derived":false,"category":"school","subcategory":"primary_secondary","geometry_type":"Point","address":"MARCOS GONCALVES CORREA, 21, JARDIM VILA CARRAO, 08340-320","equipment_type":"EE","administrative_sphere":null,"included_in_metrics":true,"exclusion_reason":null,"override_reason":null,"outside_boundary":false}},{"type":"Feature","geometry":{"type":"Point","coordinates":[-46.54319609,-23.60109268]},"properties":{"id":"sp_geosampa_educacao_rede_publica:equipamento_educacao_rede_publica.51901","source_id":"sp_geosampa_educacao_rede_publica","name":"BRANCA CASTRO CANTO E MELO PROFESSORA","name_derived":false,"category":"school","subcategory":"primary_secondary","geometry_type":"Point","address":"COSTA BARROS, 2521, SITIO PINHEIRINHO, 03210-001","equipment_type":"EE","administrative_sphere":null,"included_in_metrics":true,"exclusion_reason":null,"override_reason":null,"outside_boundary":false}},{"type":"Feature","geometry":{"type":"Point","coordinates":[-46.55435379,-23.60235952]},"properties":{"id":"sp_geosampa_educacao_rede_publica:equipamento_educacao_rede_publica.51902","source_id":"sp_geosampa_educacao_rede_publica","name":"OSWALDO GUERNER GONZALEZ PROFESSOR","name_derived":false,"category":"school","subcategory":"primary_secondary","geometry_type":"Point","address":"CARUSO, 314, VILA ALPINA, 03211-060","equipment_type":"EE","administrative_sphere":null,"included_in_metrics":true,"exclusion_reason":null,"override_reason":null,"outside_boundary":false}},{"type":"Feature","geometry":{"type":"Point","coordinates":[-46.48947311,-23.51611972]},"properties":{"id":"sp_geosampa_educacao_rede_publica:equipamento_educacao_rede_publica.51903","source_id":"sp_geosampa_educacao_rede_publica","name":"LUIS GONZAGA CARVALHO MELO PROFESSOR","name_derived":false,"category":"school","subcategory":"primary_secondary","geometry_type":"Point","address":"ANTONIO DE TOLEDO LARA FILHO, 116, VILA SAO FRANCISCO ZONA LESTE, 03678-050","equipment_type":"EE","administrative_sphere":null,"included_in_metrics":true,"exclusion_reason":null,"override_reason":null,"outside_boundary":false}},{"type":"Feature","geometry":{"type":"Point","coordinates":[-46.52802161,-23.49803941]},"properties":{"id":"sp_geosampa_educacao_rede_publica:equipamento_educacao_rede_publica.51904","source_id":"sp_geosampa_educacao_rede_publica","name":"ANNE FRANK","name_derived":false,"category":"school","subcategory":"primary_secondary","geometry_type":"Point","address":"GUIRA ACANGATARA, 149, JARDIM SANTO ONOFRE, 03719-000","equipment_type":"EE","administrative_sphere":null,"included_in_metrics":true,"exclusion_reason":null,"override_reason":null,"outside_boundary":false}},{"type":"Feature","geometry":{"type":"Point","coordinates":[-46.4983665,-23.4980989]},"properties":{"id":"sp_geosampa_educacao_rede_publica:equipamento_educacao_rede_publica.51905","source_id":"sp_geosampa_educacao_rede_publica","name":"GERALDO CAMPOS MOREIRA PROFESSOR DOUTOR","name_derived":false,"category":"school","subcategory":"primary_secondary","geometry_type":"Point","address":"MUTUIPE, 10, PARQUE CISPER, 03819-090","equipment_type":"EE","administrative_sphere":null,"included_in_metrics":true,"exclusion_reason":null,"override_reason":null,"outside_boundary":false}},{"type":"Feature","geometry":{"type":"Point","coordinates":[-46.42479433,-23.47472788]},"properties":{"id":"sp_geosampa_educacao_rede_publica:equipamento_educacao_rede_publica.51906","source_id":"sp_geosampa_educacao_rede_publica","name":"HECKEL TAVARES","name_derived":false,"category":"school","subcategory":"primary_secondary","geometry_type":"Point","address":"JOSE ARTUR NOVA DOUTOR, 2737, PARQUE PAULISTANO, 08090-000","equipment_type":"EE","administrative_sphere":null,"included_in_metrics":true,"exclusion_reason":null,"override_reason":null,"outside_boundary":false}},{"type":"Feature","geometry":{"type":"Point","coordinates":[-46.44593274,-23.50599995]},"properties":{"id":"sp_geosampa_educacao_rede_publica:equipamento_educacao_rede_publica.51907","source_id":"sp_geosampa_educacao_rede_publica","name":"ASTROGILDO ARRUDA PROF","name_derived":false,"category":"school","subcategory":"primary_secondary","geometry_type":"Point","address":"DOMINGOS DO SACRAMENTO, 275, VILA CAROLINA, 08040-130","equipment_type":"EE","administrative_sphere":null,"included_in_metrics":true,"exclusion_reason":null,"override_reason":null,"outside_boundary":false}},{"type":"Feature","geometry":{"type":"Point","coordinates":[-46.44425795,-23.54722674]},"properties":{"id":"sp_geosampa_educacao_rede_publica:equipamento_educacao_rede_publica.51908","source_id":"sp_geosampa_educacao_rede_publica","name":"ANISIO TEIXEIRA PROFESSOR","name_derived":false,"category":"school","subcategory":"primary_secondary","geometry_type":"Point","address":"RIO URUU, 9, ITAQUERA, 08215-580","equipment_type":"EE","administrative_sphere":null,"included_in_metrics":true,"exclusion_reason":null,"override_reason":null,"outside_boundary":false}},{"type":"Feature","geometry":{"type":"Point","coordinates":[-46.41638166,-23.54928862]},"properties":{"id":"sp_geosampa_educacao_rede_publica:equipamento_educacao_rede_publica.51909","source_id":"sp_geosampa_educacao_rede_publica","name":"HUMBERTO DANTAS","name_derived":false,"category":"school","subcategory":"primary_secondary","geometry_type":"Point","address":"SERRA DO MAR, 50, VILA PRINCESA ISABEL, 08410-160","equipment_type":"EE","administrative_sphere":null,"included_in_metrics":true,"exclusion_reason":null,"override_reason":null,"outside_boundary":false}},{"type":"Feature","geometry":{"type":"Point","coordinates":[-46.41747213,-23.5534732]},"properties":{"id":"sp_geosampa_educacao_rede_publica:equipamento_educacao_rede_publica.51910","source_id":"sp_geosampa_educacao_rede_publica","name":"ROCCA DORDALL","name_derived":false,"category":"school","subcategory":"primary_secondary","geometry_type":"Point","address":"DOUTOR RODRIGUES DE ALMEIDA, 143, VILA BUENOS AIRES, 08411-350","equipment_type":"EE","administrative_sphere":null,"included_in_metrics":true,"exclusion_reason":null,"override_reason":null,"outside_boundary":false}},{"type":"Feature","geometry":{"type":"Point","coordinates":[-46.40645002,-23.54350492]},"properties":{"id":"sp_geosampa_educacao_rede_publica:equipamento_educacao_rede_publica.51911","source_id":"sp_geosampa_educacao_rede_publica","name":"JOAQUIM EUGENIO LIMA NETO","name_derived":false,"category":"school","subcategory":"primary_secondary","geometry_type":"Point","address":"CHAPADA DIAMANTINA, 521, LAJEADO, 08450-150","equipment_type":"EE","administrative_sphere":null,"included_in_metrics":true,"exclusion_reason":null,"override_reason":null,"outside_boundary":false}},{"type":"Feature","geometry":{"type":"Point","coordinates":[-46.39912355,-23.55371139]},"properties":{"id":"sp_geosampa_educacao_rede_publica:equipamento_educacao_rede_publica.51912","source_id":"sp_geosampa_educacao_rede_publica","name":"ERNESTINA DEL BUONO TRAMA PROFESSORA","name_derived":false,"category":"school","subcategory":"primary_secondary","geometry_type":"Point","address":"FELICIANO DE MENDONCA, 418, JARDIM SAO PAULO ZONA LESTE, 08460-365","equipment_type":"EE","administrative_sphere":null,"included_in_metrics":true,"exclusion_reason":null,"override_reason":null,"outside_boundary":false}},{"type":"Feature","geometry":{"type":"Point","coordinates":[-46.41936196,-23.53835242]},"properties":{"id":"sp_geosampa_educacao_rede_publica:equipamento_educacao_rede_publica.51913","source_id":"sp_geosampa_educacao_rede_publica","name":"COSME DE FARIA MAJOR","name_derived":false,"category":"school","subcategory":"primary_secondary","geometry_type":"Point","address":"ANIBAL THOMAZ GOMES, 87, JARDIM NOVA GUAIANAZES, 08431-191","equipment_type":"EE","administrative_sphere":null,"included_in_metrics":true,"exclusion_reason":null,"override_reason":null,"outside_boundary":false}},{"type":"Feature","geometry":{"type":"Point","coordinates":[-46.68629784,-23.46979299]},"properties":{"id":"sp_geosampa_educacao_rede_publica:equipamento_educacao_rede_publica.51914","source_id":"sp_geosampa_educacao_rede_publica","name":"MARTIN EGIDIO DAMY","name_derived":false,"category":"school","subcategory":"primary_secondary","geometry_type":"Point","address":"PAULO GARCIA AQUILINE, 406, BRASILANDIA, 02844-120","equipment_type":"EE","administrative_sphere":null,"included_in_metrics":true,"exclusion_reason":null,"override_reason":null,"outside_boundary":false}},{"type":"Feature","geometry":{"type":"Point","coordinates":[-46.51174215,-23.57629693]},"properties":{"id":"sp_geosampa_educacao_rede_publica:equipamento_educacao_rede_publica.51915","source_id":"sp_geosampa_educacao_rede_publica","name":"DUQUE DE CAXIAS","name_derived":false,"category":"school","subcategory":"primary_secondary","geometry_type":"Point","address":"CORONEL JOAO DE OLIVEIRA MELO, 967, VILA ANTONIETA, 03474-020","equipment_type":"EE","administrative_sphere":null,"included_in_metrics":true,"exclusion_reason":null,"override_reason":null,"outside_boundary":false}},{"type":"Feature","geometry":{"type":"Point","coordinates":[-46.44863283,-23.50091455]},"properties":{"id":"sp_geosampa_educacao_rede_publica:equipamento_educacao_rede_publica.51916","source_id":"sp_geosampa_educacao_rede_publica","name":"TIDE SETUBAL","name_derived":false,"category":"school","subcategory":"primary_secondary","geometry_type":"Point","address":"JAIME BARCELOS, 535, VILA JACUI, 08060-200","equipment_type":"EE","administrative_sphere":null,"included_in_metrics":true,"exclusion_reason":null,"override_reason":null,"outside_boundary":false}},{"type":"Feature","geometry":{"type":"Point","coordinates":[-46.41018969,-23.48699002]},"properties":{"id":"sp_geosampa_educacao_rede_publica:equipamento_educacao_rede_publica.51917","source_id":"sp_geosampa_educacao_rede_publica","name":"HENRIQUE SMITH BAYMA DR","name_derived":false,"category":"school","subcategory":"primary_secondary","geometry_type":"Point","address":"SALSA PARRILHA, SN, JARDIM MAIA, 08180-310","equipment_type":"EE","administrative_sphere":null,"included_in_metrics":true,"exclusion_reason":null,"override_reason":null,"outside_boundary":false}},{"type":"Feature","geometry":{"type":"Point","coordinates":[-46.52878864,-23.57932085]},"properties":{"id":"sp_geosampa_educacao_rede_publica:equipamento_educacao_rede_publica.51918","source_id":"sp_geosampa_educacao_rede_publica","name":"CESAR MARENGO","name_derived":false,"category":"school","subcategory":"primary_secondary","geometry_type":"Point","address":"JOAQUIM PEIXOTO, 108, CHACARA BELENZINHO, 03382-167","equipment_type":"EE","administrative_sphere":null,"included_in_metrics":true,"exclusion_reason":null,"override_reason":null,"outside_boundary":false}},{"type":"Feature","geometry":{"type":"Point","coordinates":[-46.57300365,-23.50103886]},"properties":{"id":"sp_geosampa_educacao_rede_publica:equipamento_educacao_rede_publica.51919","source_id":"sp_geosampa_educacao_rede_publica","name":"FRANCISCO DA COSTA GUEDES","name_derived":false,"category":"school","subcategory":"primary_secondary","geometry_type":"Point","address":"DAS CEREJEIRAS, 2435, JARDIM JAPAO, 02124-002","equipment_type":"EE","administrative_sphere":null,"included_in_metrics":true,"exclusion_reason":null,"override_reason":null,"outside_boundary":false}},{"type":"Feature","geometry":{"type":"Point","coordinates":[-46.65948939,-23.45801797]},"properties":{"id":"sp_geosampa_educacao_rede_publica:equipamento_educacao_rede_publica.51920","source_id":"sp_geosampa_educacao_rede_publica","name":"ELZA SARAIVA MONTEIRO PROFA","name_derived":false,"category":"school","subcategory":"primary_secondary","geometry_type":"Point","address":"MARIANA CALIGIORI RONCHETTI, 1200, JARDIM PERI, 02650-000","equipment_type":"EE","administrative_sphere":null,"included_in_metrics":true,"exclusion_reason":null,"override_reason":null,"outside_boundary":false}},{"type":"Feature","geometry":{"type":"Point","coordinates":[-46.71010341,-23.71509343]},"properties":{"id":"sp_geosampa_educacao_rede_publica:equipamento_educacao_rede_publica.51921","source_id":"sp_geosampa_educacao_rede_publica","name":"FRANCISCO JOAO DE AZEVEDO PADRE","name_derived":false,"category":"school","subcategory":"primary_secondary","geometry_type":"Point","address":"ALCINDO FERREIRA, 2, JARDIM CRUZEIRO, 04803-170","equipment_type":"EE","administrative_sphere":null,"included_in_metrics":true,"exclusion_reason":null,"override_reason":null,"outside_boundary":false}},{"type":"Feature","geometry":{"type":"Point","coordinates":[-46.75971273,-23.6922488]},"properties":{"id":"sp_geosampa_educacao_rede_publica:equipamento_educacao_rede_publica.51922","source_id":"sp_geosampa_educacao_rede_publica","name":"OSWALD DE ANDRADE","name_derived":false,"category":"school","subcategory":"primary_secondary","geometry_type":"Point","address":"JOSE CARLOS DOS SANTOS MARQUES, 300, JARDIM HERCULANO, 04920-010","equipment_type":"EE","administrative_sphere":null,"included_in_metrics":true,"exclusion_reason":null,"override_reason":null,"outside_boundary":false}},{"type":"Feature","geometry":{"type":"Point","coordinates":[-46.70318695,-23.74842148]},"properties":{"id":"sp_geosampa_educacao_rede_publica:equipamento_educacao_rede_publica.51923","source_id":"sp_geosampa_educacao_rede_publica","name":"VICENTE DE PAULO DALE COUTINHO GAL EXE","name_derived":false,"category":"school","subcategory":"primary_secondary","geometry_type":"Point","address":"GIOVANNI GABRIELI, 712, JARDIM ICARAI, 04844-200","equipment_type":"EE","administrative_sphere":null,"included_in_metrics":true,"exclusion_reason":null,"override_reason":null,"outside_boundary":false}},{"type":"Feature","geometry":{"type":"Point","coordinates":[-46.63930374,-23.55081131]},"properties":{"id":"sp_geosampa_educacao_rede_publica:equipamento_educacao_rede_publica.51924","source_id":"sp_geosampa_educacao_rede_publica","name":"LOURIVAL GOMES MACHADO PROFESSOR","name_derived":false,"category":"school","subcategory":"primary_secondary","geometry_type":"Point","address":"DE SANTO AMARO, 55, JARDIM EDUCANDARIO, 05544-000","equipment_type":"EE","administrative_sphere":null,"included_in_metrics":true,"exclusion_reason":null,"override_reason":null,"outside_boundary":false}},{"type":"Feature","geometry":{"type":"Point","coordinates":[-46.75001142,-23.58184007]},"properties":{"id":"sp_geosampa_educacao_rede_publica:equipamento_educacao_rede_publica.51925","source_id":"sp_geosampa_educacao_rede_publica","name":"ALMEIDA JUNIOR PROFESSOR","name_derived":false,"category":"school","subcategory":"primary_secondary","geometry_type":"Point","address":"ENGENHEIRO HEITOR ANTONIO EIRAS GARCIA, 1874, JARDIM MARIA LUIZA, 05588-001","equipment_type":"EE","administrative_sphere":null,"included_in_metrics":true,"exclusion_reason":null,"override_reason":null,"outside_boundary":false}},{"type":"Feature","geometry":{"type":"Point","coordinates":[-46.69485563,-23.71167643]},"properties":{"id":"sp_geosampa_educacao_rede_publica:equipamento_educacao_rede_publica.51926","source_id":"sp_geosampa_educacao_rede_publica","name":"LAERTE RAMOS DE CARVALHO PROF DR","name_derived":false,"category":"school","subcategory":"primary_secondary","geometry_type":"Point","address":"ANIBAL DOS ANJOS CARVALHO, 5, VILA SANTA MARIA, 04810-050","equipment_type":"EE","administrative_sphere":null,"included_in_metrics":true,"exclusion_reason":null,"override_reason":null,"outside_boundary":false}},{"type":"Feature","geometry":{"type":"Point","coordinates":[-46.67626886,-23.65495506]},"properties":{"id":"sp_geosampa_educacao_rede_publica:equipamento_educacao_rede_publica.51927","source_id":"sp_geosampa_educacao_rede_publica","name":"LUIZ SIMIONI SOBRINHO PROFESSOR","name_derived":false,"category":"school","subcategory":"primary_secondary","geometry_type":"Point","address":"FRANCISCO LOPES PINTO, 282, JARDIM PRUDENCIA, 04649-110","equipment_type":"EE","administrative_sphere":null,"included_in_metrics":true,"exclusion_reason":null,"override_reason":null,"outside_boundary":false}},{"type":"Feature","geometry":{"type":"Point","coordinates":[-46.77558135,-23.64376255]},"properties":{"id":"sp_geosampa_educacao_rede_publica:equipamento_educacao_rede_publica.51928","source_id":"sp_geosampa_educacao_rede_publica","name":"MESSIAS FREIRE PROFESSOR","name_derived":false,"category":"school","subcategory":"primary_secondary","geometry_type":"Point","address":"IBI, 18, JARDIM LEONIDAS MOREIRA, 05792-070","equipment_type":"EE","administrative_sphere":null,"included_in_metrics":true,"exclusion_reason":null,"override_reason":null,"outside_boundary":false}},{"type":"Feature","geometry":{"type":"Point","coordinates":[-46.79270297,-23.73175659]},"properties":{"id":"sp_geosampa_educacao_rede_publica:equipamento_educacao_rede_publica.51929","source_id":"sp_geosampa_educacao_rede_publica","name":"SAMUEL MORSE PROFESSOR","name_derived":false,"category":"school","subcategory":"primary_secondary","geometry_type":"Point","address":"JOSE ESTIMA FILHO, SN, PARQUE SANTA BARBARA, 04960-020","equipment_type":"EE","administrative_sphere":null,"included_in_metrics":true,"exclusion_reason":null,"override_reason":null,"outside_boundary":false}},{"type":"Feature","geometry":{"type":"Point","coordinates":[-46.7351957,-23.80776888]},"properties":{"id":"sp_geosampa_educacao_rede_publica:equipamento_educacao_rede_publica.51930","source_id":"sp_geosampa_educacao_rede_publica","name":"CANDIDO DE OLIVEIRA PROF","name_derived":false,"category":"school","subcategory":"primary_secondary","geometry_type":"Point","address":"LUIZ PINELLI, 29, JARDIM ALADIM, 04883-200","equipment_type":"EE","administrative_sphere":null,"included_in_metrics":true,"exclusion_reason":null,"override_reason":null,"outside_boundary":false}},{"type":"Feature","geometry":{"type":"Point","coordinates":[-46.73552509,-23.58621943]},"properties":{"id":"sp_geosampa_educacao_rede_publica:equipamento_educacao_rede_publica.51931","source_id":"sp_geosampa_educacao_rede_publica","name":"ALCIDES DA COSTA VIDIGAL","name_derived":false,"category":"school","subcategory":"primary_secondary","geometry_type":"Point","address":"GEREMIA LUNARDELLI, 370, JARDIM PERI PERI, 05537-100","equipment_type":"EE","administrative_sphere":null,"included_in_metrics":true,"exclusion_reason":null,"override_reason":null,"outside_boundary":false}},{"type":"Feature","geometry":{"type":"Point","coordinates":[-46.72341347,-23.61653089]},"properties":{"id":"sp_geosampa_educacao_rede_publica:equipamento_educacao_rede_publica.51932","source_id":"sp_geosampa_educacao_rede_publica","name":"HOMERO DOS SANTOS FORTE PROFESSOR","name_derived":false,"category":"school","subcategory":"primary_secondary","geometry_type":"Point","address":"HERBERT SPENCER, 113, PARAISOPOLIS, 05663-010","equipment_type":"EE","administrative_sphere":null,"included_in_metrics":true,"exclusion_reason":null,"override_reason":null,"outside_boundary":false}},{"type":"Feature","geometry":{"type":"Point","coordinates":[-46.60919003,-23.6529632]},"properties":{"id":"sp_geosampa_educacao_rede_publica:equipamento_educacao_rede_publica.51933","source_id":"sp_geosampa_educacao_rede_publica","name":"ALVARO DE SOUZA LIMA DOUTOR","name_derived":false,"category":"school","subcategory":"primary_secondary","geometry_type":"Point","address":"MEMORIAL DE AIRES, 478, JARDIM SAO SAVERIO, 04194-280","equipment_type":"EE","administrative_sphere":null,"included_in_metrics":true,"exclusion_reason":null,"override_reason":null,"outside_boundary":false}},{"type":"Feature","geometry":{"type":"Point","coordinates":[-46.77040688,-23.65444741]},"properties":{"id":"sp_geosampa_educacao_rede_publica:equipamento_educacao_rede_publica.51934","source_id":"sp_geosampa_educacao_rede_publica","name":"CAFE FILHO PRESIDENTE","name_derived":false,"category":"school","subcategory":"primary_secondary","geometry_type":"Point","address":"GASTAO RAUL DE FORTON BOUSQUET, 401, JARDIM IPE, 05797-000","equipment_type":"EE","administrative_sphere":null,"included_in_metrics":true,"exclusion_reason":null,"override_reason":null,"outside_boundary":false}},{"type":"Feature","geometry":{"type":"Point","coordinates":[-46.73894217,-23.50291438]},"properties":{"id":"sp_geosampa_educacao_rede_publica:equipamento_educacao_rede_publica.51935","source_id":"sp_geosampa_educacao_rede_publica","name":"ANTONIO CARLOS FERREIRA NOBRE PROFESSOR","name_derived":false,"category":"school","subcategory":"primary_secondary","geometry_type":"Point","address":"AGOSTINHO DOS SANTOS, 235, PARQUE SAO DOMINGOS, 05125-050","equipment_type":"EE","administrative_sphere":null,"included_in_metrics":true,"exclusion_reason":null,"override_reason":null,"outside_boundary":false}},{"type":"Feature","geometry":{"type":"Point","coordinates":[-46.6876651,-23.45971501]},"properties":{"id":"sp_geosampa_educacao_rede_publica:equipamento_educacao_rede_publica.51936","source_id":"sp_geosampa_educacao_rede_publica","name":"UBALDO COSTA LEITE DOUTOR","name_derived":false,"category":"school","subcategory":"primary_secondary","geometry_type":"Point","address":"JOSE DA COSTA PEREIRA, 70, JARDIM GUARANI, 02851-130","equipment_type":"EE","administrative_sphere":null,"included_in_metrics":true,"exclusion_reason":null,"override_reason":null,"outside_boundary":false}},{"type":"Feature","geometry":{"type":"Point","coordinates":[-46.75393838,-23.50914423]},"properties":{"id":"sp_geosampa_educacao_rede_publica:equipamento_educacao_rede_publica.51937","source_id":"sp_geosampa_educacao_rede_publica","name":"PAULO NOGUEIRA FILHO","name_derived":false,"category":"school","subcategory":"primary_secondary","geometry_type":"Point","address":"ADAO GONCALVES, 70, VILA DOS REMEDIOS, 05105-010","equipment_type":"EE","administrative_sphere":null,"included_in_metrics":true,"exclusion_reason":null,"override_reason":null,"outside_boundary":false}},{"type":"Feature","geometry":{"type":"Point","coordinates":[-46.69352682,-23.476329]},"properties":{"id":"sp_geosampa_educacao_rede_publica:equipamento_educacao_rede_publica.51938","source_id":"sp_geosampa_educacao_rede_publica","name":"EDGARD PIMENTEL REZENDE PROFESSOR","name_derived":false,"category":"school","subcategory":"primary_secondary","geometry_type":"Point","address":"JERONIMO SOUTO MAIOR, 120, VILA NINA, 02834-090","equipment_type":"EE","administrative_sphere":null,"included_in_metrics":true,"exclusion_reason":null,"override_reason":null,"outside_boundary":false}},{"type":"Feature","geometry":{"type":"Point","coordinates":[-46.70705004,-23.45945922]},"properties":{"id":"sp_geosampa_educacao_rede_publica:equipamento_educacao_rede_publica.51939","source_id":"sp_geosampa_educacao_rede_publica","name":"CRISPIM DE OLIVEIRA PROFESSOR","name_derived":false,"category":"school","subcategory":"primary_secondary","geometry_type":"Point","address":"JOAQUIM DE SOUSA BRITO, 122, JARDIM PAULISTANO ZONA NORTE, 02816-030","equipment_type":"EE","administrative_sphere":null,"included_in_metrics":true,"exclusion_reason":null,"override_reason":null,"outside_boundary":false}},{"type":"Feature","geometry":{"type":"Point","coordinates":[-46.74447667,-23.44963339]},"properties":{"id":"sp_geosampa_educacao_rede_publica:equipamento_educacao_rede_publica.51940","source_id":"sp_geosampa_educacao_rede_publica","name":"ANA SIQUEIRA DA SILVA","name_derived":false,"category":"school","subcategory":"primary_secondary","geometry_type":"Point","address":"MAURO DE ARAUJO RIBEIRO, 678, CIDADE D ABRIL, 05182-000","equipment_type":"EE","administrative_sphere":null,"included_in_metrics":true,"exclusion_reason":null,"override_reason":null,"outside_boundary":false}},{"type":"Feature","geometry":{"type":"Point","coordinates":[-46.71496306,-23.47330049]},"properties":{"id":"sp_geosampa_educacao_rede_publica:equipamento_educacao_rede_publica.51941","source_id":"sp_geosampa_educacao_rede_publica","name":"CARLOS FREDERICO WERNECK LACERDA JORNALISTA","name_derived":false,"category":"school","subcategory":"primary_secondary","geometry_type":"Point","address":"CONCEICAO DO NORTE, 906, VILA ZAT, 02976-200","equipment_type":"EE","administrative_sphere":null,"included_in_metrics":true,"exclusion_reason":null,"override_reason":null,"outside_boundary":false}},{"type":"Feature","geometry":{"type":"Point","coordinates":[-46.70504383,-23.49133622]},"properties":{"id":"sp_geosampa_educacao_rede_publica:equipamento_educacao_rede_publica.51942","source_id":"sp_geosampa_educacao_rede_publica","name":"MILTON DA SILVA RODRIGUES PROFESSOR","name_derived":false,"category":"school","subcategory":"primary_secondary","geometry_type":"Point","address":"JOAO CORDEIRO, 929, MOINHO VELHO, 02960-000","equipment_type":"EE","administrative_sphere":null,"included_in_metrics":true,"exclusion_reason":null,"override_reason":null,"outside_boundary":false}},{"type":"Feature","geometry":{"type":"Point","coordinates":[-46.69217266,-23.48005307]},"properties":{"id":"sp_geosampa_educacao_rede_publica:equipamento_educacao_rede_publica.51943","source_id":"sp_geosampa_educacao_rede_publica","name":"CACILDA BECKER","name_derived":false,"category":"school","subcategory":"primary_secondary","geometry_type":"Point","address":"CAPITAO JOSE AMARAL, 44, VILA PORTUGUESA, 02832-110","equipment_type":"EE","administrative_sphere":null,"included_in_metrics":true,"exclusion_reason":null,"override_reason":null,"outside_boundary":false}},{"type":"Feature","geometry":{"type":"Point","coordinates":[-46.65068049,-23.48318962]},"properties":{"id":"sp_geosampa_educacao_rede_publica:equipamento_educacao_rede_publica.51944","source_id":"sp_geosampa_educacao_rede_publica","name":"ARLETE TEREZINHA PIZAO PROFA","name_derived":false,"category":"school","subcategory":"primary_secondary","geometry_type":"Point","address":"RODRIGUES ALVARENGA, 308, IMIRIM, 02471-160","equipment_type":"EE","administrative_sphere":null,"included_in_metrics":true,"exclusion_reason":null,"override_reason":null,"outside_boundary":false}},{"type":"Feature","geometry":{"type":"Point","coordinates":[-46.6447367,-23.49138894]},"properties":{"id":"sp_geosampa_educacao_rede_publica:equipamento_educacao_rede_publica.51945","source_id":"sp_geosampa_educacao_rede_publica","name":"ORLANDO HORACIO VITA PROFESSOR","name_derived":false,"category":"school","subcategory":"primary_secondary","geometry_type":"Point","address":"DIOGO CABRERA, 424, IMIRIM, 02467-060","equipment_type":"EE","administrative_sphere":null,"included_in_metrics":true,"exclusion_reason":null,"override_reason":null,"outside_boundary":false}},{"type":"Feature","geometry":{"type":"Point","coordinates":[-46.6430793,-23.50106308]},"properties":{"id":"sp_geosampa_educacao_rede_publica:equipamento_educacao_rede_publica.51946","source_id":"sp_geosampa_educacao_rede_publica","name":"DAILY RESENDE FRANCA PROFESSOR","name_derived":false,"category":"school","subcategory":"primary_secondary","geometry_type":"Point","address":"MARIA CURUPAITI, 706, VILA ESTER, 02452-001","equipment_type":"EE","administrative_sphere":null,"included_in_metrics":true,"exclusion_reason":null,"override_reason":null,"outside_boundary":false}},{"type":"Feature","geometry":{"type":"Point","coordinates":[-46.65874275,-23.47696893]},"properties":{"id":"sp_geosampa_educacao_rede_publica:equipamento_educacao_rede_publica.51947","source_id":"sp_geosampa_educacao_rede_publica","name":"YOLANDO MALLOZZI","name_derived":false,"category":"school","subcategory":"primary_secondary","geometry_type":"Point","address":"ATLANTICO MERIDIONAL, 116, VILA ROQUE, 02474-125","equipment_type":"EE","administrative_sphere":null,"included_in_metrics":true,"exclusion_reason":null,"override_reason":null,"outside_boundary":false}},{"type":"Feature","geometry":{"type":"Point","coordinates":[-46.6061973,-23.47648263]},"properties":{"id":"sp_geosampa_educacao_rede_publica:equipamento_educacao_rede_publica.51948","source_id":"sp_geosampa_educacao_rede_publica","name":"LUZIA GODOY PROFA","name_derived":false,"category":"school","subcategory":"primary_secondary","geometry_type":"Point","address":"AUSONIA, 143, VILA MAZZEI, 02308-050","equipment_type":"EE","administrative_sphere":null,"included_in_metrics":true,"exclusion_reason":null,"override_reason":null,"outside_boundary":false}},{"type":"Feature","geometry":{"type":"Point","coordinates":[-46.57327043,-23.47956078]},"properties":{"id":"sp_geosampa_educacao_rede_publica:equipamento_educacao_rede_publica.51949","source_id":"sp_geosampa_educacao_rede_publica","name":"VERIDIANA CAMACHO CARVALHO GOMES PROFA","name_derived":false,"category":"school","subcategory":"primary_secondary","geometry_type":"Point","address":"CARLOS DOS SANTOS, 781, JARDIM BRASIL ZONA NORTE, 02234-000","equipment_type":"EE","administrative_sphere":null,"included_in_metrics":true,"exclusion_reason":null,"override_reason":null,"outside_boundary":false}},{"type":"Feature","geometry":{"type":"Point","coordinates":[-46.58600871,-23.48756822]},"properties":{"id":"sp_geosampa_educacao_rede_publica:equipamento_educacao_rede_publica.51950","source_id":"sp_geosampa_educacao_rede_publica","name":"JUSTINO CARDOSO DR","name_derived":false,"category":"school","subcategory":"primary_secondary","geometry_type":"Point","address":"JOAO SOUTO MAIOR, 465, VILA MEDEIROS, 02218-000","equipment_type":"EE","administrative_sphere":null,"included_in_metrics":true,"exclusion_reason":null,"override_reason":null,"outside_boundary":false}},{"type":"Feature","geometry":{"type":"Point","coordinates":[-46.5352764,-23.61113528]},"properties":{"id":"sp_geosampa_educacao_rede_publica:equipamento_educacao_rede_publica.51951","source_id":"sp_geosampa_educacao_rede_publica","name":"JOAQUIM GOUVEIA FRANCO JUNIOR DEPUTADO","name_derived":false,"category":"school","subcategory":"primary_secondary","geometry_type":"Point","address":"VITOR HESS, 51, VILA INDUSTRIAL, 03253-005","equipment_type":"EE","administrative_sphere":null,"included_in_metrics":true,"exclusion_reason":null,"override_reason":null,"outside_boundary":false}},{"type":"Feature","geometry":{"type":"Point","coordinates":[-46.52195146,-23.60159718]},"properties":{"id":"sp_geosampa_educacao_rede_publica:equipamento_educacao_rede_publica.51952","source_id":"sp_geosampa_educacao_rede_publica","name":"DIDIO DA SILVEIRA BALDY PROF","name_derived":false,"category":"school","subcategory":"primary_secondary","geometry_type":"Point","address":"SARAZATE SENADOR, SN, VILA TOLSTOI, 03270-020","equipment_type":"EE","administrative_sphere":null,"included_in_metrics":true,"exclusion_reason":null,"override_reason":null,"outside_boundary":false}},{"type":"Feature","geometry":{"type":"Point","coordinates":[-46.73782283,-23.45261279]},"properties":{"id":"sp_geosampa_educacao_rede_publica:equipamento_educacao_rede_publica.51953","source_id":"sp_geosampa_educacao_rede_publica","name":"ITALO BETARELLO","name_derived":false,"category":"school","subcategory":"primary_secondary","geometry_type":"Point","address":"ANDRESA, 120, JARDIM SAO JOAO JARAGUA, 02995-140","equipment_type":"EE","administrative_sphere":null,"included_in_metrics":true,"exclusion_reason":null,"override_reason":null,"outside_boundary":false}},{"type":"Feature","geometry":{"type":"Point","coordinates":[-46.51768845,-23.58044543]},"properties":{"id":"sp_geosampa_educacao_rede_publica:equipamento_educacao_rede_publica.51954","source_id":"sp_geosampa_educacao_rede_publica","name":"EDUARDO CARLOS PEREIRA","name_derived":false,"category":"school","subcategory":"primary_secondary","geometry_type":"Point","address":"INCONFIDENCIA MINEIRA, 576, VILA RICA, 03911-000","equipment_type":"EE","administrative_sphere":null,"included_in_metrics":true,"exclusion_reason":null,"override_reason":null,"outside_boundary":false}},{"type":"Feature","geometry":{"type":"Point","coordinates":[-46.39620382,-23.51765758]},"properties":{"id":"sp_geosampa_educacao_rede_publica:equipamento_educacao_rede_publica.51955","source_id":"sp_geosampa_educacao_rede_publica","name":"ALCEU GUERNER GONZALEZ PROF","name_derived":false,"category":"school","subcategory":"primary_secondary","geometry_type":"Point","address":"CORNELIO DE ARZAO, 1786, JARDIM MIRIAM, 08140-550","equipment_type":"EE","administrative_sphere":null,"included_in_metrics":true,"exclusion_reason":null,"override_reason":null,"outside_boundary":false}},{"type":"Feature","geometry":{"type":"Point","coordinates":[-46.64386825,-23.55294767]},"properties":{"id":"sp_geosampa_educacao_rede_publica:equipamento_educacao_rede_publica.51956","source_id":"sp_geosampa_educacao_rede_publica","name":"MARIA AUGUSTA SARAIVA DOUTORA","name_derived":false,"category":"school","subcategory":"primary_secondary","geometry_type":"Point","address":"MAJOR DIOGO, 200, BELA VISTA, 01324-000","equipment_type":"EE","administrative_sphere":null,"included_in_metrics":true,"exclusion_reason":null,"override_reason":null,"outside_boundary":false}},{"type":"Feature","geometry":{"type":"Point","coordinates":[-46.74644617,-23.55096894]},"properties":{"id":"sp_geosampa_educacao_rede_publica:equipamento_educacao_rede_publica.51957","source_id":"sp_geosampa_educacao_rede_publica","name":"AUGUSTO DO AMARAL DEPUTADO","name_derived":false,"category":"school","subcategory":"primary_secondary","geometry_type":"Point","address":"EULO MARONI, 244, VILA LAGEADO, 05338-100","equipment_type":"EE","administrative_sphere":null,"included_in_metrics":true,"exclusion_reason":null,"override_reason":null,"outside_boundary":false}},{"type":"Feature","geometry":{"type":"Point","coordinates":[-46.63034808,-23.56521104]},"properties":{"id":"sp_geosampa_educacao_rede_publica:equipamento_educacao_rede_publica.51958","source_id":"sp_geosampa_educacao_rede_publica","name":"CAETANO DE CAMPOS","name_derived":false,"category":"school","subcategory":"primary_secondary","geometry_type":"Point","address":"PIRES DA MOTA, 99, ACLIMACAO, 01529-001","equipment_type":"EE","administrative_sphere":null,"included_in_metrics":true,"exclusion_reason":null,"override_reason":null,"outside_boundary":false}},{"type":"Feature","geometry":{"type":"Point","coordinates":[-46.61718704,-23.61710273]},"properties":{"id":"sp_geosampa_educacao_rede_publica:equipamento_educacao_rede_publica.51959","source_id":"sp_geosampa_educacao_rede_publica","name":"RUBENS DO AMARAL DEPUTADO","name_derived":false,"category":"school","subcategory":"primary_secondary","geometry_type":"Point","address":"FILIPE CARDOSO, 554, JARDIM DA SAUDE, 04149-080","equipment_type":"EE","administrative_sphere":null,"included_in_metrics":true,"exclusion_reason":null,"override_reason":null,"outside_boundary":false}},{"type":"Feature","geometry":{"type":"Point","coordinates":[-46.59689082,-23.64013911]},"properties":{"id":"sp_geosampa_educacao_rede_publica:equipamento_educacao_rede_publica.51960","source_id":"sp_geosampa_educacao_rede_publica","name":"JOSE MARIA WHITAKER DOUTOR","name_derived":false,"category":"school","subcategory":"primary_secondary","geometry_type":"Point","address":"ARNALDO DANTE PADRE, 250, JARDIM SANTA CRUZ SACOMA, 04182-070","equipment_type":"EE","administrative_sphere":null,"included_in_metrics":true,"exclusion_reason":null,"override_reason":null,"outside_boundary":false}},{"type":"Feature","geometry":{"type":"Point","coordinates":[-46.61637945,-23.62797477]},"properties":{"id":"sp_geosampa_educacao_rede_publica:equipamento_educacao_rede_publica.51961","source_id":"sp_geosampa_educacao_rede_publica","name":"CARLOS PASQUALE PROFESSOR","name_derived":false,"category":"school","subcategory":"primary_secondary","geometry_type":"Point","address":"LAGES MARQUES, 219, VILA MORAES, 04162-000","equipment_type":"EE","administrative_sphere":null,"included_in_metrics":true,"exclusion_reason":null,"override_reason":null,"outside_boundary":false}},{"type":"Feature","geometry":{"type":"Point","coordinates":[-46.63566612,-23.66067209]},"properties":{"id":"sp_geosampa_educacao_rede_publica:equipamento_educacao_rede_publica.51962","source_id":"sp_geosampa_educacao_rede_publica","name":"ARTHUR WOLFF NETTO PROFESSOR","name_derived":false,"category":"school","subcategory":"primary_secondary","geometry_type":"Point","address":"AZOR SILVA, 153, VILA FACHINI, 04326-010","equipment_type":"EE","administrative_sphere":null,"included_in_metrics":true,"exclusion_reason":null,"override_reason":null,"outside_boundary":false}},{"type":"Feature","geometry":{"type":"Point","coordinates":[-46.63205836,-23.64294643]},"properties":{"id":"sp_geosampa_educacao_rede_publica:equipamento_educacao_rede_publica.51963","source_id":"sp_geosampa_educacao_rede_publica","name":"MIGUEL ROQUE PROFESSOR","name_derived":false,"category":"school","subcategory":"primary_secondary","geometry_type":"Point","address":"DOMICIANO LEITE RIBEIRO, 455, VILA GUARANI Z SUL, 04317-000","equipment_type":"EE","administrative_sphere":null,"included_in_metrics":true,"exclusion_reason":null,"override_reason":null,"outside_boundary":false}},{"type":"Feature","geometry":{"type":"Point","coordinates":[-46.63492781,-23.6496303]},"properties":{"id":"sp_geosampa_educacao_rede_publica:equipamento_educacao_rede_publica.51964","source_id":"sp_geosampa_educacao_rede_publica","name":"SALVADOR MOYA","name_derived":false,"category":"school","subcategory":"primary_secondary","geometry_type":"Point","address":"ITAIARA, 51, CIDADE VARGAS, 04320-110","equipment_type":"EE","administrative_sphere":null,"included_in_metrics":true,"exclusion_reason":null,"override_reason":null,"outside_boundary":false}},{"type":"Feature","geometry":{"type":"Point","coordinates":[-46.78867311,-23.65772949]},"properties":{"id":"sp_geosampa_educacao_rede_publica:equipamento_educacao_rede_publica.51965","source_id":"sp_geosampa_educacao_rede_publica","name":"JOSE JOAQUIM CARDOSO DE MELLO NETO PROFESSOR","name_derived":false,"category":"school","subcategory":"primary_secondary","geometry_type":"Point","address":"TEIXEIRA LOPES, 95, JARDIM DAS ROSAS ZONA SUL, 05893-200","equipment_type":"EE","administrative_sphere":null,"included_in_metrics":true,"exclusion_reason":null,"override_reason":null,"outside_boundary":false}},{"type":"Feature","geometry":{"type":"Point","coordinates":[-46.65080843,-23.67602159]},"properties":{"id":"sp_geosampa_educacao_rede_publica:equipamento_educacao_rede_publica.51966","source_id":"sp_geosampa_educacao_rede_publica","name":"VICENTE RAO PROFESSOR","name_derived":false,"category":"school","subcategory":"primary_secondary","geometry_type":"Point","address":"PASTOR RUBENS LOPES, 368, AMERICANOPOLIS, 04409-020","equipment_type":"EE","administrative_sphere":null,"included_in_metrics":true,"exclusion_reason":null,"override_reason":null,"outside_boundary":false}},{"type":"Feature","geometry":{"type":"Point","coordinates":[-46.73481942,-23.65078018]},"properties":{"id":"sp_geosampa_educacao_rede_publica:equipamento_educacao_rede_publica.51967","source_id":"sp_geosampa_educacao_rede_publica","name":"EURICO GASPAR DUTRA MARECHAL","name_derived":false,"category":"school","subcategory":"primary_secondary","geometry_type":"Point","address":"HIPOLITO CORDEIRO, SN, JARDIM SAO LUIS, 05843-240","equipment_type":"EE","administrative_sphere":null,"included_in_metrics":true,"exclusion_reason":null,"override_reason":null,"outside_boundary":false}},{"type":"Feature","geometry":{"type":"Point","coordinates":[-46.7832743,-23.64772197]},"properties":{"id":"sp_geosampa_educacao_rede_publica:equipamento_educacao_rede_publica.51968","source_id":"sp_geosampa_educacao_rede_publica","name":"FRANCISCO DE PAULA CONCEICAO JUNIOR PROFESSOR","name_derived":false,"category":"school","subcategory":"primary_secondary","geometry_type":"Point","address":"DOMINGOS SEQUEIRA, 40, JARDIM MITSUTANI, 05791-050","equipment_type":"EE","administrative_sphere":null,"included_in_metrics":true,"exclusion_reason":null,"override_reason":null,"outside_boundary":false}},{"type":"Feature","geometry":{"type":"Point","coordinates":[-46.68724336,-23.75532136]},"properties":{"id":"sp_geosampa_educacao_rede_publica:equipamento_educacao_rede_publica.51969","source_id":"sp_geosampa_educacao_rede_publica","name":"ADRIAO BERNARDES PROF","name_derived":false,"category":"school","subcategory":"primary_secondary","geometry_type":"Point","address":"ITAQUAQUECETUBA, 9953, JARDIM SANTA TEREZA, 04872-060","equipment_type":"EE","administrative_sphere":null,"included_in_metrics":true,"exclusion_reason":null,"override_reason":null,"outside_boundary":false}},{"type":"Feature","geometry":{"type":"Point","coordinates":[-46.68538711,-23.70976484]},"properties":{"id":"sp_geosampa_educacao_rede_publica:equipamento_educacao_rede_publica.51970","source_id":"sp_geosampa_educacao_rede_publica","name":"CALLIA MAESTRO","name_derived":false,"category":"school","subcategory":"primary_secondary","geometry_type":"Point","address":"JOSE RUFINO DA SILVA, 249, JARDIM LALLO, 04812-240","equipment_type":"EE","administrative_sphere":null,"included_in_metrics":true,"exclusion_reason":null,"override_reason":null,"outside_boundary":false}},{"type":"Feature","geometry":{"type":"Point","coordinates":[-46.65020985,-23.87814015]},"properties":{"id":"sp_geosampa_educacao_rede_publica:equipamento_educacao_rede_publica.51971","source_id":"sp_geosampa_educacao_rede_publica","name":"JOAQUIM ALVARES CRUZ PROF","name_derived":false,"category":"school","subcategory":"primary_secondary","geometry_type":"Point","address":"DOIS, 2, BARRAGEM, 04896-020","equipment_type":"EE","administrative_sphere":null,"included_in_metrics":true,"exclusion_reason":null,"override_reason":null,"outside_boundary":false}},{"type":"Feature","geometry":{"type":"Point","coordinates":[-46.75539009,-23.67574971]},"properties":{"id":"sp_geosampa_educacao_rede_publica:equipamento_educacao_rede_publica.51972","source_id":"sp_geosampa_educacao_rede_publica","name":"JOSE LINS DO REGO","name_derived":false,"category":"school","subcategory":"primary_secondary","geometry_type":"Point","address":"M BOI MIRIM, 2463, JARDIM DAS FLORES, 04905-022","equipment_type":"EE","administrative_sphere":null,"included_in_metrics":true,"exclusion_reason":null,"override_reason":null,"outside_boundary":false}},{"type":"Feature","geometry":{"type":"Point","coordinates":[-46.66858266,-23.75271848]},"properties":{"id":"sp_geosampa_educacao_rede_publica:equipamento_educacao_rede_publica.51973","source_id":"sp_geosampa_educacao_rede_publica","name":"MARIA LUIZA DE ANDRADE MARTINS ROQUE PROFA","name_derived":false,"category":"school","subcategory":"primary_secondary","geometry_type":"Point","address":"MARCELINO NOGUEIRA JUNIOR, 117, JARDIM ELIANA, 04851-280","equipment_type":"EE","administrative_sphere":null,"included_in_metrics":true,"exclusion_reason":null,"override_reason":null,"outside_boundary":false}},{"type":"Feature","geometry":{"type":"Point","coordinates":[-46.71357252,-23.73834416]},"properties":{"id":"sp_geosampa_educacao_rede_publica:equipamento_educacao_rede_publica.51974","source_id":"sp_geosampa_educacao_rede_publica","name":"VERA ATHAYDE PEREIRA PROFA","name_derived":false,"category":"school","subcategory":"primary_secondary","geometry_type":"Point","address":"LECONTE DE LISLE, 300, JARDIM VISTA ALEGRE, 04831-130","equipment_type":"EE","administrative_sphere":null,"included_in_metrics":true,"exclusion_reason":null,"override_reason":null,"outside_boundary":false}},{"type":"Feature","geometry":{"type":"Point","coordinates":[-46.54668508,-23.57265479]},"properties":{"id":"sp_geosampa_educacao_rede_publica:equipamento_educacao_rede_publica.51975","source_id":"sp_geosampa_educacao_rede_publica","name":"GASTAO STRANG PROFESSOR","name_derived":false,"category":"school","subcategory":"primary_secondary","geometry_type":"Point","address":"MAFALDA, 405, CHACARA BELENZINHO, 03377-010","equipment_type":"EE","administrative_sphere":null,"included_in_metrics":true,"exclusion_reason":null,"override_reason":null,"outside_boundary":false}},{"type":"Feature","geometry":{"type":"Point","coordinates":[-46.52808491,-23.56042142]},"properties":{"id":"sp_geosampa_educacao_rede_publica:equipamento_educacao_rede_publica.51976","source_id":"sp_geosampa_educacao_rede_publica","name":"JAIME CORTESAO","name_derived":false,"category":"school","subcategory":"primary_secondary","geometry_type":"Point","address":"JORGE WASHINGTON, 53, VILA CARRAO, 03437-080","equipment_type":"EE","administrative_sphere":null,"included_in_metrics":true,"exclusion_reason":null,"override_reason":null,"outside_boundary":false}},{"type":"Feature","geometry":{"type":"Point","coordinates":[-46.39885358,-23.50945821]},"properties":{"id":"sp_geosampa_educacao_rede_publica:equipamento_educacao_rede_publica.51977","source_id":"sp_geosampa_educacao_rede_publica","name":"CHARLES DE GAULLE","name_derived":false,"category":"school","subcategory":"primary_secondary","geometry_type":"Point","address":"ANTONIO JOAO MEDEIROS, 810, JARDIM INA, 08140-060","equipment_type":"EE","administrative_sphere":null,"included_in_metrics":true,"exclusion_reason":null,"override_reason":null,"outside_boundary":false}},{"type":"Feature","geometry":{"type":"Point","coordinates":[-46.38680622,-23.49627668]},"properties":{"id":"sp_geosampa_educacao_rede_publica:equipamento_educacao_rede_publica.51978","source_id":"sp_geosampa_educacao_rede_publica","name":"DULCE LEITE DA SILVA PROFA","name_derived":false,"category":"school","subcategory":"primary_secondary","geometry_type":"Point","address":"PAULO MARTINS GARRO, 25, JARDIM SAO LUIS ZONA LESTE, 08121-080","equipment_type":"EE","administrative_sphere":null,"included_in_metrics":true,"exclusion_reason":null,"override_reason":null,"outside_boundary":false}},{"type":"Feature","geometry":{"type":"Point","coordinates":[-46.62620032,-23.63057015]},"properties":{"id":"sp_geosampa_educacao_rede_publica:equipamento_educacao_rede_publica.51979","source_id":"sp_geosampa_educacao_rede_publica","name":"MARTHA FIGUEIRA NETTO DA SILVA PROFESSORA","name_derived":false,"category":"school","subcategory":"primary_secondary","geometry_type":"Point","address":"ABEYLARD QUEIROS, 195, VILA AGUA FUNDA, 04155-010","equipment_type":"EE","administrative_sphere":null,"included_in_metrics":true,"exclusion_reason":null,"override_reason":null,"outside_boundary":false}},{"type":"Feature","geometry":{"type":"Point","coordinates":[-46.69461224,-23.7693372]},"properties":{"id":"sp_geosampa_educacao_rede_publica:equipamento_educacao_rede_publica.51980","source_id":"sp_geosampa_educacao_rede_publica","name":"ROBERTO MANGE","name_derived":false,"category":"school","subcategory":"primary_secondary","geometry_type":"Point","address":"CARLOS ALBERTO BASTOS MACHADO, 50, JARDIM MYRNA, 04856-080","equipment_type":"EE","administrative_sphere":null,"included_in_metrics":true,"exclusion_reason":null,"override_reason":null,"outside_boundary":false}},{"type":"Feature","geometry":{"type":"Point","coordinates":[-46.71552003,-23.84936224]},"properties":{"id":"sp_geosampa_educacao_rede_publica:equipamento_educacao_rede_publica.51981","source_id":"sp_geosampa_educacao_rede_publica","name":"ANA LUIZA FLORENCE BORGES PROFA","name_derived":false,"category":"school","subcategory":"primary_secondary","geometry_type":"Point","address":"JOSE PAULO CANDIDO, 25, JARDIM SILVEIRA, 04892-010","equipment_type":"EE","administrative_sphere":null,"included_in_metrics":true,"exclusion_reason":null,"override_reason":null,"outside_boundary":false}},{"type":"Feature","geometry":{"type":"Point","coordinates":[-46.57320461,-23.51224868]},"properties":{"id":"sp_geosampa_educacao_rede_publica:equipamento_educacao_rede_publica.51982","source_id":"sp_geosampa_educacao_rede_publica","name":"MAXIMO RIBEIRO NUNES PROFESSOR","name_derived":false,"category":"school","subcategory":"primary_secondary","geometry_type":"Point","address":"SOLDADO ANTONIO ROMANO DE OLIVEIRA, 174, PARQUE NOVO MUNDO, 02176-020","equipment_type":"EE","administrative_sphere":null,"included_in_metrics":true,"exclusion_reason":null,"override_reason":null,"outside_boundary":false}},{"type":"Feature","geometry":{"type":"Point","coordinates":[-46.58103489,-23.48917497]},"properties":{"id":"sp_geosampa_educacao_rede_publica:equipamento_educacao_rede_publica.51983","source_id":"sp_geosampa_educacao_rede_publica","name":"LUIZ LAZARO ZAMENHOF DR","name_derived":false,"category":"school","subcategory":"primary_secondary","geometry_type":"Point","address":"EURICO SODRE, 944, VILA MEDEIROS, 02215-010","equipment_type":"EE","administrative_sphere":null,"included_in_metrics":true,"exclusion_reason":null,"override_reason":null,"outside_boundary":false}},{"type":"Feature","geometry":{"type":"Point","coordinates":[-46.47450155,-23.48675034]},"properties":{"id":"sp_geosampa_educacao_rede_publica:equipamento_educacao_rede_publica.51984","source_id":"sp_geosampa_educacao_rede_publica","name":"LUCIO DE CARVALHO MARQUES PROFESSOR","name_derived":false,"category":"school","subcategory":"primary_secondary","geometry_type":"Point","address":"JACIRA FERRARI DE OLIVEIRA, 39, JARDIM MATARAZZO, 03810-060","equipment_type":"EE","administrative_sphere":null,"included_in_metrics":true,"exclusion_reason":null,"override_reason":null,"outside_boundary":false}},{"type":"Feature","geometry":{"type":"Point","coordinates":[-46.46164806,-23.55757065]},"properties":{"id":"sp_geosampa_educacao_rede_publica:equipamento_educacao_rede_publica.51985","source_id":"sp_geosampa_educacao_rede_publica","name":"QUINTILIANO JOSE SITRANGULO PROF","name_derived":false,"category":"school","subcategory":"primary_secondary","geometry_type":"Point","address":"ARRAIAL DA ANTA, 325, VILA CARMOSINA, 08270-090","equipment_type":"EE","administrative_sphere":null,"included_in_metrics":true,"exclusion_reason":null,"override_reason":null,"outside_boundary":false}},{"type":"Feature","geometry":{"type":"Point","coordinates":[-46.44711849,-23.62537987]},"properties":{"id":"sp_geosampa_educacao_rede_publica:equipamento_educacao_rede_publica.51986","source_id":"sp_geosampa_educacao_rede_publica","name":"CARLOS HENRIQUE LIBERALLI PROFESSOR","name_derived":false,"category":"school","subcategory":"primary_secondary","geometry_type":"Point","address":"MARIA FERRAZ DO AMARAL DONA, 128, JARDIM SAO FRANCISCO, 08390-255","equipment_type":"EE","administrative_sphere":null,"included_in_metrics":true,"exclusion_reason":null,"override_reason":null,"outside_boundary":false}},{"type":"Feature","geometry":{"type":"Point","coordinates":[-46.47833481,-23.59534294]},"properties":{"id":"sp_geosampa_educacao_rede_publica:equipamento_educacao_rede_publica.51987","source_id":"sp_geosampa_educacao_rede_publica","name":"CHIBATA MIYAKOSHI","name_derived":false,"category":"school","subcategory":"primary_secondary","geometry_type":"Point","address":"EDUARDO DE MARTINO, 72, CIDADE SAO MATEUS, 03966-020","equipment_type":"EE","administrative_sphere":null,"included_in_metrics":true,"exclusion_reason":null,"override_reason":null,"outside_boundary":false}},{"type":"Feature","geometry":{"type":"Point","coordinates":[-46.63616685,-23.67779119]},"properties":{"id":"sp_geosampa_educacao_rede_publica:equipamento_educacao_rede_publica.51988","source_id":"sp_geosampa_educacao_rede_publica","name":"HERMANO RIBEIRO DA SILVA","name_derived":false,"category":"school","subcategory":"primary_secondary","geometry_type":"Point","address":"PROF DALMO BELFORT DE MATTOS, SN, JARDIM MIRIAM, 04416-330","equipment_type":"EE","administrative_sphere":null,"included_in_metrics":true,"exclusion_reason":null,"override_reason":null,"outside_boundary":false}},{"type":"Feature","geometry":{"type":"Point","coordinates":[-46.64344289,-23.7009889]},"properties":{"id":"sp_geosampa_educacao_rede_publica:equipamento_educacao_rede_publica.51989","source_id":"sp_geosampa_educacao_rede_publica","name":"AYRES NETO DOUTOR","name_derived":false,"category":"school","subcategory":"primary_secondary","geometry_type":"Point","address":"JOSE FLAVIO PEREIRA, 173, PARQUE DOROTEIA, 04474-220","equipment_type":"EE","administrative_sphere":null,"included_in_metrics":true,"exclusion_reason":null,"override_reason":null,"outside_boundary":false}},{"type":"Feature","geometry":{"type":"Point","coordinates":[-46.68087908,-23.6666881]},"properties":{"id":"sp_geosampa_educacao_rede_publica:equipamento_educacao_rede_publica.51990","source_id":"sp_geosampa_educacao_rede_publica","name":"IBRAHIM NOBRE","name_derived":false,"category":"school","subcategory":"primary_secondary","geometry_type":"Point","address":"PROFESSOR DJALMA BENTO, 155, JARDIM LUANDA, 04678-020","equipment_type":"EE","administrative_sphere":null,"included_in_metrics":true,"exclusion_reason":null,"override_reason":null,"outside_boundary":false}},{"type":"Feature","geometry":{"type":"Point","coordinates":[-46.75105802,-23.62254293]},"properties":{"id":"sp_geosampa_educacao_rede_publica:equipamento_educacao_rede_publica.51991","source_id":"sp_geosampa_educacao_rede_publica","name":"FRANCISCO BRASILIENSE FUSCO DOUTOR","name_derived":false,"category":"school","subcategory":"primary_secondary","geometry_type":"Point","address":"JARACATIA, 941, JARDIM UMARIZAL, 05754-071","equipment_type":"EE","administrative_sphere":null,"included_in_metrics":true,"exclusion_reason":null,"override_reason":null,"outside_boundary":false}},{"type":"Feature","geometry":{"type":"Point","coordinates":[-46.78512779,-23.44490971]},"properties":{"id":"sp_geosampa_educacao_rede_publica:equipamento_educacao_rede_publica.51992","source_id":"sp_geosampa_educacao_rede_publica","name":"JOSE OSCAR ABREU SAMPAIO","name_derived":false,"category":"school","subcategory":"primary_secondary","geometry_type":"Point","address":"LUISA MARIA ROSA, 11, VILA SULINA, 05264-050","equipment_type":"EE","administrative_sphere":null,"included_in_metrics":true,"exclusion_reason":null,"override_reason":null,"outside_boundary":false}},{"type":"Feature","geometry":{"type":"Point","coordinates":[-46.50103374,-23.59542419]},"properties":{"id":"sp_geosampa_educacao_rede_publica:equipamento_educacao_rede_publica.51993","source_id":"sp_geosampa_educacao_rede_publica","name":"VICTORIO AMERICO FONTANA PROF","name_derived":false,"category":"school","subcategory":"primary_secondary","geometry_type":"Point","address":"NEPOMUCENO, 117, JARDIM SAO GABRIEL, 03940-090","equipment_type":"EE","administrative_sphere":null,"included_in_metrics":true,"exclusion_reason":null,"override_reason":null,"outside_boundary":false}},{"type":"Feature","geometry":{"type":"Point","coordinates":[-46.48920995,-23.51189693]},"properties":{"id":"sp_geosampa_educacao_rede_publica:equipamento_educacao_rede_publica.51994","source_id":"sp_geosampa_educacao_rede_publica","name":"NELLO LORENZON","name_derived":false,"category":"school","subcategory":"primary_secondary","geometry_type":"Point","address":"SAO GONCALO DO SAPUCAI, 61, PONTE RASA, 03891-050","equipment_type":"EE","administrative_sphere":null,"included_in_metrics":true,"exclusion_reason":null,"override_reason":null,"outside_boundary":false}},{"type":"Feature","geometry":{"type":"Point","coordinates":[-46.59377518,-23.62868464]},"properties":{"id":"sp_geosampa_educacao_rede_publica:equipamento_educacao_rede_publica.51995","source_id":"sp_geosampa_educacao_rede_publica","name":"MELVIN JONES","name_derived":false,"category":"school","subcategory":"primary_secondary","geometry_type":"Point","address":"LEANDRO DE SOUZA, 65, SAO JOAO CLIMACO, 04256-050","equipment_type":"EE","administrative_sphere":null,"included_in_metrics":true,"exclusion_reason":null,"override_reason":null,"outside_boundary":false}},{"type":"Feature","geometry":{"type":"Point","coordinates":[-46.73522189,-23.84001297]},"properties":{"id":"sp_geosampa_educacao_rede_publica:equipamento_educacao_rede_publica.51996","source_id":"sp_geosampa_educacao_rede_publica","name":"BENEDITO FERREIRA DE ALBUQUERQUE PROF","name_derived":false,"category":"school","subcategory":"primary_secondary","geometry_type":"Point","address":"BENJAMIM DIEMAR, 266, VILA ROSCHEL, 04891-070","equipment_type":"EE","administrative_sphere":null,"included_in_metrics":true,"exclusion_reason":null,"override_reason":null,"outside_boundary":false}},{"type":"Feature","geometry":{"type":"Point","coordinates":[-46.70665124,-23.90817249]},"properties":{"id":"sp_geosampa_educacao_rede_publica:equipamento_educacao_rede_publica.51997","source_id":"sp_geosampa_educacao_rede_publica","name":"REGINA MIRANDA BRANT DE CARVALHO PROFA","name_derived":false,"category":"school","subcategory":"primary_secondary","geometry_type":"Point","address":"FILOMENA BELMONT, 75, ENGENHEIRO MARSILAC, 04891-370","equipment_type":"EE","administrative_sphere":null,"included_in_metrics":true,"exclusion_reason":null,"override_reason":null,"outside_boundary":false}},{"type":"Feature","geometry":{"type":"Point","coordinates":[-46.74552748,-23.67631649]},"properties":{"id":"sp_geosampa_educacao_rede_publica:equipamento_educacao_rede_publica.51998","source_id":"sp_geosampa_educacao_rede_publica","name":"ELYO FERREIRA DE CASTRO PROFESSOR","name_derived":false,"category":"school","subcategory":"primary_secondary","geometry_type":"Point","address":"BACIO DE FILICAIA, 147, JARDIM FIGUEIRA GRANDE, 04914-060","equipment_type":"EE","administrative_sphere":null,"included_in_metrics":true,"exclusion_reason":null,"override_reason":null,"outside_boundary":false}},{"type":"Feature","geometry":{"type":"Point","coordinates":[-46.65740167,-23.46733061]},"properties":{"id":"sp_geosampa_educacao_rede_publica:equipamento_educacao_rede_publica.51999","source_id":"sp_geosampa_educacao_rede_publica","name":"ALFREDO GOMES PROF","name_derived":false,"category":"school","subcategory":"primary_secondary","geometry_type":"Point","address":"MARIA DE SAO JOSE CUNHA, 108, VILA BELA VISTA ZONA NORTE, 02617-050","equipment_type":"EE","administrative_sphere":null,"included_in_metrics":true,"exclusion_reason":null,"override_reason":null,"outside_boundary":false}},{"type":"Feature","geometry":{"type":"Point","coordinates":[-46.45275139,-23.51764146]},"properties":{"id":"sp_geosampa_educacao_rede_publica:equipamento_educacao_rede_publica.52000","source_id":"sp_geosampa_educacao_rede_publica","name":"CASSIO CIAMPOLINI DEPUTADO","name_derived":false,"category":"school","subcategory":"primary_secondary","geometry_type":"Point","address":"GUAPEBA, 15, VILA VERDE, 08235-160","equipment_type":"EE","administrative_sphere":null,"included_in_metrics":true,"exclusion_reason":null,"override_reason":null,"outside_boundary":false}},{"type":"Feature","geometry":{"type":"Point","coordinates":[-46.43991367,-23.51453568]},"properties":{"id":"sp_geosampa_educacao_rede_publica:equipamento_educacao_rede_publica.52001","source_id":"sp_geosampa_educacao_rede_publica","name":"ARLINDO PINTO DA SILVA PROF","name_derived":false,"category":"school","subcategory":"primary_secondary","geometry_type":"Point","address":"MARCION, 274, JARDIM LAJEADO, 08041-500","equipment_type":"EE","administrative_sphere":null,"included_in_metrics":true,"exclusion_reason":null,"override_reason":null,"outside_boundary":false}},{"type":"Feature","geometry":{"type":"Point","coordinates":[-46.48867681,-23.49829861]},"properties":{"id":"sp_geosampa_educacao_rede_publica:equipamento_educacao_rede_publica.52002","source_id":"sp_geosampa_educacao_rede_publica","name":"LEONOR RENDESI PROFESSORA","name_derived":false,"category":"school","subcategory":"primary_secondary","geometry_type":"Point","address":"BOAVENTURA RODRIGUES DA SILVA, 1000, PARQUE BOTURUSSU, 03801-120","equipment_type":"EE","administrative_sphere":null,"included_in_metrics":true,"exclusion_reason":null,"override_reason":null,"outside_boundary":false}},{"type":"Feature","geometry":{"type":"Point","coordinates":[-46.47339426,-23.50254503]},"properties":{"id":"sp_geosampa_educacao_rede_publica:equipamento_educacao_rede_publica.52003","source_id":"sp_geosampa_educacao_rede_publica","name":"PEDRO DE ALCANTARA MARCONDES MACHADO PROFESSOR","name_derived":false,"category":"school","subcategory":"primary_secondary","geometry_type":"Point","address":"MANOEL DOS SANTOS BRAGA, 391, VILA ROBERTINA, 03807-320","equipment_type":"EE","administrative_sphere":null,"included_in_metrics":true,"exclusion_reason":null,"override_reason":null,"outside_boundary":false}},{"type":"Feature","geometry":{"type":"Point","coordinates":[-46.53101226,-23.5046947]},"properties":{"id":"sp_geosampa_educacao_rede_publica:equipamento_educacao_rede_publica.52004","source_id":"sp_geosampa_educacao_rede_publica","name":"MARIA AUGUSTA CORREA PROFESSORA","name_derived":false,"category":"school","subcategory":"primary_secondary","geometry_type":"Point","address":"PROFESSOR LEONCIO CORREIA, SN, CANGAIBA, 03720-190","equipment_type":"EE","administrative_sphere":null,"included_in_metrics":true,"exclusion_reason":null,"override_reason":null,"outside_boundary":false}},{"type":"Feature","geometry":{"type":"Point","coordinates":[-46.75756436,-23.64062426]},"properties":{"id":"sp_geosampa_educacao_rede_publica:equipamento_educacao_rede_publica.52005","source_id":"sp_geosampa_educacao_rede_publica","name":"CLOVIS DE OLIVEIRA PROFESSOR DOUTOR","name_derived":false,"category":"school","subcategory":"primary_secondary","geometry_type":"Point","address":"LIRA CEARENSE, 869, JARDIM SANTA EFIGENIA, 05763-450","equipment_type":"EE","administrative_sphere":null,"included_in_metrics":true,"exclusion_reason":null,"override_reason":null,"outside_boundary":false}},{"type":"Feature","geometry":{"type":"Point","coordinates":[-46.7889456,-23.66523617]},"properties":{"id":"sp_geosampa_educacao_rede_publica:equipamento_educacao_rede_publica.52006","source_id":"sp_geosampa_educacao_rede_publica","name":"RONALDO GARIBALDI PERETTI PROFESSOR","name_derived":false,"category":"school","subcategory":"primary_secondary","geometry_type":"Point","address":"ANTONIO JOSE BENTES, 691, JARDIM IRAPIRANGA, 05891-160","equipment_type":"EE","administrative_sphere":null,"included_in_metrics":true,"exclusion_reason":null,"override_reason":null,"outside_boundary":false}},{"type":"Feature","geometry":{"type":"Point","coordinates":[-46.67385481,-23.6606499]},"properties":{"id":"sp_geosampa_educacao_rede_publica:equipamento_educacao_rede_publica.52007","source_id":"sp_geosampa_educacao_rede_publica","name":"GUIOMAR NOVAES","name_derived":false,"category":"school","subcategory":"primary_secondary","geometry_type":"Point","address":"LEONIDAS MOREIRA, 21, VILA INGLESA, 04653-180","equipment_type":"EE","administrative_sphere":null,"included_in_metrics":true,"exclusion_reason":null,"override_reason":null,"outside_boundary":false}},{"type":"Feature","geometry":{"type":"Point","coordinates":[-46.79187316,-23.68682474]},"properties":{"id":"sp_geosampa_educacao_rede_publica:equipamento_educacao_rede_publica.52008","source_id":"sp_geosampa_educacao_rede_publica","name":"JOITI HIRATA","name_derived":false,"category":"school","subcategory":"primary_secondary","geometry_type":"Point","address":"LUAR DO SERTAO, 165, CHACARA SANTA MARIA, 05879-450","equipment_type":"EE","administrative_sphere":null,"included_in_metrics":true,"exclusion_reason":null,"override_reason":null,"outside_boundary":false}},{"type":"Feature","geometry":{"type":"Point","coordinates":[-46.73747175,-23.66010876]},"properties":{"id":"sp_geosampa_educacao_rede_publica:equipamento_educacao_rede_publica.52009","source_id":"sp_geosampa_educacao_rede_publica","name":"ANTONIO MANOEL ALVES DE LIMA","name_derived":false,"category":"school","subcategory":"primary_secondary","geometry_type":"Point","address":"PIETRO CASELLA, 07, JARDIM SAO JOAO, 05815-055","equipment_type":"EE","administrative_sphere":null,"included_in_metrics":true,"exclusion_reason":null,"override_reason":null,"outside_boundary":false}},{"type":"Feature","geometry":{"type":"Point","coordinates":[-46.67055932,-23.69438281]},"properties":{"id":"sp_geosampa_educacao_rede_publica:equipamento_educacao_rede_publica.52010","source_id":"sp_geosampa_educacao_rede_publica","name":"MANOEL TABACOW HIDAL PROFESSOR","name_derived":false,"category":"school","subcategory":"primary_secondary","geometry_type":"Point","address":"MANUEL DE MACEDO, 247, PEDREIRA, 04459-290","equipment_type":"EE","administrative_sphere":null,"included_in_metrics":true,"exclusion_reason":null,"override_reason":null,"outside_boundary":false}},{"type":"Feature","geometry":{"type":"Point","coordinates":[-46.76649676,-23.66241036]},"properties":{"id":"sp_geosampa_educacao_rede_publica:equipamento_educacao_rede_publica.52011","source_id":"sp_geosampa_educacao_rede_publica","name":"CAROLINA CINTRA DA SILVEIRA PROFESSORA","name_derived":false,"category":"school","subcategory":"primary_secondary","geometry_type":"Point","address":"LUIS DA FONSECA GALVAO, 226, PARQUE MARIA HELENA, 05855-300","equipment_type":"EE","administrative_sphere":null,"included_in_metrics":true,"exclusion_reason":null,"override_reason":null,"outside_boundary":false}},{"type":"Feature","geometry":{"type":"Point","coordinates":[-46.76408553,-23.68009787]},"properties":{"id":"sp_geosampa_educacao_rede_publica:equipamento_educacao_rede_publica.52012","source_id":"sp_geosampa_educacao_rede_publica","name":"LUIS MAGALHAES DE ARAUJO PROFESSOR","name_derived":false,"category":"school","subcategory":"primary_secondary","geometry_type":"Point","address":"M BOI MIRIM, 3583, JARDIM DAS FLORES, 04905-023","equipment_type":"EE","administrative_sphere":null,"included_in_metrics":true,"exclusion_reason":null,"override_reason":null,"outside_boundary":false}},{"type":"Feature","geometry":{"type":"Point","coordinates":[-46.68133418,-23.72094308]},"properties":{"id":"sp_geosampa_educacao_rede_publica:equipamento_educacao_rede_publica.52013","source_id":"sp_geosampa_educacao_rede_publica","name":"SANTO DIAS DA SILVA","name_derived":false,"category":"school","subcategory":"primary_secondary","geometry_type":"Point","address":"ALFREDO CORTES, 32, JARDIM MARINGA, 04814-070","equipment_type":"EE","administrative_sphere":null,"included_in_metrics":true,"exclusion_reason":null,"override_reason":null,"outside_boundary":false}},{"type":"Feature","geometry":{"type":"Point","coordinates":[-46.48762807,-23.55332888]},"properties":{"id":"sp_geosampa_educacao_rede_publica:equipamento_educacao_rede_publica.52014","source_id":"sp_geosampa_educacao_rede_publica","name":"AMADOR ARRUDA MENDES PROF","name_derived":false,"category":"school","subcategory":"primary_secondary","geometry_type":"Point","address":"SYLVIO TORRES, 290, CONJUNTO HABITACIONAL PADRE JOSE DE ANCHIETA, 03589-010","equipment_type":"EE","administrative_sphere":null,"included_in_metrics":true,"exclusion_reason":null,"override_reason":null,"outside_boundary":false}},{"type":"Feature","geometry":{"type":"Point","coordinates":[-46.75778634,-23.48022381]},"properties":{"id":"sp_geosampa_educacao_rede_publica:equipamento_educacao_rede_publica.52015","source_id":"sp_geosampa_educacao_rede_publica","name":"OTTO DE BARROS VIDAL PROFESSOR","name_derived":false,"category":"school","subcategory":"primary_secondary","geometry_type":"Point","address":"JOAQUIM JOSE DE LIMA, 13, JARAGUA, 05160-120","equipment_type":"EE","administrative_sphere":null,"included_in_metrics":true,"exclusion_reason":null,"override_reason":null,"outside_boundary":false}},{"type":"Feature","geometry":{"type":"Point","coordinates":[-46.50923488,-23.58586448]},"properties":{"id":"sp_geosampa_educacao_rede_publica:equipamento_educacao_rede_publica.52016","source_id":"sp_geosampa_educacao_rede_publica","name":"GUILHERME GIORGI COMENDADOR","name_derived":false,"category":"school","subcategory":"primary_secondary","geometry_type":"Point","address":"RUA SEBASTIAO MARCHESONI, 247, JARDIM DAS ROSAS ZONA LESTE, 03909-070","equipment_type":"EE","administrative_sphere":null,"included_in_metrics":true,"exclusion_reason":null,"override_reason":null,"outside_boundary":false}},{"type":"Feature","geometry":{"type":"Point","coordinates":[-46.50111873,-23.58423612]},"properties":{"id":"sp_geosampa_educacao_rede_publica:equipamento_educacao_rede_publica.52017","source_id":"sp_geosampa_educacao_rede_publica","name":"MARIA LOURDES ROSARIO NEGREIROS PROFA","name_derived":false,"category":"school","subcategory":"primary_secondary","geometry_type":"Point","address":"JOAQUIM FELICIO, 149, CIDADE CENTENARIO, 03932-050","equipment_type":"EE","administrative_sphere":null,"included_in_metrics":true,"exclusion_reason":null,"override_reason":null,"outside_boundary":false}},{"type":"Feature","geometry":{"type":"Point","coordinates":[-46.45441973,-23.5748239]},"properties":{"id":"sp_geosampa_educacao_rede_publica:equipamento_educacao_rede_publica.52018","source_id":"sp_geosampa_educacao_rede_publica","name":"JOSE DE OLIVEIRA ORLANDI","name_derived":false,"category":"school","subcategory":"primary_secondary","geometry_type":"Point","address":"ADRIANO BERTOZZI, 1195, JARDIM HELIAN, 08265-000","equipment_type":"EE","administrative_sphere":null,"included_in_metrics":true,"exclusion_reason":null,"override_reason":null,"outside_boundary":false}},{"type":"Feature","geometry":{"type":"Point","coordinates":[-46.45343251,-23.55529378]},"properties":{"id":"sp_geosampa_educacao_rede_publica:equipamento_educacao_rede_publica.52019","source_id":"sp_geosampa_educacao_rede_publica","name":"MARIA FERRAZ DE CAMPOS PROFA","name_derived":false,"category":"school","subcategory":"primary_secondary","geometry_type":"Point","address":"TEODORO SAO, 778, VILA CARMOSINA, 08290-005","equipment_type":"EE","administrative_sphere":null,"included_in_metrics":true,"exclusion_reason":null,"override_reason":null,"outside_boundary":false}},{"type":"Feature","geometry":{"type":"Point","coordinates":[-46.75199617,-23.62904108]},"properties":{"id":"sp_geosampa_educacao_rede_publica:equipamento_educacao_rede_publica.52020","source_id":"sp_geosampa_educacao_rede_publica","name":"FLAVIO JOSE OSORIO NEGRINI PROFESSOR","name_derived":false,"category":"school","subcategory":"primary_secondary","geometry_type":"Point","address":"CASIMIRO, 66, JARDIM OLINDA, 05766-300","equipment_type":"EE","administrative_sphere":null,"included_in_metrics":true,"exclusion_reason":null,"override_reason":null,"outside_boundary":false}},{"type":"Feature","geometry":{"type":"Point","coordinates":[-46.74172225,-23.64416907]},"properties":{"id":"sp_geosampa_educacao_rede_publica:equipamento_educacao_rede_publica.52021","source_id":"sp_geosampa_educacao_rede_publica","name":"ALBERTO BADRA DOUTOR","name_derived":false,"category":"school","subcategory":"primary_secondary","geometry_type":"Point","address":"JOSEFINA MORETTI, 90, VILA DAS BELEZAS, 05840-060","equipment_type":"EE","administrative_sphere":null,"included_in_metrics":true,"exclusion_reason":null,"override_reason":null,"outside_boundary":false}},{"type":"Feature","geometry":{"type":"Point","coordinates":[-46.76187394,-23.64091206]},"properties":{"id":"sp_geosampa_educacao_rede_publica:equipamento_educacao_rede_publica.52022","source_id":"sp_geosampa_educacao_rede_publica","name":"DUGLAS TEIXEIRA MONTEIRO PROFESSOR","name_derived":false,"category":"school","subcategory":"primary_secondary","geometry_type":"Point","address":"PROFESSOR OSCAR CAMPIGLIA, 529, PARQUE IPE, 05762-230","equipment_type":"EE","administrative_sphere":null,"included_in_metrics":true,"exclusion_reason":null,"override_reason":null,"outside_boundary":false}},{"type":"Feature","geometry":{"type":"Point","coordinates":[-46.68073123,-23.740827]},"properties":{"id":"sp_geosampa_educacao_rede_publica:equipamento_educacao_rede_publica.52023","source_id":"sp_geosampa_educacao_rede_publica","name":"MARIA JUVENAL HOMEM DE MELLO PROFA","name_derived":false,"category":"school","subcategory":"primary_secondary","geometry_type":"Point","address":"MIRAFLORES, 95, JARDIM CASTRO ALVES, 04842-470","equipment_type":"EE","administrative_sphere":null,"included_in_metrics":true,"exclusion_reason":null,"override_reason":null,"outside_boundary":false}},{"type":"Feature","geometry":{"type":"Point","coordinates":[-46.69588657,-23.75388285]},"properties":{"id":"sp_geosampa_educacao_rede_publica:equipamento_educacao_rede_publica.52024","source_id":"sp_geosampa_educacao_rede_publica","name":"EMILIO WARWICK KERR PASTOR","name_derived":false,"category":"school","subcategory":"primary_secondary","geometry_type":"Point","address":"WALTER SGARBI, 700, JARDIM REIMBERG, 04845-270","equipment_type":"EE","administrative_sphere":null,"included_in_metrics":true,"exclusion_reason":null,"override_reason":null,"outside_boundary":false}},{"type":"Feature","geometry":{"type":"Point","coordinates":[-46.79130951,-23.70977501]},"properties":{"id":"sp_geosampa_educacao_rede_publica:equipamento_educacao_rede_publica.52025","source_id":"sp_geosampa_educacao_rede_publica","name":"JOSEPHINA CINTRA DAMIAO PROFESSORA","name_derived":false,"category":"school","subcategory":"primary_secondary","geometry_type":"Point","address":"JARARAU, 152, CHACARA NANI, 04943-120","equipment_type":"EE","administrative_sphere":null,"included_in_metrics":true,"exclusion_reason":null,"override_reason":null,"outside_boundary":false}},{"type":"Feature","geometry":{"type":"Point","coordinates":[-46.71433444,-23.78487013]},"properties":{"id":"sp_geosampa_educacao_rede_publica:equipamento_educacao_rede_publica.52026","source_id":"sp_geosampa_educacao_rede_publica","name":"ERODICE PONTES DE QUEIROZ REV","name_derived":false,"category":"school","subcategory":"primary_secondary","geometry_type":"Point","address":"PROFESSOR HERMOGENES DE FREITAS LEITAO FILHO, 1500, JARDIM CASA GRANDE, 04865-000","equipment_type":"EE","administrative_sphere":null,"included_in_metrics":true,"exclusion_reason":null,"override_reason":null,"outside_boundary":false}},{"type":"Feature","geometry":{"type":"Point","coordinates":[-46.68384254,-23.7544558]},"properties":{"id":"sp_geosampa_educacao_rede_publica:equipamento_educacao_rede_publica.52027","source_id":"sp_geosampa_educacao_rede_publica","name":"SAMUEL WAINER","name_derived":false,"category":"school","subcategory":"primary_secondary","geometry_type":"Point","address":"JOSE DO RIO PRETO SAO, 71, CONJUNTO HABITACIONAL BRIGADEIRO FARIA LIMA, 04840-460","equipment_type":"EE","administrative_sphere":null,"included_in_metrics":true,"exclusion_reason":null,"override_reason":null,"outside_boundary":false}},{"type":"Feature","geometry":{"type":"Point","coordinates":[-46.74634598,-23.57368103]},"properties":{"id":"sp_geosampa_educacao_rede_publica:equipamento_educacao_rede_publica.52028","source_id":"sp_geosampa_educacao_rede_publica","name":"JOSE AMERICO DE ALMEIDA DOUTOR","name_derived":false,"category":"school","subcategory":"primary_secondary","geometry_type":"Point","address":"RAMON BAYEU, 21, VILA NOVA ALBA, 05363-200","equipment_type":"EE","administrative_sphere":null,"included_in_metrics":true,"exclusion_reason":null,"override_reason":null,"outside_boundary":false}},{"type":"Feature","geometry":{"type":"Point","coordinates":[-46.48525756,-23.54428532]},"properties":{"id":"sp_geosampa_educacao_rede_publica:equipamento_educacao_rede_publica.52029","source_id":"sp_geosampa_educacao_rede_publica","name":"OSWALDO ARANHA BANDEIRA DE MELLO PROF","name_derived":false,"category":"school","subcategory":"primary_secondary","geometry_type":"Point","address":"SENA FREITAS PADRE, 196, PARQUE ARTUR ALVIM, 03568-020","equipment_type":"EE","administrative_sphere":null,"included_in_metrics":true,"exclusion_reason":null,"override_reason":null,"outside_boundary":false}},{"type":"Feature","geometry":{"type":"Point","coordinates":[-46.39255886,-23.48508526]},"properties":{"id":"sp_geosampa_educacao_rede_publica:equipamento_educacao_rede_publica.52030","source_id":"sp_geosampa_educacao_rede_publica","name":"MATTATHIAS GOMES DOS SANTOS REV","name_derived":false,"category":"school","subcategory":"primary_secondary","geometry_type":"Point","address":"MANUEL DUARTE FERRO, 778, VILA ITAIM, 08190-470","equipment_type":"EE","administrative_sphere":null,"included_in_metrics":true,"exclusion_reason":null,"override_reason":null,"outside_boundary":false}},{"type":"Feature","geometry":{"type":"Point","coordinates":[-46.43615363,-23.55034532]},"properties":{"id":"sp_geosampa_educacao_rede_publica:equipamento_educacao_rede_publica.52031","source_id":"sp_geosampa_educacao_rede_publica","name":"FRANCISCO DE ASSIS PIRES CORREA PROFESSOR","name_derived":false,"category":"school","subcategory":"primary_secondary","geometry_type":"Point","address":"SILVIANOPOLIS, 20, CONJUNTO RESIDENCIAL JOSE BONIFACIO, 08255-410","equipment_type":"EE","administrative_sphere":null,"included_in_metrics":true,"exclusion_reason":null,"override_reason":null,"outside_boundary":false}},{"type":"Feature","geometry":{"type":"Point","coordinates":[-46.66210161,-23.68292967]},"properties":{"id":"sp_geosampa_educacao_rede_publica:equipamento_educacao_rede_publica.52032","source_id":"sp_geosampa_educacao_rede_publica","name":"JULIA DELLA CASA PAULA PROFESSORA","name_derived":false,"category":"school","subcategory":"primary_secondary","geometry_type":"Point","address":"GEORGE BERNANOS, 311, JARDIM SAO JORGE, 04432-110","equipment_type":"EE","administrative_sphere":null,"included_in_metrics":true,"exclusion_reason":null,"override_reason":null,"outside_boundary":false}},{"type":"Feature","geometry":{"type":"Point","coordinates":[-46.49810919,-23.57356179]},"properties":{"id":"sp_geosampa_educacao_rede_publica:equipamento_educacao_rede_publica.52033","source_id":"sp_geosampa_educacao_rede_publica","name":"JORGE DUPRAT FIGUEIREDO","name_derived":false,"category":"school","subcategory":"primary_secondary","geometry_type":"Point","address":"ANTONIO LOMBARDO, 140, JARDIM SANTA TEREZINHA ZONA LESTE, 03572-230","equipment_type":"EE","administrative_sphere":null,"included_in_metrics":true,"exclusion_reason":null,"override_reason":null,"outside_boundary":false}},{"type":"Feature","geometry":{"type":"Point","coordinates":[-46.73798428,-23.81125931]},"properties":{"id":"sp_geosampa_educacao_rede_publica:equipamento_educacao_rede_publica.52034","source_id":"sp_geosampa_educacao_rede_publica","name":"MARIO LOPES LEAO DR","name_derived":false,"category":"school","subcategory":"primary_secondary","geometry_type":"Point","address":"JOSE MENDES NETTO, 57, JARDIM DOS ALAMOS, 04883-270","equipment_type":"EE","administrative_sphere":null,"included_in_metrics":true,"exclusion_reason":null,"override_reason":null,"outside_boundary":false}},{"type":"Feature","geometry":{"type":"Point","coordinates":[-46.69011684,-23.74968224]},"properties":{"id":"sp_geosampa_educacao_rede_publica:equipamento_educacao_rede_publica.52035","source_id":"sp_geosampa_educacao_rede_publica","name":"JACOB THOMAZ ITAPURA DE MIRANDA PROF","name_derived":false,"category":"school","subcategory":"primary_secondary","geometry_type":"Point","address":"ANTONIO FELIPE FILHO, 93, JARDIM SOMARA, 04845-000","equipment_type":"EE","administrative_sphere":null,"included_in_metrics":true,"exclusion_reason":null,"override_reason":null,"outside_boundary":false}},{"type":"Feature","geometry":{"type":"Point","coordinates":[-46.76410314,-23.7007723]},"properties":{"id":"sp_geosampa_educacao_rede_publica:equipamento_educacao_rede_publica.52036","source_id":"sp_geosampa_educacao_rede_publica","name":"HERCULANO DE FREITAS PROFESSOR","name_derived":false,"category":"school","subcategory":"primary_secondary","geometry_type":"Point","address":"OLIVIER BACHELIN, 7, ALTO DA RIVIERA, 04929-170","equipment_type":"EE","administrative_sphere":null,"included_in_metrics":true,"exclusion_reason":null,"override_reason":null,"outside_boundary":false}},{"type":"Feature","geometry":{"type":"Point","coordinates":[-46.68080756,-23.68358313]},"properties":{"id":"sp_geosampa_educacao_rede_publica:equipamento_educacao_rede_publica.52037","source_id":"sp_geosampa_educacao_rede_publica","name":"AMELIA MONCON RAMPONI PROFESSORA","name_derived":false,"category":"school","subcategory":"primary_secondary","geometry_type":"Point","address":"SAO CONSTANTINO, 180, JARDIM SANTA CRUZ, 04456-000","equipment_type":"EE","administrative_sphere":null,"included_in_metrics":true,"exclusion_reason":null,"override_reason":null,"outside_boundary":false}},{"type":"Feature","geometry":{"type":"Point","coordinates":[-46.78836102,-23.44973389]},"properties":{"id":"sp_geosampa_educacao_rede_publica:equipamento_educacao_rede_publica.52038","source_id":"sp_geosampa_educacao_rede_publica","name":"ZORAIDE DE CAMPOS HELU PROFESSORA","name_derived":false,"category":"school","subcategory":"primary_secondary","geometry_type":"Point","address":"GIOVANI PALADINO, 76, JARDIM JARAGUA, 05265-020","equipment_type":"EE","administrative_sphere":null,"included_in_metrics":true,"exclusion_reason":null,"override_reason":null,"outside_boundary":false}},{"type":"Feature","geometry":{"type":"Point","coordinates":[-46.51498987,-23.5667369]},"properties":{"id":"sp_geosampa_educacao_rede_publica:equipamento_educacao_rede_publica.52039","source_id":"sp_geosampa_educacao_rede_publica","name":"NAGIB IZAR","name_derived":false,"category":"school","subcategory":"primary_secondary","geometry_type":"Point","address":"MONTE CARDOSO, 671, VILA ANTONIETA, 03474-000","equipment_type":"EE","administrative_sphere":null,"included_in_metrics":true,"exclusion_reason":null,"override_reason":null,"outside_boundary":false}},{"type":"Feature","geometry":{"type":"Point","coordinates":[-46.48650277,-23.54936994]},"properties":{"id":"sp_geosampa_educacao_rede_publica:equipamento_educacao_rede_publica.52040","source_id":"sp_geosampa_educacao_rede_publica","name":"OCTACILIO DE CARVALHO LOPES PROF","name_derived":false,"category":"school","subcategory":"primary_secondary","geometry_type":"Point","address":"WALDEMAR TIETZ, 850, CONJUNTO HABITACIONAL PADRE JOSE DE ANCHIETA, 03589-000","equipment_type":"EE","administrative_sphere":null,"included_in_metrics":true,"exclusion_reason":null,"override_reason":null,"outside_boundary":false}},{"type":"Feature","geometry":{"type":"Point","coordinates":[-46.47996115,-23.54351936]},"properties":{"id":"sp_geosampa_educacao_rede_publica:equipamento_educacao_rede_publica.52041","source_id":"sp_geosampa_educacao_rede_publica","name":"ORESTES ROSOLIA PROF","name_derived":false,"category":"school","subcategory":"primary_secondary","geometry_type":"Point","address":"JERONIMO MACHADO PADRE, 200, CONJUNTO HABITACIONAL PADRE MANOEL DA NOBREGA, 03590-000","equipment_type":"EE","administrative_sphere":null,"included_in_metrics":true,"exclusion_reason":null,"override_reason":null,"outside_boundary":false}},{"type":"Feature","geometry":{"type":"Point","coordinates":[-46.4149399,-23.4997994]},"properties":{"id":"sp_geosampa_educacao_rede_publica:equipamento_educacao_rede_publica.52042","source_id":"sp_geosampa_educacao_rede_publica","name":"ADOLPHO PLUSKAT PROF","name_derived":false,"category":"school","subcategory":"primary_secondary","geometry_type":"Point","address":"CAFE DO BRASIL, 130, JARDIM DOS IPES, 08161-225","equipment_type":"EE","administrative_sphere":null,"included_in_metrics":true,"exclusion_reason":null,"override_reason":null,"outside_boundary":false}},{"type":"Feature","geometry":{"type":"Point","coordinates":[-46.38318494,-23.49123318]},"properties":{"id":"sp_geosampa_educacao_rede_publica:equipamento_educacao_rede_publica.52043","source_id":"sp_geosampa_educacao_rede_publica","name":"JOAO PRADO MARGARIDO PROF","name_derived":false,"category":"school","subcategory":"primary_secondary","geometry_type":"Point","address":"CARMINE MONETTI, 81, JARDIM DAS OLIVEIRAS, 08111-160","equipment_type":"EE","administrative_sphere":null,"included_in_metrics":true,"exclusion_reason":null,"override_reason":null,"outside_boundary":false}},{"type":"Feature","geometry":{"type":"Point","coordinates":[-46.43506239,-23.55481862]},"properties":{"id":"sp_geosampa_educacao_rede_publica:equipamento_educacao_rede_publica.52044","source_id":"sp_geosampa_educacao_rede_publica","name":"SALIM FARAH MALUF PROFESSOR","name_derived":false,"category":"school","subcategory":"primary_secondary","geometry_type":"Point","address":"JARDIM TAMOIO, 100, CONJUNTO RESIDENCIAL JOSE BONIFACIO, 08255-010","equipment_type":"EE","administrative_sphere":null,"included_in_metrics":true,"exclusion_reason":null,"override_reason":null,"outside_boundary":false}},{"type":"Feature","geometry":{"type":"Point","coordinates":[-46.44372088,-23.55375637]},"properties":{"id":"sp_geosampa_educacao_rede_publica:equipamento_educacao_rede_publica.52045","source_id":"sp_geosampa_educacao_rede_publica","name":"FADLO HAIDAR","name_derived":false,"category":"school","subcategory":"primary_secondary","geometry_type":"Point","address":"MURMURIOS DA TARDE, 200, CONJUNTO RESIDENCIAL JOSE BONIFACIO, 08253-580","equipment_type":"EE","administrative_sphere":null,"included_in_metrics":true,"exclusion_reason":null,"override_reason":null,"outside_boundary":false}},{"type":"Feature","geometry":{"type":"Point","coordinates":[-46.40456102,-23.51934512]},"properties":{"id":"sp_geosampa_educacao_rede_publica:equipamento_educacao_rede_publica.52046","source_id":"sp_geosampa_educacao_rede_publica","name":"WILSON ROBERTO SIMONINI PROF","name_derived":false,"category":"school","subcategory":"primary_secondary","geometry_type":"Point","address":"JOAO CORREIA DE MAGALHAES, 200, PARQUE DOM JOAO NERI, 08151-260","equipment_type":"EE","administrative_sphere":null,"included_in_metrics":true,"exclusion_reason":null,"override_reason":null,"outside_boundary":false}},{"type":"Feature","geometry":{"type":"Point","coordinates":[-46.76502846,-23.56797477]},"properties":{"id":"sp_geosampa_educacao_rede_publica:equipamento_educacao_rede_publica.52047","source_id":"sp_geosampa_educacao_rede_publica","name":"SAMUEL KLABIN","name_derived":false,"category":"school","subcategory":"primary_secondary","geometry_type":"Point","address":"BORIS ALEXANDRE, 189, VILA DALVA, 05387-020","equipment_type":"EE","administrative_sphere":null,"included_in_metrics":true,"exclusion_reason":null,"override_reason":null,"outside_boundary":false}},{"type":"Feature","geometry":{"type":"Point","coordinates":[-46.64883763,-23.66339278]},"properties":{"id":"sp_geosampa_educacao_rede_publica:equipamento_educacao_rede_publica.52048","source_id":"sp_geosampa_educacao_rede_publica","name":"PEDRO CALIL PADIS PROFESSOR","name_derived":false,"category":"school","subcategory":"primary_secondary","geometry_type":"Point","address":"RODRIGUES MONTEMOR, 395, CIDADE DOMITILA, 04387-002","equipment_type":"EE","administrative_sphere":null,"included_in_metrics":true,"exclusion_reason":null,"override_reason":null,"outside_boundary":false}},{"type":"Feature","geometry":{"type":"Point","coordinates":[-46.63226925,-23.6747907]},"properties":{"id":"sp_geosampa_educacao_rede_publica:equipamento_educacao_rede_publica.52049","source_id":"sp_geosampa_educacao_rede_publica","name":"JOAO ERNESTO FAGGIN DOUTOR","name_derived":false,"category":"school","subcategory":"primary_secondary","geometry_type":"Point","address":"FULFARO, 141, VILA CLARA, 04414-200","equipment_type":"EE","administrative_sphere":null,"included_in_metrics":true,"exclusion_reason":null,"override_reason":null,"outside_boundary":false}},{"type":"Feature","geometry":{"type":"Point","coordinates":[-46.78716051,-23.65438651]},"properties":{"id":"sp_geosampa_educacao_rede_publica:equipamento_educacao_rede_publica.52050","source_id":"sp_geosampa_educacao_rede_publica","name":"DAVID NASSER JORNALISTA","name_derived":false,"category":"school","subcategory":"primary_secondary","geometry_type":"Point","address":"SEVERIANO CARDOSO, 280, JARDIM MACEDONIA, 05894-430","equipment_type":"EE","administrative_sphere":null,"included_in_metrics":true,"exclusion_reason":null,"override_reason":null,"outside_boundary":false}},{"type":"Feature","geometry":{"type":"Point","coordinates":[-46.75037403,-23.68843357]},"properties":{"id":"sp_geosampa_educacao_rede_publica:equipamento_educacao_rede_publica.52051","source_id":"sp_geosampa_educacao_rede_publica","name":"ANTONIO BERNARDES DE OLIVEIRA PROFESSOR","name_derived":false,"category":"school","subcategory":"primary_secondary","geometry_type":"Point","address":"JEAN MAROT, 12, JARDIM SAO JOAQUIM, 04917-040","equipment_type":"EE","administrative_sphere":null,"included_in_metrics":true,"exclusion_reason":null,"override_reason":null,"outside_boundary":false}},{"type":"Feature","geometry":{"type":"Point","coordinates":[-46.71435792,-23.77348663]},"properties":{"id":"sp_geosampa_educacao_rede_publica:equipamento_educacao_rede_publica.52052","source_id":"sp_geosampa_educacao_rede_publica","name":"DAVID ZEIGER","name_derived":false,"category":"school","subcategory":"primary_secondary","geometry_type":"Point","address":"SATELITE JAPETUS, 30, JARDIM MARIA AMALIA, 04858-520","equipment_type":"EE","administrative_sphere":null,"included_in_metrics":true,"exclusion_reason":null,"override_reason":null,"outside_boundary":false}},{"type":"Feature","geometry":{"type":"Point","coordinates":[-46.67668543,-23.7682735]},"properties":{"id":"sp_geosampa_educacao_rede_publica:equipamento_educacao_rede_publica.52053","source_id":"sp_geosampa_educacao_rede_publica","name":"SAVERIO FITTIPALDI","name_derived":false,"category":"school","subcategory":"primary_secondary","geometry_type":"Point","address":"RUFINO ZADO, SN, JARDIM NORONHA, 04853-070","equipment_type":"EE","administrative_sphere":null,"included_in_metrics":true,"exclusion_reason":null,"override_reason":null,"outside_boundary":false}},{"type":"Feature","geometry":{"type":"Point","coordinates":[-46.69593245,-23.69252891]},"properties":{"id":"sp_geosampa_educacao_rede_publica:equipamento_educacao_rede_publica.52054","source_id":"sp_geosampa_educacao_rede_publica","name":"AURELIO CAMPOS DEPUTADO","name_derived":false,"category":"school","subcategory":"primary_secondary","geometry_type":"Point","address":"OLIMPIO DE OLIVEIRA CHALEGRE, 137, VILA DA PAZ, 04777-040","equipment_type":"EE","administrative_sphere":null,"included_in_metrics":true,"exclusion_reason":null,"override_reason":null,"outside_boundary":false}},{"type":"Feature","geometry":{"type":"Point","coordinates":[-46.74065301,-23.77388995]},"properties":{"id":"sp_geosampa_educacao_rede_publica:equipamento_educacao_rede_publica.52055","source_id":"sp_geosampa_educacao_rede_publica","name":"CARLOS CATTONY","name_derived":false,"category":"school","subcategory":"primary_secondary","geometry_type":"Point","address":"PROFESSOR HERMAN VON IHERING, 11, JARDIM CASA GRANDE, 04870-423","equipment_type":"EE","administrative_sphere":null,"included_in_metrics":true,"exclusion_reason":null,"override_reason":null,"outside_boundary":false}},{"type":"Feature","geometry":{"type":"Point","coordinates":[-46.67344876,-23.76132368]},"properties":{"id":"sp_geosampa_educacao_rede_publica:equipamento_educacao_rede_publica.52056","source_id":"sp_geosampa_educacao_rede_publica","name":"EURIPEDES SIMOES DE PAULA PROF","name_derived":false,"category":"school","subcategory":"primary_secondary","geometry_type":"Point","address":"MARIA PAPE, 30, JARDIM LUCELIA, 04852-218","equipment_type":"EE","administrative_sphere":null,"included_in_metrics":true,"exclusion_reason":null,"override_reason":null,"outside_boundary":false}},{"type":"Feature","geometry":{"type":"Point","coordinates":[-46.73273809,-23.79067227]},"properties":{"id":"sp_geosampa_educacao_rede_publica:equipamento_educacao_rede_publica.52057","source_id":"sp_geosampa_educacao_rede_publica","name":"MARIO ARMINANTE PROF","name_derived":false,"category":"school","subcategory":"primary_secondary","geometry_type":"Point","address":"JOSE ROSCHEL RODRIGUES, 146, RECANTO CAMPO BELO, 04880-130","equipment_type":"EE","administrative_sphere":null,"included_in_metrics":true,"exclusion_reason":null,"override_reason":null,"outside_boundary":false}},{"type":"Feature","geometry":{"type":"Point","coordinates":[-46.75079237,-23.8215782]},"properties":{"id":"sp_geosampa_educacao_rede_publica:equipamento_educacao_rede_publica.52058","source_id":"sp_geosampa_educacao_rede_publica","name":"ANTONIO PEREIRA LIMA DR","name_derived":false,"category":"school","subcategory":"primary_secondary","geometry_type":"Point","address":"JUSA, 1414, PARELHEIROS, 04889-000","equipment_type":"EE","administrative_sphere":null,"included_in_metrics":true,"exclusion_reason":null,"override_reason":null,"outside_boundary":false}},{"type":"Feature","geometry":{"type":"Point","coordinates":[-46.56606087,-23.47301593]},"properties":{"id":"sp_geosampa_educacao_rede_publica:equipamento_educacao_rede_publica.52060","source_id":"sp_geosampa_educacao_rede_publica","name":"DIRCE PASTORE DONATO PROFA","name_derived":false,"category":"school","subcategory":"primary_secondary","geometry_type":"Point","address":"BOM JESUS DA CACHOEIRA, 456, PARQUE EDU CHAVES, 02236-020","equipment_type":"EE","administrative_sphere":null,"included_in_metrics":true,"exclusion_reason":null,"override_reason":null,"outside_boundary":false}},{"type":"Feature","geometry":{"type":"Point","coordinates":[-46.52889486,-23.57257955]},"properties":{"id":"sp_geosampa_educacao_rede_publica:equipamento_educacao_rede_publica.52061","source_id":"sp_geosampa_educacao_rede_publica","name":"EDUARDO GOMES BRIGADEIRO","name_derived":false,"category":"school","subcategory":"primary_secondary","geometry_type":"Point","address":"LEONCIO DA COSTA VIEIRA, 137, JARDIM PIQUEROBY, 03463-070","equipment_type":"EE","administrative_sphere":null,"included_in_metrics":true,"exclusion_reason":null,"override_reason":null,"outside_boundary":false}},{"type":"Feature","geometry":{"type":"Point","coordinates":[-46.69119314,-23.7835632]},"properties":{"id":"sp_geosampa_educacao_rede_publica:equipamento_educacao_rede_publica.52062","source_id":"sp_geosampa_educacao_rede_publica","name":"ARGEO PINTO DIAS ENG","name_derived":false,"category":"school","subcategory":"primary_secondary","geometry_type":"Point","address":"FALCAO PEREGRINO, 22, JARDIM SABIA, 04857-350","equipment_type":"EE","administrative_sphere":null,"included_in_metrics":true,"exclusion_reason":null,"override_reason":null,"outside_boundary":false}},{"type":"Feature","geometry":{"type":"Point","coordinates":[-46.74552909,-23.68425251]},"properties":{"id":"sp_geosampa_educacao_rede_publica:equipamento_educacao_rede_publica.52063","source_id":"sp_geosampa_educacao_rede_publica","name":"ANTONIO AGGIO","name_derived":false,"category":"school","subcategory":"primary_secondary","geometry_type":"Point","address":"HERCILIA GONCALVES DOS SANTOS, 16, GUARAPIRANGA, 04912-040","equipment_type":"EE","administrative_sphere":null,"included_in_metrics":true,"exclusion_reason":null,"override_reason":null,"outside_boundary":false}},{"type":"Feature","geometry":{"type":"Point","coordinates":[-46.70876591,-23.46990583]},"properties":{"id":"sp_geosampa_educacao_rede_publica:equipamento_educacao_rede_publica.52064","source_id":"sp_geosampa_educacao_rede_publica","name":"JOSE BARBOSA DE ALMEIDA PROFESSOR","name_derived":false,"category":"school","subcategory":"primary_secondary","geometry_type":"Point","address":"ELISIO TEIXEIRA LEITE, 3260, SITIO MORRO GRANDE, 02810-000","equipment_type":"EE","administrative_sphere":null,"included_in_metrics":true,"exclusion_reason":null,"override_reason":null,"outside_boundary":false}},{"type":"Feature","geometry":{"type":"Point","coordinates":[-46.45024905,-23.4908756]},"properties":{"id":"sp_geosampa_educacao_rede_publica:equipamento_educacao_rede_publica.52065","source_id":"sp_geosampa_educacao_rede_publica","name":"PEDRO MOREIRA MATOS PROF","name_derived":false,"category":"school","subcategory":"primary_secondary","geometry_type":"Point","address":"RAFAEL ZIMBARDI, 38, JARDIM NAIR, 08071-130","equipment_type":"EE","administrative_sphere":null,"included_in_metrics":true,"exclusion_reason":null,"override_reason":null,"outside_boundary":false}},{"type":"Feature","geometry":{"type":"Point","coordinates":[-46.67797119,-23.45092456]},"properties":{"id":"sp_geosampa_educacao_rede_publica:equipamento_educacao_rede_publica.52066","source_id":"sp_geosampa_educacao_rede_publica","name":"FLAMINIO FAVERO PROFESSOR","name_derived":false,"category":"school","subcategory":"primary_secondary","geometry_type":"Point","address":"GENERAL PENHA BRASIL, 3001, VILA NOVA CACHOEIRINHA, 02673-000","equipment_type":"EE","administrative_sphere":null,"included_in_metrics":true,"exclusion_reason":null,"override_reason":null,"outside_boundary":false}},{"type":"Feature","geometry":{"type":"Point","coordinates":[-46.72691944,-23.42819811]},"properties":{"id":"sp_geosampa_educacao_rede_publica:equipamento_educacao_rede_publica.52067","source_id":"sp_geosampa_educacao_rede_publica","name":"CARLOS BORBA PROFESSOR","name_derived":false,"category":"school","subcategory":"primary_secondary","geometry_type":"Point","address":"JOANA PEDROSO DOS SANTOS, 101, JARDIM RODRIGO, 02990-060","equipment_type":"EE","administrative_sphere":null,"included_in_metrics":true,"exclusion_reason":null,"override_reason":null,"outside_boundary":false}},{"type":"Feature","geometry":{"type":"Point","coordinates":[-46.74933904,-23.47498028]},"properties":{"id":"sp_geosampa_educacao_rede_publica:equipamento_educacao_rede_publica.52068","source_id":"sp_geosampa_educacao_rede_publica","name":"JOAO NOGUEIRA LOTUFO PROFESSOR","name_derived":false,"category":"school","subcategory":"primary_secondary","geometry_type":"Point","address":"JOSE MARCOS DE ALBUQUERQUE, 18, JARDIM SANTA MONICA, 05171-400","equipment_type":"EE","administrative_sphere":null,"included_in_metrics":true,"exclusion_reason":null,"override_reason":null,"outside_boundary":false}},{"type":"Feature","geometry":{"type":"Point","coordinates":[-46.48118954,-23.54829386]},"properties":{"id":"sp_geosampa_educacao_rede_publica:equipamento_educacao_rede_publica.52069","source_id":"sp_geosampa_educacao_rede_publica","name":"ANTONIO SYLVIO DA CUNHA BUENO","name_derived":false,"category":"school","subcategory":"primary_secondary","geometry_type":"Point","address":"ANDREA FELICIANI, 501, CONJUNTO HABITACIONAL PADRE MANOEL DE PAIVA, 03591-020","equipment_type":"EE","administrative_sphere":null,"included_in_metrics":true,"exclusion_reason":null,"override_reason":null,"outside_boundary":false}},{"type":"Feature","geometry":{"type":"Point","coordinates":[-46.51468771,-23.5033372]},"properties":{"id":"sp_geosampa_educacao_rede_publica:equipamento_educacao_rede_publica.52070","source_id":"sp_geosampa_educacao_rede_publica","name":"MARIA APARECIDA MACHADO JULIANELLI","name_derived":false,"category":"school","subcategory":"primary_secondary","geometry_type":"Point","address":"PEDRO MARCIANO DE ALCANTARA, 18, ENGENHEIRO GOULART, 03726-010","equipment_type":"EE","administrative_sphere":null,"included_in_metrics":true,"exclusion_reason":null,"override_reason":null,"outside_boundary":false}},{"type":"Feature","geometry":{"type":"Point","coordinates":[-46.43061368,-23.48218736]},"properties":{"id":"sp_geosampa_educacao_rede_publica:equipamento_educacao_rede_publica.52071","source_id":"sp_geosampa_educacao_rede_publica","name":"FRANCISCO PEREIRA DE SOUZA FILHO PROF","name_derived":false,"category":"school","subcategory":"primary_secondary","geometry_type":"Point","address":"GONCALVES RIBEIRO, 50, PARQUE PAULISTANO, 08080-090","equipment_type":"EE","administrative_sphere":null,"included_in_metrics":true,"exclusion_reason":null,"override_reason":null,"outside_boundary":false}},{"type":"Feature","geometry":{"type":"Point","coordinates":[-46.43555954,-23.50222058]},"properties":{"id":"sp_geosampa_educacao_rede_publica:equipamento_educacao_rede_publica.52072","source_id":"sp_geosampa_educacao_rede_publica","name":"TERCIO MORAES PEREIRA REV","name_derived":false,"category":"school","subcategory":"primary_secondary","geometry_type":"Point","address":"PEDRO SOARES DE ANDRADE, 775, VILA ROSARIA, 08021-040","equipment_type":"EE","administrative_sphere":null,"included_in_metrics":true,"exclusion_reason":null,"override_reason":null,"outside_boundary":false}},{"type":"Feature","geometry":{"type":"Point","coordinates":[-46.43287317,-23.53219518]},"properties":{"id":"sp_geosampa_educacao_rede_publica:equipamento_educacao_rede_publica.52073","source_id":"sp_geosampa_educacao_rede_publica","name":"JULIO DINIS","name_derived":false,"category":"school","subcategory":"primary_secondary","geometry_type":"Point","address":"R JUCARAL, 170, PDA QUINZE, 08246-106","equipment_type":"EE","administrative_sphere":null,"included_in_metrics":true,"exclusion_reason":null,"override_reason":null,"outside_boundary":false}},{"type":"Feature","geometry":{"type":"Point","coordinates":[-46.73263231,-23.64022158]},"properties":{"id":"sp_geosampa_educacao_rede_publica:equipamento_educacao_rede_publica.52074","source_id":"sp_geosampa_educacao_rede_publica","name":"LUIS GONZAGA TRAVASSOS DA ROSA","name_derived":false,"category":"school","subcategory":"primary_secondary","geometry_type":"Point","address":"AFONSO VIDAL, 600, JARDIM SANTO ANTONIO, 05723-330","equipment_type":"EE","administrative_sphere":null,"included_in_metrics":true,"exclusion_reason":null,"override_reason":null,"outside_boundary":false}},{"type":"Feature","geometry":{"type":"Point","coordinates":[-46.75130068,-23.66308235]},"properties":{"id":"sp_geosampa_educacao_rede_publica:equipamento_educacao_rede_publica.52075","source_id":"sp_geosampa_educacao_rede_publica","name":"ARNALDO LAURINDO PROFESSOR","name_derived":false,"category":"school","subcategory":"primary_secondary","geometry_type":"Point","address":"ALTINO ALVES DE ABREU, 110, PARQUE SANTO ANTONIO, 05822-000","equipment_type":"EE","administrative_sphere":null,"included_in_metrics":true,"exclusion_reason":null,"override_reason":null,"outside_boundary":false}},{"type":"Feature","geometry":{"type":"Point","coordinates":[-46.64417,-23.69003763]},"properties":{"id":"sp_geosampa_educacao_rede_publica:equipamento_educacao_rede_publica.52076","source_id":"sp_geosampa_educacao_rede_publica","name":"TIAGO ALBERIONE PADRE","name_derived":false,"category":"school","subcategory":"primary_secondary","geometry_type":"Point","address":"ANGELO CRISTIANINI, 1434, CIDADE JULIA, 04424-000","equipment_type":"EE","administrative_sphere":null,"included_in_metrics":true,"exclusion_reason":null,"override_reason":null,"outside_boundary":false}},{"type":"Feature","geometry":{"type":"Point","coordinates":[-46.69774155,-23.74769733]},"properties":{"id":"sp_geosampa_educacao_rede_publica:equipamento_educacao_rede_publica.52077","source_id":"sp_geosampa_educacao_rede_publica","name":"ESTHER GARCIA PROFA EE","name_derived":false,"category":"school","subcategory":"primary_secondary","geometry_type":"Point","address":"ANTONIO CARLOS BENJAMIM DOS SANTOS, 858, JARDIM MYRNA, 04856-070","equipment_type":"EE","administrative_sphere":null,"included_in_metrics":true,"exclusion_reason":null,"override_reason":null,"outside_boundary":false}},{"type":"Feature","geometry":{"type":"Point","coordinates":[-46.57182071,-23.47787937]},"properties":{"id":"sp_geosampa_educacao_rede_publica:equipamento_educacao_rede_publica.52078","source_id":"sp_geosampa_educacao_rede_publica","name":"PROVINCIA DE NAGASAKI","name_derived":false,"category":"school","subcategory":"primary_secondary","geometry_type":"Point","address":"DORANDIA, 158, JARDIM BRASIL ZONA NORTE, 02234-080","equipment_type":"EE","administrative_sphere":null,"included_in_metrics":true,"exclusion_reason":null,"override_reason":null,"outside_boundary":false}},{"type":"Feature","geometry":{"type":"Point","coordinates":[-46.71455708,-23.81101513]},"properties":{"id":"sp_geosampa_educacao_rede_publica:equipamento_educacao_rede_publica.52079","source_id":"sp_geosampa_educacao_rede_publica","name":"MARIA DE LOURDES ALMEIDA SINISGALLI PROFA","name_derived":false,"category":"school","subcategory":"primary_secondary","geometry_type":"Point","address":"PROFESSOR HERMGENES DE FREITAS LEITAO, 4946, PARELHEIROS, 04865-000","equipment_type":"EE","administrative_sphere":null,"included_in_metrics":true,"exclusion_reason":null,"override_reason":null,"outside_boundary":false}},{"type":"Feature","geometry":{"type":"Point","coordinates":[-46.70807965,-23.48718719]},"properties":{"id":"sp_geosampa_educacao_rede_publica:equipamento_educacao_rede_publica.52080","source_id":"sp_geosampa_educacao_rede_publica","name":"PAULO TRAJANO DA SILVEIRA SANTOS PROFESSOR","name_derived":false,"category":"school","subcategory":"primary_secondary","geometry_type":"Point","address":"PRAIA DO TUMIARU, 320, VILA MARINA, 02965-020","equipment_type":"EE","administrative_sphere":null,"included_in_metrics":true,"exclusion_reason":null,"override_reason":null,"outside_boundary":false}},{"type":"Feature","geometry":{"type":"Point","coordinates":[-46.66433593,-23.45744892]},"properties":{"id":"sp_geosampa_educacao_rede_publica:equipamento_educacao_rede_publica.52081","source_id":"sp_geosampa_educacao_rede_publica","name":"PAULO LEIVAS MACALAO PASTOR","name_derived":false,"category":"school","subcategory":"primary_secondary","geometry_type":"Point","address":"ALTO SUCURIU, 327, JARDIM PERI, 02679-000","equipment_type":"EE","administrative_sphere":null,"included_in_metrics":true,"exclusion_reason":null,"override_reason":null,"outside_boundary":false}},{"type":"Feature","geometry":{"type":"Point","coordinates":[-46.58495969,-23.44988115]},"properties":{"id":"sp_geosampa_educacao_rede_publica:equipamento_educacao_rede_publica.52082","source_id":"sp_geosampa_educacao_rede_publica","name":"JOAO BAPTISTA ALVES SILVA PROF","name_derived":false,"category":"school","subcategory":"primary_secondary","geometry_type":"Point","address":"MANUEL VIEIRA DA LUZ, 384, SITIO DO PIQUERI, 02318-020","equipment_type":"EE","administrative_sphere":null,"included_in_metrics":true,"exclusion_reason":null,"override_reason":null,"outside_boundary":false}},{"type":"Feature","geometry":{"type":"Point","coordinates":[-46.50951161,-23.61052009]},"properties":{"id":"sp_geosampa_educacao_rede_publica:equipamento_educacao_rede_publica.52083","source_id":"sp_geosampa_educacao_rede_publica","name":"EMIR MACEDO NOGUEIRA JORNALISTA PROF","name_derived":false,"category":"school","subcategory":"primary_secondary","geometry_type":"Point","address":"IACAPE, 322, PARQUE SANTA MADALENA, 03983-090","equipment_type":"EE","administrative_sphere":null,"included_in_metrics":true,"exclusion_reason":null,"override_reason":null,"outside_boundary":false}},{"type":"Feature","geometry":{"type":"Point","coordinates":[-46.50570736,-23.61694946]},"properties":{"id":"sp_geosampa_educacao_rede_publica:equipamento_educacao_rede_publica.52084","source_id":"sp_geosampa_educacao_rede_publica","name":"ROMEU MONTORO","name_derived":false,"category":"school","subcategory":"primary_secondary","geometry_type":"Point","address":"LUIS JULIANI, 422, JARDIM ADUTORA, 03978-270","equipment_type":"EE","administrative_sphere":null,"included_in_metrics":true,"exclusion_reason":null,"override_reason":null,"outside_boundary":false}},{"type":"Feature","geometry":{"type":"Point","coordinates":[-46.48707028,-23.56283383]},"properties":{"id":"sp_geosampa_educacao_rede_publica:equipamento_educacao_rede_publica.52085","source_id":"sp_geosampa_educacao_rede_publica","name":"PAULO LAURO DR","name_derived":false,"category":"school","subcategory":"primary_secondary","geometry_type":"Point","address":"VITALINO DOS SANTOS, 85, PARQUE SAVOY CITY, 03570-160","equipment_type":"EE","administrative_sphere":null,"included_in_metrics":true,"exclusion_reason":null,"override_reason":null,"outside_boundary":false}},{"type":"Feature","geometry":{"type":"Point","coordinates":[-46.47958101,-23.62453602]},"properties":{"id":"sp_geosampa_educacao_rede_publica:equipamento_educacao_rede_publica.52086","source_id":"sp_geosampa_educacao_rede_publica","name":"MOACYR AMARAL DOS SANTOS","name_derived":false,"category":"school","subcategory":"primary_secondary","geometry_type":"Point","address":"CARLOS BELLEVILLE, 22, JARDIM BURITI, 08320-880","equipment_type":"EE","administrative_sphere":null,"included_in_metrics":true,"exclusion_reason":null,"override_reason":null,"outside_boundary":false}},{"type":"Feature","geometry":{"type":"Point","coordinates":[-46.44148569,-23.55164656]},"properties":{"id":"sp_geosampa_educacao_rede_publica:equipamento_educacao_rede_publica.52087","source_id":"sp_geosampa_educacao_rede_publica","name":"JOAQUIM SILVERIO GOMES DOS REIS PROFESSOR","name_derived":false,"category":"school","subcategory":"primary_secondary","geometry_type":"Point","address":"GUILHERME DE VALENCIA, 45, COHAB JOSE BONIFACIO, 08253-280","equipment_type":"EE","administrative_sphere":null,"included_in_metrics":true,"exclusion_reason":null,"override_reason":null,"outside_boundary":false}},{"type":"Feature","geometry":{"type":"Point","coordinates":[-46.43488679,-23.54099265]},"properties":{"id":"sp_geosampa_educacao_rede_publica:equipamento_educacao_rede_publica.52088","source_id":"sp_geosampa_educacao_rede_publica","name":"INDIANA ZUYCHER SIMOES DE JESUS PROFESSORA","name_derived":false,"category":"school","subcategory":"primary_secondary","geometry_type":"Point","address":"INACIO DONATI, 200, CONJUNTO RESIDENCIAL JOSE BONIFACIO, 08250-710","equipment_type":"EE","administrative_sphere":null,"included_in_metrics":true,"exclusion_reason":null,"override_reason":null,"outside_boundary":false}},{"type":"Feature","geometry":{"type":"Point","coordinates":[-46.44079241,-23.53853049]},"properties":{"id":"sp_geosampa_educacao_rede_publica:equipamento_educacao_rede_publica.52089","source_id":"sp_geosampa_educacao_rede_publica","name":"RUTH CABRAL TRONCARELLI PROFESSORA","name_derived":false,"category":"school","subcategory":"primary_secondary","geometry_type":"Point","address":"ANTONIO GANDINI, 690, ITAQUERA, 08215-460","equipment_type":"EE","administrative_sphere":null,"included_in_metrics":true,"exclusion_reason":null,"override_reason":null,"outside_boundary":false}},{"type":"Feature","geometry":{"type":"Point","coordinates":[-46.43276239,-23.51824164]},"properties":{"id":"sp_geosampa_educacao_rede_publica:equipamento_educacao_rede_publica.52090","source_id":"sp_geosampa_educacao_rede_publica","name":"JOSE RIGHETTO SOBRINHO PROF","name_derived":false,"category":"school","subcategory":"primary_secondary","geometry_type":"Point","address":"CRIUVA, 516, VILA PROGRESSO ZONA LESTE, 08245-300","equipment_type":"EE","administrative_sphere":null,"included_in_metrics":true,"exclusion_reason":null,"override_reason":null,"outside_boundary":false}},{"type":"Feature","geometry":{"type":"Point","coordinates":[-46.41034377,-23.54727238]},"properties":{"id":"sp_geosampa_educacao_rede_publica:equipamento_educacao_rede_publica.52091","source_id":"sp_geosampa_educacao_rede_publica","name":"FREDERICO MARIANO","name_derived":false,"category":"school","subcategory":"primary_secondary","geometry_type":"Point","address":"JERONIMO PRADO, 115, VILA SANTA CRUZ ZONA LESTE, 08411-100","equipment_type":"EE","administrative_sphere":null,"included_in_metrics":true,"exclusion_reason":null,"override_reason":null,"outside_boundary":false}},{"type":"Feature","geometry":{"type":"Point","coordinates":[-46.77773312,-23.68817265]},"properties":{"id":"sp_geosampa_educacao_rede_publica:equipamento_educacao_rede_publica.52092","source_id":"sp_geosampa_educacao_rede_publica","name":"CICERO CANUTO DE LIMA PASTOR","name_derived":false,"category":"school","subcategory":"primary_secondary","geometry_type":"Point","address":"CIPOTUBA, 37, MORRO DO INDIO, 05873-190","equipment_type":"EE","administrative_sphere":null,"included_in_metrics":true,"exclusion_reason":null,"override_reason":null,"outside_boundary":false}},{"type":"Feature","geometry":{"type":"Point","coordinates":[-46.78906316,-23.6585507]},"properties":{"id":"sp_geosampa_educacao_rede_publica:equipamento_educacao_rede_publica.52093","source_id":"sp_geosampa_educacao_rede_publica","name":"ARISTON DE OLIVEIRA PROFESSOR TENENTE","name_derived":false,"category":"school","subcategory":"primary_secondary","geometry_type":"Point","address":"JOAO DA CRUZ E SOUSA, 444, JARDIM DAS ROSAS ZONA SUL, 05893-000","equipment_type":"EE","administrative_sphere":null,"included_in_metrics":true,"exclusion_reason":null,"override_reason":null,"outside_boundary":false}},{"type":"Feature","geometry":{"type":"Point","coordinates":[-46.71778778,-23.73285003]},"properties":{"id":"sp_geosampa_educacao_rede_publica:equipamento_educacao_rede_publica.52094","source_id":"sp_geosampa_educacao_rede_publica","name":"HOMERO VAZ DO AMARAL","name_derived":false,"category":"school","subcategory":"primary_secondary","geometry_type":"Point","address":"BREST, 2, JARDIM KIOTO, 04832-060","equipment_type":"EE","administrative_sphere":null,"included_in_metrics":true,"exclusion_reason":null,"override_reason":null,"outside_boundary":false}},{"type":"Feature","geometry":{"type":"Point","coordinates":[-46.77014525,-23.72009369]},"properties":{"id":"sp_geosampa_educacao_rede_publica:equipamento_educacao_rede_publica.52095","source_id":"sp_geosampa_educacao_rede_publica","name":"SOICHI MABE","name_derived":false,"category":"school","subcategory":"primary_secondary","geometry_type":"Point","address":"AMARO GOMES, 24, JARDIM ARACATI, 04949-120","equipment_type":"EE","administrative_sphere":null,"included_in_metrics":true,"exclusion_reason":null,"override_reason":null,"outside_boundary":false}},{"type":"Feature","geometry":{"type":"Point","coordinates":[-46.67344876,-23.76132368]},"properties":{"id":"sp_geosampa_educacao_rede_publica:equipamento_educacao_rede_publica.52096","source_id":"sp_geosampa_educacao_rede_publica","name":"LEONEL BRIZOLA","name_derived":false,"category":"school","subcategory":"primary_secondary","geometry_type":"Point","address":"MARIA PAPE, 30, JARDIM LUCELIA, 04852-218","equipment_type":"EE","administrative_sphere":null,"included_in_metrics":true,"exclusion_reason":null,"override_reason":null,"outside_boundary":false}},{"type":"Feature","geometry":{"type":"Point","coordinates":[-46.67129563,-23.74265715]},"properties":{"id":"sp_geosampa_educacao_rede_publica:equipamento_educacao_rede_publica.52097","source_id":"sp_geosampa_educacao_rede_publica","name":"ANA MARIA BENTO PROFESSORA","name_derived":false,"category":"school","subcategory":"primary_secondary","geometry_type":"Point","address":"MARIO DAVID ANDREAZZA MINISTRO, 94, PARQUE RESIDENCIAL COCAIA, 04849-080","equipment_type":"EE","administrative_sphere":null,"included_in_metrics":true,"exclusion_reason":null,"override_reason":null,"outside_boundary":false}},{"type":"Feature","geometry":{"type":"Point","coordinates":[-46.63034289,-23.5768]},"properties":{"id":"sp_geosampa_educacao_rede_publica:equipamento_educacao_rede_publica.52242","source_id":"sp_geosampa_educacao_rede_publica","name":"EMEF FARIA LIMA BRIG","name_derived":false,"category":"school","subcategory":"primary_secondary","geometry_type":"Point","address":"AMETISTA, 50, ACLIMACAO, 04109-010","equipment_type":"EMEF","administrative_sphere":null,"included_in_metrics":true,"exclusion_reason":null,"override_reason":null,"outside_boundary":false}},{"type":"Feature","geometry":{"type":"Point","coordinates":[-46.5683984,-23.57028585]},"properties":{"id":"sp_geosampa_educacao_rede_publica:equipamento_educacao_rede_publica.52243","source_id":"sp_geosampa_educacao_rede_publica","name":"EMEF EMILIANO DI CAVALCANTI","name_derived":false,"category":"school","subcategory":"primary_secondary","geometry_type":"Point","address":"ALMIRANTE ALEXANDRINO, 541, VILA INVERNADA, 03350-010","equipment_type":"EMEF","administrative_sphere":null,"included_in_metrics":true,"exclusion_reason":null,"override_reason":null,"outside_boundary":false}},{"type":"Feature","geometry":{"type":"Point","coordinates":[-46.56385593,-23.57149676]},"properties":{"id":"sp_geosampa_educacao_rede_publica:equipamento_educacao_rede_publica.52244","source_id":"sp_geosampa_educacao_rede_publica","name":"EMEF LEONOR MENDES DE BARROS","name_derived":false,"category":"school","subcategory":"primary_secondary","geometry_type":"Point","address":"RAIMUNDO CORREIA, 5, VILA DIVA ZONA LESTE, 03351-050","equipment_type":"EMEF","administrative_sphere":null,"included_in_metrics":true,"exclusion_reason":null,"override_reason":null,"outside_boundary":false}},{"type":"Feature","geometry":{"type":"Point","coordinates":[-46.64175313,-23.55711278]},"properties":{"id":"sp_geosampa_educacao_rede_publica:equipamento_educacao_rede_publica.52245","source_id":"sp_geosampa_educacao_rede_publica","name":"EMEF CELSO LEITE RIBEIRO FILHO","name_derived":false,"category":"school","subcategory":"primary_secondary","geometry_type":"Point","address":"HUMAITA, 480, BELA VISTA, 01321-010","equipment_type":"EMEF","administrative_sphere":null,"included_in_metrics":true,"exclusion_reason":null,"override_reason":null,"outside_boundary":false}},{"type":"Feature","geometry":{"type":"Point","coordinates":[-46.67807383,-23.4591008]},"properties":{"id":"sp_geosampa_educacao_rede_publica:equipamento_educacao_rede_publica.52246","source_id":"sp_geosampa_educacao_rede_publica","name":"EMEF CASTRO ALVES","name_derived":false,"category":"school","subcategory":"primary_secondary","geometry_type":"Point","address":"AGENOR ALVES MEIRA, 285, JARDIM DOS FRANCOS, 02874-140","equipment_type":"EMEF","administrative_sphere":null,"included_in_metrics":true,"exclusion_reason":null,"override_reason":null,"outside_boundary":false}},{"type":"Feature","geometry":{"type":"Point","coordinates":[-46.67406751,-23.47070798]},"properties":{"id":"sp_geosampa_educacao_rede_publica:equipamento_educacao_rede_publica.52247","source_id":"sp_geosampa_educacao_rede_publica","name":"EMEF SEBASTIAO NOGUEIRA DE LIMA DES","name_derived":false,"category":"school","subcategory":"primary_secondary","geometry_type":"Point","address":"JOAQUINA MARIA DOS SANTOS, 177, VILA RICA, 02860-110","equipment_type":"EMEF","administrative_sphere":null,"included_in_metrics":true,"exclusion_reason":null,"override_reason":null,"outside_boundary":false}},{"type":"Feature","geometry":{"type":"Point","coordinates":[-46.69077004,-23.46925804]},"properties":{"id":"sp_geosampa_educacao_rede_publica:equipamento_educacao_rede_publica.52248","source_id":"sp_geosampa_educacao_rede_publica","name":"EMEF RAUL FERNANDES EMB","name_derived":false,"category":"school","subcategory":"primary_secondary","geometry_type":"Point","address":"NAIR RAMOS SCHURING, 158, VILA BRASILANDIA, 02845-040","equipment_type":"EMEF","administrative_sphere":null,"included_in_metrics":true,"exclusion_reason":null,"override_reason":null,"outside_boundary":false}},{"type":"Feature","geometry":{"type":"Point","coordinates":[-46.69395331,-23.45832433]},"properties":{"id":"sp_geosampa_educacao_rede_publica:equipamento_educacao_rede_publica.52249","source_id":"sp_geosampa_educacao_rede_publica","name":"EMEF ANDRE RODRIGUES DE ALCKMIN PROF","name_derived":false,"category":"school","subcategory":"primary_secondary","geometry_type":"Point","address":"MARCELINO JOSE DE FREITAS, 619, VILA TERESINHA, 02853-010","equipment_type":"EMEF","administrative_sphere":null,"included_in_metrics":true,"exclusion_reason":null,"override_reason":null,"outside_boundary":false}},{"type":"Feature","geometry":{"type":"Point","coordinates":[-46.68767948,-23.48223049]},"properties":{"id":"sp_geosampa_educacao_rede_publica:equipamento_educacao_rede_publica.52250","source_id":"sp_geosampa_educacao_rede_publica","name":"EMEF JOANINHA GRASSI FAGUNDES PROFA","name_derived":false,"category":"school","subcategory":"primary_secondary","geometry_type":"Point","address":"ALBERTO ANDALO, 36, PARQUE SAO LUIS, 02840-080","equipment_type":"EMEF","administrative_sphere":null,"included_in_metrics":true,"exclusion_reason":null,"override_reason":null,"outside_boundary":false}},{"type":"Feature","geometry":{"type":"Point","coordinates":[-46.69826784,-23.4625916]},"properties":{"id":"sp_geosampa_educacao_rede_publica:equipamento_educacao_rede_publica.52251","source_id":"sp_geosampa_educacao_rede_publica","name":"EMEF MILTOM CAMPOS SEN","name_derived":false,"category":"school","subcategory":"primary_secondary","geometry_type":"Point","address":"PERSIO DE SOUZA QUEIROZ FILHO, 155, VILA ISABEL, 02846-040","equipment_type":"EMEF","administrative_sphere":null,"included_in_metrics":true,"exclusion_reason":null,"override_reason":null,"outside_boundary":false}},{"type":"Feature","geometry":{"type":"Point","coordinates":[-46.68069805,-23.46747535]},"properties":{"id":"sp_geosampa_educacao_rede_publica:equipamento_educacao_rede_publica.52252","source_id":"sp_geosampa_educacao_rede_publica","name":"EMEF THEO DUTRA","name_derived":false,"category":"school","subcategory":"primary_secondary","geometry_type":"Point","address":"GUILHERME DE ALMEIDA, 110, VILA PENTEADO, 02866-040","equipment_type":"EMEF","administrative_sphere":null,"included_in_metrics":true,"exclusion_reason":null,"override_reason":null,"outside_boundary":false}},{"type":"Feature","geometry":{"type":"Point","coordinates":[-46.69149972,-23.48971654]},"properties":{"id":"sp_geosampa_educacao_rede_publica:equipamento_educacao_rede_publica.52253","source_id":"sp_geosampa_educacao_rede_publica","name":"EMEF PLINIO AYROSA","name_derived":false,"category":"school","subcategory":"primary_secondary","geometry_type":"Point","address":"TOMAS RAMOS JORDAO, 259, PARQUE MONTEIRO SOARES, 02736-000","equipment_type":"EMEF","administrative_sphere":null,"included_in_metrics":true,"exclusion_reason":null,"override_reason":null,"outside_boundary":false}},{"type":"Feature","geometry":{"type":"Point","coordinates":[-46.7616313,-23.57363452]},"properties":{"id":"sp_geosampa_educacao_rede_publica:equipamento_educacao_rede_publica.52254","source_id":"sp_geosampa_educacao_rede_publica","name":"EMEF BRASIL-JAPAO","name_derived":false,"category":"school","subcategory":"primary_secondary","geometry_type":"Point","address":"DOUTOR PAULO CARVALHO FERREIRA, 94, JARDIM SARAH, 05382-040","equipment_type":"EMEF","administrative_sphere":null,"included_in_metrics":true,"exclusion_reason":null,"override_reason":null,"outside_boundary":false}},{"type":"Feature","geometry":{"type":"Point","coordinates":[-46.72944328,-23.57437092]},"properties":{"id":"sp_geosampa_educacao_rede_publica:equipamento_educacao_rede_publica.52255","source_id":"sp_geosampa_educacao_rede_publica","name":"EMEF AMORIM LIMA DES","name_derived":false,"category":"school","subcategory":"primary_secondary","geometry_type":"Point","address":"PROFESSOR VICENTE PEIXOTO, 50, VILA GOMES, 05587-160","equipment_type":"EMEF","administrative_sphere":null,"included_in_metrics":true,"exclusion_reason":null,"override_reason":null,"outside_boundary":false}},{"type":"Feature","geometry":{"type":"Point","coordinates":[-46.73628046,-23.59567036]},"properties":{"id":"sp_geosampa_educacao_rede_publica:equipamento_educacao_rede_publica.52256","source_id":"sp_geosampa_educacao_rede_publica","name":"EMEF ARTHUR WHITAKER DES","name_derived":false,"category":"school","subcategory":"primary_secondary","geometry_type":"Point","address":"ANDRE SARAIVA, 860, VILA SONIA, 05626-000","equipment_type":"EMEF","administrative_sphere":null,"included_in_metrics":true,"exclusion_reason":null,"override_reason":null,"outside_boundary":false}},{"type":"Feature","geometry":{"type":"Point","coordinates":[-46.73052969,-23.59420563]},"properties":{"id":"sp_geosampa_educacao_rede_publica:equipamento_educacao_rede_publica.52257","source_id":"sp_geosampa_educacao_rede_publica","name":"EMEF THEODOMIRO DIAS DES","name_derived":false,"category":"school","subcategory":"primary_secondary","geometry_type":"Point","address":"DOUTOR JOSE ORIA, S/N, VILA SONIA, 05626-070","equipment_type":"EMEF","administrative_sphere":null,"included_in_metrics":true,"exclusion_reason":null,"override_reason":null,"outside_boundary":false}},{"type":"Feature","geometry":{"type":"Point","coordinates":[-46.79208092,-23.59420519]},"properties":{"id":"sp_geosampa_educacao_rede_publica:equipamento_educacao_rede_publica.52258","source_id":"sp_geosampa_educacao_rede_publica","name":"EMEF ALCIDES GONCALVES ETCHEGOYEN GEN","name_derived":false,"category":"school","subcategory":"primary_secondary","geometry_type":"Point","address":"ADHERBAL STRESSER, 686, JARDIM ARPOADOR, 05566-000","equipment_type":"EMEF","administrative_sphere":null,"included_in_metrics":true,"exclusion_reason":null,"override_reason":null,"outside_boundary":false}},{"type":"Feature","geometry":{"type":"Point","coordinates":[-46.76469437,-23.56398863]},"properties":{"id":"sp_geosampa_educacao_rede_publica:equipamento_educacao_rede_publica.52259","source_id":"sp_geosampa_educacao_rede_publica","name":"EMEF ALVARO SILVA BRAGA GEN","name_derived":false,"category":"school","subcategory":"primary_secondary","geometry_type":"Point","address":"PADRE PAULO CANELLES, 611, VILA DALVA, 05386-070","equipment_type":"EMEF","administrative_sphere":null,"included_in_metrics":true,"exclusion_reason":null,"override_reason":null,"outside_boundary":false}},{"type":"Feature","geometry":{"type":"Point","coordinates":[-46.75848121,-23.55766299]},"properties":{"id":"sp_geosampa_educacao_rede_publica:equipamento_educacao_rede_publica.52260","source_id":"sp_geosampa_educacao_rede_publica","name":"EMEF EUCLYDES DE OLIVEIRA FIGUEIREDO GEN","name_derived":false,"category":"school","subcategory":"primary_secondary","geometry_type":"Point","address":"MARECHAL OLIMPIO MOURAO FILHO, 187, CIDADE SAO FRANCISCO, 05352-080","equipment_type":"EMEF","administrative_sphere":null,"included_in_metrics":true,"exclusion_reason":null,"override_reason":null,"outside_boundary":false}},{"type":"Feature","geometry":{"type":"Point","coordinates":[-46.75289553,-23.57501322]},"properties":{"id":"sp_geosampa_educacao_rede_publica:equipamento_educacao_rede_publica.52261","source_id":"sp_geosampa_educacao_rede_publica","name":"EMEF IBRAHIM NOBRE","name_derived":false,"category":"school","subcategory":"primary_secondary","geometry_type":"Point","address":"CORONEL SALVADOR DE MOYA, 263, VILA ALBA, 05368-020","equipment_type":"EMEF","administrative_sphere":null,"included_in_metrics":true,"exclusion_reason":null,"override_reason":null,"outside_boundary":false}},{"type":"Feature","geometry":{"type":"Point","coordinates":[-46.79214261,-23.59809415]},"properties":{"id":"sp_geosampa_educacao_rede_publica:equipamento_educacao_rede_publica.52262","source_id":"sp_geosampa_educacao_rede_publica","name":"EMEF JOAO XXIII","name_derived":false,"category":"school","subcategory":"primary_secondary","geometry_type":"Point","address":"CONEGO LUIS VIEIRA DA SILVA, 201, JARDIM JOAO XXIII, 05569-110","equipment_type":"EMEF","administrative_sphere":null,"included_in_metrics":true,"exclusion_reason":null,"override_reason":null,"outside_boundary":false}},{"type":"Feature","geometry":{"type":"Point","coordinates":[-46.7358944,-23.5813211]},"properties":{"id":"sp_geosampa_educacao_rede_publica:equipamento_educacao_rede_publica.52263","source_id":"sp_geosampa_educacao_rede_publica","name":"EMEF JULIO MESQUITA","name_derived":false,"category":"school","subcategory":"primary_secondary","geometry_type":"Point","address":"JOSE AIRES NETO, 25, JARDIM BONFIGLIOLI, 05594-040","equipment_type":"EMEF","administrative_sphere":null,"included_in_metrics":true,"exclusion_reason":null,"override_reason":null,"outside_boundary":false}},{"type":"Feature","geometry":{"type":"Point","coordinates":[-46.72425679,-23.58278828]},"properties":{"id":"sp_geosampa_educacao_rede_publica:equipamento_educacao_rede_publica.52264","source_id":"sp_geosampa_educacao_rede_publica","name":"EMEF DEODORO DA FONSECA MAL","name_derived":false,"category":"school","subcategory":"primary_secondary","geometry_type":"Point","address":"IMPRENSA PAULISTA, 30, CAXINGUI, 05517-020","equipment_type":"EMEF","administrative_sphere":null,"included_in_metrics":true,"exclusion_reason":null,"override_reason":null,"outside_boundary":false}},{"type":"Feature","geometry":{"type":"Point","coordinates":[-46.75276476,-23.55260922]},"properties":{"id":"sp_geosampa_educacao_rede_publica:equipamento_educacao_rede_publica.52265","source_id":"sp_geosampa_educacao_rede_publica","name":"EMEF ESPIRIDIAO ROSAS MAL","name_derived":false,"category":"school","subcategory":"primary_secondary","geometry_type":"Point","address":"GUIMARAES ROSA, 115, VILA LAGEADO, 05338-080","equipment_type":"EMEF","administrative_sphere":null,"included_in_metrics":true,"exclusion_reason":null,"override_reason":null,"outside_boundary":false}},{"type":"Feature","geometry":{"type":"Point","coordinates":[-46.77523798,-23.57405827]},"properties":{"id":"sp_geosampa_educacao_rede_publica:equipamento_educacao_rede_publica.52266","source_id":"sp_geosampa_educacao_rede_publica","name":"EMEF LUIZ EDUARDO MATARAZZO CDE","name_derived":false,"category":"school","subcategory":"primary_secondary","geometry_type":"Point","address":"PADRE TIAGO ALBERIONE, 150, PARQUE DOS PRINCIPES, 05396-070","equipment_type":"EMEF","administrative_sphere":null,"included_in_metrics":true,"exclusion_reason":null,"override_reason":null,"outside_boundary":false}},{"type":"Feature","geometry":{"type":"Point","coordinates":[-46.76554815,-23.58527637]},"properties":{"id":"sp_geosampa_educacao_rede_publica:equipamento_educacao_rede_publica.52267","source_id":"sp_geosampa_educacao_rede_publica","name":"EMEF ROBERTO MANGE PROF","name_derived":false,"category":"school","subcategory":"primary_secondary","geometry_type":"Point","address":"JOSE CERQUEIRA BASTOS, 46, JARDIM ESTER, 05373-090","equipment_type":"EMEF","administrative_sphere":null,"included_in_metrics":true,"exclusion_reason":null,"override_reason":null,"outside_boundary":false}},{"type":"Feature","geometry":{"type":"Point","coordinates":[-46.75662757,-23.59795032]},"properties":{"id":"sp_geosampa_educacao_rede_publica:equipamento_educacao_rede_publica.52268","source_id":"sp_geosampa_educacao_rede_publica","name":"EMEF TARSILA DO AMARAL","name_derived":false,"category":"school","subcategory":"primary_secondary","geometry_type":"Point","address":"NATAL PIGASSI, 787, JARDIM CELESTE, 05527-000","equipment_type":"EMEF","administrative_sphere":null,"included_in_metrics":true,"exclusion_reason":null,"override_reason":null,"outside_boundary":false}},{"type":"Feature","geometry":{"type":"Point","coordinates":[-46.77289427,-23.58828338]},"properties":{"id":"sp_geosampa_educacao_rede_publica:equipamento_educacao_rede_publica.52269","source_id":"sp_geosampa_educacao_rede_publica","name":"EMEF ALIPIO ANDRADA SERPA TTE","name_derived":false,"category":"school","subcategory":"primary_secondary","geometry_type":"Point","address":"NICOLAU COPERNICO, 165, JARDIM CLAUDIA, 05546-110","equipment_type":"EMEF","administrative_sphere":null,"included_in_metrics":true,"exclusion_reason":null,"override_reason":null,"outside_boundary":false}},{"type":"Feature","geometry":{"type":"Point","coordinates":[-46.52743739,-23.50396056]},"properties":{"id":"sp_geosampa_educacao_rede_publica:equipamento_educacao_rede_publica.52270","source_id":"sp_geosampa_educacao_rede_publica","name":"EMEF CECILIA MEIRELES","name_derived":false,"category":"school","subcategory":"primary_secondary","geometry_type":"Point","address":"FREI RICARDO DO PILAR, 60, CANGAIBA, 03721-090","equipment_type":"EMEF","administrative_sphere":null,"included_in_metrics":true,"exclusion_reason":null,"override_reason":null,"outside_boundary":false}},{"type":"Feature","geometry":{"type":"Point","coordinates":[-46.54150283,-23.50768799]},"properties":{"id":"sp_geosampa_educacao_rede_publica:equipamento_educacao_rede_publica.52271","source_id":"sp_geosampa_educacao_rede_publica","name":"EMEF EDGARD CAVALHEIRO","name_derived":false,"category":"school","subcategory":"primary_secondary","geometry_type":"Point","address":"PORTO DA GLORIA, 342, VILA MESQUITA, 03714-050","equipment_type":"EMEF","administrative_sphere":null,"included_in_metrics":true,"exclusion_reason":null,"override_reason":null,"outside_boundary":false}},{"type":"Feature","geometry":{"type":"Point","coordinates":[-46.51676252,-23.58336492]},"properties":{"id":"sp_geosampa_educacao_rede_publica:equipamento_educacao_rede_publica.52272","source_id":"sp_geosampa_educacao_rede_publica","name":"EMEF ROQUETTE PINTO","name_derived":false,"category":"school","subcategory":"primary_secondary","geometry_type":"Point","address":"PROFESSORA ALZIRA DE OLIVEIRA GILIOLI, 32, JARDIM NICE, 03905-090","equipment_type":"EMEF","administrative_sphere":null,"included_in_metrics":true,"exclusion_reason":null,"override_reason":null,"outside_boundary":false}},{"type":"Feature","geometry":{"type":"Point","coordinates":[-46.52316161,-23.5779899]},"properties":{"id":"sp_geosampa_educacao_rede_publica:equipamento_educacao_rede_publica.52273","source_id":"sp_geosampa_educacao_rede_publica","name":"EMEF VICENTINA RIBEIRO DA LUZ","name_derived":false,"category":"school","subcategory":"primary_secondary","geometry_type":"Point","address":"AILTON NEGRAO FAZZIO, 59, PARQUE SANTO EDUARDO, 03384-020","equipment_type":"EMEF","administrative_sphere":null,"included_in_metrics":true,"exclusion_reason":null,"override_reason":null,"outside_boundary":false}},{"type":"Feature","geometry":{"type":"Point","coordinates":[-46.65472742,-23.49164013]},"properties":{"id":"sp_geosampa_educacao_rede_publica:equipamento_educacao_rede_publica.52274","source_id":"sp_geosampa_educacao_rede_publica","name":"EMEF GARCIA DAVILA CTE","name_derived":false,"category":"school","subcategory":"primary_secondary","geometry_type":"Point","address":"ARMANDO COELHO SILVA, 859, PARQUE PERUCHE, 02539-000","equipment_type":"EMEF","administrative_sphere":null,"included_in_metrics":true,"exclusion_reason":null,"override_reason":null,"outside_boundary":false}},{"type":"Feature","geometry":{"type":"Point","coordinates":[-46.66190349,-23.49732983]},"properties":{"id":"sp_geosampa_educacao_rede_publica:equipamento_educacao_rede_publica.52275","source_id":"sp_geosampa_educacao_rede_publica","name":"EMEF ANGELINA MAFFEI VITA DA","name_derived":false,"category":"school","subcategory":"primary_secondary","geometry_type":"Point","address":"ZILDA, 193, CASA VERDE ALTA, 02545-000","equipment_type":"EMEF","administrative_sphere":null,"included_in_metrics":true,"exclusion_reason":null,"override_reason":null,"outside_boundary":false}},{"type":"Feature","geometry":{"type":"Point","coordinates":[-46.67118779,-23.48623683]},"properties":{"id":"sp_geosampa_educacao_rede_publica:equipamento_educacao_rede_publica.52276","source_id":"sp_geosampa_educacao_rede_publica","name":"EMEF HUMBERTO DANTAS","name_derived":false,"category":"school","subcategory":"primary_secondary","geometry_type":"Point","address":"MANOEL DIAS DO CAMPO, 464, CASA VERDE ALTA, 02564-010","equipment_type":"EMEF","administrative_sphere":null,"included_in_metrics":true,"exclusion_reason":null,"override_reason":null,"outside_boundary":false}},{"type":"Feature","geometry":{"type":"Point","coordinates":[-46.6502349,-23.51389924]},"properties":{"id":"sp_geosampa_educacao_rede_publica:equipamento_educacao_rede_publica.52277","source_id":"sp_geosampa_educacao_rede_publica","name":"EMEF PAULO NOGUEIRA FILHO","name_derived":false,"category":"school","subcategory":"primary_secondary","geometry_type":"Point","address":"BRAZELISA ALVES DE CARVALHO, 356, VILA BARUEL, 02510-030","equipment_type":"EMEF","administrative_sphere":null,"included_in_metrics":true,"exclusion_reason":null,"override_reason":null,"outside_boundary":false}},{"type":"Feature","geometry":{"type":"Point","coordinates":[-46.66747065,-23.64188269]},"properties":{"id":"sp_geosampa_educacao_rede_publica:equipamento_educacao_rede_publica.52278","source_id":"sp_geosampa_educacao_rede_publica","name":"EMEF BERNARDO O HIGGINS","name_derived":false,"category":"school","subcategory":"primary_secondary","geometry_type":"Point","address":"PALACETE DAS AGUIAS, 585, VILA ALEXANDRIA, 04635-022","equipment_type":"EMEF","administrative_sphere":null,"included_in_metrics":true,"exclusion_reason":null,"override_reason":null,"outside_boundary":false}},{"type":"Feature","geometry":{"type":"Point","coordinates":[-46.67167413,-23.62117276]},"properties":{"id":"sp_geosampa_educacao_rede_publica:equipamento_educacao_rede_publica.52279","source_id":"sp_geosampa_educacao_rede_publica","name":"EMEF CHIQUINHA RODRIGUES","name_derived":false,"category":"school","subcategory":"primary_secondary","geometry_type":"Point","address":"PASCAL, 1028, CAMPO BELO, 04616-003","equipment_type":"EMEF","administrative_sphere":null,"included_in_metrics":true,"exclusion_reason":null,"override_reason":null,"outside_boundary":false}},{"type":"Feature","geometry":{"type":"Point","coordinates":[-46.6928916,-23.61637254]},"properties":{"id":"sp_geosampa_educacao_rede_publica:equipamento_educacao_rede_publica.52280","source_id":"sp_geosampa_educacao_rede_publica","name":"EMEF JOSE DIAS DA SILVEIRA DR","name_derived":false,"category":"school","subcategory":"primary_secondary","geometry_type":"Point","address":"ROQUE PETRELLA, 1054, VILA CORDEIRO, 04581-051","equipment_type":"EMEF","administrative_sphere":null,"included_in_metrics":true,"exclusion_reason":null,"override_reason":null,"outside_boundary":false}},{"type":"Feature","geometry":{"type":"Point","coordinates":[-46.66079753,-23.63310556]},"properties":{"id":"sp_geosampa_educacao_rede_publica:equipamento_educacao_rede_publica.52281","source_id":"sp_geosampa_educacao_rede_publica","name":"EMEF CALOGERAS MIN","name_derived":false,"category":"school","subcategory":"primary_secondary","geometry_type":"Point","address":"ALSACIA, 59, JARDIM AEROPORTO, 04630-040","equipment_type":"EMEF","administrative_sphere":null,"included_in_metrics":true,"exclusion_reason":null,"override_reason":null,"outside_boundary":false}},{"type":"Feature","geometry":{"type":"Point","coordinates":[-46.66341343,-23.61629919]},"properties":{"id":"sp_geosampa_educacao_rede_publica:equipamento_educacao_rede_publica.52282","source_id":"sp_geosampa_educacao_rede_publica","name":"EMEF JOAO CARLOS DA SILVA BORGES PROF","name_derived":false,"category":"school","subcategory":"primary_secondary","geometry_type":"Point","address":"DOS TUPINIQUINS, 1473, PLANALTO PAULISTA, 04077-003","equipment_type":"EMEF","administrative_sphere":null,"included_in_metrics":true,"exclusion_reason":null,"override_reason":null,"outside_boundary":false}},{"type":"Feature","geometry":{"type":"Point","coordinates":[-46.59274267,-23.59727633]},"properties":{"id":"sp_geosampa_educacao_rede_publica:equipamento_educacao_rede_publica.52283","source_id":"sp_geosampa_educacao_rede_publica","name":"EMEF FRANCISCO MEIRELLES DES","name_derived":false,"category":"school","subcategory":"primary_secondary","geometry_type":"Point","address":"CAMPANTE, 357, VILA INDEPENDENCIA, 04224-010","equipment_type":"EMEF","administrative_sphere":null,"included_in_metrics":true,"exclusion_reason":null,"override_reason":null,"outside_boundary":false}},{"type":"Feature","geometry":{"type":"Point","coordinates":[-46.65553761,-23.64444074]},"properties":{"id":"sp_geosampa_educacao_rede_publica:equipamento_educacao_rede_publica.52285","source_id":"sp_geosampa_educacao_rede_publica","name":"EMEF ARY PARREIRAS ALM","name_derived":false,"category":"school","subcategory":"primary_secondary","geometry_type":"Point","address":"VITORIANA, 330, VILA BABILONIA, 04351-010","equipment_type":"EMEF","administrative_sphere":null,"included_in_metrics":true,"exclusion_reason":null,"override_reason":null,"outside_boundary":false}},{"type":"Feature","geometry":{"type":"Point","coordinates":[-46.64077832,-23.652076]},"properties":{"id":"sp_geosampa_educacao_rede_publica:equipamento_educacao_rede_publica.52286","source_id":"sp_geosampa_educacao_rede_publica","name":"EMEF ARMANDO ARRUDA PEREIRA","name_derived":false,"category":"school","subcategory":"primary_secondary","geometry_type":"Point","address":"CORONEL LUIS DE FARIA E SOUSA, 12, VILA DO ENCONTRO, 04323-010","equipment_type":"EMEF","administrative_sphere":null,"included_in_metrics":true,"exclusion_reason":null,"override_reason":null,"outside_boundary":false}},{"type":"Feature","geometry":{"type":"Point","coordinates":[-46.64048586,-23.64550593]},"properties":{"id":"sp_geosampa_educacao_rede_publica:equipamento_educacao_rede_publica.52287","source_id":"sp_geosampa_educacao_rede_publica","name":"EMEF CACILDA BECKER","name_derived":false,"category":"school","subcategory":"primary_secondary","geometry_type":"Point","address":"ENGENHEIRO ARMANDO ARRUDA PEREIRA, 2013, JABAQUARA, 04309-011","equipment_type":"EMEF","administrative_sphere":null,"included_in_metrics":true,"exclusion_reason":null,"override_reason":null,"outside_boundary":false}},{"type":"Feature","geometry":{"type":"Point","coordinates":[-46.64578639,-23.67516848]},"properties":{"id":"sp_geosampa_educacao_rede_publica:equipamento_educacao_rede_publica.52288","source_id":"sp_geosampa_educacao_rede_publica","name":"EMEF HABIB CARLOS KYRILLOS DR","name_derived":false,"category":"school","subcategory":"primary_secondary","geometry_type":"Point","address":"RIO GRANDE DO NORTE, 299, AMERICANOPOLIS, 04412-090","equipment_type":"EMEF","administrative_sphere":null,"included_in_metrics":true,"exclusion_reason":null,"override_reason":null,"outside_boundary":false}},{"type":"Feature","geometry":{"type":"Point","coordinates":[-46.65360535,-23.66182103]},"properties":{"id":"sp_geosampa_educacao_rede_publica:equipamento_educacao_rede_publica.52289","source_id":"sp_geosampa_educacao_rede_publica","name":"EMEF MARINA VIEIRA DE CARVALHO MESQUITA","name_derived":false,"category":"school","subcategory":"primary_secondary","geometry_type":"Point","address":"NESTOR DE CASTRO, 223, CIDADE DOMITILA, 04387-270","equipment_type":"EMEF","administrative_sphere":null,"included_in_metrics":true,"exclusion_reason":null,"override_reason":null,"outside_boundary":false}},{"type":"Feature","geometry":{"type":"Point","coordinates":[-46.6388464,-23.64075823]},"properties":{"id":"sp_geosampa_educacao_rede_publica:equipamento_educacao_rede_publica.52290","source_id":"sp_geosampa_educacao_rede_publica","name":"EMEF NELSON PIMENTEL QUEIROZ PROF","name_derived":false,"category":"school","subcategory":"primary_secondary","geometry_type":"Point","address":"LEONARDO DA VINCI, 1371, VILA GUARANI, 04313-001","equipment_type":"EMEF","administrative_sphere":null,"included_in_metrics":true,"exclusion_reason":null,"override_reason":null,"outside_boundary":false}},{"type":"Feature","geometry":{"type":"Point","coordinates":[-46.67580997,-23.60042456]},"properties":{"id":"sp_geosampa_educacao_rede_publica:equipamento_educacao_rede_publica.52291","source_id":"sp_geosampa_educacao_rede_publica","name":"EMEF MARIA ANTONIETA DALKIMIN BASTO PROFA","name_derived":false,"category":"school","subcategory":"primary_secondary","geometry_type":"Point","address":"CASA DO ATOR, 207, VILA OLIMPIA, 04546-001","equipment_type":"EMEF","administrative_sphere":null,"included_in_metrics":true,"exclusion_reason":null,"override_reason":null,"outside_boundary":false}},{"type":"Feature","geometry":{"type":"Point","coordinates":[-46.7244695,-23.53604702]},"properties":{"id":"sp_geosampa_educacao_rede_publica:equipamento_educacao_rede_publica.52292","source_id":"sp_geosampa_educacao_rede_publica","name":"EMEF DILERMANDO DIAS DOS SANTOS","name_derived":false,"category":"school","subcategory":"primary_secondary","geometry_type":"Point","address":"PAULO FRANCO, 815, VILA LEOPOLDINA, 05305-031","equipment_type":"EMEF","administrative_sphere":null,"included_in_metrics":true,"exclusion_reason":null,"override_reason":null,"outside_boundary":false}},{"type":"Feature","geometry":{"type":"Point","coordinates":[-46.74246828,-23.51965008]},"properties":{"id":"sp_geosampa_educacao_rede_publica:equipamento_educacao_rede_publica.52293","source_id":"sp_geosampa_educacao_rede_publica","name":"EMEF ANIBAL FREIRE MIN","name_derived":false,"category":"school","subcategory":"primary_secondary","geometry_type":"Point","address":"SILVA AIROSA, 100, VILA RIBEIRO DE BARROS, 05307-040","equipment_type":"EMEF","administrative_sphere":null,"included_in_metrics":true,"exclusion_reason":null,"override_reason":null,"outside_boundary":false}},{"type":"Feature","geometry":{"type":"Point","coordinates":[-46.62885113,-23.55419329]},"properties":{"id":"sp_geosampa_educacao_rede_publica:equipamento_educacao_rede_publica.52294","source_id":"sp_geosampa_educacao_rede_publica","name":"EMEF CAXIAS DUQUE DE","name_derived":false,"category":"school","subcategory":"primary_secondary","geometry_type":"Point","address":"DOUTOR MARIO MARGARIDO, 35, LIBERDADE, 01514-020","equipment_type":"EMEF","administrative_sphere":null,"included_in_metrics":true,"exclusion_reason":null,"override_reason":null,"outside_boundary":false}},{"type":"Feature","geometry":{"type":"Point","coordinates":[-46.67266743,-23.49683231]},"properties":{"id":"sp_geosampa_educacao_rede_publica:equipamento_educacao_rede_publica.52295","source_id":"sp_geosampa_educacao_rede_publica","name":"EMEF AROLDO DE AZEVEDO PROF","name_derived":false,"category":"school","subcategory":"primary_secondary","geometry_type":"Point","address":"FRANCISCO AUGUSTO LOPES, 223, VILA BARBOSA, 02557-120","equipment_type":"EMEF","administrative_sphere":null,"included_in_metrics":true,"exclusion_reason":null,"override_reason":null,"outside_boundary":false}},{"type":"Feature","geometry":{"type":"Point","coordinates":[-46.59928083,-23.55297427]},"properties":{"id":"sp_geosampa_educacao_rede_publica:equipamento_educacao_rede_publica.52296","source_id":"sp_geosampa_educacao_rede_publica","name":"EMEF FABIO DA SILVA PRADO DR","name_derived":false,"category":"school","subcategory":"primary_secondary","geometry_type":"Point","address":"TAQUARI, 459, MOOCA, 03166-000","equipment_type":"EMEF","administrative_sphere":null,"included_in_metrics":true,"exclusion_reason":null,"override_reason":null,"outside_boundary":false}},{"type":"Feature","geometry":{"type":"Point","coordinates":[-46.68621405,-23.49879695]},"properties":{"id":"sp_geosampa_educacao_rede_publica:equipamento_educacao_rede_publica.52297","source_id":"sp_geosampa_educacao_rede_publica","name":"EMEF ELIAS DE SIQUEIRA CAVALCANTI DR","name_derived":false,"category":"school","subcategory":"primary_secondary","geometry_type":"Point","address":"SANTA ANGELA, 50, VILA PALMEIRAS, 02727-000","equipment_type":"EMEF","administrative_sphere":null,"included_in_metrics":true,"exclusion_reason":null,"override_reason":null,"outside_boundary":false}},{"type":"Feature","geometry":{"type":"Point","coordinates":[-46.67829956,-23.48247972]},"properties":{"id":"sp_geosampa_educacao_rede_publica:equipamento_educacao_rede_publica.52298","source_id":"sp_geosampa_educacao_rede_publica","name":"EMEF PEDRO AMERICO","name_derived":false,"category":"school","subcategory":"primary_secondary","geometry_type":"Point","address":"VICENTE JORGE, 100, VILA BANCARIA MUNHOZ, 02759-100","equipment_type":"EMEF","administrative_sphere":null,"included_in_metrics":true,"exclusion_reason":null,"override_reason":null,"outside_boundary":false}},{"type":"Feature","geometry":{"type":"Point","coordinates":[-46.68876672,-23.45018287]},"properties":{"id":"sp_geosampa_educacao_rede_publica:equipamento_educacao_rede_publica.52299","source_id":"sp_geosampa_educacao_rede_publica","name":"EMEF JOAO AMOS COMENIUS","name_derived":false,"category":"school","subcategory":"primary_secondary","geometry_type":"Point","address":"IBIRAIARAS, 400, JARDIM VISTA ALEGRE, 02878-080","equipment_type":"EMEF","administrative_sphere":null,"included_in_metrics":true,"exclusion_reason":null,"override_reason":null,"outside_boundary":false}},{"type":"Feature","geometry":{"type":"Point","coordinates":[-46.70064389,-23.50405781]},"properties":{"id":"sp_geosampa_educacao_rede_publica:equipamento_educacao_rede_publica.52300","source_id":"sp_geosampa_educacao_rede_publica","name":"EMEF NILO PECANHA PRES","name_derived":false,"category":"school","subcategory":"primary_secondary","geometry_type":"Point","address":"ENEIAS LUIS CARLOS BARBANTI, 660, VILA ARCADIA, 02911-000","equipment_type":"EMEF","administrative_sphere":null,"included_in_metrics":true,"exclusion_reason":null,"override_reason":null,"outside_boundary":false}},{"type":"Feature","geometry":{"type":"Point","coordinates":[-46.70646197,-23.47858283]},"properties":{"id":"sp_geosampa_educacao_rede_publica:equipamento_educacao_rede_publica.52301","source_id":"sp_geosampa_educacao_rede_publica","name":"EMEF ERICO VERISSIMO","name_derived":false,"category":"school","subcategory":"primary_secondary","geometry_type":"Point","address":"RAFAEL ALVES, 295, VILA MARINA, 02967-050","equipment_type":"EMEF","administrative_sphere":null,"included_in_metrics":true,"exclusion_reason":null,"override_reason":null,"outside_boundary":false}},{"type":"Feature","geometry":{"type":"Point","coordinates":[-46.61988596,-23.52423574]},"properties":{"id":"sp_geosampa_educacao_rede_publica:equipamento_educacao_rede_publica.52302","source_id":"sp_geosampa_educacao_rede_publica","name":"EMEF ESPACO DE BITITA","name_derived":false,"category":"school","subcategory":"primary_secondary","geometry_type":"Point","address":"COMENDADOR NESTOR PEREIRA, 285, CANINDE, 03034-070","equipment_type":"EMEF","administrative_sphere":null,"included_in_metrics":true,"exclusion_reason":null,"override_reason":null,"outside_boundary":false}},{"type":"Feature","geometry":{"type":"Point","coordinates":[-46.50755909,-23.51371607]},"properties":{"id":"sp_geosampa_educacao_rede_publica:equipamento_educacao_rede_publica.52303","source_id":"sp_geosampa_educacao_rede_publica","name":"EMEF FRANCISCO DE MONT ALVERNE FREI","name_derived":false,"category":"school","subcategory":"primary_secondary","geometry_type":"Point","address":"SAO CELSO, 365, VILA DOMITILA, 03626-000","equipment_type":"EMEF","administrative_sphere":null,"included_in_metrics":true,"exclusion_reason":null,"override_reason":null,"outside_boundary":false}},{"type":"Feature","geometry":{"type":"Point","coordinates":[-46.51004535,-23.51922674]},"properties":{"id":"sp_geosampa_educacao_rede_publica:equipamento_educacao_rede_publica.52304","source_id":"sp_geosampa_educacao_rede_publica","name":"EMEF LUIS WASHINGTON VITA","name_derived":false,"category":"school","subcategory":"primary_secondary","geometry_type":"Point","address":"CONCEICAO DA BREJAUBA, 68, JARDIM POPULAR, 03671-010","equipment_type":"EMEF","administrative_sphere":null,"included_in_metrics":true,"exclusion_reason":null,"override_reason":null,"outside_boundary":false}},{"type":"Feature","geometry":{"type":"Point","coordinates":[-46.67600548,-23.54568056]},"properties":{"id":"sp_geosampa_educacao_rede_publica:equipamento_educacao_rede_publica.52305","source_id":"sp_geosampa_educacao_rede_publica","name":"EMEF JOSE MARIA PINTO DUARTE TTE","name_derived":false,"category":"school","subcategory":"primary_secondary","geometry_type":"Point","address":"ATALAIA, 100, SUMARE, 01251-060","equipment_type":"EMEF","administrative_sphere":null,"included_in_metrics":true,"exclusion_reason":null,"override_reason":null,"outside_boundary":false}},{"type":"Feature","geometry":{"type":"Point","coordinates":[-46.73380857,-23.48629194]},"properties":{"id":"sp_geosampa_educacao_rede_publica:equipamento_educacao_rede_publica.52306","source_id":"sp_geosampa_educacao_rede_publica","name":"EMEF SILVIO PORTUGAL DES","name_derived":false,"category":"school","subcategory":"primary_secondary","geometry_type":"Point","address":"FRANCISCO SAVERIO ORLANDI, 141, JARDIM LIBANO, 05138-100","equipment_type":"EMEF","administrative_sphere":null,"included_in_metrics":true,"exclusion_reason":null,"override_reason":null,"outside_boundary":false}},{"type":"Feature","geometry":{"type":"Point","coordinates":[-46.71282445,-23.48562539]},"properties":{"id":"sp_geosampa_educacao_rede_publica:equipamento_educacao_rede_publica.52307","source_id":"sp_geosampa_educacao_rede_publica","name":"EMEF LIBERATO BITTENCOURT GEN","name_derived":false,"category":"school","subcategory":"primary_secondary","geometry_type":"Point","address":"ARNALDO ALVERNAZ NUNES, 320, JARDIM SAO JOSE, 02969-100","equipment_type":"EMEF","administrative_sphere":null,"included_in_metrics":true,"exclusion_reason":null,"override_reason":null,"outside_boundary":false}},{"type":"Feature","geometry":{"type":"Point","coordinates":[-46.72130217,-23.47770413]},"properties":{"id":"sp_geosampa_educacao_rede_publica:equipamento_educacao_rede_publica.52308","source_id":"sp_geosampa_educacao_rede_publica","name":"EMEF LEOPOLDINA IMP","name_derived":false,"category":"school","subcategory":"primary_secondary","geometry_type":"Point","address":"COMENDADOR FEIZ ZARZUR, S/N, JARDIM CIDADE PIRITUBA, 02942-000","equipment_type":"EMEF","administrative_sphere":null,"included_in_metrics":true,"exclusion_reason":null,"override_reason":null,"outside_boundary":false}},{"type":"Feature","geometry":{"type":"Point","coordinates":[-46.73898214,-23.49585291]},"properties":{"id":"sp_geosampa_educacao_rede_publica:equipamento_educacao_rede_publica.52309","source_id":"sp_geosampa_educacao_rede_publica","name":"EMEF GABRIEL SYLVESTRE TEIXEIRA DE CARVALHO PROF","name_derived":false,"category":"school","subcategory":"primary_secondary","geometry_type":"Point","address":"CORONEL ALBINO REGO, 132, PARQUE MARIA DOMITILA, 05128-030","equipment_type":"EMEF","administrative_sphere":null,"included_in_metrics":true,"exclusion_reason":null,"override_reason":null,"outside_boundary":false}},{"type":"Feature","geometry":{"type":"Point","coordinates":[-46.71312186,-23.49467255]},"properties":{"id":"sp_geosampa_educacao_rede_publica:equipamento_educacao_rede_publica.52310","source_id":"sp_geosampa_educacao_rede_publica","name":"EMEF MARIO KOSEL FILHO","name_derived":false,"category":"school","subcategory":"primary_secondary","geometry_type":"Point","address":"URATINGA, 144, VILA PALMEIRAS, 02933-140","equipment_type":"EMEF","administrative_sphere":null,"included_in_metrics":true,"exclusion_reason":null,"override_reason":null,"outside_boundary":false}},{"type":"Feature","geometry":{"type":"Point","coordinates":[-46.71793394,-23.48977275]},"properties":{"id":"sp_geosampa_educacao_rede_publica:equipamento_educacao_rede_publica.52311","source_id":"sp_geosampa_educacao_rede_publica","name":"EMEF MONTEIRO LOBATO","name_derived":false,"category":"school","subcategory":"primary_secondary","geometry_type":"Point","address":"PAULA FERREIRA, 2653, VILA PEREIRA BARRETO, 02915-100","equipment_type":"EMEF","administrative_sphere":null,"included_in_metrics":true,"exclusion_reason":null,"override_reason":null,"outside_boundary":false}},{"type":"Feature","geometry":{"type":"Point","coordinates":[-46.72510244,-23.4899444]},"properties":{"id":"sp_geosampa_educacao_rede_publica:equipamento_educacao_rede_publica.52312","source_id":"sp_geosampa_educacao_rede_publica","name":"EMEF GABRIEL PRESTES PROF","name_derived":false,"category":"school","subcategory":"primary_secondary","geometry_type":"Point","address":"CARLOS DA CUNHA MATTOS, 134, CHACARA INGLESA, 05140-040","equipment_type":"EMEF","administrative_sphere":null,"included_in_metrics":true,"exclusion_reason":null,"override_reason":null,"outside_boundary":false}},{"type":"Feature","geometry":{"type":"Point","coordinates":[-46.63948812,-23.468575]},"properties":{"id":"sp_geosampa_educacao_rede_publica:equipamento_educacao_rede_publica.52313","source_id":"sp_geosampa_educacao_rede_publica","name":"EMEF GASTAO MOUTINHO CTE","name_derived":false,"category":"school","subcategory":"primary_secondary","geometry_type":"Point","address":"CORONEL JOAO DA SILVA FEIJO, 40, PARQUE MANDAQUI, 02422-200","equipment_type":"EMEF","administrative_sphere":null,"included_in_metrics":true,"exclusion_reason":null,"override_reason":null,"outside_boundary":false}},{"type":"Feature","geometry":{"type":"Point","coordinates":[-46.65408965,-23.47912264]},"properties":{"id":"sp_geosampa_educacao_rede_publica:equipamento_educacao_rede_publica.52314","source_id":"sp_geosampa_educacao_rede_publica","name":"EMEF MARCILIO DIAS","name_derived":false,"category":"school","subcategory":"primary_secondary","geometry_type":"Point","address":"RIBEIRO JUNQUEIRA, 259, VILA ROQUE, 02473-010","equipment_type":"EMEF","administrative_sphere":null,"included_in_metrics":true,"exclusion_reason":null,"override_reason":null,"outside_boundary":false}},{"type":"Feature","geometry":{"type":"Point","coordinates":[-46.6466793,-23.47631199]},"properties":{"id":"sp_geosampa_educacao_rede_publica:equipamento_educacao_rede_publica.52315","source_id":"sp_geosampa_educacao_rede_publica","name":"EMEF MARCOS MELEGA","name_derived":false,"category":"school","subcategory":"primary_secondary","geometry_type":"Point","address":"MONT BLANC, 98, LAUZANE PAULISTA, 02440-010","equipment_type":"EMEF","administrative_sphere":null,"included_in_metrics":true,"exclusion_reason":null,"override_reason":null,"outside_boundary":false}},{"type":"Feature","geometry":{"type":"Point","coordinates":[-46.62658415,-23.48189717]},"properties":{"id":"sp_geosampa_educacao_rede_publica:equipamento_educacao_rede_publica.52316","source_id":"sp_geosampa_educacao_rede_publica","name":"EMEF ADOLPHO OTTO DE LAET PROF","name_derived":false,"category":"school","subcategory":"primary_secondary","geometry_type":"Point","address":"ISIDORO DE LAET, 165, AGUA FRIA, 02408-030","equipment_type":"EMEF","administrative_sphere":null,"included_in_metrics":true,"exclusion_reason":null,"override_reason":null,"outside_boundary":false}},{"type":"Feature","geometry":{"type":"Point","coordinates":[-46.6618601,-23.67144692]},"properties":{"id":"sp_geosampa_educacao_rede_publica:equipamento_educacao_rede_publica.52317","source_id":"sp_geosampa_educacao_rede_publica","name":"EMEF TIRADENTES ALF","name_derived":false,"category":"school","subcategory":"primary_secondary","geometry_type":"Point","address":"SALVADOR RODRIGUES NEGRAO, 602, VILA MARARI, 04401-160","equipment_type":"EMEF","administrative_sphere":null,"included_in_metrics":true,"exclusion_reason":null,"override_reason":null,"outside_boundary":false}},{"type":"Feature","geometry":{"type":"Point","coordinates":[-46.67264991,-23.68755899]},"properties":{"id":"sp_geosampa_educacao_rede_publica:equipamento_educacao_rede_publica.52318","source_id":"sp_geosampa_educacao_rede_publica","name":"EMEF ANTENOR NASCENTES","name_derived":false,"category":"school","subcategory":"primary_secondary","geometry_type":"Point","address":"ANTONIO FERNANDES DE OLIVEIRA, 112, JARDIM UBIRAJARA, 04458-050","equipment_type":"EMEF","administrative_sphere":null,"included_in_metrics":true,"exclusion_reason":null,"override_reason":null,"outside_boundary":false}},{"type":"Feature","geometry":{"type":"Point","coordinates":[-46.74791531,-23.67103746]},"properties":{"id":"sp_geosampa_educacao_rede_publica:equipamento_educacao_rede_publica.52319","source_id":"sp_geosampa_educacao_rede_publica","name":"EMEF MARIO MOURA E ALBUQUERQUE BEL","name_derived":false,"category":"school","subcategory":"primary_secondary","geometry_type":"Point","address":"HUMBERTO DE ALMEIDA, 521, CHACARA SANTANA, 05831-000","equipment_type":"EMEF","administrative_sphere":null,"included_in_metrics":true,"exclusion_reason":null,"override_reason":null,"outside_boundary":false}},{"type":"Feature","geometry":{"type":"Point","coordinates":[-46.6994773,-23.65575939]},"properties":{"id":"sp_geosampa_educacao_rede_publica:equipamento_educacao_rede_publica.52320","source_id":"sp_geosampa_educacao_rede_publica","name":"EMEF CARLOS DE ANDRADE RIZZINI","name_derived":false,"category":"school","subcategory":"primary_secondary","geometry_type":"Point","address":"OMAR CARDOSO, 99, SANTO AMARO, 04747-050","equipment_type":"EMEF","administrative_sphere":null,"included_in_metrics":true,"exclusion_reason":null,"override_reason":null,"outside_boundary":false}},{"type":"Feature","geometry":{"type":"Point","coordinates":[-46.75137707,-23.64681963]},"properties":{"id":"sp_geosampa_educacao_rede_publica:equipamento_educacao_rede_publica.52321","source_id":"sp_geosampa_educacao_rede_publica","name":"EMEF LUIZ TENORIO DE BRITO CEL","name_derived":false,"category":"school","subcategory":"primary_secondary","geometry_type":"Point","address":"BALDOMERO CARQUEJA, 278, VILA PREL, 05780-260","equipment_type":"EMEF","administrative_sphere":null,"included_in_metrics":true,"exclusion_reason":null,"override_reason":null,"outside_boundary":false}},{"type":"Feature","geometry":{"type":"Point","coordinates":[-46.77327904,-23.67415694]},"properties":{"id":"sp_geosampa_educacao_rede_publica:equipamento_educacao_rede_publica.52322","source_id":"sp_geosampa_educacao_rede_publica","name":"EMEF MARIO RANGEL CEL","name_derived":false,"category":"school","subcategory":"primary_secondary","geometry_type":"Point","address":"COMENDADOR SANTANNA, 821, CAPAO REDONDO, 05866-000","equipment_type":"EMEF","administrative_sphere":null,"included_in_metrics":true,"exclusion_reason":null,"override_reason":null,"outside_boundary":false}},{"type":"Feature","geometry":{"type":"Point","coordinates":[-46.76263924,-23.63498787]},"properties":{"id":"sp_geosampa_educacao_rede_publica:equipamento_educacao_rede_publica.52323","source_id":"sp_geosampa_educacao_rede_publica","name":"EMEF PALIMERCIO DE REZENDE CEL","name_derived":false,"category":"school","subcategory":"primary_secondary","geometry_type":"Point","address":"MANUEL RIBEIRO DE AZEVEDO, S/N, JARDIM CATANDUVA, 05767-480","equipment_type":"EMEF","administrative_sphere":null,"included_in_metrics":true,"exclusion_reason":null,"override_reason":null,"outside_boundary":false}},{"type":"Feature","geometry":{"type":"Point","coordinates":[-46.67611521,-23.67094074]},"properties":{"id":"sp_geosampa_educacao_rede_publica:equipamento_educacao_rede_publica.52324","source_id":"sp_geosampa_educacao_rede_publica","name":"EMEF PEREIRA CARNEIRO CDE","name_derived":false,"category":"school","subcategory":"primary_secondary","geometry_type":"Point","address":"JOAO PEIXOTO VIEGAS, 441, JARDIM CONSORCIO, 04437-000","equipment_type":"EMEF","administrative_sphere":null,"included_in_metrics":true,"exclusion_reason":null,"override_reason":null,"outside_boundary":false}},{"type":"Feature","geometry":{"type":"Point","coordinates":[-46.65514113,-23.69461461]},"properties":{"id":"sp_geosampa_educacao_rede_publica:equipamento_educacao_rede_publica.52325","source_id":"sp_geosampa_educacao_rede_publica","name":"EMEF JOAO SUSSUMU HIRATA DEP","name_derived":false,"category":"school","subcategory":"primary_secondary","geometry_type":"Point","address":"DO ALVARENGA, 2113, JARDIM OFELIA, 04467-000","equipment_type":"EMEF","administrative_sphere":null,"included_in_metrics":true,"exclusion_reason":null,"override_reason":null,"outside_boundary":false}},{"type":"Feature","geometry":{"type":"Point","coordinates":[-46.70161579,-23.62996836]},"properties":{"id":"sp_geosampa_educacao_rede_publica:equipamento_educacao_rede_publica.52326","source_id":"sp_geosampa_educacao_rede_publica","name":"EMEF JOAQUIM CANDIDO DE AZEVEDO MARQUES DES","name_derived":false,"category":"school","subcategory":"primary_secondary","geometry_type":"Point","address":"RUA DA PAZ, 1359, CHACARA SANTO ANTONIO, 04713-001","equipment_type":"EMEF","administrative_sphere":null,"included_in_metrics":true,"exclusion_reason":null,"override_reason":null,"outside_boundary":false}},{"type":"Feature","geometry":{"type":"Point","coordinates":[-46.6656112,-23.691582]},"properties":{"id":"sp_geosampa_educacao_rede_publica:equipamento_educacao_rede_publica.52327","source_id":"sp_geosampa_educacao_rede_publica","name":"EMEF MANOEL CARLOS DE FIGUEIREDO FERRAZ DES","name_derived":false,"category":"school","subcategory":"primary_secondary","geometry_type":"Point","address":"PROFESSOR CORREA BRITO, 355, JARDIM DA PEDREIRA, 04468-055","equipment_type":"EMEF","administrative_sphere":null,"included_in_metrics":true,"exclusion_reason":null,"override_reason":null,"outside_boundary":false}},{"type":"Feature","geometry":{"type":"Point","coordinates":[-46.75031673,-23.64028152]},"properties":{"id":"sp_geosampa_educacao_rede_publica:equipamento_educacao_rede_publica.52328","source_id":"sp_geosampa_educacao_rede_publica","name":"EMEF PAULO COLOMBO PEREIRA DE QUEIROZ DES","name_derived":false,"category":"school","subcategory":"primary_secondary","geometry_type":"Point","address":"DOUTOR ABELARDO DA CUNHA LOBO, 348, PARQUE ARARIBA, 05778-150","equipment_type":"EMEF","administrative_sphere":null,"included_in_metrics":true,"exclusion_reason":null,"override_reason":null,"outside_boundary":false}},{"type":"Feature","geometry":{"type":"Point","coordinates":[-46.68215794,-23.68612628]},"properties":{"id":"sp_geosampa_educacao_rede_publica:equipamento_educacao_rede_publica.52329","source_id":"sp_geosampa_educacao_rede_publica","name":"EMEF ANTONIO CARLOS DE ABREU SODRE DR","name_derived":false,"category":"school","subcategory":"primary_secondary","geometry_type":"Point","address":"JUARI, 835, JARDIM SABARA, 04446-160","equipment_type":"EMEF","administrative_sphere":null,"included_in_metrics":true,"exclusion_reason":null,"override_reason":null,"outside_boundary":false}},{"type":"Feature","geometry":{"type":"Point","coordinates":[-46.73153991,-23.65884594]},"properties":{"id":"sp_geosampa_educacao_rede_publica:equipamento_educacao_rede_publica.52330","source_id":"sp_geosampa_educacao_rede_publica","name":"EMEF DE GAULLE GEN","name_derived":false,"category":"school","subcategory":"primary_secondary","geometry_type":"Point","address":"MOURISCA, 16, JARDIM IBIRAPUERA, 05814-190","equipment_type":"EMEF","administrative_sphere":null,"included_in_metrics":true,"exclusion_reason":null,"override_reason":null,"outside_boundary":false}},{"type":"Feature","geometry":{"type":"Point","coordinates":[-46.71126031,-23.68342753]},"properties":{"id":"sp_geosampa_educacao_rede_publica:equipamento_educacao_rede_publica.52331","source_id":"sp_geosampa_educacao_rede_publica","name":"EMEF HEITOR DE ANDRADE","name_derived":false,"category":"school","subcategory":"primary_secondary","geometry_type":"Point","address":"DEPUTADO ADIB CHAMMAS, 140, VELEIROS, 04773-170","equipment_type":"EMEF","administrative_sphere":null,"included_in_metrics":true,"exclusion_reason":null,"override_reason":null,"outside_boundary":false}},{"type":"Feature","geometry":{"type":"Point","coordinates":[-46.76092266,-23.63867574]},"properties":{"id":"sp_geosampa_educacao_rede_publica:equipamento_educacao_rede_publica.52332","source_id":"sp_geosampa_educacao_rede_publica","name":"EMEF ADHEMAR DE BARROS PREF","name_derived":false,"category":"school","subcategory":"primary_secondary","geometry_type":"Point","address":"GIOVANNI AMADEO, 187, JARDIM CATANDUVA, 05767-400","equipment_type":"EMEF","administrative_sphere":null,"included_in_metrics":true,"exclusion_reason":null,"override_reason":null,"outside_boundary":false}},{"type":"Feature","geometry":{"type":"Point","coordinates":[-46.75501625,-23.65968228]},"properties":{"id":"sp_geosampa_educacao_rede_publica:equipamento_educacao_rede_publica.52333","source_id":"sp_geosampa_educacao_rede_publica","name":"EMEF OTONIEL MOTA","name_derived":false,"category":"school","subcategory":"primary_secondary","geometry_type":"Point","address":"RAIMUNDA FRANKLIN DE MELO, 184, PARQUE SANTO ANTONIO, 05850-270","equipment_type":"EMEF","administrative_sphere":null,"included_in_metrics":true,"exclusion_reason":null,"override_reason":null,"outside_boundary":false}},{"type":"Feature","geometry":{"type":"Point","coordinates":[-46.78700667,-23.6428986]},"properties":{"id":"sp_geosampa_educacao_rede_publica:equipamento_educacao_rede_publica.52334","source_id":"sp_geosampa_educacao_rede_publica","name":"EMEF FAGUNDES VARELLA","name_derived":false,"category":"school","subcategory":"primary_secondary","geometry_type":"Point","address":"AUGUSTO BARBOSA TAVARES, 716, JARDIM MARIA SAMPAIO, 05790-140","equipment_type":"EMEF","administrative_sphere":null,"included_in_metrics":true,"exclusion_reason":null,"override_reason":null,"outside_boundary":false}},{"type":"Feature","geometry":{"type":"Point","coordinates":[-46.793099,-23.6598632]},"properties":{"id":"sp_geosampa_educacao_rede_publica:equipamento_educacao_rede_publica.52335","source_id":"sp_geosampa_educacao_rede_publica","name":"EMEF IRACEMA MARQUES DA SILVEIRA PROFA","name_derived":false,"category":"school","subcategory":"primary_secondary","geometry_type":"Point","address":"DOM RODRIGO SANCHES, 672, PARQUE DO ENGENHO, 05892-360","equipment_type":"EMEF","administrative_sphere":null,"included_in_metrics":true,"exclusion_reason":null,"override_reason":null,"outside_boundary":false}},{"type":"Feature","geometry":{"type":"Point","coordinates":[-46.74737772,-23.65370281]},"properties":{"id":"sp_geosampa_educacao_rede_publica:equipamento_educacao_rede_publica.52336","source_id":"sp_geosampa_educacao_rede_publica","name":"EMEF PROCOPIO FERREIRA","name_derived":false,"category":"school","subcategory":"primary_secondary","geometry_type":"Point","address":"FIM DE SEMANA, 527, JARDIM CASABLANCA, 05846-270","equipment_type":"EMEF","administrative_sphere":null,"included_in_metrics":true,"exclusion_reason":null,"override_reason":null,"outside_boundary":false}},{"type":"Feature","geometry":{"type":"Point","coordinates":[-46.68529541,-23.76979874]},"properties":{"id":"sp_geosampa_educacao_rede_publica:equipamento_educacao_rede_publica.52337","source_id":"sp_geosampa_educacao_rede_publica","name":"EMEF MANOEL DE ABREU DR","name_derived":false,"category":"school","subcategory":"primary_secondary","geometry_type":"Point","address":"GENERAL RENATO VARANDAS DE AZEVEDO, 377, JARDIM TRES CORACOES, 04855-280","equipment_type":"EMEF","administrative_sphere":null,"included_in_metrics":true,"exclusion_reason":null,"override_reason":null,"outside_boundary":false}},{"type":"Feature","geometry":{"type":"Point","coordinates":[-46.68186181,-23.67142271]},"properties":{"id":"sp_geosampa_educacao_rede_publica:equipamento_educacao_rede_publica.52338","source_id":"sp_geosampa_educacao_rede_publica","name":"EMEF JOAO GUALBERTO DO AMARAL CARVALHO","name_derived":false,"category":"school","subcategory":"primary_secondary","geometry_type":"Point","address":"JOAO FRANCO OLIVEIRA, 150, CAMPININHA, 04678-100","equipment_type":"EMEF","administrative_sphere":null,"included_in_metrics":true,"exclusion_reason":null,"override_reason":null,"outside_boundary":false}},{"type":"Feature","geometry":{"type":"Point","coordinates":[-46.70482967,-23.60847316]},"properties":{"id":"sp_geosampa_educacao_rede_publica:equipamento_educacao_rede_publica.52339","source_id":"sp_geosampa_educacao_rede_publica","name":"EMEF JOSE DE ALCANTARA MACHADO FILHO","name_derived":false,"category":"school","subcategory":"primary_secondary","geometry_type":"Point","address":"MATTIA FILIZZOLA, 76, REAL PARQUE, 05685-060","equipment_type":"EMEF","administrative_sphere":null,"included_in_metrics":true,"exclusion_reason":null,"override_reason":null,"outside_boundary":false}},{"type":"Feature","geometry":{"type":"Point","coordinates":[-46.69253705,-23.66831245]},"properties":{"id":"sp_geosampa_educacao_rede_publica:equipamento_educacao_rede_publica.52340","source_id":"sp_geosampa_educacao_rede_publica","name":"EMEF LAERTE RAMOS DE CARVALHO PROF","name_derived":false,"category":"school","subcategory":"primary_secondary","geometry_type":"Point","address":"BEIJUI, 296, VILA ISA, 04689-000","equipment_type":"EMEF","administrative_sphere":null,"included_in_metrics":true,"exclusion_reason":null,"override_reason":null,"outside_boundary":false}},{"type":"Feature","geometry":{"type":"Point","coordinates":[-46.77408826,-23.63327217]},"properties":{"id":"sp_geosampa_educacao_rede_publica:equipamento_educacao_rede_publica.52341","source_id":"sp_geosampa_educacao_rede_publica","name":"EMEF LEONARDO VILLAS BOAS","name_derived":false,"category":"school","subcategory":"primary_secondary","geometry_type":"Point","address":"JOSE VIRIATO DE CASTRO, 63, JARDIM BOM REFUGIO, 05788-310","equipment_type":"EMEF","administrative_sphere":null,"included_in_metrics":true,"exclusion_reason":null,"override_reason":null,"outside_boundary":false}},{"type":"Feature","geometry":{"type":"Point","coordinates":[-46.76882985,-23.62961742]},"properties":{"id":"sp_geosampa_educacao_rede_publica:equipamento_educacao_rede_publica.52342","source_id":"sp_geosampa_educacao_rede_publica","name":"EMEF MAURICIO SIMAO","name_derived":false,"category":"school","subcategory":"primary_secondary","geometry_type":"Point","address":"KUNITO MIYASAKA, 54, JARDIM MARTINICA, 05759-260","equipment_type":"EMEF","administrative_sphere":null,"included_in_metrics":true,"exclusion_reason":null,"override_reason":null,"outside_boundary":false}},{"type":"Feature","geometry":{"type":"Point","coordinates":[-46.75489522,-23.61897937]},"properties":{"id":"sp_geosampa_educacao_rede_publica:equipamento_educacao_rede_publica.52343","source_id":"sp_geosampa_educacao_rede_publica","name":"EMEF SYNESIO ROCHA MIN","name_derived":false,"category":"school","subcategory":"primary_secondary","geometry_type":"Point","address":"JARACATIA, 448, JARDIM UMARIZAL, 05754-070","equipment_type":"EMEF","administrative_sphere":null,"included_in_metrics":true,"exclusion_reason":null,"override_reason":null,"outside_boundary":false}},{"type":"Feature","geometry":{"type":"Point","coordinates":[-46.64195796,-23.68209103]},"properties":{"id":"sp_geosampa_educacao_rede_publica:equipamento_educacao_rede_publica.52344","source_id":"sp_geosampa_educacao_rede_publica","name":"EMEF ANTONIO DE SAMPAIO DORIA PROF","name_derived":false,"category":"school","subcategory":"primary_secondary","geometry_type":"Point","address":"TITO PACHECO, 7, JARDIM MIRIAM, 04419-140","equipment_type":"EMEF","administrative_sphere":null,"included_in_metrics":true,"exclusion_reason":null,"override_reason":null,"outside_boundary":false}},{"type":"Feature","geometry":{"type":"Point","coordinates":[-46.73039786,-23.43514287]},"properties":{"id":"sp_geosampa_educacao_rede_publica:equipamento_educacao_rede_publica.52345","source_id":"sp_geosampa_educacao_rede_publica","name":"EMEF ISABEL VIEIRA FERREIRA PROFA","name_derived":false,"category":"school","subcategory":"primary_secondary","geometry_type":"Point","address":"DAS ORQUIDEAS, 130, PARQUE PRIMAVERA, 04467-245","equipment_type":"EMEF","administrative_sphere":null,"included_in_metrics":true,"exclusion_reason":null,"override_reason":null,"outside_boundary":false}},{"type":"Feature","geometry":{"type":"Point","coordinates":[-46.7996403,-23.68662338]},"properties":{"id":"sp_geosampa_educacao_rede_publica:equipamento_educacao_rede_publica.52346","source_id":"sp_geosampa_educacao_rede_publica","name":"EMEF JORGE AMERICANO PROF","name_derived":false,"category":"school","subcategory":"primary_secondary","geometry_type":"Point","address":"FEITICO DA VILA, 915, CHACARA SANTA MARIA, 05879-000","equipment_type":"EMEF","administrative_sphere":null,"included_in_metrics":true,"exclusion_reason":null,"override_reason":null,"outside_boundary":false}},{"type":"Feature","geometry":{"type":"Point","coordinates":[-46.77397065,-23.65095523]},"properties":{"id":"sp_geosampa_educacao_rede_publica:equipamento_educacao_rede_publica.52347","source_id":"sp_geosampa_educacao_rede_publica","name":"EMEF LEVY DE AZEVEDO SODRE PROF","name_derived":false,"category":"school","subcategory":"primary_secondary","geometry_type":"Point","address":"GOLPAZARI, 10, JARDIM VALE DAS VIRTUDES, 05796-020","equipment_type":"EMEF","administrative_sphere":null,"included_in_metrics":true,"exclusion_reason":null,"override_reason":null,"outside_boundary":false}},{"type":"Feature","geometry":{"type":"Point","coordinates":[-46.70376543,-23.64873754]},"properties":{"id":"sp_geosampa_educacao_rede_publica:equipamento_educacao_rede_publica.52348","source_id":"sp_geosampa_educacao_rede_publica","name":"EMEFM LINNEU PRESTES PROF","name_derived":false,"category":"school","subcategory":"primary_secondary","geometry_type":"Point","address":"ADOLFO PINHEIRO, 511, SANTO AMARO, 04733-100","equipment_type":"EMEFM","administrative_sphere":null,"included_in_metrics":true,"exclusion_reason":null,"override_reason":null,"outside_boundary":false}},{"type":"Feature","geometry":{"type":"Point","coordinates":[-46.7723363,-23.6894158]},"properties":{"id":"sp_geosampa_educacao_rede_publica:equipamento_educacao_rede_publica.52349","source_id":"sp_geosampa_educacao_rede_publica","name":"EMEF MARIO MARQUES DE OLIVEIRA PROF","name_derived":false,"category":"school","subcategory":"primary_secondary","geometry_type":"Point","address":"MARCELINO COELHO, 297, JARDIM ANGELA ZONA SUL, 04939-010","equipment_type":"EMEF","administrative_sphere":null,"included_in_metrics":true,"exclusion_reason":null,"override_reason":null,"outside_boundary":false}},{"type":"Feature","geometry":{"type":"Point","coordinates":[-46.76350485,-23.68569072]},"properties":{"id":"sp_geosampa_educacao_rede_publica:equipamento_educacao_rede_publica.52350","source_id":"sp_geosampa_educacao_rede_publica","name":"EMEF OLIVEIRA VIANA","name_derived":false,"category":"school","subcategory":"primary_secondary","geometry_type":"Point","address":"PROFESSOR BARROSO DO AMARAL, 694, JARDIM PLANALTO, 04937-010","equipment_type":"EMEF","administrative_sphere":null,"included_in_metrics":true,"exclusion_reason":null,"override_reason":null,"outside_boundary":false}},{"type":"Feature","geometry":{"type":"Point","coordinates":[-46.75406463,-23.6351502]},"properties":{"id":"sp_geosampa_educacao_rede_publica:equipamento_educacao_rede_publica.52351","source_id":"sp_geosampa_educacao_rede_publica","name":"EMEF ZULMIRA CAVALHEIRO FAUSTINO","name_derived":false,"category":"school","subcategory":"primary_secondary","geometry_type":"Point","address":"MELO COUTINHO, 69, PARQUE REGINA, 05775-230","equipment_type":"EMEF","administrative_sphere":null,"included_in_metrics":true,"exclusion_reason":null,"override_reason":null,"outside_boundary":false}},{"type":"Feature","geometry":{"type":"Point","coordinates":[-46.60411991,-23.64907517]},"properties":{"id":"sp_geosampa_educacao_rede_publica:equipamento_educacao_rede_publica.52352","source_id":"sp_geosampa_educacao_rede_publica","name":"EMEF CASSIANO RICARDO","name_derived":false,"category":"school","subcategory":"primary_secondary","geometry_type":"Point","address":"JOAO JOSE DA SILVA, 422, VILA CARAGUATA, 04191-140","equipment_type":"EMEF","administrative_sphere":null,"included_in_metrics":true,"exclusion_reason":null,"override_reason":null,"outside_boundary":false}},{"type":"Feature","geometry":{"type":"Point","coordinates":[-46.5997658,-23.63815286]},"properties":{"id":"sp_geosampa_educacao_rede_publica:equipamento_educacao_rede_publica.52353","source_id":"sp_geosampa_educacao_rede_publica","name":"EMEF JOAQUIM NABUCO","name_derived":false,"category":"school","subcategory":"primary_secondary","geometry_type":"Point","address":"DOUTOR WADIH SAFADY, 10, JARDIM MARIA ESTELA, 04181-050","equipment_type":"EMEF","administrative_sphere":null,"included_in_metrics":true,"exclusion_reason":null,"override_reason":null,"outside_boundary":false}},{"type":"Feature","geometry":{"type":"Point","coordinates":[-46.59903248,-23.64723899]},"properties":{"id":"sp_geosampa_educacao_rede_publica:equipamento_educacao_rede_publica.52354","source_id":"sp_geosampa_educacao_rede_publica","name":"EMEF JOSE DO PATROCINIO","name_derived":false,"category":"school","subcategory":"primary_secondary","geometry_type":"Point","address":"CANTIGA INGENUA, 64, JARDIM SANTA EMILIA, 04184-065","equipment_type":"EMEF","administrative_sphere":null,"included_in_metrics":true,"exclusion_reason":null,"override_reason":null,"outside_boundary":false}},{"type":"Feature","geometry":{"type":"Point","coordinates":[-46.61297901,-23.61363664]},"properties":{"id":"sp_geosampa_educacao_rede_publica:equipamento_educacao_rede_publica.52355","source_id":"sp_geosampa_educacao_rede_publica","name":"EMEF JOSE MARIA LISBOA","name_derived":false,"category":"school","subcategory":"primary_secondary","geometry_type":"Point","address":"JOAO RODRIGUES, 575, JARDIM DA SAUDE, 04290-090","equipment_type":"EMEF","administrative_sphere":null,"included_in_metrics":true,"exclusion_reason":null,"override_reason":null,"outside_boundary":false}},{"type":"Feature","geometry":{"type":"Point","coordinates":[-46.61470398,-23.62233228]},"properties":{"id":"sp_geosampa_educacao_rede_publica:equipamento_educacao_rede_publica.52356","source_id":"sp_geosampa_educacao_rede_publica","name":"EMEF EURICO GASPAR DUTRA MAL","name_derived":false,"category":"school","subcategory":"primary_secondary","geometry_type":"Point","address":"JEAN DE LA HUERTA, 136, VILA BRASILINA, 04163-010","equipment_type":"EMEF","administrative_sphere":null,"included_in_metrics":true,"exclusion_reason":null,"override_reason":null,"outside_boundary":false}},{"type":"Feature","geometry":{"type":"Point","coordinates":[-46.60154016,-23.61247443]},"properties":{"id":"sp_geosampa_educacao_rede_publica:equipamento_educacao_rede_publica.52357","source_id":"sp_geosampa_educacao_rede_publica","name":"EMEF ANTONIO DE ALCANTARA MACHADO","name_derived":false,"category":"school","subcategory":"primary_secondary","geometry_type":"Point","address":"BELGRADO, 74, MOINHO VELHO, 04285-040","equipment_type":"EMEF","administrative_sphere":null,"included_in_metrics":true,"exclusion_reason":null,"override_reason":null,"outside_boundary":false}},{"type":"Feature","geometry":{"type":"Point","coordinates":[-46.60508754,-23.62539372]},"properties":{"id":"sp_geosampa_educacao_rede_publica:equipamento_educacao_rede_publica.52358","source_id":"sp_geosampa_educacao_rede_publica","name":"EMEF SYLVIA MARTIN PIRES PROFA","name_derived":false,"category":"school","subcategory":"primary_secondary","geometry_type":"Point","address":"ITALVA, 266, SAUDE, 04294-030","equipment_type":"EMEF","administrative_sphere":null,"included_in_metrics":true,"exclusion_reason":null,"override_reason":null,"outside_boundary":false}},{"type":"Feature","geometry":{"type":"Point","coordinates":[-46.60662093,-23.63833852]},"properties":{"id":"sp_geosampa_educacao_rede_publica:equipamento_educacao_rede_publica.52359","source_id":"sp_geosampa_educacao_rede_publica","name":"EMEF OLAVO FONTOURA","name_derived":false,"category":"school","subcategory":"primary_secondary","geometry_type":"Point","address":"DOUTOR LAFAIETTE DE SOUSA CAMARGO, 72, JARDIM CLIMAX, 04177-380","equipment_type":"EMEF","administrative_sphere":null,"included_in_metrics":true,"exclusion_reason":null,"override_reason":null,"outside_boundary":false}},{"type":"Feature","geometry":{"type":"Point","coordinates":[-46.59358228,-23.6449759]},"properties":{"id":"sp_geosampa_educacao_rede_publica:equipamento_educacao_rede_publica.52360","source_id":"sp_geosampa_educacao_rede_publica","name":"EMEF LEAO MACHADO PROF","name_derived":false,"category":"school","subcategory":"primary_secondary","geometry_type":"Point","address":"CARLOS LIVIERO, 600, VILA LIVIERO, 04186-100","equipment_type":"EMEF","administrative_sphere":null,"included_in_metrics":true,"exclusion_reason":null,"override_reason":null,"outside_boundary":false}},{"type":"Feature","geometry":{"type":"Point","coordinates":[-46.69110511,-23.74471971]},"properties":{"id":"sp_geosampa_educacao_rede_publica:equipamento_educacao_rede_publica.52361","source_id":"sp_geosampa_educacao_rede_publica","name":"EMEF TEODOMIRO TOLEDO PIZA DES","name_derived":false,"category":"school","subcategory":"primary_secondary","geometry_type":"Point","address":"PELAGIA STARBULOV, 324, PARQUE GRAJAU, 04843-590","equipment_type":"EMEF","administrative_sphere":null,"included_in_metrics":true,"exclusion_reason":null,"override_reason":null,"outside_boundary":false}},{"type":"Feature","geometry":{"type":"Point","coordinates":[-46.70237375,-23.72232293]},"properties":{"id":"sp_geosampa_educacao_rede_publica:equipamento_educacao_rede_publica.52362","source_id":"sp_geosampa_educacao_rede_publica","name":"EMEF AFRANIO DE MELLO FRANCO DR","name_derived":false,"category":"school","subcategory":"primary_secondary","geometry_type":"Point","address":"ACAMBARO, 39, JARDIM CLIPER, 04827-250","equipment_type":"EMEF","administrative_sphere":null,"included_in_metrics":true,"exclusion_reason":null,"override_reason":null,"outside_boundary":false}},{"type":"Feature","geometry":{"type":"Point","coordinates":[-46.69884742,-23.70923495]},"properties":{"id":"sp_geosampa_educacao_rede_publica:equipamento_educacao_rede_publica.52363","source_id":"sp_geosampa_educacao_rede_publica","name":"EMEF MIGUEL VIEIRA FERREIRA DR","name_derived":false,"category":"school","subcategory":"primary_secondary","geometry_type":"Point","address":"ESCOLAR, S/N, CIDADE DUTRA, 04810-140","equipment_type":"EMEF","administrative_sphere":null,"included_in_metrics":true,"exclusion_reason":null,"override_reason":null,"outside_boundary":false}},{"type":"Feature","geometry":{"type":"Point","coordinates":[-46.68598541,-23.70390799]},"properties":{"id":"sp_geosampa_educacao_rede_publica:equipamento_educacao_rede_publica.52364","source_id":"sp_geosampa_educacao_rede_publica","name":"EMEF JOSE AMADEI ENG","name_derived":false,"category":"school","subcategory":"primary_secondary","geometry_type":"Point","address":"RAIMUNDO LOPES, 115, JARDIM SATELITE, 04816-090","equipment_type":"EMEF","administrative_sphere":null,"included_in_metrics":true,"exclusion_reason":null,"override_reason":null,"outside_boundary":false}},{"type":"Feature","geometry":{"type":"Point","coordinates":[-46.70611107,-23.77382131]},"properties":{"id":"sp_geosampa_educacao_rede_publica:equipamento_educacao_rede_publica.52365","source_id":"sp_geosampa_educacao_rede_publica","name":"EMEF ELIZA RACHEL MACEDO DE SOUZA PROFA","name_derived":false,"category":"school","subcategory":"primary_secondary","geometry_type":"Point","address":"CONSTELACAO DO ERIDANO, 24, JARDIM CAMPINAS, 04858-580","equipment_type":"EMEF","administrative_sphere":null,"included_in_metrics":true,"exclusion_reason":null,"override_reason":null,"outside_boundary":false}},{"type":"Feature","geometry":{"type":"Point","coordinates":[-46.6990803,-23.73077569]},"properties":{"id":"sp_geosampa_educacao_rede_publica:equipamento_educacao_rede_publica.52366","source_id":"sp_geosampa_educacao_rede_publica","name":"EMEF JOAO DE DEUS CARDOSO DE MELLO","name_derived":false,"category":"school","subcategory":"primary_secondary","geometry_type":"Point","address":"MANOEL VITORINO PEREIRA, 220, JORDANOPOLIS, 04830-020","equipment_type":"EMEF","administrative_sphere":null,"included_in_metrics":true,"exclusion_reason":null,"override_reason":null,"outside_boundary":false}},{"type":"Feature","geometry":{"type":"Point","coordinates":[-46.68345076,-23.75584232]},"properties":{"id":"sp_geosampa_educacao_rede_publica:equipamento_educacao_rede_publica.52367","source_id":"sp_geosampa_educacao_rede_publica","name":"EMEF JOAQUIM BENTO ALVES DE LIMA NETO","name_derived":false,"category":"school","subcategory":"primary_secondary","geometry_type":"Point","address":"SAO JOSE DO RIO PRETO, 17, CONJUNTO HABITACIONAL BRIGADEIRO FARIA L, 04840-460","equipment_type":"EMEF","administrative_sphere":null,"included_in_metrics":true,"exclusion_reason":null,"override_reason":null,"outside_boundary":false}},{"type":"Feature","geometry":{"type":"Point","coordinates":[-46.69016649,-23.71649004]},"properties":{"id":"sp_geosampa_educacao_rede_publica:equipamento_educacao_rede_publica.52368","source_id":"sp_geosampa_educacao_rede_publica","name":"EMEF PAULO SETUBAL","name_derived":false,"category":"school","subcategory":"primary_secondary","geometry_type":"Point","address":"FRANCISCO DE CALDAS, 50, JARDIM ANA LUCIA, 04812-070","equipment_type":"EMEF","administrative_sphere":null,"included_in_metrics":true,"exclusion_reason":null,"override_reason":null,"outside_boundary":false}},{"type":"Feature","geometry":{"type":"Point","coordinates":[-46.70317151,-23.69247289]},"properties":{"id":"sp_geosampa_educacao_rede_publica:equipamento_educacao_rede_publica.52369","source_id":"sp_geosampa_educacao_rede_publica","name":"EMEF PLACIDO DE CASTRO","name_derived":false,"category":"school","subcategory":"primary_secondary","geometry_type":"Point","address":"ANTONIO MESQUITA PEREIRA, 78, CAPELA DO SOCORRO, 04782-080","equipment_type":"EMEF","administrative_sphere":null,"included_in_metrics":true,"exclusion_reason":null,"override_reason":null,"outside_boundary":false}},{"type":"Feature","geometry":{"type":"Point","coordinates":[-46.70852488,-23.67126964]},"properties":{"id":"sp_geosampa_educacao_rede_publica:equipamento_educacao_rede_publica.52370","source_id":"sp_geosampa_educacao_rede_publica","name":"EMEF ALMEIDA JUNIOR PROF","name_derived":false,"category":"school","subcategory":"primary_secondary","geometry_type":"Point","address":"FRANCISCO MENDES, 238, SOCORRO, 04766-050","equipment_type":"EMEF","administrative_sphere":null,"included_in_metrics":true,"exclusion_reason":null,"override_reason":null,"outside_boundary":false}},{"type":"Feature","geometry":{"type":"Point","coordinates":[-46.75570887,-23.68290376]},"properties":{"id":"sp_geosampa_educacao_rede_publica:equipamento_educacao_rede_publica.52371","source_id":"sp_geosampa_educacao_rede_publica","name":"EMEF CAROLINA RENNO RIBEIRO DE OLIVEIRA PROFA","name_derived":false,"category":"school","subcategory":"primary_secondary","geometry_type":"Point","address":"JOAO FERREIRA DA SILVA, 99, JARDIM SANTA MARGARIDA, 04931-070","equipment_type":"EMEF","administrative_sphere":null,"included_in_metrics":true,"exclusion_reason":null,"override_reason":null,"outside_boundary":false}},{"type":"Feature","geometry":{"type":"Point","coordinates":[-46.77273536,-23.69782039]},"properties":{"id":"sp_geosampa_educacao_rede_publica:equipamento_educacao_rede_publica.52372","source_id":"sp_geosampa_educacao_rede_publica","name":"EMEF CLEMENTE PASTORE PROF","name_derived":false,"category":"school","subcategory":"primary_secondary","geometry_type":"Point","address":"INACIO PARREIRAS NEVES, 17, JARDIM NAKAMURA, 04942-080","equipment_type":"EMEF","administrative_sphere":null,"included_in_metrics":true,"exclusion_reason":null,"override_reason":null,"outside_boundary":false}},{"type":"Feature","geometry":{"type":"Point","coordinates":[-46.70789808,-23.73874097]},"properties":{"id":"sp_geosampa_educacao_rede_publica:equipamento_educacao_rede_publica.52373","source_id":"sp_geosampa_educacao_rede_publica","name":"EMEF MILTON FERREIRA DE ALBUQUERQUE PROF","name_derived":false,"category":"school","subcategory":"primary_secondary","geometry_type":"Point","address":"GEORGINA BOCCHIGLIERI, 55, JARDIM BEATRIZ, 04835-250","equipment_type":"EMEF","administrative_sphere":null,"included_in_metrics":true,"exclusion_reason":null,"override_reason":null,"outside_boundary":false}},{"type":"Feature","geometry":{"type":"Point","coordinates":[-46.70975174,-23.74090709]},"properties":{"id":"sp_geosampa_educacao_rede_publica:equipamento_educacao_rede_publica.52374","source_id":"sp_geosampa_educacao_rede_publica","name":"EMEF OLEGARIO MARIANO","name_derived":false,"category":"school","subcategory":"primary_secondary","geometry_type":"Point","address":"ANTONIO BORGES DA FONSECA, 15, JARDIM FLORESTA, 04836-120","equipment_type":"EMEF","administrative_sphere":null,"included_in_metrics":true,"exclusion_reason":null,"override_reason":null,"outside_boundary":false}},{"type":"Feature","geometry":{"type":"Point","coordinates":[-46.58070387,-23.53922723]},"properties":{"id":"sp_geosampa_educacao_rede_publica:equipamento_educacao_rede_publica.52375","source_id":"sp_geosampa_educacao_rede_publica","name":"EMEF ARTHUR AZEVEDO","name_derived":false,"category":"school","subcategory":"primary_secondary","geometry_type":"Point","address":"BUTUI, S/N, TATUAPE, 03065-025","equipment_type":"EMEF","administrative_sphere":null,"included_in_metrics":true,"exclusion_reason":null,"override_reason":null,"outside_boundary":false}},{"type":"Feature","geometry":{"type":"Point","coordinates":[-46.53131425,-23.54703775]},"properties":{"id":"sp_geosampa_educacao_rede_publica:equipamento_educacao_rede_publica.52376","source_id":"sp_geosampa_educacao_rede_publica","name":"EMEF GUIMARAES ROSA","name_derived":false,"category":"school","subcategory":"primary_secondary","geometry_type":"Point","address":"HAROLDO DALTRO, 466, VILA NOVA MANCHESTER, 03444-090","equipment_type":"EMEF","administrative_sphere":null,"included_in_metrics":true,"exclusion_reason":null,"override_reason":null,"outside_boundary":false}},{"type":"Feature","geometry":{"type":"Point","coordinates":[-46.4995891,-23.59040834]},"properties":{"id":"sp_geosampa_educacao_rede_publica:equipamento_educacao_rede_publica.52377","source_id":"sp_geosampa_educacao_rede_publica","name":"EMEF ACHILLES DE OLIVEIRA RIBEIRO DES","name_derived":false,"category":"school","subcategory":"primary_secondary","geometry_type":"Point","address":"SAO JOAO DO PARAISO, 57, JARDIM IMPERADOR, 03934-000","equipment_type":"EMEF","administrative_sphere":null,"included_in_metrics":true,"exclusion_reason":null,"override_reason":null,"outside_boundary":false}},{"type":"Feature","geometry":{"type":"Point","coordinates":[-46.56764519,-23.54029296]},"properties":{"id":"sp_geosampa_educacao_rede_publica:equipamento_educacao_rede_publica.52378","source_id":"sp_geosampa_educacao_rede_publica","name":"EMEF JACKSON DE FIGUEIREDO","name_derived":false,"category":"school","subcategory":"primary_secondary","geometry_type":"Point","address":"ITAPURA, 210, VILA GOMES CARDIM, 03310-000","equipment_type":"EMEF","administrative_sphere":null,"included_in_metrics":true,"exclusion_reason":null,"override_reason":null,"outside_boundary":false}},{"type":"Feature","geometry":{"type":"Point","coordinates":[-46.57546794,-23.54593861]},"properties":{"id":"sp_geosampa_educacao_rede_publica:equipamento_educacao_rede_publica.52379","source_id":"sp_geosampa_educacao_rede_publica","name":"EMEF OTHELO FRANCO GEN","name_derived":false,"category":"school","subcategory":"primary_secondary","geometry_type":"Point","address":"JARINU, 730, CIDADE MAE DO CEU, 03306-000","equipment_type":"EMEF","administrative_sphere":null,"included_in_metrics":true,"exclusion_reason":null,"override_reason":null,"outside_boundary":false}},{"type":"Feature","geometry":{"type":"Point","coordinates":[-46.51739251,-23.55779268]},"properties":{"id":"sp_geosampa_educacao_rede_publica:equipamento_educacao_rede_publica.52380","source_id":"sp_geosampa_educacao_rede_publica","name":"EMEF SERGIO MILLIET","name_derived":false,"category":"school","subcategory":"primary_secondary","geometry_type":"Point","address":"DOUTOR PAULO DE ANDRADE ARANTES, 125, PARQUE MARIA LUIZA, 03451-090","equipment_type":"EMEF","administrative_sphere":null,"included_in_metrics":true,"exclusion_reason":null,"override_reason":null,"outside_boundary":false}},{"type":"Feature","geometry":{"type":"Point","coordinates":[-46.5710977,-23.48647735]},"properties":{"id":"sp_geosampa_educacao_rede_publica:equipamento_educacao_rede_publica.52381","source_id":"sp_geosampa_educacao_rede_publica","name":"EMEF ALBERTO SANTOS DUMONT","name_derived":false,"category":"school","subcategory":"primary_secondary","geometry_type":"Point","address":"TENENTE SOTOMANO, 1920, JARDIM BRASIL ZONA NORTE, 02226-001","equipment_type":"EMEF","administrative_sphere":null,"included_in_metrics":true,"exclusion_reason":null,"override_reason":null,"outside_boundary":false}},{"type":"Feature","geometry":{"type":"Point","coordinates":[-46.5868956,-23.47303401]},"properties":{"id":"sp_geosampa_educacao_rede_publica:equipamento_educacao_rede_publica.52382","source_id":"sp_geosampa_educacao_rede_publica","name":"EMEF EDSON RODRIGUES","name_derived":false,"category":"school","subcategory":"primary_secondary","geometry_type":"Point","address":"FILADELFO GOUVEIA NETO, 131, VILA CONSTANCA, 02256-090","equipment_type":"EMEF","administrative_sphere":null,"included_in_metrics":true,"exclusion_reason":null,"override_reason":null,"outside_boundary":false}},{"type":"Feature","geometry":{"type":"Point","coordinates":[-46.57343874,-23.49223337]},"properties":{"id":"sp_geosampa_educacao_rede_publica:equipamento_educacao_rede_publica.52383","source_id":"sp_geosampa_educacao_rede_publica","name":"EMEF ENEAS CARVALHO DE AGUIAR","name_derived":false,"category":"school","subcategory":"primary_secondary","geometry_type":"Point","address":"FRANCISCO FRANCO MACHADO, 74, VILA SABRINA, 02139-020","equipment_type":"EMEF","administrative_sphere":null,"included_in_metrics":true,"exclusion_reason":null,"override_reason":null,"outside_boundary":false}},{"type":"Feature","geometry":{"type":"Point","coordinates":[-46.56958155,-23.46452029]},"properties":{"id":"sp_geosampa_educacao_rede_publica:equipamento_educacao_rede_publica.52384","source_id":"sp_geosampa_educacao_rede_publica","name":"EMEF ANTONIO SANT ANA GALVAO FREI","name_derived":false,"category":"school","subcategory":"primary_secondary","geometry_type":"Point","address":"GENERAL JERONIMO FURTADO, 715, JARDIM MODELO, 02237-000","equipment_type":"EMEF","administrative_sphere":null,"included_in_metrics":true,"exclusion_reason":null,"override_reason":null,"outside_boundary":false}},{"type":"Feature","geometry":{"type":"Point","coordinates":[-46.56772363,-23.47811187]},"properties":{"id":"sp_geosampa_educacao_rede_publica:equipamento_educacao_rede_publica.52385","source_id":"sp_geosampa_educacao_rede_publica","name":"EMEF JULIO MARCONDES SALGADO GEN","name_derived":false,"category":"school","subcategory":"primary_secondary","geometry_type":"Point","address":"EDU CHAVES, 1289, PARQUE EDU CHAVES, 02229-001","equipment_type":"EMEF","administrative_sphere":null,"included_in_metrics":true,"exclusion_reason":null,"override_reason":null,"outside_boundary":false}},{"type":"Feature","geometry":{"type":"Point","coordinates":[-46.61070427,-23.45468481]},"properties":{"id":"sp_geosampa_educacao_rede_publica:equipamento_educacao_rede_publica.52386","source_id":"sp_geosampa_educacao_rede_publica","name":"EMEF JOAO RAMOS - PERNAMBUCO - ABOLICIONISTA","name_derived":false,"category":"school","subcategory":"primary_secondary","geometry_type":"Point","address":"JOAO NICOLAU CHAMMA, 253, JARDIM VIRGINIA BIANCA, 02355-060","equipment_type":"EMEF","administrative_sphere":null,"included_in_metrics":true,"exclusion_reason":null,"override_reason":null,"outside_boundary":false}},{"type":"Feature","geometry":{"type":"Point","coordinates":[-46.58390854,-23.47583516]},"properties":{"id":"sp_geosampa_educacao_rede_publica:equipamento_educacao_rede_publica.52387","source_id":"sp_geosampa_educacao_rede_publica","name":"EMEF LOURENCO FILHO","name_derived":false,"category":"school","subcategory":"primary_secondary","geometry_type":"Point","address":"SAO GERALDINO, 212, VILA CONSTANCA, 02258-220","equipment_type":"EMEF","administrative_sphere":null,"included_in_metrics":true,"exclusion_reason":null,"override_reason":null,"outside_boundary":false}},{"type":"Feature","geometry":{"type":"Point","coordinates":[-46.5950184,-23.44810226]},"properties":{"id":"sp_geosampa_educacao_rede_publica:equipamento_educacao_rede_publica.52388","source_id":"sp_geosampa_educacao_rede_publica","name":"EMEF RONDON MAL","name_derived":false,"category":"school","subcategory":"primary_secondary","geometry_type":"Point","address":"DO BURUI, 120, PARQUE CASA DE PEDRA, 02320-170","equipment_type":"EMEF","administrative_sphere":null,"included_in_metrics":true,"exclusion_reason":null,"override_reason":null,"outside_boundary":false}},{"type":"Feature","geometry":{"type":"Point","coordinates":[-46.58472301,-23.46101454]},"properties":{"id":"sp_geosampa_educacao_rede_publica:equipamento_educacao_rede_publica.52389","source_id":"sp_geosampa_educacao_rede_publica","name":"EMEF OCTAVIO PEREIRA LOPES","name_derived":false,"category":"school","subcategory":"primary_secondary","geometry_type":"Point","address":"ALCY BORGES DOS SANTOS, 242, GUAPIRA, 02276-020","equipment_type":"EMEF","administrative_sphere":null,"included_in_metrics":true,"exclusion_reason":null,"override_reason":null,"outside_boundary":false}},{"type":"Feature","geometry":{"type":"Point","coordinates":[-46.60463474,-23.45772838]},"properties":{"id":"sp_geosampa_educacao_rede_publica:equipamento_educacao_rede_publica.52390","source_id":"sp_geosampa_educacao_rede_publica","name":"EMEF ESMERALDA SALLES PEREIRA RAMOS PROFA","name_derived":false,"category":"school","subcategory":"primary_secondary","geometry_type":"Point","address":"MARIA AMALIA LOPES AZEVEDO, 2167, JARDIM YARA, 02350-002","equipment_type":"EMEF","administrative_sphere":null,"included_in_metrics":true,"exclusion_reason":null,"override_reason":null,"outside_boundary":false}},{"type":"Feature","geometry":{"type":"Point","coordinates":[-46.59218776,-23.4848015]},"properties":{"id":"sp_geosampa_educacao_rede_publica:equipamento_educacao_rede_publica.52391","source_id":"sp_geosampa_educacao_rede_publica","name":"EMEF FRANKLIN AUGUSTO DE MOURA CAMPOS PROF","name_derived":false,"category":"school","subcategory":"primary_secondary","geometry_type":"Point","address":"MAJOR DANTAS CORTEZ, 1001, VILA GUSTAVO, 02206-000","equipment_type":"EMEF","administrative_sphere":null,"included_in_metrics":true,"exclusion_reason":null,"override_reason":null,"outside_boundary":false}},{"type":"Feature","geometry":{"type":"Point","coordinates":[-46.61383942,-23.48963304]},"properties":{"id":"sp_geosampa_educacao_rede_publica:equipamento_educacao_rede_publica.52392","source_id":"sp_geosampa_educacao_rede_publica","name":"EMEF MAXIMO DE MOURA SANTOS PROF","name_derived":false,"category":"school","subcategory":"primary_secondary","geometry_type":"Point","address":"JULIA LOPES DE ALMEIDA, 275, VILA PAULICEIA, 02301-000","equipment_type":"EMEF","administrative_sphere":null,"included_in_metrics":true,"exclusion_reason":null,"override_reason":null,"outside_boundary":false}},{"type":"Feature","geometry":{"type":"Point","coordinates":[-46.58180497,-23.48076706]},"properties":{"id":"sp_geosampa_educacao_rede_publica:equipamento_educacao_rede_publica.52393","source_id":"sp_geosampa_educacao_rede_publica","name":"EMEF MARIA HELENA FARIA LIMA PROFA","name_derived":false,"category":"school","subcategory":"primary_secondary","geometry_type":"Point","address":"ROLAND GARROS, 573, JARDIM BRASIL, 02235-000","equipment_type":"EMEF","administrative_sphere":null,"included_in_metrics":true,"exclusion_reason":null,"override_reason":null,"outside_boundary":false}},{"type":"Feature","geometry":{"type":"Point","coordinates":[-46.62508183,-23.45786685]},"properties":{"id":"sp_geosampa_educacao_rede_publica:equipamento_educacao_rede_publica.52394","source_id":"sp_geosampa_educacao_rede_publica","name":"EMEF NOE AZEVEDO PROF","name_derived":false,"category":"school","subcategory":"primary_secondary","geometry_type":"Point","address":"SAO CLETO, 165, JARDIM DENISE, 02375-000","equipment_type":"EMEF","administrative_sphere":null,"included_in_metrics":true,"exclusion_reason":null,"override_reason":null,"outside_boundary":false}},{"type":"Feature","geometry":{"type":"Point","coordinates":[-46.6000062,-23.4897631]},"properties":{"id":"sp_geosampa_educacao_rede_publica:equipamento_educacao_rede_publica.52395","source_id":"sp_geosampa_educacao_rede_publica","name":"EMEF RODRIGUES ALVES","name_derived":false,"category":"school","subcategory":"primary_secondary","geometry_type":"Point","address":"BORGES, 242, PARADA INGLESA, 02247-000","equipment_type":"EMEF","administrative_sphere":null,"included_in_metrics":true,"exclusion_reason":null,"override_reason":null,"outside_boundary":false}},{"type":"Feature","geometry":{"type":"Point","coordinates":[-46.60248905,-23.46837291]},"properties":{"id":"sp_geosampa_educacao_rede_publica:equipamento_educacao_rede_publica.52396","source_id":"sp_geosampa_educacao_rede_publica","name":"EMEF MARTIN FRANCISCO RIBEIRO DE ANDRADA","name_derived":false,"category":"school","subcategory":"primary_secondary","geometry_type":"Point","address":"PAULO CESAR, 126, VILA MAZZEI, 02311-240","equipment_type":"EMEF","administrative_sphere":null,"included_in_metrics":true,"exclusion_reason":null,"override_reason":null,"outside_boundary":false}},{"type":"Feature","geometry":{"type":"Point","coordinates":[-46.52810422,-23.57099863]},"properties":{"id":"sp_geosampa_educacao_rede_publica:equipamento_educacao_rede_publica.52397","source_id":"sp_geosampa_educacao_rede_publica","name":"EMEF JOAO NAOKI SUMITA DR","name_derived":false,"category":"school","subcategory":"primary_secondary","geometry_type":"Point","address":"MONSENHOR ANTONIO CASTRO, 222, JARDIM VILA FORMOSA, 03461-000","equipment_type":"EMEF","administrative_sphere":null,"included_in_metrics":true,"exclusion_reason":null,"override_reason":null,"outside_boundary":false}},{"type":"Feature","geometry":{"type":"Point","coordinates":[-46.55310163,-23.56130962]},"properties":{"id":"sp_geosampa_educacao_rede_publica:equipamento_educacao_rede_publica.52398","source_id":"sp_geosampa_educacao_rede_publica","name":"EMEF KENNEDY PRES","name_derived":false,"category":"school","subcategory":"primary_secondary","geometry_type":"Point","address":"ACURUI, 700, VILA FORMOSA, 03355-000","equipment_type":"EMEF","administrative_sphere":null,"included_in_metrics":true,"exclusion_reason":null,"override_reason":null,"outside_boundary":false}},{"type":"Feature","geometry":{"type":"Point","coordinates":[-46.53656205,-23.55543791]},"properties":{"id":"sp_geosampa_educacao_rede_publica:equipamento_educacao_rede_publica.52399","source_id":"sp_geosampa_educacao_rede_publica","name":"EMEF BARTOLOMEU LOURENCO DE GUSMAO","name_derived":false,"category":"school","subcategory":"primary_secondary","geometry_type":"Point","address":"PICINGUABA, 802, VILA SANTA ISABEL, 03432-000","equipment_type":"EMEF","administrative_sphere":null,"included_in_metrics":true,"exclusion_reason":null,"override_reason":null,"outside_boundary":false}},{"type":"Feature","geometry":{"type":"Point","coordinates":[-46.60827409,-23.51026935]},"properties":{"id":"sp_geosampa_educacao_rede_publica:equipamento_educacao_rede_publica.52400","source_id":"sp_geosampa_educacao_rede_publica","name":"EMEF OLIVA IRENE BAYERLEIN SILVA","name_derived":false,"category":"school","subcategory":"primary_secondary","geometry_type":"Point","address":"AMAZONAS DA SILVA, 893, VILA GUILHERME, 02051-001","equipment_type":"EMEF","administrative_sphere":null,"included_in_metrics":true,"exclusion_reason":null,"override_reason":null,"outside_boundary":false}},{"type":"Feature","geometry":{"type":"Point","coordinates":[-46.5979052,-23.50287173]},"properties":{"id":"sp_geosampa_educacao_rede_publica:equipamento_educacao_rede_publica.52401","source_id":"sp_geosampa_educacao_rede_publica","name":"EMEF HELENA LOMBARDI BRAGA PROFA","name_derived":false,"category":"school","subcategory":"primary_secondary","geometry_type":"Point","address":"DIRCE, 106, VILA LEONOR, 02077-080","equipment_type":"EMEF","administrative_sphere":null,"included_in_metrics":true,"exclusion_reason":null,"override_reason":null,"outside_boundary":false}},{"type":"Feature","geometry":{"type":"Point","coordinates":[-46.60057587,-23.50014835]},"properties":{"id":"sp_geosampa_educacao_rede_publica:equipamento_educacao_rede_publica.52402","source_id":"sp_geosampa_educacao_rede_publica","name":"EMEF RUY BARBOSA","name_derived":false,"category":"school","subcategory":"primary_secondary","geometry_type":"Point","address":"CONCEICAO 1385, 1385, VILA GUILHERME, 02072-001","equipment_type":"EMEF","administrative_sphere":null,"included_in_metrics":true,"exclusion_reason":null,"override_reason":null,"outside_boundary":false}},{"type":"Feature","geometry":{"type":"Point","coordinates":[-46.73130811,-23.50703998]},"properties":{"id":"sp_geosampa_educacao_rede_publica:equipamento_educacao_rede_publica.52403","source_id":"sp_geosampa_educacao_rede_publica","name":"EMEF EUCLIDES CUSTODIO DA SILVEIRA DES","name_derived":false,"category":"school","subcategory":"primary_secondary","geometry_type":"Point","address":"JOSE DE MORAIS, 191, PARQUE SAO DOMINGOS, 05121-060","equipment_type":"EMEF","administrative_sphere":null,"included_in_metrics":true,"exclusion_reason":null,"override_reason":null,"outside_boundary":false}},{"type":"Feature","geometry":{"type":"Point","coordinates":[-46.7469098,-23.49013395]},"properties":{"id":"sp_geosampa_educacao_rede_publica:equipamento_educacao_rede_publica.52404","source_id":"sp_geosampa_educacao_rede_publica","name":"EMEF JAIRO RAMOS","name_derived":false,"category":"school","subcategory":"primary_secondary","geometry_type":"Point","address":"GENERAL LAURO CAVALCANTI DE FARIAS, 438, JARDIM MANGALOT, 05135-000","equipment_type":"EMEF","administrative_sphere":null,"included_in_metrics":true,"exclusion_reason":null,"override_reason":null,"outside_boundary":false}},{"type":"Feature","geometry":{"type":"Point","coordinates":[-46.79356182,-23.42962435]},"properties":{"id":"sp_geosampa_educacao_rede_publica:equipamento_educacao_rede_publica.52405","source_id":"sp_geosampa_educacao_rede_publica","name":"EMEF PAULO PRADO","name_derived":false,"category":"school","subcategory":"primary_secondary","geometry_type":"Point","address":"POMPEU BERTINI, 80, JARDIM SANTA FE, 05271-110","equipment_type":"EMEF","administrative_sphere":null,"included_in_metrics":true,"exclusion_reason":null,"override_reason":null,"outside_boundary":false}},{"type":"Feature","geometry":{"type":"Point","coordinates":[-46.73806095,-23.49984502]},"properties":{"id":"sp_geosampa_educacao_rede_publica:equipamento_educacao_rede_publica.52406","source_id":"sp_geosampa_educacao_rede_publica","name":"EMEF AMADEU MENDES PROF","name_derived":false,"category":"school","subcategory":"primary_secondary","geometry_type":"Point","address":"TOMAS LOPES FERREIRA, 110, PARQUE SAO DOMINGOS, 05125-090","equipment_type":"EMEF","administrative_sphere":null,"included_in_metrics":true,"exclusion_reason":null,"override_reason":null,"outside_boundary":false}},{"type":"Feature","geometry":{"type":"Point","coordinates":[-46.74714856,-23.513895]},"properties":{"id":"sp_geosampa_educacao_rede_publica:equipamento_educacao_rede_publica.52407","source_id":"sp_geosampa_educacao_rede_publica","name":"EMEF JOSE FERRAZ DE CAMPOS PROF","name_derived":false,"category":"school","subcategory":"primary_secondary","geometry_type":"Point","address":"PAUVA, 644, VILA JAGUARA, 05116-001","equipment_type":"EMEF","administrative_sphere":null,"included_in_metrics":true,"exclusion_reason":null,"override_reason":null,"outside_boundary":false}},{"type":"Feature","geometry":{"type":"Point","coordinates":[-46.74856406,-23.49802437]},"properties":{"id":"sp_geosampa_educacao_rede_publica:equipamento_educacao_rede_publica.52408","source_id":"sp_geosampa_educacao_rede_publica","name":"EMEF RUI BLOEM","name_derived":false,"category":"school","subcategory":"primary_secondary","geometry_type":"Point","address":"ARMANDO FLAMARION COELHO, 241, JARDIM SANTO ELIAS, 05136-270","equipment_type":"EMEF","administrative_sphere":null,"included_in_metrics":true,"exclusion_reason":null,"override_reason":null,"outside_boundary":false}},{"type":"Feature","geometry":{"type":"Point","coordinates":[-46.69390776,-23.55025903]},"properties":{"id":"sp_geosampa_educacao_rede_publica:equipamento_educacao_rede_publica.52409","source_id":"sp_geosampa_educacao_rede_publica","name":"EMEF OLAVO PEZZOTTI PROF","name_derived":false,"category":"school","subcategory":"primary_secondary","geometry_type":"Point","address":"FRADIQUE COUTINHO, 2200, VILA MADALENA, 05416-002","equipment_type":"EMEF","administrative_sphere":null,"included_in_metrics":true,"exclusion_reason":null,"override_reason":null,"outside_boundary":false}},{"type":"Feature","geometry":{"type":"Point","coordinates":[-46.59123218,-23.50187706]},"properties":{"id":"sp_geosampa_educacao_rede_publica:equipamento_educacao_rede_publica.52410","source_id":"sp_geosampa_educacao_rede_publica","name":"EMEF TAMANDARE ALM","name_derived":false,"category":"school","subcategory":"primary_secondary","geometry_type":"Point","address":"GENERAL MENDES, 46, VILA MARIA ALTA, 02127-020","equipment_type":"EMEF","administrative_sphere":null,"included_in_metrics":true,"exclusion_reason":null,"override_reason":null,"outside_boundary":false}},{"type":"Feature","geometry":{"type":"Point","coordinates":[-46.58202815,-23.5266295]},"properties":{"id":"sp_geosampa_educacao_rede_publica:equipamento_educacao_rede_publica.52411","source_id":"sp_geosampa_educacao_rede_publica","name":"EMEF ARY GOMES CEL","name_derived":false,"category":"school","subcategory":"primary_secondary","geometry_type":"Point","address":"BENEDITO ALESSIO, 184, JARDIM ANDARAI, 02166-100","equipment_type":"EMEF","administrative_sphere":null,"included_in_metrics":true,"exclusion_reason":null,"override_reason":null,"outside_boundary":false}},{"type":"Feature","geometry":{"type":"Point","coordinates":[-46.56660885,-23.52080229]},"properties":{"id":"sp_geosampa_educacao_rede_publica:equipamento_educacao_rede_publica.52412","source_id":"sp_geosampa_educacao_rede_publica","name":"EMEF ROMAO GOMES CEL","name_derived":false,"category":"school","subcategory":"primary_secondary","geometry_type":"Point","address":"SOLDADO JOSE VICENTE DE PAULA, 140, PARQUE NOVO MUNDO, 02180-020","equipment_type":"EMEF","administrative_sphere":null,"included_in_metrics":true,"exclusion_reason":null,"override_reason":null,"outside_boundary":false}},{"type":"Feature","geometry":{"type":"Point","coordinates":[-46.57892136,-23.49994623]},"properties":{"id":"sp_geosampa_educacao_rede_publica:equipamento_educacao_rede_publica.52413","source_id":"sp_geosampa_educacao_rede_publica","name":"EMEF PEDRO I D","name_derived":false,"category":"school","subcategory":"primary_secondary","geometry_type":"Point","address":"PRESIDENTE JANIO DA SILVA QUADROS, 420, JARDIM JAPAO, 02132-000","equipment_type":"EMEF","administrative_sphere":null,"included_in_metrics":true,"exclusion_reason":null,"override_reason":null,"outside_boundary":false}},{"type":"Feature","geometry":{"type":"Point","coordinates":[-46.58456513,-23.50617807]},"properties":{"id":"sp_geosampa_educacao_rede_publica:equipamento_educacao_rede_publica.52414","source_id":"sp_geosampa_educacao_rede_publica","name":"EMEF JOAO DOMINGUES SAMPAIO","name_derived":false,"category":"school","subcategory":"primary_secondary","geometry_type":"Point","address":"GASTAO MADEIRA, 386, VILA MARIA ALTA, 02131-080","equipment_type":"EMEF","administrative_sphere":null,"included_in_metrics":true,"exclusion_reason":null,"override_reason":null,"outside_boundary":false}},{"type":"Feature","geometry":{"type":"Point","coordinates":[-46.59652349,-23.49537198]},"properties":{"id":"sp_geosampa_educacao_rede_publica:equipamento_educacao_rede_publica.52415","source_id":"sp_geosampa_educacao_rede_publica","name":"EMEF SHIRLEY GUIO PROFA","name_derived":false,"category":"school","subcategory":"primary_secondary","geometry_type":"Point","address":"CRISTOVAO LINS, 611, VILA ISOLINA MAZZEI, 02083-000","equipment_type":"EMEF","administrative_sphere":null,"included_in_metrics":true,"exclusion_reason":null,"override_reason":null,"outside_boundary":false}},{"type":"Feature","geometry":{"type":"Point","coordinates":[-46.63658952,-23.60822712]},"properties":{"id":"sp_geosampa_educacao_rede_publica:equipamento_educacao_rede_publica.52416","source_id":"sp_geosampa_educacao_rede_publica","name":"EMEF JEAN MERMOZ","name_derived":false,"category":"school","subcategory":"primary_secondary","geometry_type":"Point","address":"CORREIA DE LEMOS, 30, CHACARA INGLESA, 04140-000","equipment_type":"EMEF","administrative_sphere":null,"included_in_metrics":true,"exclusion_reason":null,"override_reason":null,"outside_boundary":false}},{"type":"Feature","geometry":{"type":"Point","coordinates":[-46.62111833,-23.58820204]},"properties":{"id":"sp_geosampa_educacao_rede_publica:equipamento_educacao_rede_publica.52417","source_id":"sp_geosampa_educacao_rede_publica","name":"EMEF MANOEL DE PAIVA PE","name_derived":false,"category":"school","subcategory":"primary_secondary","geometry_type":"Point","address":"PROFESSOR SERAFIM ORLANDI, 254, JARDIM VILA MARIANA, 04115-090","equipment_type":"EMEF","administrative_sphere":null,"included_in_metrics":true,"exclusion_reason":null,"override_reason":null,"outside_boundary":false}},{"type":"Feature","geometry":{"type":"Point","coordinates":[-46.49329762,-23.53853891]},"properties":{"id":"sp_geosampa_educacao_rede_publica:equipamento_educacao_rede_publica.52418","source_id":"sp_geosampa_educacao_rede_publica","name":"EMEF ARTHUR ALVIM","name_derived":false,"category":"school","subcategory":"primary_secondary","geometry_type":"Point","address":"DESEMBARGADOR ROCHA PORTELA, 464, ARTUR ALVIM, 03567-000","equipment_type":"EMEF","administrative_sphere":null,"included_in_metrics":true,"exclusion_reason":null,"override_reason":null,"outside_boundary":false}},{"type":"Feature","geometry":{"type":"Point","coordinates":[-46.50063556,-23.53466579]},"properties":{"id":"sp_geosampa_educacao_rede_publica:equipamento_educacao_rede_publica.52419","source_id":"sp_geosampa_educacao_rede_publica","name":"EMEF CAIRU VISC DE","name_derived":false,"category":"school","subcategory":"primary_secondary","geometry_type":"Point","address":"ARARUVA, 199, CIDADE PATRIARCA, 03552-010","equipment_type":"EMEF","administrative_sphere":null,"included_in_metrics":true,"exclusion_reason":null,"override_reason":null,"outside_boundary":false}},{"type":"Feature","geometry":{"type":"Point","coordinates":[-46.50916666,-23.53979938]},"properties":{"id":"sp_geosampa_educacao_rede_publica:equipamento_educacao_rede_publica.52420","source_id":"sp_geosampa_educacao_rede_publica","name":"EMEF FIRMINO TIBURCIO DA COSTA","name_derived":false,"category":"school","subcategory":"primary_secondary","geometry_type":"Point","address":"PEDRO MORCILLA FILHO, 578, CIDADE PATRIARCA, 03546-010","equipment_type":"EMEF","administrative_sphere":null,"included_in_metrics":true,"exclusion_reason":null,"override_reason":null,"outside_boundary":false}},{"type":"Feature","geometry":{"type":"Point","coordinates":[-46.51876439,-23.54556081]},"properties":{"id":"sp_geosampa_educacao_rede_publica:equipamento_educacao_rede_publica.52421","source_id":"sp_geosampa_educacao_rede_publica","name":"EMEF 19 DE NOVEMBRO","name_derived":false,"category":"school","subcategory":"primary_secondary","geometry_type":"Point","address":"BAUXITA, 99, VILA DALILA, 03520-000","equipment_type":"EMEF","administrative_sphere":null,"included_in_metrics":true,"exclusion_reason":null,"override_reason":null,"outside_boundary":false}},{"type":"Feature","geometry":{"type":"Point","coordinates":[-46.50813568,-23.54361664]},"properties":{"id":"sp_geosampa_educacao_rede_publica:equipamento_educacao_rede_publica.52422","source_id":"sp_geosampa_educacao_rede_publica","name":"EMEF HUMBERTO DE CAMPOS","name_derived":false,"category":"school","subcategory":"primary_secondary","geometry_type":"Point","address":"PROFESSOR XAVIER DE LIMA, 644, JARDIM HERCILIA, 03557-000","equipment_type":"EMEF","administrative_sphere":null,"included_in_metrics":true,"exclusion_reason":null,"override_reason":null,"outside_boundary":false}},{"type":"Feature","geometry":{"type":"Point","coordinates":[-46.50482895,-23.53688315]},"properties":{"id":"sp_geosampa_educacao_rede_publica:equipamento_educacao_rede_publica.52423","source_id":"sp_geosampa_educacao_rede_publica","name":"EMEF JOSE BONIFACIO","name_derived":false,"category":"school","subcategory":"primary_secondary","geometry_type":"Point","address":"DOUTOR FREDERICO BROTERO, 134, CIDADE PATRIARCA, 03552-080","equipment_type":"EMEF","administrative_sphere":null,"included_in_metrics":true,"exclusion_reason":null,"override_reason":null,"outside_boundary":false}},{"type":"Feature","geometry":{"type":"Point","coordinates":[-46.53320907,-23.53521251]},"properties":{"id":"sp_geosampa_educacao_rede_publica:equipamento_educacao_rede_publica.52424","source_id":"sp_geosampa_educacao_rede_publica","name":"EMEF JOAO PINHEIRO PRES","name_derived":false,"category":"school","subcategory":"primary_secondary","geometry_type":"Point","address":"DR EDGAR GARCIA VIEIRA, 140, VILA MATILDE, 03510-040","equipment_type":"EMEF","administrative_sphere":null,"included_in_metrics":true,"exclusion_reason":null,"override_reason":null,"outside_boundary":false}},{"type":"Feature","geometry":{"type":"Point","coordinates":[-46.49983279,-23.54729487]},"properties":{"id":"sp_geosampa_educacao_rede_publica:equipamento_educacao_rede_publica.52425","source_id":"sp_geosampa_educacao_rede_publica","name":"EMEF ABRAO DE MORAES PROF","name_derived":false,"category":"school","subcategory":"primary_secondary","geometry_type":"Point","address":"ISAURA VERGUEIRO NAUFEL, 238, VILA NHOCUNE, 03560-020","equipment_type":"EMEF","administrative_sphere":null,"included_in_metrics":true,"exclusion_reason":null,"override_reason":null,"outside_boundary":false}},{"type":"Feature","geometry":{"type":"Point","coordinates":[-46.67688155,-23.476758]},"properties":{"id":"sp_geosampa_educacao_rede_publica:equipamento_educacao_rede_publica.52426","source_id":"sp_geosampa_educacao_rede_publica","name":"EMEF ANTONIO PRUDENTE PROF","name_derived":false,"category":"school","subcategory":"primary_secondary","geometry_type":"Point","address":"MANUEL INACIO ALVARENGA, 50, VILA PENTEADO, 02865-110","equipment_type":"EMEF","administrative_sphere":null,"included_in_metrics":true,"exclusion_reason":null,"override_reason":null,"outside_boundary":false}},{"type":"Feature","geometry":{"type":"Point","coordinates":[-46.64357854,-23.45789048]},"properties":{"id":"sp_geosampa_educacao_rede_publica:equipamento_educacao_rede_publica.52427","source_id":"sp_geosampa_educacao_rede_publica","name":"EMEF RAUL DE LEONI","name_derived":false,"category":"school","subcategory":"primary_secondary","geometry_type":"Point","address":"JOSE DA ROCHA VIANA, 44, VILA PEDRA BRANCA, 02635-090","equipment_type":"EMEF","administrative_sphere":null,"included_in_metrics":true,"exclusion_reason":null,"override_reason":null,"outside_boundary":false}},{"type":"Feature","geometry":{"type":"Point","coordinates":[-46.66247356,-23.46506843]},"properties":{"id":"sp_geosampa_educacao_rede_publica:equipamento_educacao_rede_publica.52428","source_id":"sp_geosampa_educacao_rede_publica","name":"EMEF OSVALDO QUIRINO SIMOES","name_derived":false,"category":"school","subcategory":"primary_secondary","geometry_type":"Point","address":"CAMILO PECANHA 10, 10, VILA DIONISIA, 02670-030","equipment_type":"EMEF","administrative_sphere":null,"included_in_metrics":true,"exclusion_reason":null,"override_reason":null,"outside_boundary":false}},{"type":"Feature","geometry":{"type":"Point","coordinates":[-46.66687544,-23.469505]},"properties":{"id":"sp_geosampa_educacao_rede_publica:equipamento_educacao_rede_publica.52429","source_id":"sp_geosampa_educacao_rede_publica","name":"EMEF FREDERICO GUSTAVO DOS SANTOS TTE AVIADOR","name_derived":false,"category":"school","subcategory":"primary_secondary","geometry_type":"Point","address":"GENERAL PENHA BRASIL, 139, VILA ANGELICA, 02673-000","equipment_type":"EMEF","administrative_sphere":null,"included_in_metrics":true,"exclusion_reason":null,"override_reason":null,"outside_boundary":false}},{"type":"Feature","geometry":{"type":"Point","coordinates":[-46.52936077,-23.60917003]},"properties":{"id":"sp_geosampa_educacao_rede_publica:equipamento_educacao_rede_publica.52430","source_id":"sp_geosampa_educacao_rede_publica","name":"EMEF ALTINO ARANTES","name_derived":false,"category":"school","subcategory":"primary_secondary","geometry_type":"Point","address":"CORONEL AUGUSTO CELSO DE MOURA, 78, VILA ELZE, 03256-000","equipment_type":"EMEF","administrative_sphere":null,"included_in_metrics":true,"exclusion_reason":null,"override_reason":null,"outside_boundary":false}},{"type":"Feature","geometry":{"type":"Point","coordinates":[-46.50844372,-23.61293931]},"properties":{"id":"sp_geosampa_educacao_rede_publica:equipamento_educacao_rede_publica.52431","source_id":"sp_geosampa_educacao_rede_publica","name":"EMEF BRASILIO MACHADO NETO","name_derived":false,"category":"school","subcategory":"primary_secondary","geometry_type":"Point","address":"ALMIRANTE OTACILIO CUNHA, 325, PARQUE SANTA MADALENA, 03982-190","equipment_type":"EMEF","administrative_sphere":null,"included_in_metrics":true,"exclusion_reason":null,"override_reason":null,"outside_boundary":false}},{"type":"Feature","geometry":{"type":"Point","coordinates":[-46.55229548,-23.58769744]},"properties":{"id":"sp_geosampa_educacao_rede_publica:equipamento_educacao_rede_publica.52432","source_id":"sp_geosampa_educacao_rede_publica","name":"EMEF CLEOMENES CAMPOS","name_derived":false,"category":"school","subcategory":"primary_secondary","geometry_type":"Point","address":"BARTOLOMEU CORREA BUENO, 268, JARDIM TEREZA, 03261-040","equipment_type":"EMEF","administrative_sphere":null,"included_in_metrics":true,"exclusion_reason":null,"override_reason":null,"outside_boundary":false}},{"type":"Feature","geometry":{"type":"Point","coordinates":[-46.53932983,-23.59611118]},"properties":{"id":"sp_geosampa_educacao_rede_publica:equipamento_educacao_rede_publica.52434","source_id":"sp_geosampa_educacao_rede_publica","name":"EMEF MASCARENHAS DE MORAES MAL","name_derived":false,"category":"school","subcategory":"primary_secondary","geometry_type":"Point","address":"DOUTOR CAMILO HADDAD, 234, VILA ANADIR, 03266-000","equipment_type":"EMEF","administrative_sphere":null,"included_in_metrics":true,"exclusion_reason":null,"override_reason":null,"outside_boundary":false}},{"type":"Feature","geometry":{"type":"Point","coordinates":[-46.55663644,-23.60729341]},"properties":{"id":"sp_geosampa_educacao_rede_publica:equipamento_educacao_rede_publica.52435","source_id":"sp_geosampa_educacao_rede_publica","name":"EMEF OSORIO GEN","name_derived":false,"category":"school","subcategory":"primary_secondary","geometry_type":"Point","address":"ARARIPE, 317, VILA CALIFORNIA, 03215-010","equipment_type":"EMEF","administrative_sphere":null,"included_in_metrics":true,"exclusion_reason":null,"override_reason":null,"outside_boundary":false}},{"type":"Feature","geometry":{"type":"Point","coordinates":[-46.56575113,-23.59746797]},"properties":{"id":"sp_geosampa_educacao_rede_publica:equipamento_educacao_rede_publica.52436","source_id":"sp_geosampa_educacao_rede_publica","name":"EMEF QUEIROZ FILHO PROF","name_derived":false,"category":"school","subcategory":"primary_secondary","geometry_type":"Point","address":"FERNANDES SARDINHA, 222, VILA BELA, 03147-020","equipment_type":"EMEF","administrative_sphere":null,"included_in_metrics":true,"exclusion_reason":null,"override_reason":null,"outside_boundary":false}},{"type":"Feature","geometry":{"type":"Point","coordinates":[-46.5146454,-23.59588693]},"properties":{"id":"sp_geosampa_educacao_rede_publica:equipamento_educacao_rede_publica.52437","source_id":"sp_geosampa_educacao_rede_publica","name":"EMEF FLORES DA CUNHA DEP","name_derived":false,"category":"school","subcategory":"primary_secondary","geometry_type":"Point","address":"GENERAL PORFIRIO DA PAZ, 1663, JARDIM GRIMALDI, 03918-000","equipment_type":"EMEF","administrative_sphere":null,"included_in_metrics":true,"exclusion_reason":null,"override_reason":null,"outside_boundary":false}},{"type":"Feature","geometry":{"type":"Point","coordinates":[-46.58024815,-23.59451181]},"properties":{"id":"sp_geosampa_educacao_rede_publica:equipamento_educacao_rede_publica.52438","source_id":"sp_geosampa_educacao_rede_publica","name":"EMEF IRINEU MARINHO","name_derived":false,"category":"school","subcategory":"primary_secondary","geometry_type":"Point","address":"JACARAIPE, 478, QUINTA DA PAINEIRA, 03152-150","equipment_type":"EMEF","administrative_sphere":null,"included_in_metrics":true,"exclusion_reason":null,"override_reason":null,"outside_boundary":false}},{"type":"Feature","geometry":{"type":"Point","coordinates":[-46.46276304,-23.62683211]},"properties":{"id":"sp_geosampa_educacao_rede_publica:equipamento_educacao_rede_publica.52439","source_id":"sp_geosampa_educacao_rede_publica","name":"EMEF CLAUDIO MANOEL DA COSTA","name_derived":false,"category":"school","subcategory":"primary_secondary","geometry_type":"Point","address":"RODOLFO PIRANI, 224, JARDIM RODOLFO PIRANI, 08310-000","equipment_type":"EMEF","administrative_sphere":null,"included_in_metrics":true,"exclusion_reason":null,"override_reason":null,"outside_boundary":false}},{"type":"Feature","geometry":{"type":"Point","coordinates":[-46.51758664,-23.60215903]},"properties":{"id":"sp_geosampa_educacao_rede_publica:equipamento_educacao_rede_publica.52440","source_id":"sp_geosampa_educacao_rede_publica","name":"EMEF EMILIO RIBAS","name_derived":false,"category":"school","subcategory":"primary_secondary","geometry_type":"Point","address":"JOSE JOAQUIM, 302, JARDIM AMARO, 03272-000","equipment_type":"EMEF","administrative_sphere":null,"included_in_metrics":true,"exclusion_reason":null,"override_reason":null,"outside_boundary":false}},{"type":"Feature","geometry":{"type":"Point","coordinates":[-46.53830004,-23.60427036]},"properties":{"id":"sp_geosampa_educacao_rede_publica:equipamento_educacao_rede_publica.52441","source_id":"sp_geosampa_educacao_rede_publica","name":"EMEF ALVARES DE AZEVEDO","name_derived":false,"category":"school","subcategory":"primary_secondary","geometry_type":"Point","address":"ALCACUZ, 130, JARDIM PANORAMA ZONA LESTE, 03245-010","equipment_type":"EMEF","administrative_sphere":null,"included_in_metrics":true,"exclusion_reason":null,"override_reason":null,"outside_boundary":false}},{"type":"Feature","geometry":{"type":"Point","coordinates":[-46.51310502,-23.60954477]},"properties":{"id":"sp_geosampa_educacao_rede_publica:equipamento_educacao_rede_publica.52442","source_id":"sp_geosampa_educacao_rede_publica","name":"EMEF ARMANDO DE SALLES OLIVEIRA","name_derived":false,"category":"school","subcategory":"primary_secondary","geometry_type":"Point","address":"MILTON DA CRUZ, 659, JARDIM PLANALTO, 03983-080","equipment_type":"EMEF","administrative_sphere":null,"included_in_metrics":true,"exclusion_reason":null,"override_reason":null,"outside_boundary":false}},{"type":"Feature","geometry":{"type":"Point","coordinates":[-46.57756677,-23.5737434]},"properties":{"id":"sp_geosampa_educacao_rede_publica:equipamento_educacao_rede_publica.52443","source_id":"sp_geosampa_educacao_rede_publica","name":"EMEF SILVIO FLEMING MJ","name_derived":false,"category":"school","subcategory":"primary_secondary","geometry_type":"Point","address":"PAULO DE LIMA CORREA, 65, VILA LIBANESA, 03193-060","equipment_type":"EMEF","administrative_sphere":null,"included_in_metrics":true,"exclusion_reason":null,"override_reason":null,"outside_boundary":false}},{"type":"Feature","geometry":{"type":"Point","coordinates":[-46.57070028,-23.57615329]},"properties":{"id":"sp_geosampa_educacao_rede_publica:equipamento_educacao_rede_publica.52444","source_id":"sp_geosampa_educacao_rede_publica","name":"EMEF MAUA BR DE","name_derived":false,"category":"school","subcategory":"primary_secondary","geometry_type":"Point","address":"MADRID, 550, PARQUE SEVILHA, 03157-010","equipment_type":"EMEF","administrative_sphere":null,"included_in_metrics":true,"exclusion_reason":null,"override_reason":null,"outside_boundary":false}},{"type":"Feature","geometry":{"type":"Point","coordinates":[-46.50269719,-23.61656143]},"properties":{"id":"sp_geosampa_educacao_rede_publica:equipamento_educacao_rede_publica.52445","source_id":"sp_geosampa_educacao_rede_publica","name":"EMEF HERALDO BARBUY","name_derived":false,"category":"school","subcategory":"primary_secondary","geometry_type":"Point","address":"CRISTOVAO DE VASCONCELOS, 86, JARDIM ADUTORA, 03978-000","equipment_type":"EMEF","administrative_sphere":null,"included_in_metrics":true,"exclusion_reason":null,"override_reason":null,"outside_boundary":false}},{"type":"Feature","geometry":{"type":"Point","coordinates":[-46.5454699,-23.59794942]},"properties":{"id":"sp_geosampa_educacao_rede_publica:equipamento_educacao_rede_publica.52446","source_id":"sp_geosampa_educacao_rede_publica","name":"EMEF AUREA RIBEIRO XAVIER LOPES PROFA","name_derived":false,"category":"school","subcategory":"primary_secondary","geometry_type":"Point","address":"CARMINHA, 103, PARQUE SAO LUCAS, 03240-040","equipment_type":"EMEF","administrative_sphere":null,"included_in_metrics":true,"exclusion_reason":null,"override_reason":null,"outside_boundary":false}},{"type":"Feature","geometry":{"type":"Point","coordinates":[-46.53794596,-23.58143314]},"properties":{"id":"sp_geosampa_educacao_rede_publica:equipamento_educacao_rede_publica.52447","source_id":"sp_geosampa_educacao_rede_publica","name":"EMEF MARLENE RONDELLI PROFA","name_derived":false,"category":"school","subcategory":"primary_secondary","geometry_type":"Point","address":"ACACIO CARISTO, 21, PARQUE TOMAS SARAIVA, 03280-110","equipment_type":"EMEF","administrative_sphere":null,"included_in_metrics":true,"exclusion_reason":null,"override_reason":null,"outside_boundary":false}},{"type":"Feature","geometry":{"type":"Point","coordinates":[-46.58106455,-23.58979085]},"properties":{"id":"sp_geosampa_educacao_rede_publica:equipamento_educacao_rede_publica.52448","source_id":"sp_geosampa_educacao_rede_publica","name":"EMEF RUTH LOPES ANDRADE PROFA","name_derived":false,"category":"school","subcategory":"primary_secondary","geometry_type":"Point","address":"JUNDIAPEBA, 177, VILA ZELINA, 03143-050","equipment_type":"EMEF","administrative_sphere":null,"included_in_metrics":true,"exclusion_reason":null,"override_reason":null,"outside_boundary":false}},{"type":"Feature","geometry":{"type":"Point","coordinates":[-46.49397966,-23.51948519]},"properties":{"id":"sp_geosampa_educacao_rede_publica:equipamento_educacao_rede_publica.52449","source_id":"sp_geosampa_educacao_rede_publica","name":"EMEF AMADEU AMARAL","name_derived":false,"category":"school","subcategory":"primary_secondary","geometry_type":"Point","address":"DOUTOR TOLOZA DE OLIVEIRA, 37, JARDIM TRES MARIAS, 03676-090","equipment_type":"EMEF","administrative_sphere":null,"included_in_metrics":true,"exclusion_reason":null,"override_reason":null,"outside_boundary":false}},{"type":"Feature","geometry":{"type":"Point","coordinates":[-46.53050744,-23.51039758]},"properties":{"id":"sp_geosampa_educacao_rede_publica:equipamento_educacao_rede_publica.52450","source_id":"sp_geosampa_educacao_rede_publica","name":"EMEF GUILHERME DE ALMEIDA","name_derived":false,"category":"school","subcategory":"primary_secondary","geometry_type":"Point","address":"FAUSTINO PAGANINI, 647, VILA PIERINA, 03732-010","equipment_type":"EMEF","administrative_sphere":null,"included_in_metrics":true,"exclusion_reason":null,"override_reason":null,"outside_boundary":false}},{"type":"Feature","geometry":{"type":"Point","coordinates":[-46.48584715,-23.52687997]},"properties":{"id":"sp_geosampa_educacao_rede_publica:equipamento_educacao_rede_publica.52451","source_id":"sp_geosampa_educacao_rede_publica","name":"EMEF ANTONIO VIEIRA PE","name_derived":false,"category":"school","subcategory":"primary_secondary","geometry_type":"Point","address":"ANTONINO BACAERI, 171, JARDIM NORDESTE, 03687-060","equipment_type":"EMEF","administrative_sphere":null,"included_in_metrics":true,"exclusion_reason":null,"override_reason":null,"outside_boundary":false}},{"type":"Feature","geometry":{"type":"Point","coordinates":[-46.47712249,-23.53298712]},"properties":{"id":"sp_geosampa_educacao_rede_publica:equipamento_educacao_rede_publica.52452","source_id":"sp_geosampa_educacao_rede_publica","name":"EMEF JENNY GOMES DA","name_derived":false,"category":"school","subcategory":"primary_secondary","geometry_type":"Point","address":"JOHN NEPER, 109, JARDIM COIMBRA, 03693-100","equipment_type":"EMEF","administrative_sphere":null,"included_in_metrics":true,"exclusion_reason":null,"override_reason":null,"outside_boundary":false}},{"type":"Feature","geometry":{"type":"Point","coordinates":[-46.48474267,-23.50355267]},"properties":{"id":"sp_geosampa_educacao_rede_publica:equipamento_educacao_rede_publica.52453","source_id":"sp_geosampa_educacao_rede_publica","name":"EMEF OCTAVIO MANGABEIRA","name_derived":false,"category":"school","subcategory":"primary_secondary","geometry_type":"Point","address":"PAULO BIFANO ALVES, 658, PARQUE BOTURUSSU, 03801-000","equipment_type":"EMEF","administrative_sphere":null,"included_in_metrics":true,"exclusion_reason":null,"override_reason":null,"outside_boundary":false}},{"type":"Feature","geometry":{"type":"Point","coordinates":[-46.4989399,-23.50473908]},"properties":{"id":"sp_geosampa_educacao_rede_publica:equipamento_educacao_rede_publica.52454","source_id":"sp_geosampa_educacao_rede_publica","name":"EMEF HENRIQUE PEGADO PROF","name_derived":false,"category":"school","subcategory":"primary_secondary","geometry_type":"Point","address":"ITAPIRUNA, 131, JARDIM PENHA, 03757-050","equipment_type":"EMEF","administrative_sphere":null,"included_in_metrics":true,"exclusion_reason":null,"override_reason":null,"outside_boundary":false}},{"type":"Feature","geometry":{"type":"Point","coordinates":[-46.47761549,-23.51804477]},"properties":{"id":"sp_geosampa_educacao_rede_publica:equipamento_educacao_rede_publica.52455","source_id":"sp_geosampa_educacao_rede_publica","name":"EMEF WANNY SALGADO ROCHA PROFA","name_derived":false,"category":"school","subcategory":"primary_secondary","geometry_type":"Point","address":"SILVIO RIBEIRO DOS SANTOS, 104, VILA UNIAO ZONA LESTE, 03683-040","equipment_type":"EMEF","administrative_sphere":null,"included_in_metrics":true,"exclusion_reason":null,"override_reason":null,"outside_boundary":false}},{"type":"Feature","geometry":{"type":"Point","coordinates":[-46.42965891,-23.54689627]},"properties":{"id":"sp_geosampa_educacao_rede_publica:equipamento_educacao_rede_publica.52456","source_id":"sp_geosampa_educacao_rede_publica","name":"EMEF BENEDITO CALIXTO","name_derived":false,"category":"school","subcategory":"primary_secondary","geometry_type":"Point","address":"LUIS MEDEIROS DA SILVA, 195, JARDIM SAO PEDRO, 08420-650","equipment_type":"EMEF","administrative_sphere":null,"included_in_metrics":true,"exclusion_reason":null,"override_reason":null,"outside_boundary":false}},{"type":"Feature","geometry":{"type":"Point","coordinates":[-46.41252123,-23.54174156]},"properties":{"id":"sp_geosampa_educacao_rede_publica:equipamento_educacao_rede_publica.52457","source_id":"sp_geosampa_educacao_rede_publica","name":"EMEF JOAO DE LIMA PAIVA PROF","name_derived":false,"category":"school","subcategory":"primary_secondary","geometry_type":"Point","address":"GETULINA, 278, GUAIANASES, 08450-020","equipment_type":"EMEF","administrative_sphere":null,"included_in_metrics":true,"exclusion_reason":null,"override_reason":null,"outside_boundary":false}},{"type":"Feature","geometry":{"type":"Point","coordinates":[-46.42876465,-23.53948668]},"properties":{"id":"sp_geosampa_educacao_rede_publica:equipamento_educacao_rede_publica.52458","source_id":"sp_geosampa_educacao_rede_publica","name":"EMEF ARTUR NEIVA","name_derived":false,"category":"school","subcategory":"primary_secondary","geometry_type":"Point","address":"NOSSA SENHORA DE GUADALUPE, 212, JARDIM HELENA, 08420-130","equipment_type":"EMEF","administrative_sphere":null,"included_in_metrics":true,"exclusion_reason":null,"override_reason":null,"outside_boundary":false}},{"type":"Feature","geometry":{"type":"Point","coordinates":[-46.41903154,-23.52261196]},"properties":{"id":"sp_geosampa_educacao_rede_publica:equipamento_educacao_rede_publica.52459","source_id":"sp_geosampa_educacao_rede_publica","name":"EMEF JOAO RIBEIRO DE BARROS","name_derived":false,"category":"school","subcategory":"primary_secondary","geometry_type":"Point","address":"ANANAI, 968, VILA NOVA CURUCA, 08032-370","equipment_type":"EMEF","administrative_sphere":null,"included_in_metrics":true,"exclusion_reason":null,"override_reason":null,"outside_boundary":false}},{"type":"Feature","geometry":{"type":"Point","coordinates":[-46.40312946,-23.54846321]},"properties":{"id":"sp_geosampa_educacao_rede_publica:equipamento_educacao_rede_publica.52460","source_id":"sp_geosampa_educacao_rede_publica","name":"EMEF JOANA ANGELICA DE JESUS MADRE","name_derived":false,"category":"school","subcategory":"primary_secondary","geometry_type":"Point","address":"TORRE DE SANTIAGO, 425, GUAIANASES, 08460-180","equipment_type":"EMEF","administrative_sphere":null,"included_in_metrics":true,"exclusion_reason":null,"override_reason":null,"outside_boundary":false}},{"type":"Feature","geometry":{"type":"Point","coordinates":[-46.41165192,-23.52782404]},"properties":{"id":"sp_geosampa_educacao_rede_publica:equipamento_educacao_rede_publica.52461","source_id":"sp_geosampa_educacao_rede_publica","name":"EMEF ALEXANDRE DE GUSMAO","name_derived":false,"category":"school","subcategory":"primary_secondary","geometry_type":"Point","address":"PORTO DO BEZERRA, 25, JARDIM GUAIANAZES, 08440-000","equipment_type":"EMEF","administrative_sphere":null,"included_in_metrics":true,"exclusion_reason":null,"override_reason":null,"outside_boundary":false}},{"type":"Feature","geometry":{"type":"Point","coordinates":[-46.43940056,-23.51898548]},"properties":{"id":"sp_geosampa_educacao_rede_publica:equipamento_educacao_rede_publica.52462","source_id":"sp_geosampa_educacao_rede_publica","name":"EMEF JOSE DE ANCHIETA PE","name_derived":false,"category":"school","subcategory":"primary_secondary","geometry_type":"Point","address":"INAJAGUACU, 13, VILA PROGRESSO, 08240-530","equipment_type":"EMEF","administrative_sphere":null,"included_in_metrics":true,"exclusion_reason":null,"override_reason":null,"outside_boundary":false}},{"type":"Feature","geometry":{"type":"Point","coordinates":[-46.42132356,-23.52073987]},"properties":{"id":"sp_geosampa_educacao_rede_publica:equipamento_educacao_rede_publica.52463","source_id":"sp_geosampa_educacao_rede_publica","name":"EMEF FERNANDO DE AZEVEDO PROF","name_derived":false,"category":"school","subcategory":"primary_secondary","geometry_type":"Point","address":"TAPERA, 415, VILA NOVA CURUCA, 08032-450","equipment_type":"EMEF","administrative_sphere":null,"included_in_metrics":true,"exclusion_reason":null,"override_reason":null,"outside_boundary":false}},{"type":"Feature","geometry":{"type":"Point","coordinates":[-46.41621747,-23.5638676]},"properties":{"id":"sp_geosampa_educacao_rede_publica:equipamento_educacao_rede_publica.52464","source_id":"sp_geosampa_educacao_rede_publica","name":"EMEF SATURNINO PEREIRA","name_derived":false,"category":"school","subcategory":"primary_secondary","geometry_type":"Point","address":"IGUATEMI, 4977, JARDIM PEDRA BRANCA, 08490-500","equipment_type":"EMEF","administrative_sphere":null,"included_in_metrics":true,"exclusion_reason":null,"override_reason":null,"outside_boundary":false}},{"type":"Feature","geometry":{"type":"Point","coordinates":[-46.43626407,-23.52263155]},"properties":{"id":"sp_geosampa_educacao_rede_publica:equipamento_educacao_rede_publica.52465","source_id":"sp_geosampa_educacao_rede_publica","name":"EMEF JOAO AUGUSTO BREVES DR","name_derived":false,"category":"school","subcategory":"primary_secondary","geometry_type":"Point","address":"CECILIA ITER, 746, VILA PROGRESSO ZONA LESTE, 08240-730","equipment_type":"EMEF","administrative_sphere":null,"included_in_metrics":true,"exclusion_reason":null,"override_reason":null,"outside_boundary":false}},{"type":"Feature","geometry":{"type":"Point","coordinates":[-46.40953054,-23.54464208]},"properties":{"id":"sp_geosampa_educacao_rede_publica:equipamento_educacao_rede_publica.52466","source_id":"sp_geosampa_educacao_rede_publica","name":"EMEF VINTE E CINCO DE JANEIRO","name_derived":false,"category":"school","subcategory":"primary_secondary","geometry_type":"Point","address":"CARANAIBA, 58, GUAIANAZES, 08412-010","equipment_type":"EMEF","administrative_sphere":null,"included_in_metrics":true,"exclusion_reason":null,"override_reason":null,"outside_boundary":false}},{"type":"Feature","geometry":{"type":"Point","coordinates":[-46.45900607,-23.53005821]},"properties":{"id":"sp_geosampa_educacao_rede_publica:equipamento_educacao_rede_publica.52467","source_id":"sp_geosampa_educacao_rede_publica","name":"EMEF AYRES MARTINS TORRES","name_derived":false,"category":"school","subcategory":"primary_secondary","geometry_type":"Point","address":"CATARINA LOPES, 428, ITAQUERA, 08225-000","equipment_type":"EMEF","administrative_sphere":null,"included_in_metrics":true,"exclusion_reason":null,"override_reason":null,"outside_boundary":false}},{"type":"Feature","geometry":{"type":"Point","coordinates":[-46.5031862,-23.5513653]},"properties":{"id":"sp_geosampa_educacao_rede_publica:equipamento_educacao_rede_publica.52468","source_id":"sp_geosampa_educacao_rede_publica","name":"EMEF CORREIA DE MELLO BRIG","name_derived":false,"category":"school","subcategory":"primary_secondary","geometry_type":"Point","address":"GALEANDRA, S/N, JARDIM FERNANDES, 03577-040","equipment_type":"EMEF","administrative_sphere":null,"included_in_metrics":true,"exclusion_reason":null,"override_reason":null,"outside_boundary":false}},{"type":"Feature","geometry":{"type":"Point","coordinates":[-46.44437811,-23.53226778]},"properties":{"id":"sp_geosampa_educacao_rede_publica:equipamento_educacao_rede_publica.52469","source_id":"sp_geosampa_educacao_rede_publica","name":"EMEF HAROLDO VELOSO BRIG","name_derived":false,"category":"school","subcategory":"primary_secondary","geometry_type":"Point","address":"MARCELINO DA SILVA, 50, ITAQUERA, 08210-530","equipment_type":"EMEF","administrative_sphere":null,"included_in_metrics":true,"exclusion_reason":null,"override_reason":null,"outside_boundary":false}},{"type":"Feature","geometry":{"type":"Point","coordinates":[-46.49228938,-23.58802404]},"properties":{"id":"sp_geosampa_educacao_rede_publica:equipamento_educacao_rede_publica.52470","source_id":"sp_geosampa_educacao_rede_publica","name":"EMEF JOSE LINS DO REGO","name_derived":false,"category":"school","subcategory":"primary_secondary","geometry_type":"Point","address":"AUGUSTO FERREIRA RAMOS, 54, JARDIM NOVE DE JULHO, 03947-030","equipment_type":"EMEF","administrative_sphere":null,"included_in_metrics":true,"exclusion_reason":null,"override_reason":null,"outside_boundary":false}},{"type":"Feature","geometry":{"type":"Point","coordinates":[-46.46525095,-23.5545843]},"properties":{"id":"sp_geosampa_educacao_rede_publica:equipamento_educacao_rede_publica.52471","source_id":"sp_geosampa_educacao_rede_publica","name":"EMEF DANYLO JOSE FERNANDES","name_derived":false,"category":"school","subcategory":"primary_secondary","geometry_type":"Point","address":"FRANCISCO MUNHOZ FILHO, 431, CIDADE LIDER, 08280-000","equipment_type":"EMEF","administrative_sphere":null,"included_in_metrics":true,"exclusion_reason":null,"override_reason":null,"outside_boundary":false}},{"type":"Feature","geometry":{"type":"Point","coordinates":[-46.53642294,-23.59597838]},"properties":{"id":"sp_geosampa_educacao_rede_publica:equipamento_educacao_rede_publica.52472","source_id":"sp_geosampa_educacao_rede_publica","name":"EMEF PRUDENTE DE MORAIS PRES","name_derived":false,"category":"school","subcategory":"primary_secondary","geometry_type":"Point","address":"JUIZ DE FORA, 980, VILA EMA, 03286-000","equipment_type":"EMEF","administrative_sphere":null,"included_in_metrics":true,"exclusion_reason":null,"override_reason":null,"outside_boundary":false}},{"type":"Feature","geometry":{"type":"Point","coordinates":[-46.48826472,-23.55908896]},"properties":{"id":"sp_geosampa_educacao_rede_publica:equipamento_educacao_rede_publica.52473","source_id":"sp_geosampa_educacao_rede_publica","name":"EMEF CARLOS CHAGAS","name_derived":false,"category":"school","subcategory":"primary_secondary","geometry_type":"Point","address":"OSVALDO VALLE CORDEIRO, 337, JARDIM BRASILIA, 03584-000","equipment_type":"EMEF","administrative_sphere":null,"included_in_metrics":true,"exclusion_reason":null,"override_reason":null,"outside_boundary":false}},{"type":"Feature","geometry":{"type":"Point","coordinates":[-46.49324676,-23.56429645]},"properties":{"id":"sp_geosampa_educacao_rede_publica:equipamento_educacao_rede_publica.52474","source_id":"sp_geosampa_educacao_rede_publica","name":"EMEF EDUARDO PRADO","name_derived":false,"category":"school","subcategory":"primary_secondary","geometry_type":"Point","address":"BENTO TEIXEIRA, 100, JARDIM BRASILIA, 03583-170","equipment_type":"EMEF","administrative_sphere":null,"included_in_metrics":true,"exclusion_reason":null,"override_reason":null,"outside_boundary":false}},{"type":"Feature","geometry":{"type":"Point","coordinates":[-46.47008509,-23.6132841]},"properties":{"id":"sp_geosampa_educacao_rede_publica:equipamento_educacao_rede_publica.52475","source_id":"sp_geosampa_educacao_rede_publica","name":"EMEF JOSE MARIA WHITAKER","name_derived":false,"category":"school","subcategory":"primary_secondary","geometry_type":"Point","address":"SATELITE, 688, CIDADE SATELITE SANTA BARBARA, 08330-480","equipment_type":"EMEF","administrative_sphere":null,"included_in_metrics":true,"exclusion_reason":null,"override_reason":null,"outside_boundary":false}},{"type":"Feature","geometry":{"type":"Point","coordinates":[-46.4727536,-23.53406874]},"properties":{"id":"sp_geosampa_educacao_rede_publica:equipamento_educacao_rede_publica.52476","source_id":"sp_geosampa_educacao_rede_publica","name":"EMEF 8 DE MAIO","name_derived":false,"category":"school","subcategory":"primary_secondary","geometry_type":"Point","address":"CAMBAXIRRA, 176, CIDADE ANTONIO ESTEVAO DE CARVALHO, 08223-090","equipment_type":"EMEF","administrative_sphere":null,"included_in_metrics":true,"exclusion_reason":null,"override_reason":null,"outside_boundary":false}},{"type":"Feature","geometry":{"type":"Point","coordinates":[-46.49372145,-23.61059069]},"properties":{"id":"sp_geosampa_educacao_rede_publica:equipamento_educacao_rede_publica.52477","source_id":"sp_geosampa_educacao_rede_publica","name":"EMEF OLIVAL COSTA","name_derived":false,"category":"school","subcategory":"primary_secondary","geometry_type":"Point","address":"JOAO RODRIGUES RUIZ, 248, JD SAPOPEMBA, 03975-110","equipment_type":"EMEF","administrative_sphere":null,"included_in_metrics":true,"exclusion_reason":null,"override_reason":null,"outside_boundary":false}},{"type":"Feature","geometry":{"type":"Point","coordinates":[-46.45361885,-23.5983159]},"properties":{"id":"sp_geosampa_educacao_rede_publica:equipamento_educacao_rede_publica.52478","source_id":"sp_geosampa_educacao_rede_publica","name":"EMEF COELHO NETO","name_derived":false,"category":"school","subcategory":"primary_secondary","geometry_type":"Point","address":"DIOGO GARCIA, 128, PARQUE BOA ESPERANCA, 08370-030","equipment_type":"EMEF","administrative_sphere":null,"included_in_metrics":true,"exclusion_reason":null,"override_reason":null,"outside_boundary":false}},{"type":"Feature","geometry":{"type":"Point","coordinates":[-46.46022388,-23.52048883]},"properties":{"id":"sp_geosampa_educacao_rede_publica:equipamento_educacao_rede_publica.52479","source_id":"sp_geosampa_educacao_rede_publica","name":"EMEF ANTONIO DUARTE DE ALMEIDA PROF","name_derived":false,"category":"school","subcategory":"primary_secondary","geometry_type":"Point","address":"TREVO DE SANTA MARIA, 1, PARQUE GUARANI, 08235-560","equipment_type":"EMEF","administrative_sphere":null,"included_in_metrics":true,"exclusion_reason":null,"override_reason":null,"outside_boundary":false}},{"type":"Feature","geometry":{"type":"Point","coordinates":[-46.4715299,-23.62376382]},"properties":{"id":"sp_geosampa_educacao_rede_publica:equipamento_educacao_rede_publica.52480","source_id":"sp_geosampa_educacao_rede_publica","name":"EMEF CIDADE DE OSAKA","name_derived":false,"category":"school","subcategory":"primary_secondary","geometry_type":"Point","address":"BARONESA DE MURITIBA, 55, PARQUE SAO RAFAEL, 08311-080","equipment_type":"EMEF","administrative_sphere":null,"included_in_metrics":true,"exclusion_reason":null,"override_reason":null,"outside_boundary":false}},{"type":"Feature","geometry":{"type":"Point","coordinates":[-46.47850074,-23.57594566]},"properties":{"id":"sp_geosampa_educacao_rede_publica:equipamento_educacao_rede_publica.52481","source_id":"sp_geosampa_educacao_rede_publica","name":"EMEF AURELIO ARROBAS MARTINS PROF","name_derived":false,"category":"school","subcategory":"primary_secondary","geometry_type":"Point","address":"AFONSO DE SAMPAIO E SOUSA, 2051, ITAQUERA, 08270-001","equipment_type":"EMEF","administrative_sphere":null,"included_in_metrics":true,"exclusion_reason":null,"override_reason":null,"outside_boundary":false}},{"type":"Feature","geometry":{"type":"Point","coordinates":[-46.44112799,-23.59638505]},"properties":{"id":"sp_geosampa_educacao_rede_publica:equipamento_educacao_rede_publica.52482","source_id":"sp_geosampa_educacao_rede_publica","name":"EMEF FELICIO PAGLIUSO PROF","name_derived":false,"category":"school","subcategory":"primary_secondary","geometry_type":"Point","address":"ABNER RIBEIRO BORGES, 224, JARDIM ROSELI, 08380-045","equipment_type":"EMEF","administrative_sphere":null,"included_in_metrics":true,"exclusion_reason":null,"override_reason":null,"outside_boundary":false}},{"type":"Feature","geometry":{"type":"Point","coordinates":[-46.52683099,-23.59020488]},"properties":{"id":"sp_geosampa_educacao_rede_publica:equipamento_educacao_rede_publica.52483","source_id":"sp_geosampa_educacao_rede_publica","name":"EMEF HENRIQUE MELEGA PROF","name_derived":false,"category":"school","subcategory":"primary_secondary","geometry_type":"Point","address":"CHIQUINHA GONZAGA, 349, VILA PRIMAVERA, 03389-050","equipment_type":"EMEF","administrative_sphere":null,"included_in_metrics":true,"exclusion_reason":null,"override_reason":null,"outside_boundary":false}},{"type":"Feature","geometry":{"type":"Point","coordinates":[-46.48666415,-23.58950099]},"properties":{"id":"sp_geosampa_educacao_rede_publica:equipamento_educacao_rede_publica.52484","source_id":"sp_geosampa_educacao_rede_publica","name":"EMEF RIVADAVIA MARQUES JUNIOR PROF","name_derived":false,"category":"school","subcategory":"primary_secondary","geometry_type":"Point","address":"DOUTOR PAULO QUEIROZ, 955, JARDIM NOVE DE JULHO, 03951-090","equipment_type":"EMEF","administrative_sphere":null,"included_in_metrics":true,"exclusion_reason":null,"override_reason":null,"outside_boundary":false}},{"type":"Feature","geometry":{"type":"Point","coordinates":[-46.47180122,-23.60527643]},"properties":{"id":"sp_geosampa_educacao_rede_publica:equipamento_educacao_rede_publica.52485","source_id":"sp_geosampa_educacao_rede_publica","name":"EMEF RODRIGO MELLO FRANCO DE ANDRADE","name_derived":false,"category":"school","subcategory":"primary_secondary","geometry_type":"Point","address":"JOSE VELHO BARRETO, 371, PARQUE COLONIAL, 03968-080","equipment_type":"EMEF","administrative_sphere":null,"included_in_metrics":true,"exclusion_reason":null,"override_reason":null,"outside_boundary":false}},{"type":"Feature","geometry":{"type":"Point","coordinates":[-46.49647286,-23.61695515]},"properties":{"id":"sp_geosampa_educacao_rede_publica:equipamento_educacao_rede_publica.52486","source_id":"sp_geosampa_educacao_rede_publica","name":"EMEF RODRIGUES DE CARVALHO","name_derived":false,"category":"school","subcategory":"primary_secondary","geometry_type":"Point","address":"SARGENTO EDGARD LOURENCO PINTO, 40, COHAB MARECHAL MASCARENHAS DE MORAIS, 03977-180","equipment_type":"EMEF","administrative_sphere":null,"included_in_metrics":true,"exclusion_reason":null,"override_reason":null,"outside_boundary":false}},{"type":"Feature","geometry":{"type":"Point","coordinates":[-46.74314852,-23.45574395]},"properties":{"id":"sp_geosampa_educacao_rede_publica:equipamento_educacao_rede_publica.52487","source_id":"sp_geosampa_educacao_rede_publica","name":"EMEF HENRIQUE RAYMUNDO DYOTT FONTENELLE BRIG","name_derived":false,"category":"school","subcategory":"primary_secondary","geometry_type":"Point","address":"NOSSA SENHORA DA CONCEICAO, 384, JARAGUA, 05181-280","equipment_type":"EMEF","administrative_sphere":null,"included_in_metrics":true,"exclusion_reason":null,"override_reason":null,"outside_boundary":false}},{"type":"Feature","geometry":{"type":"Point","coordinates":[-46.75637975,-23.48953139]},"properties":{"id":"sp_geosampa_educacao_rede_publica:equipamento_educacao_rede_publica.52488","source_id":"sp_geosampa_educacao_rede_publica","name":"EMEF HENRIQUE GEISEL GEN","name_derived":false,"category":"school","subcategory":"primary_secondary","geometry_type":"Point","address":"MIGUEL PEREIRA LANDIM, 253, JARDIM JARAGUA, 05158-000","equipment_type":"EMEF","administrative_sphere":null,"included_in_metrics":true,"exclusion_reason":null,"override_reason":null,"outside_boundary":false}},{"type":"Feature","geometry":{"type":"Point","coordinates":[-46.73131977,-23.45300526]},"properties":{"id":"sp_geosampa_educacao_rede_publica:equipamento_educacao_rede_publica.52489","source_id":"sp_geosampa_educacao_rede_publica","name":"EMEF LUIZ DAVID SOBRINHO PROF","name_derived":false,"category":"school","subcategory":"primary_secondary","geometry_type":"Point","address":"BARRA DA FORQUILHA, 576, PARQUE PANAMERICANO, 02993-000","equipment_type":"EMEF","administrative_sphere":null,"included_in_metrics":true,"exclusion_reason":null,"override_reason":null,"outside_boundary":false}},{"type":"Feature","geometry":{"type":"Point","coordinates":[-46.71666629,-23.45515508]},"properties":{"id":"sp_geosampa_educacao_rede_publica:equipamento_educacao_rede_publica.52490","source_id":"sp_geosampa_educacao_rede_publica","name":"EMEF RENATO ANTONIO CHECCHIA PROF","name_derived":false,"category":"school","subcategory":"primary_secondary","geometry_type":"Point","address":"CONDE MONTERONE, 101, JARDIM SYDNEY, 02982-190","equipment_type":"EMEF","administrative_sphere":null,"included_in_metrics":true,"exclusion_reason":null,"override_reason":null,"outside_boundary":false}},{"type":"Feature","geometry":{"type":"Point","coordinates":[-46.75164691,-23.39934244]},"properties":{"id":"sp_geosampa_educacao_rede_publica:equipamento_educacao_rede_publica.52491","source_id":"sp_geosampa_educacao_rede_publica","name":"EMEF CANDIDO PORTINARI","name_derived":false,"category":"school","subcategory":"primary_secondary","geometry_type":"Point","address":"GUILHERME CORREIA DE MELO, 408, PERUS, 05207-050","equipment_type":"EMEF","administrative_sphere":null,"included_in_metrics":true,"exclusion_reason":null,"override_reason":null,"outside_boundary":false}},{"type":"Feature","geometry":{"type":"Point","coordinates":[-46.72786535,-23.43800933]},"properties":{"id":"sp_geosampa_educacao_rede_publica:equipamento_educacao_rede_publica.52492","source_id":"sp_geosampa_educacao_rede_publica","name":"EMEF LEONEL FRANCA PE","name_derived":false,"category":"school","subcategory":"primary_secondary","geometry_type":"Point","address":"XAVIER DOS PASSAROS, 39, JARDIM RINCAO, 02991-100","equipment_type":"EMEF","administrative_sphere":null,"included_in_metrics":true,"exclusion_reason":null,"override_reason":null,"outside_boundary":false}},{"type":"Feature","geometry":{"type":"Point","coordinates":[-46.71886743,-23.43499095]},"properties":{"id":"sp_geosampa_educacao_rede_publica:equipamento_educacao_rede_publica.52493","source_id":"sp_geosampa_educacao_rede_publica","name":"EMEF VICENTE DE PAULO DALE COUTINHO GEN","name_derived":false,"category":"school","subcategory":"primary_secondary","geometry_type":"Point","address":"DEPUTADO CANTIDIO SAMPAIO, 6813, VILA SOUZA, 02860-001","equipment_type":"EMEF","administrative_sphere":null,"included_in_metrics":true,"exclusion_reason":null,"override_reason":null,"outside_boundary":false}},{"type":"Feature","geometry":{"type":"Point","coordinates":[-46.73828548,-23.4031129]},"properties":{"id":"sp_geosampa_educacao_rede_publica:equipamento_educacao_rede_publica.52494","source_id":"sp_geosampa_educacao_rede_publica","name":"EMEF JULIO DE OLIVEIRA","name_derived":false,"category":"school","subcategory":"primary_secondary","geometry_type":"Point","address":"JULIO DE OLIVEIRA, 160, VILA FANTON, 05201-070","equipment_type":"EMEF","administrative_sphere":null,"included_in_metrics":true,"exclusion_reason":null,"override_reason":null,"outside_boundary":false}},{"type":"Feature","geometry":{"type":"Point","coordinates":[-46.42967157,-23.50020959]},"properties":{"id":"sp_geosampa_educacao_rede_publica:equipamento_educacao_rede_publica.52495","source_id":"sp_geosampa_educacao_rede_publica","name":"EMEF PEDRO DE FRONTIN ALM","name_derived":false,"category":"school","subcategory":"primary_secondary","geometry_type":"Point","address":"JOSE FERREIRA CRESPO, 495, JARDIM SAO VICENTE, 08021-480","equipment_type":"EMEF","administrative_sphere":null,"included_in_metrics":true,"exclusion_reason":null,"override_reason":null,"outside_boundary":false}},{"type":"Feature","geometry":{"type":"Point","coordinates":[-46.40666155,-23.50964493]},"properties":{"id":"sp_geosampa_educacao_rede_publica:equipamento_educacao_rede_publica.52496","source_id":"sp_geosampa_educacao_rede_publica","name":"EMEF ANTONIA E ARTUR BEGBIE","name_derived":false,"category":"school","subcategory":"primary_secondary","geometry_type":"Point","address":"ILHA DE MARUI, 100, JARDIM CAMPOS, 08151-710","equipment_type":"EMEF","administrative_sphere":null,"included_in_metrics":true,"exclusion_reason":null,"override_reason":null,"outside_boundary":false}},{"type":"Feature","geometry":{"type":"Point","coordinates":[-46.40195284,-23.49342151]},"properties":{"id":"sp_geosampa_educacao_rede_publica:equipamento_educacao_rede_publica.52497","source_id":"sp_geosampa_educacao_rede_publica","name":"EMEF ARMANDO CRIDEY RIGHETTI","name_derived":false,"category":"school","subcategory":"primary_secondary","geometry_type":"Point","address":"CORDAO DE SAO FRANCISCO, 797, VILA AIMORE, 08190-000","equipment_type":"EMEF","administrative_sphere":null,"included_in_metrics":true,"exclusion_reason":null,"override_reason":null,"outside_boundary":false}},{"type":"Feature","geometry":{"type":"Point","coordinates":[-46.44071456,-23.4947995]},"properties":{"id":"sp_geosampa_educacao_rede_publica:equipamento_educacao_rede_publica.52498","source_id":"sp_geosampa_educacao_rede_publica","name":"EMEF LUIS SAIA ARQ","name_derived":false,"category":"school","subcategory":"primary_secondary","geometry_type":"Point","address":"AMERICO GOMES DA COSTA, 93, VILA AMERICANA, 08010-120","equipment_type":"EMEF","administrative_sphere":null,"included_in_metrics":true,"exclusion_reason":null,"override_reason":null,"outside_boundary":false}},{"type":"Feature","geometry":{"type":"Point","coordinates":[-46.39350271,-23.48865525]},"properties":{"id":"sp_geosampa_educacao_rede_publica:equipamento_educacao_rede_publica.52499","source_id":"sp_geosampa_educacao_rede_publica","name":"EMEF CAPISTRANO DE ABREU","name_derived":false,"category":"school","subcategory":"primary_secondary","geometry_type":"Point","address":"CACHOEIRA MANGAVAL, 120, VILA ITAIM, 08190-350","equipment_type":"EMEF","administrative_sphere":null,"included_in_metrics":true,"exclusion_reason":null,"override_reason":null,"outside_boundary":false}},{"type":"Feature","geometry":{"type":"Point","coordinates":[-46.46513634,-23.50156119]},"properties":{"id":"sp_geosampa_educacao_rede_publica:equipamento_educacao_rede_publica.52500","source_id":"sp_geosampa_educacao_rede_publica","name":"EMEF PEDRO ALEIXO DR","name_derived":false,"category":"school","subcategory":"primary_secondary","geometry_type":"Point","address":"PAU D ARCOROXO, 340, JARDIM PEDRO JOSE NUNES, 08061-030","equipment_type":"EMEF","administrative_sphere":null,"included_in_metrics":true,"exclusion_reason":null,"override_reason":null,"outside_boundary":false}},{"type":"Feature","geometry":{"type":"Point","coordinates":[-46.39268307,-23.50756952]},"properties":{"id":"sp_geosampa_educacao_rede_publica:equipamento_educacao_rede_publica.52501","source_id":"sp_geosampa_educacao_rede_publica","name":"EMEF EZEQUIEL RAMOS JUNIOR","name_derived":false,"category":"school","subcategory":"primary_secondary","geometry_type":"Point","address":"JOSE BORGES DO CANTO, 18, JARDIM CAMARGO, 08142-010","equipment_type":"EMEF","administrative_sphere":null,"included_in_metrics":true,"exclusion_reason":null,"override_reason":null,"outside_boundary":false}},{"type":"Feature","geometry":{"type":"Point","coordinates":[-46.40896173,-23.50259066]},"properties":{"id":"sp_geosampa_educacao_rede_publica:equipamento_educacao_rede_publica.52502","source_id":"sp_geosampa_educacao_rede_publica","name":"EMEF NEWTON REIS GEN","name_derived":false,"category":"school","subcategory":"primary_secondary","geometry_type":"Point","address":"JOSE ALEXANDRE MACHADO, 22, JARDIM SILVA TELES, 08160-460","equipment_type":"EMEF","administrative_sphere":null,"included_in_metrics":true,"exclusion_reason":null,"override_reason":null,"outside_boundary":false}},{"type":"Feature","geometry":{"type":"Point","coordinates":[-46.38082441,-23.50450184]},"properties":{"id":"sp_geosampa_educacao_rede_publica:equipamento_educacao_rede_publica.52503","source_id":"sp_geosampa_educacao_rede_publica","name":"EMEF SUD MENNUCCI","name_derived":false,"category":"school","subcategory":"primary_secondary","geometry_type":"Point","address":"JOAO BISCIONE, 200, JARDIM CAMARGO NOVO, 08121-700","equipment_type":"EMEF","administrative_sphere":null,"included_in_metrics":true,"exclusion_reason":null,"override_reason":null,"outside_boundary":false}},{"type":"Feature","geometry":{"type":"Point","coordinates":[-46.49433949,-23.50896343]},"properties":{"id":"sp_geosampa_educacao_rede_publica:equipamento_educacao_rede_publica.52504","source_id":"sp_geosampa_educacao_rede_publica","name":"EMEF JUAREZ TAVORA MAL","name_derived":false,"category":"school","subcategory":"primary_secondary","geometry_type":"Point","address":"JAPARAIQUARA, 679, VILA RIO BRANCO, 03873-000","equipment_type":"EMEF","administrative_sphere":null,"included_in_metrics":true,"exclusion_reason":null,"override_reason":null,"outside_boundary":false}},{"type":"Feature","geometry":{"type":"Point","coordinates":[-46.419295,-23.49602815]},"properties":{"id":"sp_geosampa_educacao_rede_publica:equipamento_educacao_rede_publica.52505","source_id":"sp_geosampa_educacao_rede_publica","name":"EMEF MARIA IMILDA DO SANTISSIMO SACRAMENTO ME","name_derived":false,"category":"school","subcategory":"primary_secondary","geometry_type":"Point","address":"GENDIROBA, 210, JARDIM MIRAGAIA, 08022-080","equipment_type":"EMEF","administrative_sphere":null,"included_in_metrics":true,"exclusion_reason":null,"override_reason":null,"outside_boundary":false}},{"type":"Feature","geometry":{"type":"Point","coordinates":[-46.42309514,-23.48344875]},"properties":{"id":"sp_geosampa_educacao_rede_publica:equipamento_educacao_rede_publica.52506","source_id":"sp_geosampa_educacao_rede_publica","name":"EMEF RAIMUNDO CORREIA","name_derived":false,"category":"school","subcategory":"primary_secondary","geometry_type":"Point","address":"DOUTOR JOSE DE PORCIUNCULA, 986, PARQUE PAULISTANO, 08080-650","equipment_type":"EMEF","administrative_sphere":null,"included_in_metrics":true,"exclusion_reason":null,"override_reason":null,"outside_boundary":false}},{"type":"Feature","geometry":{"type":"Point","coordinates":[-46.43408778,-23.50948069]},"properties":{"id":"sp_geosampa_educacao_rede_publica:equipamento_educacao_rede_publica.52507","source_id":"sp_geosampa_educacao_rede_publica","name":"EMEF PAULO ROLIM LOUREIRO D","name_derived":false,"category":"school","subcategory":"primary_secondary","geometry_type":"Point","address":"JOAO NICARIO ELEUTERIO, 374, CIDADE NOVA SAO MIGUEL, 08042-080","equipment_type":"EMEF","administrative_sphere":null,"included_in_metrics":true,"exclusion_reason":null,"override_reason":null,"outside_boundary":false}},{"type":"Feature","geometry":{"type":"Point","coordinates":[-46.45623577,-23.51272356]},"properties":{"id":"sp_geosampa_educacao_rede_publica:equipamento_educacao_rede_publica.52508","source_id":"sp_geosampa_educacao_rede_publica","name":"EMEF PEDRO TEIXEIRA","name_derived":false,"category":"school","subcategory":"primary_secondary","geometry_type":"Point","address":"DOM FRANCISCO DE CAMPOS BARRETO, 51, JARDIM SANTANA, 08050-120","equipment_type":"EMEF","administrative_sphere":null,"included_in_metrics":true,"exclusion_reason":null,"override_reason":null,"outside_boundary":false}},{"type":"Feature","geometry":{"type":"Point","coordinates":[-46.46105075,-23.49685794]},"properties":{"id":"sp_geosampa_educacao_rede_publica:equipamento_educacao_rede_publica.52509","source_id":"sp_geosampa_educacao_rede_publica","name":"EMEF EPITACIO PESSOA PRES","name_derived":false,"category":"school","subcategory":"primary_secondary","geometry_type":"Point","address":"LIBERO ANCONA LOPES, 169, PARQUE CRUZEIRO DO SUL, 08070-280","equipment_type":"EMEF","administrative_sphere":null,"included_in_metrics":true,"exclusion_reason":null,"override_reason":null,"outside_boundary":false}},{"type":"Feature","geometry":{"type":"Point","coordinates":[-46.39524446,-23.49848493]},"properties":{"id":"sp_geosampa_educacao_rede_publica:equipamento_educacao_rede_publica.52510","source_id":"sp_geosampa_educacao_rede_publica","name":"EMEF CARLOS PASQUALE PROF","name_derived":false,"category":"school","subcategory":"primary_secondary","geometry_type":"Point","address":"BARAO DE ALAGOAS, 223, ITAIM PAULISTA, 08120-000","equipment_type":"EMEF","administrative_sphere":null,"included_in_metrics":true,"exclusion_reason":null,"override_reason":null,"outside_boundary":false}},{"type":"Feature","geometry":{"type":"Point","coordinates":[-46.42154232,-23.48327304]},"properties":{"id":"sp_geosampa_educacao_rede_publica:equipamento_educacao_rede_publica.52511","source_id":"sp_geosampa_educacao_rede_publica","name":"EMEF JOSE BENTO DE ASSIS PROF","name_derived":false,"category":"school","subcategory":"primary_secondary","geometry_type":"Point","address":"SAO GONCALO DO RIO DAS PEDRAS, 140, VILA MARA, 08081-000","equipment_type":"EMEF","administrative_sphere":null,"included_in_metrics":true,"exclusion_reason":null,"override_reason":null,"outside_boundary":false}},{"type":"Feature","geometry":{"type":"Point","coordinates":[-46.46541038,-23.51150214]},"properties":{"id":"sp_geosampa_educacao_rede_publica:equipamento_educacao_rede_publica.52512","source_id":"sp_geosampa_educacao_rede_publica","name":"EMEF RAUL PILLA","name_derived":false,"category":"school","subcategory":"primary_secondary","geometry_type":"Point","address":"PADRE ORLANDO NOGUEIRA, 139, LIMOEIRO, 08051-560","equipment_type":"EMEF","administrative_sphere":null,"included_in_metrics":true,"exclusion_reason":null,"override_reason":null,"outside_boundary":false}},{"type":"Feature","geometry":{"type":"Point","coordinates":[-46.44738654,-23.50885024]},"properties":{"id":"sp_geosampa_educacao_rede_publica:equipamento_educacao_rede_publica.52513","source_id":"sp_geosampa_educacao_rede_publica","name":"EMEF ANTONIO CARLOS DE ANDRADA E SILVA","name_derived":false,"category":"school","subcategory":"primary_secondary","geometry_type":"Point","address":"BALTAZAR SANTANA, 365, JARDIM PLANALTO, 08040-420","equipment_type":"EMEF","administrative_sphere":null,"included_in_metrics":true,"exclusion_reason":null,"override_reason":null,"outside_boundary":false}},{"type":"Feature","geometry":{"type":"Point","coordinates":[-46.40724969,-23.59347231]},"properties":{"id":"sp_geosampa_educacao_rede_publica:equipamento_educacao_rede_publica.52579","source_id":"sp_geosampa_educacao_rede_publica","name":"EMEF ANTONIO DAVILA PROF","name_derived":false,"category":"school","subcategory":"primary_secondary","geometry_type":"Point","address":"IGARAPE AGUA AZUL, 1259, CONJUNTO HABITACIONAL SANTA ETELVINA II, 08485-310","equipment_type":"EMEF","administrative_sphere":null,"included_in_metrics":true,"exclusion_reason":null,"override_reason":null,"outside_boundary":false}},{"type":"Feature","geometry":{"type":"Point","coordinates":[-46.39463446,-23.48286733]},"properties":{"id":"sp_geosampa_educacao_rede_publica:equipamento_educacao_rede_publica.52580","source_id":"sp_geosampa_educacao_rede_publica","name":"EMEF FLAVIO AUGUSTO ROSA PROF","name_derived":false,"category":"school","subcategory":"primary_secondary","geometry_type":"Point","address":"GRUTA DAS PRINCESAS, 165, VILA ITAIM, 08190-460","equipment_type":"EMEF","administrative_sphere":null,"included_in_metrics":true,"exclusion_reason":null,"override_reason":null,"outside_boundary":false}},{"type":"Feature","geometry":{"type":"Point","coordinates":[-46.74711136,-23.4443711]},"properties":{"id":"sp_geosampa_educacao_rede_publica:equipamento_educacao_rede_publica.52581","source_id":"sp_geosampa_educacao_rede_publica","name":"EMEF ERNESTO DE MORAES LEME PROF","name_derived":false,"category":"school","subcategory":"primary_secondary","geometry_type":"Point","address":"VALE DAS FLORES, 120, JARDIM SANTA LUCRECIA, 05185-400","equipment_type":"EMEF","administrative_sphere":null,"included_in_metrics":true,"exclusion_reason":null,"override_reason":null,"outside_boundary":false}},{"type":"Feature","geometry":{"type":"Point","coordinates":[-46.71402212,-23.43451932]},"properties":{"id":"sp_geosampa_educacao_rede_publica:equipamento_educacao_rede_publica.52586","source_id":"sp_geosampa_educacao_rede_publica","name":"EMEF RAUL POMPEIA","name_derived":false,"category":"school","subcategory":"primary_secondary","geometry_type":"Point","address":"ELIAS ANTONIO LOPES, 165, PARQUE DE TAIPAS, 02986-110","equipment_type":"EMEF","administrative_sphere":null,"included_in_metrics":true,"exclusion_reason":null,"override_reason":null,"outside_boundary":false}},{"type":"Feature","geometry":{"type":"Point","coordinates":[-46.75601179,-23.72039532]},"properties":{"id":"sp_geosampa_educacao_rede_publica:equipamento_educacao_rede_publica.52588","source_id":"sp_geosampa_educacao_rede_publica","name":"EMEF TERESA MARGARIDA DA SILVA E ORTA","name_derived":false,"category":"school","subcategory":"primary_secondary","geometry_type":"Point","address":"ENGENHEIRO MILTON DE ALVARENGA PEIXOTO, 20, VILA GILDA, 04953-040","equipment_type":"EMEF","administrative_sphere":null,"included_in_metrics":true,"exclusion_reason":null,"override_reason":null,"outside_boundary":false}},{"type":"Feature","geometry":{"type":"Point","coordinates":[-46.42322585,-23.59855376]},"properties":{"id":"sp_geosampa_educacao_rede_publica:equipamento_educacao_rede_publica.52590","source_id":"sp_geosampa_educacao_rede_publica","name":"EMEF HENRIQUE SOUZA FILHO - HENFIL","name_derived":false,"category":"school","subcategory":"primary_secondary","geometry_type":"Point","address":"ERICO SEMER, S/N, JARDIM MARILU, 08371-400","equipment_type":"EMEF","administrative_sphere":null,"included_in_metrics":true,"exclusion_reason":null,"override_reason":null,"outside_boundary":false}},{"type":"Feature","geometry":{"type":"Point","coordinates":[-46.75238943,-23.45199813]},"properties":{"id":"sp_geosampa_educacao_rede_publica:equipamento_educacao_rede_publica.52591","source_id":"sp_geosampa_educacao_rede_publica","name":"EMEF ALDO RIBEIRO LUZ PROF","name_derived":false,"category":"school","subcategory":"primary_secondary","geometry_type":"Point","address":"JEAN CORALLI, 135, JARDIM SANTA LUCRECIA, 05183-000","equipment_type":"EMEF","administrative_sphere":null,"included_in_metrics":true,"exclusion_reason":null,"override_reason":null,"outside_boundary":false}},{"type":"Feature","geometry":{"type":"Point","coordinates":[-46.75969916,-23.45228165]},"properties":{"id":"sp_geosampa_educacao_rede_publica:equipamento_educacao_rede_publica.52592","source_id":"sp_geosampa_educacao_rede_publica","name":"EMEF IRENE GARCIA COSTA DE SOUZA PROFA DRA","name_derived":false,"category":"school","subcategory":"primary_secondary","geometry_type":"Point","address":"GONCALO ALDANA, 385, VILA HOMERO, 05184-300","equipment_type":"EMEF","administrative_sphere":null,"included_in_metrics":true,"exclusion_reason":null,"override_reason":null,"outside_boundary":false}},{"type":"Feature","geometry":{"type":"Point","coordinates":[-46.49571653,-23.56226544]},"properties":{"id":"sp_geosampa_educacao_rede_publica:equipamento_educacao_rede_publica.52595","source_id":"sp_geosampa_educacao_rede_publica","name":"EMEF FRANCISCO ALVES MENDES FILHO - CHICO MENDES","name_derived":false,"category":"school","subcategory":"primary_secondary","geometry_type":"Point","address":"QUINTINO DA CUNHA, 22, JARDIM MARILIA, 03579-160","equipment_type":"EMEF","administrative_sphere":null,"included_in_metrics":true,"exclusion_reason":null,"override_reason":null,"outside_boundary":false}},{"type":"Feature","geometry":{"type":"Point","coordinates":[-46.40314369,-23.51382556]},"properties":{"id":"sp_geosampa_educacao_rede_publica:equipamento_educacao_rede_publica.52596","source_id":"sp_geosampa_educacao_rede_publica","name":"EMEF CHICO FALCONI PE","name_derived":false,"category":"school","subcategory":"primary_secondary","geometry_type":"Point","address":"BRILHO DO SOL, 96, JARDIM BARTIRA, 08152-110","equipment_type":"EMEF","administrative_sphere":null,"included_in_metrics":true,"exclusion_reason":null,"override_reason":null,"outside_boundary":false}},{"type":"Feature","geometry":{"type":"Point","coordinates":[-46.39420235,-23.51518107]},"properties":{"id":"sp_geosampa_educacao_rede_publica:equipamento_educacao_rede_publica.52597","source_id":"sp_geosampa_educacao_rede_publica","name":"EMEF NILDO DO AMARAL JUNIOR PE","name_derived":false,"category":"school","subcategory":"primary_secondary","geometry_type":"Point","address":"ANTONIO JOAO DE MEDEIROS, 1901, JARDIM CAMARGO VELHO, 08140-060","equipment_type":"EMEF","administrative_sphere":null,"included_in_metrics":true,"exclusion_reason":null,"override_reason":null,"outside_boundary":false}},{"type":"Feature","geometry":{"type":"Point","coordinates":[-46.46970781,-23.56080192]},"properties":{"id":"sp_geosampa_educacao_rede_publica:equipamento_educacao_rede_publica.52598","source_id":"sp_geosampa_educacao_rede_publica","name":"EMEF SEBASTIAO FRANCISCO O NEGRO","name_derived":false,"category":"school","subcategory":"primary_secondary","geometry_type":"Point","address":"ONOFRE JORGE VELHO, 260, CIDADE LIDER, 08280-330","equipment_type":"EMEF","administrative_sphere":null,"included_in_metrics":true,"exclusion_reason":null,"override_reason":null,"outside_boundary":false}},{"type":"Feature","geometry":{"type":"Point","coordinates":[-46.40404943,-23.57191944]},"properties":{"id":"sp_geosampa_educacao_rede_publica:equipamento_educacao_rede_publica.52599","source_id":"sp_geosampa_educacao_rede_publica","name":"EMEF ALEXANDRE VANNUCHI LEME","name_derived":false,"category":"school","subcategory":"primary_secondary","geometry_type":"Point","address":"IGARAPE DA DIANA, 60, COHAB INACIO MONTEIRO, 08472-170","equipment_type":"EMEF","administrative_sphere":null,"included_in_metrics":true,"exclusion_reason":null,"override_reason":null,"outside_boundary":false}},{"type":"Feature","geometry":{"type":"Point","coordinates":[-46.40707661,-23.53662065]},"properties":{"id":"sp_geosampa_educacao_rede_publica:equipamento_educacao_rede_publica.52600","source_id":"sp_geosampa_educacao_rede_publica","name":"EMEF IDEMIA DE GODOY PROFA","name_derived":false,"category":"school","subcategory":"primary_secondary","geometry_type":"Point","address":"ANDES, 807, GUAIANAZES, 08440-180","equipment_type":"EMEF","administrative_sphere":null,"included_in_metrics":true,"exclusion_reason":null,"override_reason":null,"outside_boundary":false}},{"type":"Feature","geometry":{"type":"Point","coordinates":[-46.40004255,-23.57057323]},"properties":{"id":"sp_geosampa_educacao_rede_publica:equipamento_educacao_rede_publica.52602","source_id":"sp_geosampa_educacao_rede_publica","name":"EMEF LUIS CARLOS PRESTES SEN","name_derived":false,"category":"school","subcategory":"primary_secondary","geometry_type":"Point","address":"IGARAPE GUARA, 90, CONJUNTO HABITACIONAL INACIO MONTEIRO, 08472-120","equipment_type":"EMEF","administrative_sphere":null,"included_in_metrics":true,"exclusion_reason":null,"override_reason":null,"outside_boundary":false}},{"type":"Feature","geometry":{"type":"Point","coordinates":[-46.39598924,-23.55457087]},"properties":{"id":"sp_geosampa_educacao_rede_publica:equipamento_educacao_rede_publica.52603","source_id":"sp_geosampa_educacao_rede_publica","name":"EMEF QUIRINO CARNEIRO RENNO PROF","name_derived":false,"category":"school","subcategory":"primary_secondary","geometry_type":"Point","address":"CAMARGO E LEME, 78, VILA SAO GERALDO, 08460-480","equipment_type":"EMEF","administrative_sphere":null,"included_in_metrics":true,"exclusion_reason":null,"override_reason":null,"outside_boundary":false}},{"type":"Feature","geometry":{"type":"Point","coordinates":[-46.59411068,-23.6157278]},"properties":{"id":"sp_geosampa_educacao_rede_publica:equipamento_educacao_rede_publica.52605","source_id":"sp_geosampa_educacao_rede_publica","name":"EMEF LUIZ GONZAGA DO NASCIMENTO JR - GONZAGUINHA","name_derived":false,"category":"school","subcategory":"primary_secondary","geometry_type":"Point","address":"DAS LAGRIMAS, 1029, IPIRANGA, 04232-000","equipment_type":"EMEF","administrative_sphere":null,"included_in_metrics":true,"exclusion_reason":null,"override_reason":null,"outside_boundary":false}},{"type":"Feature","geometry":{"type":"Point","coordinates":[-46.79328918,-23.66716351]},"properties":{"id":"sp_geosampa_educacao_rede_publica:equipamento_educacao_rede_publica.52606","source_id":"sp_geosampa_educacao_rede_publica","name":"EMEF MARIA RITA LOPES PONTES - IRMA DULCE","name_derived":false,"category":"school","subcategory":"primary_secondary","geometry_type":"Point","address":"VITORIANO PALHARES, 10, JARDIM AMALIA, 05890-320","equipment_type":"EMEF","administrative_sphere":null,"included_in_metrics":true,"exclusion_reason":null,"override_reason":null,"outside_boundary":false}},{"type":"Feature","geometry":{"type":"Point","coordinates":[-46.75783566,-23.6508907]},"properties":{"id":"sp_geosampa_educacao_rede_publica:equipamento_educacao_rede_publica.52607","source_id":"sp_geosampa_educacao_rede_publica","name":"EMEF CYRO ALBUQUERQUE DEP","name_derived":false,"category":"school","subcategory":"primary_secondary","geometry_type":"Point","address":"ROGERIO DE PAULA BRITO, 100, JARDIM SAO JANUARIO, 05781-310","equipment_type":"EMEF","administrative_sphere":null,"included_in_metrics":true,"exclusion_reason":null,"override_reason":null,"outside_boundary":false}},{"type":"Feature","geometry":{"type":"Point","coordinates":[-46.65327608,-23.69298762]},"properties":{"id":"sp_geosampa_educacao_rede_publica:equipamento_educacao_rede_publica.52608","source_id":"sp_geosampa_educacao_rede_publica","name":"EMEF MARIO SCHENBERG PROF","name_derived":false,"category":"school","subcategory":"primary_secondary","geometry_type":"Point","address":"PAPA GREGORIO MAGNO, 133, VILA MISSIONARIA, 04430-130","equipment_type":"EMEF","administrative_sphere":null,"included_in_metrics":true,"exclusion_reason":null,"override_reason":null,"outside_boundary":false}},{"type":"Feature","geometry":{"type":"Point","coordinates":[-46.64502872,-23.68149777]},"properties":{"id":"sp_geosampa_educacao_rede_publica:equipamento_educacao_rede_publica.52609","source_id":"sp_geosampa_educacao_rede_publica","name":"EMEF CARLOS AUGUSTO DE QUEIROZ ROCHA","name_derived":false,"category":"school","subcategory":"primary_secondary","geometry_type":"Point","address":"SANTO AFONSO, 775, JARDIM MIRIAM, 04426-000","equipment_type":"EMEF","administrative_sphere":null,"included_in_metrics":true,"exclusion_reason":null,"override_reason":null,"outside_boundary":false}},{"type":"Feature","geometry":{"type":"Point","coordinates":[-46.65872707,-23.67308894]},"properties":{"id":"sp_geosampa_educacao_rede_publica:equipamento_educacao_rede_publica.52610","source_id":"sp_geosampa_educacao_rede_publica","name":"EMEF ELZA MAIA COSTA FREIRE PROFA","name_derived":false,"category":"school","subcategory":"primary_secondary","geometry_type":"Point","address":"DO ESPIGAO, 195, CIDADE ADEMAR, 04405-190","equipment_type":"EMEF","administrative_sphere":null,"included_in_metrics":true,"exclusion_reason":null,"override_reason":null,"outside_boundary":false}},{"type":"Feature","geometry":{"type":"Point","coordinates":[-46.74821081,-23.66819365]},"properties":{"id":"sp_geosampa_educacao_rede_publica:equipamento_educacao_rede_publica.52611","source_id":"sp_geosampa_educacao_rede_publica","name":"EMEF MAURO FACCIO GONCALVES - ZACARIA","name_derived":false,"category":"school","subcategory":"primary_secondary","geometry_type":"Point","address":"RAQUEL ALVES MOREIRA, 823, PARQUE SANTO ANTONIO, 05821-130","equipment_type":"EMEF","administrative_sphere":null,"included_in_metrics":true,"exclusion_reason":null,"override_reason":null,"outside_boundary":false}},{"type":"Feature","geometry":{"type":"Point","coordinates":[-46.75327464,-23.65832301]},"properties":{"id":"sp_geosampa_educacao_rede_publica:equipamento_educacao_rede_publica.52612","source_id":"sp_geosampa_educacao_rede_publica","name":"EMEF LORENCO MANOEL SPARAPAN PROF","name_derived":false,"category":"school","subcategory":"primary_secondary","geometry_type":"Point","address":"HOLDA BOTTO MALANCONI, 431, JARDIM DUPRAT, 05853-310","equipment_type":"EMEF","administrative_sphere":null,"included_in_metrics":true,"exclusion_reason":null,"override_reason":null,"outside_boundary":false}},{"type":"Feature","geometry":{"type":"Point","coordinates":[-46.62777657,-23.51445821]},"properties":{"id":"sp_geosampa_educacao_rede_publica:equipamento_educacao_rede_publica.52613","source_id":"sp_geosampa_educacao_rede_publica","name":"EMEFM DERVILLE ALLEGRETTI PROF","name_derived":false,"category":"school","subcategory":"primary_secondary","geometry_type":"Point","address":"VOLUNTARIOS DA PATRIA, 777, SANTANA, 02011-000","equipment_type":"EMEFM","administrative_sphere":null,"included_in_metrics":true,"exclusion_reason":null,"override_reason":null,"outside_boundary":false}},{"type":"Feature","geometry":{"type":"Point","coordinates":[-46.78298821,-23.69946069]},"properties":{"id":"sp_geosampa_educacao_rede_publica:equipamento_educacao_rede_publica.52614","source_id":"sp_geosampa_educacao_rede_publica","name":"EMEF ANTONIO ESTANISLAU DO AMARAL","name_derived":false,"category":"school","subcategory":"primary_secondary","geometry_type":"Point","address":"CERDEIRA, 7, PARQUE NOVO SANTO AMARO, 05874-060","equipment_type":"EMEF","administrative_sphere":null,"included_in_metrics":true,"exclusion_reason":null,"override_reason":null,"outside_boundary":false}},{"type":"Feature","geometry":{"type":"Point","coordinates":[-46.78066084,-23.67187219]},"properties":{"id":"sp_geosampa_educacao_rede_publica:equipamento_educacao_rede_publica.52615","source_id":"sp_geosampa_educacao_rede_publica","name":"EMEF EUCLIDES DA CUNHA","name_derived":false,"category":"school","subcategory":"primary_secondary","geometry_type":"Point","address":"DA COSTA NOVA DO PRADO, 108, JARDIM COMERCIAL, 05885-190","equipment_type":"EMEF","administrative_sphere":null,"included_in_metrics":true,"exclusion_reason":null,"override_reason":null,"outside_boundary":false}},{"type":"Feature","geometry":{"type":"Point","coordinates":[-46.44805205,-23.59920022]},"properties":{"id":"sp_geosampa_educacao_rede_publica:equipamento_educacao_rede_publica.52616","source_id":"sp_geosampa_educacao_rede_publica","name":"EMEF JOAQUIM OSORIO DUQUE ESTRADA","name_derived":false,"category":"school","subcategory":"primary_secondary","geometry_type":"Point","address":"PRIMO BAUDINI, 441, JARDIM AUGUSTO, 08371-120","equipment_type":"EMEF","administrative_sphere":null,"included_in_metrics":true,"exclusion_reason":null,"override_reason":null,"outside_boundary":false}},{"type":"Feature","geometry":{"type":"Point","coordinates":[-46.68624218,-23.47048297]},"properties":{"id":"sp_geosampa_educacao_rede_publica:equipamento_educacao_rede_publica.52624","source_id":"sp_geosampa_educacao_rede_publica","name":"ELIZABETH APARECIDA SIMOES MESQUITA PROFESSORA","name_derived":false,"category":"school","subcategory":"primary_secondary","geometry_type":"Point","address":"JOSE DA NATIVIDADE SALDANHA, SN, VILA PENTEADO, 02844-130","equipment_type":"EE","administrative_sphere":null,"included_in_metrics":true,"exclusion_reason":null,"override_reason":null,"outside_boundary":false}},{"type":"Feature","geometry":{"type":"Point","coordinates":[-46.40059706,-23.59365147]},"properties":{"id":"sp_geosampa_educacao_rede_publica:equipamento_educacao_rede_publica.52635","source_id":"sp_geosampa_educacao_rede_publica","name":"EMEF OLINDA MENEZES SERRA VIDAL PROFA","name_derived":false,"category":"school","subcategory":"primary_secondary","geometry_type":"Point","address":"VARZEA NOVA, 40, CIDADE TIRADENTES, 08475-420","equipment_type":"EMEF","administrative_sphere":null,"included_in_metrics":true,"exclusion_reason":null,"override_reason":null,"outside_boundary":false}},{"type":"Feature","geometry":{"type":"Point","coordinates":[-46.40148917,-23.5909197]},"properties":{"id":"sp_geosampa_educacao_rede_publica:equipamento_educacao_rede_publica.52636","source_id":"sp_geosampa_educacao_rede_publica","name":"EMEF ANNA LAMBERGA ZEGLIO VER","name_derived":false,"category":"school","subcategory":"primary_secondary","geometry_type":"Point","address":"OLIMPIA MONTANI, 231, SANTA ETELVINA II B, 08475-320","equipment_type":"EMEF","administrative_sphere":null,"included_in_metrics":true,"exclusion_reason":null,"override_reason":null,"outside_boundary":false}},{"type":"Feature","geometry":{"type":"Point","coordinates":[-46.45743201,-23.63174124]},"properties":{"id":"sp_geosampa_educacao_rede_publica:equipamento_educacao_rede_publica.52638","source_id":"sp_geosampa_educacao_rede_publica","name":"EMEF JULIO DE GRAMMONT","name_derived":false,"category":"school","subcategory":"primary_secondary","geometry_type":"Point","address":"MEIRI, 73, JARDIM RODOLFO PIRANI, 08311-560","equipment_type":"EMEF","administrative_sphere":null,"included_in_metrics":true,"exclusion_reason":null,"override_reason":null,"outside_boundary":false}},{"type":"Feature","geometry":{"type":"Point","coordinates":[-46.60003737,-23.52699035]},"properties":{"id":"sp_geosampa_educacao_rede_publica:equipamento_educacao_rede_publica.52646","source_id":"sp_geosampa_educacao_rede_publica","name":"EMEF ANALIA FRANCO BASTOS","name_derived":false,"category":"school","subcategory":"primary_secondary","geometry_type":"Point","address":"ARISTON AZEVEDO, 20, CATUMBI, 03021-020","equipment_type":"EMEF","administrative_sphere":null,"included_in_metrics":true,"exclusion_reason":null,"override_reason":null,"outside_boundary":false}},{"type":"Feature","geometry":{"type":"Point","coordinates":[-46.53285641,-23.6131698]},"properties":{"id":"sp_geosampa_educacao_rede_publica:equipamento_educacao_rede_publica.52647","source_id":"sp_geosampa_educacao_rede_publica","name":"EMEF FRANCISCO DA SILVEIRA BUENO PROF","name_derived":false,"category":"school","subcategory":"primary_secondary","geometry_type":"Point","address":"IGARAPE FLORES, 19, VILA SAO NICOLAU, 03254-330","equipment_type":"EMEF","administrative_sphere":null,"included_in_metrics":true,"exclusion_reason":null,"override_reason":null,"outside_boundary":false}},{"type":"Feature","geometry":{"type":"Point","coordinates":[-46.80099097,-23.58669413]},"properties":{"id":"sp_geosampa_educacao_rede_publica:equipamento_educacao_rede_publica.52651","source_id":"sp_geosampa_educacao_rede_publica","name":"EMEF MARIA ALICE BORGES GHION PROFA","name_derived":false,"category":"school","subcategory":"primary_secondary","geometry_type":"Point","address":"CACHOEIRA PORAQUE, 575, CONJUNTO PROMORAR RAPOSO TAVARES, 05574-450","equipment_type":"EMEF","administrative_sphere":null,"included_in_metrics":true,"exclusion_reason":null,"override_reason":null,"outside_boundary":false}},{"type":"Feature","geometry":{"type":"Point","coordinates":[-46.51238334,-23.58805782]},"properties":{"id":"sp_geosampa_educacao_rede_publica:equipamento_educacao_rede_publica.52654","source_id":"sp_geosampa_educacao_rede_publica","name":"EMEF BENEDITO DE JESUS BATISTA LAURINDO - PE BATISTA","name_derived":false,"category":"school","subcategory":"primary_secondary","geometry_type":"Point","address":"ALFONSO FERRABOSCO, 231, PARQUE DOS BANCARIOS, 03923-085","equipment_type":"EMEF","administrative_sphere":null,"included_in_metrics":true,"exclusion_reason":null,"override_reason":null,"outside_boundary":false}},{"type":"Feature","geometry":{"type":"Point","coordinates":[-46.39387073,-23.57913983]},"properties":{"id":"sp_geosampa_educacao_rede_publica:equipamento_educacao_rede_publica.52656","source_id":"sp_geosampa_educacao_rede_publica","name":"EMEF ELIAS SHAMMASS","name_derived":false,"category":"school","subcategory":"primary_secondary","geometry_type":"Point","address":"DO PAI NOSSO, 7, CONJUNTO HABITACIONAL SITIO CONCEICAO, 08473-020","equipment_type":"EMEF","administrative_sphere":null,"included_in_metrics":true,"exclusion_reason":null,"override_reason":null,"outside_boundary":false}},{"type":"Feature","geometry":{"type":"Point","coordinates":[-46.78384965,-23.67193328]},"properties":{"id":"sp_geosampa_educacao_rede_publica:equipamento_educacao_rede_publica.52657","source_id":"sp_geosampa_educacao_rede_publica","name":"EMEF JOSE OLYMPIO PEREIRA FILHO","name_derived":false,"category":"school","subcategory":"primary_secondary","geometry_type":"Point","address":"PASSAREIRA, 200, COHAB INSTITUTO ADVENTISTA, 05868-120","equipment_type":"EMEF","administrative_sphere":null,"included_in_metrics":true,"exclusion_reason":null,"override_reason":null,"outside_boundary":false}},{"type":"Feature","geometry":{"type":"Point","coordinates":[-46.7102936,-23.83166245]},"properties":{"id":"sp_geosampa_educacao_rede_publica:equipamento_educacao_rede_publica.52658","source_id":"sp_geosampa_educacao_rede_publica","name":"EMEF ULYSSES DA SYLVEIRA GUIMARAES","name_derived":false,"category":"school","subcategory":"primary_secondary","geometry_type":"Point","address":"CONDE DE LANCASTRE, 209, JARDIM SANTA FE, 04890-290","equipment_type":"EMEF","administrative_sphere":null,"included_in_metrics":true,"exclusion_reason":null,"override_reason":null,"outside_boundary":false}},{"type":"Feature","geometry":{"type":"Point","coordinates":[-46.38826657,-23.51134179]},"properties":{"id":"sp_geosampa_educacao_rede_publica:equipamento_educacao_rede_publica.52665","source_id":"sp_geosampa_educacao_rede_publica","name":"SANDRA RODRIGUES DE OLIVEIRA","name_derived":false,"category":"school","subcategory":"primary_secondary","geometry_type":"Point","address":"MAGNOLIA AZUL, 92, ITAIM PAULISTA, 08141-640","equipment_type":"EE","administrative_sphere":null,"included_in_metrics":true,"exclusion_reason":null,"override_reason":null,"outside_boundary":false}},{"type":"Feature","geometry":{"type":"Point","coordinates":[-46.41797819,-23.4865599]},"properties":{"id":"sp_geosampa_educacao_rede_publica:equipamento_educacao_rede_publica.52673","source_id":"sp_geosampa_educacao_rede_publica","name":"EMEF JOSE AMERICO DE ALMEIDA","name_derived":false,"category":"school","subcategory":"primary_secondary","geometry_type":"Point","address":"ALTOS DO OITI, 537, VILA HELENA, 08081-410","equipment_type":"EMEF","administrative_sphere":null,"included_in_metrics":true,"exclusion_reason":null,"override_reason":null,"outside_boundary":false}},{"type":"Feature","geometry":{"type":"Point","coordinates":[-46.78921097,-23.58122904]},"properties":{"id":"sp_geosampa_educacao_rede_publica:equipamento_educacao_rede_publica.52675","source_id":"sp_geosampa_educacao_rede_publica","name":"EMEF SOLANO TRINDADE","name_derived":false,"category":"school","subcategory":"primary_secondary","geometry_type":"Point","address":"GABRIEL DE CARVALHO, 60, JARDIM BOA VISTA, 05583-080","equipment_type":"EMEF","administrative_sphere":null,"included_in_metrics":true,"exclusion_reason":null,"override_reason":null,"outside_boundary":false}},{"type":"Feature","geometry":{"type":"Point","coordinates":[-46.40927942,-23.50984193]},"properties":{"id":"sp_geosampa_educacao_rede_publica:equipamento_educacao_rede_publica.52706","source_id":"sp_geosampa_educacao_rede_publica","name":"EMEF HENRIQUE FELIPE DA COSTA - HENRICAO","name_derived":false,"category":"school","subcategory":"primary_secondary","geometry_type":"Point","address":"PATAJUBA, 18, JARDIM CAMPOS, 08160-090","equipment_type":"EMEF","administrative_sphere":null,"included_in_metrics":true,"exclusion_reason":null,"override_reason":null,"outside_boundary":false}},{"type":"Feature","geometry":{"type":"Point","coordinates":[-46.51050415,-23.61557691]},"properties":{"id":"sp_geosampa_educacao_rede_publica:equipamento_educacao_rede_publica.52716","source_id":"sp_geosampa_educacao_rede_publica","name":"EMEF ARLINDO CAETANO FILHO PROF","name_derived":false,"category":"school","subcategory":"primary_secondary","geometry_type":"Point","address":"PALMEIRA BACABA, 39, JARDIM ELBA, 03980-050","equipment_type":"EMEF","administrative_sphere":null,"included_in_metrics":true,"exclusion_reason":null,"override_reason":null,"outside_boundary":false}},{"type":"Feature","geometry":{"type":"Point","coordinates":[-46.49797174,-23.59811879]},"properties":{"id":"sp_geosampa_educacao_rede_publica:equipamento_educacao_rede_publica.52717","source_id":"sp_geosampa_educacao_rede_publica","name":"EMEF VINICIUS DE MORAES","name_derived":false,"category":"school","subcategory":"primary_secondary","geometry_type":"Point","address":"BRAS PIRES, 345, JARDIM TIETE, 03943-090","equipment_type":"EMEF","administrative_sphere":null,"included_in_metrics":true,"exclusion_reason":null,"override_reason":null,"outside_boundary":false}},{"type":"Feature","geometry":{"type":"Point","coordinates":[-46.4528238,-23.60180319]},"properties":{"id":"sp_geosampa_educacao_rede_publica:equipamento_educacao_rede_publica.52721","source_id":"sp_geosampa_educacao_rede_publica","name":"EMEF PLINIO DE QUEIROZ","name_derived":false,"category":"school","subcategory":"primary_secondary","geometry_type":"Point","address":"MANUEL HENRIQUES DE PAIVA, S/N, PARQUE BOA ESPERANCA, 08410-080","equipment_type":"EMEF","administrative_sphere":null,"included_in_metrics":true,"exclusion_reason":null,"override_reason":null,"outside_boundary":false}},{"type":"Feature","geometry":{"type":"Point","coordinates":[-46.4576152,-23.62083929]},"properties":{"id":"sp_geosampa_educacao_rede_publica:equipamento_educacao_rede_publica.52730","source_id":"sp_geosampa_educacao_rede_publica","name":"EMEF ALCEU AMOROSO LIMA","name_derived":false,"category":"school","subcategory":"primary_secondary","geometry_type":"Point","address":"CARMEM TORTOLA, 26, CONJ PROMORAR RIO CLARO, 08395-330","equipment_type":"EMEF","administrative_sphere":null,"included_in_metrics":true,"exclusion_reason":null,"override_reason":null,"outside_boundary":false}},{"type":"Feature","geometry":{"type":"Point","coordinates":[-46.74432974,-23.65653561]},"properties":{"id":"sp_geosampa_educacao_rede_publica:equipamento_educacao_rede_publica.52741","source_id":"sp_geosampa_educacao_rede_publica","name":"EMEF AIRTON ARANTES RIBEIRO PROF","name_derived":false,"category":"school","subcategory":"primary_secondary","geometry_type":"Point","address":"FREI LUIS BELTRAO, 5, CONJUNTO PROMORAR SAO LUIS, 05846-290","equipment_type":"EMEF","administrative_sphere":null,"included_in_metrics":true,"exclusion_reason":null,"override_reason":null,"outside_boundary":false}},{"type":"Feature","geometry":{"type":"Point","coordinates":[-46.68485598,-23.45543225]},"properties":{"id":"sp_geosampa_educacao_rede_publica:equipamento_educacao_rede_publica.52743","source_id":"sp_geosampa_educacao_rede_publica","name":"EMEF CECILIA MORAES DE VASCONCELOS PROFA","name_derived":false,"category":"school","subcategory":"primary_secondary","geometry_type":"Point","address":"ROMULO NALDI, 147, CONJUNTO PROMORAR ESTRADA DA PARADA, 02873-250","equipment_type":"EMEF","administrative_sphere":null,"included_in_metrics":true,"exclusion_reason":null,"override_reason":null,"outside_boundary":false}},{"type":"Feature","geometry":{"type":"Point","coordinates":[-46.50676761,-23.6046327]},"properties":{"id":"sp_geosampa_educacao_rede_publica:equipamento_educacao_rede_publica.52746","source_id":"sp_geosampa_educacao_rede_publica","name":"EMEF GREGORIO WESTRUPP PE","name_derived":false,"category":"school","subcategory":"primary_secondary","geometry_type":"Point","address":"ESQUIVEL NAVARRO, 10, CONJUNTO HABITACIONAL TEOTONIO VILELA, 03928-130","equipment_type":"EMEF","administrative_sphere":null,"included_in_metrics":true,"exclusion_reason":null,"override_reason":null,"outside_boundary":false}},{"type":"Feature","geometry":{"type":"Point","coordinates":[-46.5004185,-23.60444591]},"properties":{"id":"sp_geosampa_educacao_rede_publica:equipamento_educacao_rede_publica.52747","source_id":"sp_geosampa_educacao_rede_publica","name":"EMEF IVETE VARGAS DEP","name_derived":false,"category":"school","subcategory":"primary_secondary","geometry_type":"Point","address":"CARLO CLAUSETTI, 300, COHAB TEOTONIO VILELA, 03928-220","equipment_type":"EMEF","administrative_sphere":null,"included_in_metrics":true,"exclusion_reason":null,"override_reason":null,"outside_boundary":false}},{"type":"Feature","geometry":{"type":"Point","coordinates":[-46.50998391,-23.60003437]},"properties":{"id":"sp_geosampa_educacao_rede_publica:equipamento_educacao_rede_publica.52759","source_id":"sp_geosampa_educacao_rede_publica","name":"EMEF VILANOVA ARTIGAS ARQ","name_derived":false,"category":"school","subcategory":"primary_secondary","geometry_type":"Point","address":"GUARANTA, S/N, PARQUE DOS BANCARIOS, 03924-120","equipment_type":"EMEF","administrative_sphere":null,"included_in_metrics":true,"exclusion_reason":null,"override_reason":null,"outside_boundary":false}},{"type":"Feature","geometry":{"type":"Point","coordinates":[-46.50255886,-23.60795434]},"properties":{"id":"sp_geosampa_educacao_rede_publica:equipamento_educacao_rede_publica.52760","source_id":"sp_geosampa_educacao_rede_publica","name":"EMEF PAULO DUARTE","name_derived":false,"category":"school","subcategory":"primary_secondary","geometry_type":"Point","address":"ARQUITETO VILANOVA ARTIGAS, 583, CONJUNTO HABITACIONAL TEOTONIO VILELA, 03928-240","equipment_type":"EMEF","administrative_sphere":null,"included_in_metrics":true,"exclusion_reason":null,"override_reason":null,"outside_boundary":false}},{"type":"Feature","geometry":{"type":"Point","coordinates":[-46.40433369,-23.60254236]},"properties":{"id":"sp_geosampa_educacao_rede_publica:equipamento_educacao_rede_publica.52765","source_id":"sp_geosampa_educacao_rede_publica","name":"EMEF MAURICIO GOULART","name_derived":false,"category":"school","subcategory":"primary_secondary","geometry_type":"Point","address":"RENE DE TOLEDO, 700, CIDADE TIRADENTES, 08471-740","equipment_type":"EMEF","administrative_sphere":null,"included_in_metrics":true,"exclusion_reason":null,"override_reason":null,"outside_boundary":false}},{"type":"Feature","geometry":{"type":"Point","coordinates":[-46.39769766,-23.60958441]},"properties":{"id":"sp_geosampa_educacao_rede_publica:equipamento_educacao_rede_publica.52766","source_id":"sp_geosampa_educacao_rede_publica","name":"EMEF VLADIMIR HERZOG","name_derived":false,"category":"school","subcategory":"primary_secondary","geometry_type":"Point","address":"FRANCISCO JOSE VIANA, 894, CIDADE TIRADENTES, 08471-533","equipment_type":"EMEF","administrative_sphere":null,"included_in_metrics":true,"exclusion_reason":null,"override_reason":null,"outside_boundary":false}},{"type":"Feature","geometry":{"type":"Point","coordinates":[-46.40636265,-23.59331595]},"properties":{"id":"sp_geosampa_educacao_rede_publica:equipamento_educacao_rede_publica.52767","source_id":"sp_geosampa_educacao_rede_publica","name":"EMEFM OSWALDO ARANHA BANDEIRA DE MELLO","name_derived":false,"category":"school","subcategory":"primary_secondary","geometry_type":"Point","address":"DOS METALURGICOS, 1155, CIDADE TIRADENTES, 08471-000","equipment_type":"EMEFM","administrative_sphere":null,"included_in_metrics":true,"exclusion_reason":null,"override_reason":null,"outside_boundary":false}},{"type":"Feature","geometry":{"type":"Point","coordinates":[-46.75161931,-23.43429529]},"properties":{"id":"sp_geosampa_educacao_rede_publica:equipamento_educacao_rede_publica.52770","source_id":"sp_geosampa_educacao_rede_publica","name":"EMEFM ANTONIO ALVES VERISSIMO","name_derived":false,"category":"school","subcategory":"primary_secondary","geometry_type":"Point","address":"MARTINO AROSIO, 81, VILA AURORA, 05186-150","equipment_type":"EMEFM","administrative_sphere":null,"included_in_metrics":true,"exclusion_reason":null,"override_reason":null,"outside_boundary":false}},{"type":"Feature","geometry":{"type":"Point","coordinates":[-46.3970425,-23.56460946]},"properties":{"id":"sp_geosampa_educacao_rede_publica:equipamento_educacao_rede_publica.52787","source_id":"sp_geosampa_educacao_rede_publica","name":"EMEF JUSCELINO KUBITSCHEK DE OLIVEIRA PRES","name_derived":false,"category":"school","subcategory":"primary_secondary","geometry_type":"Point","address":"JORGE MARACCINI POMFILIO, 60, COHAB JUSCELINO, 08465-050","equipment_type":"EMEF","administrative_sphere":null,"included_in_metrics":true,"exclusion_reason":null,"override_reason":null,"outside_boundary":false}},{"type":"Feature","geometry":{"type":"Point","coordinates":[-46.77857841,-23.59454384]},"properties":{"id":"sp_geosampa_educacao_rede_publica:equipamento_educacao_rede_publica.52792","source_id":"sp_geosampa_educacao_rede_publica","name":"EMEF EDUCANDARIO DOM DUARTE ANEXA AO","name_derived":false,"category":"school","subcategory":"primary_secondary","geometry_type":"Point","address":"ENGENHEIRO HEITOR ANTONIO EIRAS GARCIA, 5985, JARDIM ESMERALDA, 05564-200","equipment_type":"EMEF","administrative_sphere":null,"included_in_metrics":true,"exclusion_reason":null,"override_reason":null,"outside_boundary":false}},{"type":"Feature","geometry":{"type":"Point","coordinates":[-46.4053631,-23.58263074]},"properties":{"id":"sp_geosampa_educacao_rede_publica:equipamento_educacao_rede_publica.52808","source_id":"sp_geosampa_educacao_rede_publica","name":"EMEF ANTONIO PEREIRA IGNACIO","name_derived":false,"category":"school","subcategory":"primary_secondary","geometry_type":"Point","address":"SARA KUBITSCHECK, 186, COHAB CASTRO ALVES, 08474-000","equipment_type":"EMEF","administrative_sphere":null,"included_in_metrics":true,"exclusion_reason":null,"override_reason":null,"outside_boundary":false}},{"type":"Feature","geometry":{"type":"Point","coordinates":[-46.39361743,-23.59229326]},"properties":{"id":"sp_geosampa_educacao_rede_publica:equipamento_educacao_rede_publica.52809","source_id":"sp_geosampa_educacao_rede_publica","name":"EMEF AURELIANO LEITE","name_derived":false,"category":"school","subcategory":"primary_secondary","geometry_type":"Point","address":"JOSE FRANCISCO BRANDAO, 370, CIDADE TIRADENTES, 08470-790","equipment_type":"EMEF","administrative_sphere":null,"included_in_metrics":true,"exclusion_reason":null,"override_reason":null,"outside_boundary":false}},{"type":"Feature","geometry":{"type":"Point","coordinates":[-46.39602853,-23.59185238]},"properties":{"id":"sp_geosampa_educacao_rede_publica:equipamento_educacao_rede_publica.52810","source_id":"sp_geosampa_educacao_rede_publica","name":"EMEF JOSE AUGUSTO CESAR SALGADO DR","name_derived":false,"category":"school","subcategory":"primary_secondary","geometry_type":"Point","address":"DOS TEXTEIS, 2907, CIDADE TIRADENTES, 08490-600","equipment_type":"EMEF","administrative_sphere":null,"included_in_metrics":true,"exclusion_reason":null,"override_reason":null,"outside_boundary":false}},{"type":"Feature","geometry":{"type":"Point","coordinates":[-46.37057085,-23.50990192]},"properties":{"id":"sp_geosampa_educacao_rede_publica:equipamento_educacao_rede_publica.52813","source_id":"sp_geosampa_educacao_rede_publica","name":"EMEF JOSE PEDRO LEITE CORDEIRO DR","name_derived":false,"category":"school","subcategory":"primary_secondary","geometry_type":"Point","address":"DESEMBARGADOR FERNANDO DE ALBUQUERQUE PRADO, 250, CIDADE KEMEL, 08130-110","equipment_type":"EMEF","administrative_sphere":null,"included_in_metrics":true,"exclusion_reason":null,"override_reason":null,"outside_boundary":false}},{"type":"Feature","geometry":{"type":"Point","coordinates":[-46.57736275,-23.43793328]},"properties":{"id":"sp_geosampa_educacao_rede_publica:equipamento_educacao_rede_publica.52824","source_id":"sp_geosampa_educacao_rede_publica","name":"EMEF HIPOLITO JOSE DA COSTA","name_derived":false,"category":"school","subcategory":"primary_secondary","geometry_type":"Point","address":"AUGUSTO RODRIGUES, 272, JARDIM FONTALIS, 02360-010","equipment_type":"EMEF","administrative_sphere":null,"included_in_metrics":true,"exclusion_reason":null,"override_reason":null,"outside_boundary":false}},{"type":"Feature","geometry":{"type":"Point","coordinates":[-46.79738496,-23.59605959]},"properties":{"id":"sp_geosampa_educacao_rede_publica:equipamento_educacao_rede_publica.52834","source_id":"sp_geosampa_educacao_rede_publica","name":"EMEF TEOFILO BENEDITO OTTONI","name_derived":false,"category":"school","subcategory":"primary_secondary","geometry_type":"Point","address":"INACIO CERVANTES, 490, PARQUE YPE, 05572-000","equipment_type":"EMEF","administrative_sphere":null,"included_in_metrics":true,"exclusion_reason":null,"override_reason":null,"outside_boundary":false}},{"type":"Feature","geometry":{"type":"Point","coordinates":[-46.65428368,-23.47171535]},"properties":{"id":"sp_geosampa_educacao_rede_publica:equipamento_educacao_rede_publica.52842","source_id":"sp_geosampa_educacao_rede_publica","name":"EMEF ROBERTO PATRICIO PROF","name_derived":false,"category":"school","subcategory":"primary_secondary","geometry_type":"Point","address":"ANTONIO DOMINGUES FREITAS, 147, VILA AMELIA, 02615-020","equipment_type":"EMEF","administrative_sphere":null,"included_in_metrics":true,"exclusion_reason":null,"override_reason":null,"outside_boundary":false}},{"type":"Feature","geometry":{"type":"Point","coordinates":[-46.5833766,-23.42718205]},"properties":{"id":"sp_geosampa_educacao_rede_publica:equipamento_educacao_rede_publica.52844","source_id":"sp_geosampa_educacao_rede_publica","name":"EMEF HELIO FRANCO CHAVES CEL","name_derived":false,"category":"school","subcategory":"primary_secondary","geometry_type":"Point","address":"KOTINDA, 1343, JARDIM CORISCO, 02365-010","equipment_type":"EMEF","administrative_sphere":null,"included_in_metrics":true,"exclusion_reason":null,"override_reason":null,"outside_boundary":false}},{"type":"Feature","geometry":{"type":"Point","coordinates":[-46.69041464,-23.46871293]},"properties":{"id":"sp_geosampa_educacao_rede_publica:equipamento_educacao_rede_publica.52847","source_id":"sp_geosampa_educacao_rede_publica","name":"EMEF GERALDO SESSO JUNIOR","name_derived":false,"category":"school","subcategory":"primary_secondary","geometry_type":"Point","address":"JOSE SIQUEIRA BRITO, 123, BRASILANDIA, 02845-160","equipment_type":"EMEF","administrative_sphere":null,"included_in_metrics":true,"exclusion_reason":null,"override_reason":null,"outside_boundary":false}},{"type":"Feature","geometry":{"type":"Point","coordinates":[-46.75148963,-23.60881538]},"properties":{"id":"sp_geosampa_educacao_rede_publica:equipamento_educacao_rede_publica.52853","source_id":"sp_geosampa_educacao_rede_publica","name":"EMEF ALIPIO CORREA NETO PROF","name_derived":false,"category":"school","subcategory":"primary_secondary","geometry_type":"Point","address":"JOAO CAIAFFA, 140, JARDIM TABOAO, 05742-100","equipment_type":"EMEF","administrative_sphere":null,"included_in_metrics":true,"exclusion_reason":null,"override_reason":null,"outside_boundary":false}},{"type":"Feature","geometry":{"type":"Point","coordinates":[-46.78381888,-23.60227225]},"properties":{"id":"sp_geosampa_educacao_rede_publica:equipamento_educacao_rede_publica.52854","source_id":"sp_geosampa_educacao_rede_publica","name":"EMEF EDA TEREZINHA CHICA MEDEIROS PROFA","name_derived":false,"category":"school","subcategory":"primary_secondary","geometry_type":"Point","address":"ENGENHEIRO HUGO TAKAHASHI, 333, RAPOSO TAVARES, 05563-120","equipment_type":"EMEF","administrative_sphere":null,"included_in_metrics":true,"exclusion_reason":null,"override_reason":null,"outside_boundary":false}},{"type":"Feature","geometry":{"type":"Point","coordinates":[-46.76032907,-23.5796202]},"properties":{"id":"sp_geosampa_educacao_rede_publica:equipamento_educacao_rede_publica.52855","source_id":"sp_geosampa_educacao_rede_publica","name":"EMEF PEDRO NAVA","name_derived":false,"category":"school","subcategory":"primary_secondary","geometry_type":"Point","address":"JOAQUINA DA LAPA, 453, JARDIM ESTER YOLANDA, 05374-070","equipment_type":"EMEF","administrative_sphere":null,"included_in_metrics":true,"exclusion_reason":null,"override_reason":null,"outside_boundary":false}},{"type":"Feature","geometry":{"type":"Point","coordinates":[-46.75542929,-23.59584957]},"properties":{"id":"sp_geosampa_educacao_rede_publica:equipamento_educacao_rede_publica.52856","source_id":"sp_geosampa_educacao_rede_publica","name":"EMEF VIANNA MOOG","name_derived":false,"category":"school","subcategory":"primary_secondary","geometry_type":"Point","address":"FRANCISCO LEITE ESQUERDO, 310, JARDIM JAQUELINE, 05528-040","equipment_type":"EMEF","administrative_sphere":null,"included_in_metrics":true,"exclusion_reason":null,"override_reason":null,"outside_boundary":false}},{"type":"Feature","geometry":{"type":"Point","coordinates":[-46.67020408,-23.75337417]},"properties":{"id":"sp_geosampa_educacao_rede_publica:equipamento_educacao_rede_publica.52859","source_id":"sp_geosampa_educacao_rede_publica","name":"EMEF PLINIO SALGADO","name_derived":false,"category":"school","subcategory":"primary_secondary","geometry_type":"Point","address":"CLARISSA, S/N, JARDIM EDI, 04851-070","equipment_type":"EMEF","administrative_sphere":null,"included_in_metrics":true,"exclusion_reason":null,"override_reason":null,"outside_boundary":false}},{"type":"Feature","geometry":{"type":"Point","coordinates":[-46.67583246,-23.68965881]},"properties":{"id":"sp_geosampa_educacao_rede_publica:equipamento_educacao_rede_publica.52860","source_id":"sp_geosampa_educacao_rede_publica","name":"EMEF JOAO DE SOUZA FERRAZ PROF","name_derived":false,"category":"school","subcategory":"primary_secondary","geometry_type":"Point","address":"RAFAEL CORREIA SAMPAIO, 291, JARDIM PALMARES, 04457-100","equipment_type":"EMEF","administrative_sphere":null,"included_in_metrics":true,"exclusion_reason":null,"override_reason":null,"outside_boundary":false}},{"type":"Feature","geometry":{"type":"Point","coordinates":[-46.65902768,-23.68860831]},"properties":{"id":"sp_geosampa_educacao_rede_publica:equipamento_educacao_rede_publica.52861","source_id":"sp_geosampa_educacao_rede_publica","name":"EMEF SYLVIO HECK ALM","name_derived":false,"category":"school","subcategory":"primary_secondary","geometry_type":"Point","address":"PEDRO NOGUEIRA DE PAZES, 199, JARDIM ITAPURA, 04433-010","equipment_type":"EMEF","administrative_sphere":null,"included_in_metrics":true,"exclusion_reason":null,"override_reason":null,"outside_boundary":false}},{"type":"Feature","geometry":{"type":"Point","coordinates":[-46.75774778,-23.68707556]},"properties":{"id":"sp_geosampa_educacao_rede_publica:equipamento_educacao_rede_publica.52863","source_id":"sp_geosampa_educacao_rede_publica","name":"EMEF DEZOITO DO FORTE","name_derived":false,"category":"school","subcategory":"primary_secondary","geometry_type":"Point","address":"HAFIZ ABI CHEDID, 110, VILA BOM JARDIM, 04937-210","equipment_type":"EMEF","administrative_sphere":null,"included_in_metrics":true,"exclusion_reason":null,"override_reason":null,"outside_boundary":false}},{"type":"Feature","geometry":{"type":"Point","coordinates":[-46.76201753,-23.64721857]},"properties":{"id":"sp_geosampa_educacao_rede_publica:equipamento_educacao_rede_publica.52864","source_id":"sp_geosampa_educacao_rede_publica","name":"EMEF MODESTO SCAGLIUSI","name_derived":false,"category":"school","subcategory":"primary_secondary","geometry_type":"Point","address":"JOAO RODRIGUES DE MOURA, 16, JARDIM PIRACUAMA, 05763-440","equipment_type":"EMEF","administrative_sphere":null,"included_in_metrics":true,"exclusion_reason":null,"override_reason":null,"outside_boundary":false}},{"type":"Feature","geometry":{"type":"Point","coordinates":[-46.73836797,-23.67481567]},"properties":{"id":"sp_geosampa_educacao_rede_publica:equipamento_educacao_rede_publica.52865","source_id":"sp_geosampa_educacao_rede_publica","name":"EMEF PRACINHAS DA FEB","name_derived":false,"category":"school","subcategory":"primary_secondary","geometry_type":"Point","address":"ANTONIO RAPOSO BARRETO, 151, JARDIM DAS FLORES, 04904-170","equipment_type":"EMEF","administrative_sphere":null,"included_in_metrics":true,"exclusion_reason":null,"override_reason":null,"outside_boundary":false}},{"type":"Feature","geometry":{"type":"Point","coordinates":[-46.77705603,-23.66856069]},"properties":{"id":"sp_geosampa_educacao_rede_publica:equipamento_educacao_rede_publica.52866","source_id":"sp_geosampa_educacao_rede_publica","name":"EMEF RICARDO VITIELLO PROF","name_derived":false,"category":"school","subcategory":"primary_secondary","geometry_type":"Point","address":"DA SOLIDARIEDADE, 200, COHAB INSTITUTO ADVENTISTA, 05868-250","equipment_type":"EMEF","administrative_sphere":null,"included_in_metrics":true,"exclusion_reason":null,"override_reason":null,"outside_boundary":false}},{"type":"Feature","geometry":{"type":"Point","coordinates":[-46.76726959,-23.62473079]},"properties":{"id":"sp_geosampa_educacao_rede_publica:equipamento_educacao_rede_publica.52867","source_id":"sp_geosampa_educacao_rede_publica","name":"EMEF VERA LUCIA FUSCO BORBA PROFA","name_derived":false,"category":"school","subcategory":"primary_secondary","geometry_type":"Point","address":"MARTINHO LUTERO, 375, JARDIM CAMPO LIMPO, 05785-180","equipment_type":"EMEF","administrative_sphere":null,"included_in_metrics":true,"exclusion_reason":null,"override_reason":null,"outside_boundary":false}},{"type":"Feature","geometry":{"type":"Point","coordinates":[-46.74729345,-23.63338718]},"properties":{"id":"sp_geosampa_educacao_rede_publica:equipamento_educacao_rede_publica.52868","source_id":"sp_geosampa_educacao_rede_publica","name":"EMEF 22 DE MARCO","name_derived":false,"category":"school","subcategory":"primary_secondary","geometry_type":"Point","address":"FRANCISCO SOARES, 51, PARQUE REGINA, 05774-300","equipment_type":"EMEF","administrative_sphere":null,"included_in_metrics":true,"exclusion_reason":null,"override_reason":null,"outside_boundary":false}},{"type":"Feature","geometry":{"type":"Point","coordinates":[-46.79075886,-23.68559537]},"properties":{"id":"sp_geosampa_educacao_rede_publica:equipamento_educacao_rede_publica.52870","source_id":"sp_geosampa_educacao_rede_publica","name":"EMEF ANTONIO ALVES DA SILVA SG","name_derived":false,"category":"school","subcategory":"primary_secondary","geometry_type":"Point","address":"GARCIA DE ORTA, 36, PARQUE INDEPENDENCIA, 05880-290","equipment_type":"EMEF","administrative_sphere":null,"included_in_metrics":true,"exclusion_reason":null,"override_reason":null,"outside_boundary":false}},{"type":"Feature","geometry":{"type":"Point","coordinates":[-46.77187284,-23.67773447]},"properties":{"id":"sp_geosampa_educacao_rede_publica:equipamento_educacao_rede_publica.52871","source_id":"sp_geosampa_educacao_rede_publica","name":"EMEF JOAO PEDRO DE CARVALHO NETO DR","name_derived":false,"category":"school","subcategory":"primary_secondary","geometry_type":"Point","address":"ALFREDO OMETECIDIO, 339, JARDIM SAO JOSE, 05869-170","equipment_type":"EMEF","administrative_sphere":null,"included_in_metrics":true,"exclusion_reason":null,"override_reason":null,"outside_boundary":false}},{"type":"Feature","geometry":{"type":"Point","coordinates":[-46.51747774,-23.55302365]},"properties":{"id":"sp_geosampa_educacao_rede_publica:equipamento_educacao_rede_publica.52873","source_id":"sp_geosampa_educacao_rede_publica","name":"EMEF ASSAD ABDALA","name_derived":false,"category":"school","subcategory":"primary_secondary","geometry_type":"Point","address":"MENDONCA DRUMOND, 902, JARDIM MARINGA, 03524-030","equipment_type":"EMEF","administrative_sphere":null,"included_in_metrics":true,"exclusion_reason":null,"override_reason":null,"outside_boundary":false}},{"type":"Feature","geometry":{"type":"Point","coordinates":[-46.42777952,-23.55054833]},"properties":{"id":"sp_geosampa_educacao_rede_publica:equipamento_educacao_rede_publica.52877","source_id":"sp_geosampa_educacao_rede_publica","name":"EMEF MALLET MAL","name_derived":false,"category":"school","subcategory":"primary_secondary","geometry_type":"Point","address":"GENERAL MOREIRA COUTO, 72, JARDIM SAO PEDRO, 08420-730","equipment_type":"EMEF","administrative_sphere":null,"included_in_metrics":true,"exclusion_reason":null,"override_reason":null,"outside_boundary":false}},{"type":"Feature","geometry":{"type":"Point","coordinates":[-46.48521457,-23.61298599]},"properties":{"id":"sp_geosampa_educacao_rede_publica:equipamento_educacao_rede_publica.52879","source_id":"sp_geosampa_educacao_rede_publica","name":"EMEF AMELIA IMP DA","name_derived":false,"category":"school","subcategory":"primary_secondary","geometry_type":"Point","address":"TENENTE LAURO SODRE, 235, JARDIM SANTA ADELIA, 03974-050","equipment_type":"EMEF","administrative_sphere":null,"included_in_metrics":true,"exclusion_reason":null,"override_reason":null,"outside_boundary":false}},{"type":"Feature","geometry":{"type":"Point","coordinates":[-46.44927362,-23.59507203]},"properties":{"id":"sp_geosampa_educacao_rede_publica:equipamento_educacao_rede_publica.52880","source_id":"sp_geosampa_educacao_rede_publica","name":"EMEF BENEDITO MONTENEGRO PROF","name_derived":false,"category":"school","subcategory":"primary_secondary","geometry_type":"Point","address":"RAGUEB CHOHFI, 4046, JARDIM TRES MARIAS, 08375-000","equipment_type":"EMEF","administrative_sphere":null,"included_in_metrics":true,"exclusion_reason":null,"override_reason":null,"outside_boundary":false}},{"type":"Feature","geometry":{"type":"Point","coordinates":[-46.42581144,-23.47749467]},"properties":{"id":"sp_geosampa_educacao_rede_publica:equipamento_educacao_rede_publica.52883","source_id":"sp_geosampa_educacao_rede_publica","name":"EMEF JOSE ERMIRIO DE MORAES SEN","name_derived":false,"category":"school","subcategory":"primary_secondary","geometry_type":"Point","address":"SAO BRAS DO SUACUI, 159, JARDIM HELENA, 08090-290","equipment_type":"EMEF","administrative_sphere":null,"included_in_metrics":true,"exclusion_reason":null,"override_reason":null,"outside_boundary":false}},{"type":"Feature","geometry":{"type":"Point","coordinates":[-46.41630197,-23.49694539]},"properties":{"id":"sp_geosampa_educacao_rede_publica:equipamento_educacao_rede_publica.52884","source_id":"sp_geosampa_educacao_rede_publica","name":"EMEF JOSE HONORIO RODRIGUES","name_derived":false,"category":"school","subcategory":"primary_secondary","geometry_type":"Point","address":"DO POMBO CORREIO, 50, ITAIM PAULISTA, 08160-142","equipment_type":"EMEF","administrative_sphere":null,"included_in_metrics":true,"exclusion_reason":null,"override_reason":null,"outside_boundary":false}},{"type":"Feature","geometry":{"type":"Point","coordinates":[-46.41435089,-23.48386492]},"properties":{"id":"sp_geosampa_educacao_rede_publica:equipamento_educacao_rede_publica.52885","source_id":"sp_geosampa_educacao_rede_publica","name":"EMEF VIRGILIO DE MELLO FRANCO","name_derived":false,"category":"school","subcategory":"primary_secondary","geometry_type":"Point","address":"ERVA DO SERENO, 15, JARDIM MAIA, 08180-010","equipment_type":"EMEF","administrative_sphere":null,"included_in_metrics":true,"exclusion_reason":null,"override_reason":null,"outside_boundary":false}},{"type":"Feature","geometry":{"type":"Point","coordinates":[-46.62968159,-23.85609954]},"properties":{"id":"sp_geosampa_educacao_rede_publica:equipamento_educacao_rede_publica.52988","source_id":"sp_geosampa_educacao_rede_publica","name":"KRUKUTU","name_derived":false,"category":"school","subcategory":"primary_secondary","geometry_type":"Point","address":"GRANJA SAIKI, 1693, BARRAGEM, 04895-000","equipment_type":"EE","administrative_sphere":null,"included_in_metrics":true,"exclusion_reason":null,"override_reason":null,"outside_boundary":false}},{"type":"Feature","geometry":{"type":"Point","coordinates":[-46.75850389,-23.66716362]},"properties":{"id":"sp_geosampa_educacao_rede_publica:equipamento_educacao_rede_publica.53195","source_id":"sp_geosampa_educacao_rede_publica","name":"WANDER TAFFO MUSICO","name_derived":false,"category":"school","subcategory":"primary_secondary","geometry_type":"Point","address":"MANGUALDE, 427, PARQUE SANTO ANTONIO, 05851-260","equipment_type":"EE","administrative_sphere":null,"included_in_metrics":true,"exclusion_reason":null,"override_reason":null,"outside_boundary":false}},{"type":"Feature","geometry":{"type":"Point","coordinates":[-46.74486616,-23.40074006]},"properties":{"id":"sp_geosampa_educacao_rede_publica:equipamento_educacao_rede_publica.53201","source_id":"sp_geosampa_educacao_rede_publica","name":"EMEF PHILO GONCALVES DOS SANTOS PROFA","name_derived":false,"category":"school","subcategory":"primary_secondary","geometry_type":"Point","address":"ALAGOA NOVA, S/N, PERUS, 05202-260","equipment_type":"EMEF","administrative_sphere":null,"included_in_metrics":true,"exclusion_reason":null,"override_reason":null,"outside_boundary":false}},{"type":"Feature","geometry":{"type":"Point","coordinates":[-46.74055247,-23.44000487]},"properties":{"id":"sp_geosampa_educacao_rede_publica:equipamento_educacao_rede_publica.53285","source_id":"sp_geosampa_educacao_rede_publica","name":"THAYANE LUZIMARA COSTA VALCACER PROFESSORA","name_derived":false,"category":"school","subcategory":"primary_secondary","geometry_type":"Point","address":"FRIEDRICH VON VOITH, 1790, JARDIM SAO JOAO JARAGUA, 02995-000","equipment_type":"EE","administrative_sphere":null,"included_in_metrics":true,"exclusion_reason":null,"override_reason":null,"outside_boundary":false}},{"type":"Feature","geometry":{"type":"Point","coordinates":[-46.68505654,-23.45424088]},"properties":{"id":"sp_geosampa_educacao_rede_publica:equipamento_educacao_rede_publica.53286","source_id":"sp_geosampa_educacao_rede_publica","name":"REPUBLICA DA COLOMBIA","name_derived":false,"category":"school","subcategory":"primary_secondary","geometry_type":"Point","address":"RENDEIRA, 926, JARDIM VISTA ALEGRE, 02878-160","equipment_type":"EE","administrative_sphere":null,"included_in_metrics":true,"exclusion_reason":null,"override_reason":null,"outside_boundary":false}},{"type":"Feature","geometry":{"type":"Point","coordinates":[-46.75913271,-23.69017863]},"properties":{"id":"sp_geosampa_educacao_rede_publica:equipamento_educacao_rede_publica.54211","source_id":"sp_geosampa_educacao_rede_publica","name":"JARDIM CAPELA IV","name_derived":false,"category":"school","subcategory":"primary_secondary","geometry_type":"Point","address":"BARONESA, 100, PARQUE BOLOGNE, 04941-175","equipment_type":"EE","administrative_sphere":null,"included_in_metrics":true,"exclusion_reason":null,"override_reason":null,"outside_boundary":false}},{"type":"Feature","geometry":{"type":"Point","coordinates":[-46.75574043,-23.67750331]},"properties":{"id":"sp_geosampa_educacao_rede_publica:equipamento_educacao_rede_publica.54215","source_id":"sp_geosampa_educacao_rede_publica","name":"EUDORO VILLELA","name_derived":false,"category":"school","subcategory":"primary_secondary","geometry_type":"Point","address":"GUAVIRUTUBA, 600, VILA BOM JARDIM, 04937-000","equipment_type":"EE","administrative_sphere":null,"included_in_metrics":true,"exclusion_reason":null,"override_reason":null,"outside_boundary":false}},{"type":"Feature","geometry":{"type":"Point","coordinates":[-46.74163924,-23.66173956]},"properties":{"id":"sp_geosampa_educacao_rede_publica:equipamento_educacao_rede_publica.54216","source_id":"sp_geosampa_educacao_rede_publica","name":"MARILSA GARBOSSA FRANCISCO PROFESSORA","name_derived":false,"category":"school","subcategory":"primary_secondary","geometry_type":"Point","address":"PAULO LEMORE, SN, JARDIM SAO LUIS, 05844-190","equipment_type":"EE","administrative_sphere":null,"included_in_metrics":true,"exclusion_reason":null,"override_reason":null,"outside_boundary":false}},{"type":"Feature","geometry":{"type":"Point","coordinates":[-46.70873669,-23.44717245]},"properties":{"id":"sp_geosampa_educacao_rede_publica:equipamento_educacao_rede_publica.54271","source_id":"sp_geosampa_educacao_rede_publica","name":"EMEF ERNANI SILVA BRUNO","name_derived":false,"category":"school","subcategory":"primary_secondary","geometry_type":"Point","address":"INTERATIVA, 100, VILA BRASILANDIA, 02820-020","equipment_type":"EMEF","administrative_sphere":null,"included_in_metrics":true,"exclusion_reason":null,"override_reason":null,"outside_boundary":false}},{"type":"Feature","geometry":{"type":"Point","coordinates":[-46.47930307,-23.52827781]},"properties":{"id":"sp_geosampa_educacao_rede_publica:equipamento_educacao_rede_publica.54273","source_id":"sp_geosampa_educacao_rede_publica","name":"EMEF JOSE CARLOS DE FIGUEIREDO FERRAZ PREF","name_derived":false,"category":"school","subcategory":"primary_secondary","geometry_type":"Point","address":"ALEXANDER BAIN, 89, JARDIM NORDESTE, 03690-060","equipment_type":"EMEF","administrative_sphere":null,"included_in_metrics":true,"exclusion_reason":null,"override_reason":null,"outside_boundary":false}},{"type":"Feature","geometry":{"type":"Point","coordinates":[-46.40560674,-23.52497664]},"properties":{"id":"sp_geosampa_educacao_rede_publica:equipamento_educacao_rede_publica.54274","source_id":"sp_geosampa_educacao_rede_publica","name":"EMEF EUZEBIO ROCHA FILHO","name_derived":false,"category":"school","subcategory":"primary_secondary","geometry_type":"Point","address":"AMPARO DA SERRA, S/N, PARQUE DOM JOAO NERI, 08151-300","equipment_type":"EMEF","administrative_sphere":null,"included_in_metrics":true,"exclusion_reason":null,"override_reason":null,"outside_boundary":false}},{"type":"Feature","geometry":{"type":"Point","coordinates":[-46.44270859,-23.53198903]},"properties":{"id":"sp_geosampa_educacao_rede_publica:equipamento_educacao_rede_publica.54275","source_id":"sp_geosampa_educacao_rede_publica","name":"EMEF JULIO CESAR DE MELO E SOUSA-MALBA TAHAN PROF","name_derived":false,"category":"school","subcategory":"primary_secondary","geometry_type":"Point","address":"SEBASTIAO MEDEIROS DA SILVA, 89, ITAQUERA, 08210-661","equipment_type":"EMEF","administrative_sphere":null,"included_in_metrics":true,"exclusion_reason":null,"override_reason":null,"outside_boundary":false}},{"type":"Feature","geometry":{"type":"Point","coordinates":[-46.49310538,-23.49936545]},"properties":{"id":"sp_geosampa_educacao_rede_publica:equipamento_educacao_rede_publica.54276","source_id":"sp_geosampa_educacao_rede_publica","name":"EMEF JOAO FRANZOLIN NETO PROF","name_derived":false,"category":"school","subcategory":"primary_secondary","geometry_type":"Point","address":"PEDRA LAVRADA, 575, PARQUE CISPER, 03818-000","equipment_type":"EMEF","administrative_sphere":null,"included_in_metrics":true,"exclusion_reason":null,"override_reason":null,"outside_boundary":false}},{"type":"Feature","geometry":{"type":"Point","coordinates":[-46.41660602,-23.59256318]},"properties":{"id":"sp_geosampa_educacao_rede_publica:equipamento_educacao_rede_publica.54277","source_id":"sp_geosampa_educacao_rede_publica","name":"EMEF CAIO SERGIO POMPEU DE TOLEDO DEP","name_derived":false,"category":"school","subcategory":"primary_secondary","geometry_type":"Point","address":"NASCER DO SOL, 1360, COHAB SANTA ETELVINA II A, 08485-020","equipment_type":"EMEF","administrative_sphere":null,"included_in_metrics":true,"exclusion_reason":null,"override_reason":null,"outside_boundary":false}},{"type":"Feature","geometry":{"type":"Point","coordinates":[-46.66541082,-23.67717499]},"properties":{"id":"sp_geosampa_educacao_rede_publica:equipamento_educacao_rede_publica.54279","source_id":"sp_geosampa_educacao_rede_publica","name":"EMEF PRESTES MAIA","name_derived":false,"category":"school","subcategory":"primary_secondary","geometry_type":"Point","address":"SELMA KURTZ, 166, JARDIM MARIA LUIZA, 04434-010","equipment_type":"EMEF","administrative_sphere":null,"included_in_metrics":true,"exclusion_reason":null,"override_reason":null,"outside_boundary":false}},{"type":"Feature","geometry":{"type":"Point","coordinates":[-46.79793794,-23.67794988]},"properties":{"id":"sp_geosampa_educacao_rede_publica:equipamento_educacao_rede_publica.54280","source_id":"sp_geosampa_educacao_rede_publica","name":"EMEF THEODOMIRO MONTEIRO DO AMARAL PROF","name_derived":false,"category":"school","subcategory":"primary_secondary","geometry_type":"Point","address":"ACARIRANA, 51, JARDIM DOM JOSE, 05887-230","equipment_type":"EMEF","administrative_sphere":null,"included_in_metrics":true,"exclusion_reason":null,"override_reason":null,"outside_boundary":false}},{"type":"Feature","geometry":{"type":"Point","coordinates":[-46.76040916,-23.40951565]},"properties":{"id":"sp_geosampa_educacao_rede_publica:equipamento_educacao_rede_publica.54283","source_id":"sp_geosampa_educacao_rede_publica","name":"EMEF FERNANDO GRACIOSO","name_derived":false,"category":"school","subcategory":"primary_secondary","geometry_type":"Point","address":"SILVEIRANIA, S/N, JARDIM RUSSO, 05211-060","equipment_type":"EMEF","administrative_sphere":null,"included_in_metrics":true,"exclusion_reason":null,"override_reason":null,"outside_boundary":false}},{"type":"Feature","geometry":{"type":"Point","coordinates":[-46.51916914,-23.60669078]},"properties":{"id":"sp_geosampa_educacao_rede_publica:equipamento_educacao_rede_publica.54285","source_id":"sp_geosampa_educacao_rede_publica","name":"EMEFM RUBENS PAIVA","name_derived":false,"category":"school","subcategory":"primary_secondary","geometry_type":"Point","address":"DOS NAVEGADORES, 91, JARDIM ANGELA, 03985-120","equipment_type":"EMEFM","administrative_sphere":null,"included_in_metrics":true,"exclusion_reason":null,"override_reason":null,"outside_boundary":false}},{"type":"Feature","geometry":{"type":"Point","coordinates":[-46.41199943,-23.58208259]},"properties":{"id":"sp_geosampa_educacao_rede_publica:equipamento_educacao_rede_publica.54286","source_id":"sp_geosampa_educacao_rede_publica","name":"EMEF CLAUDIA BARTOLOMAZI PROFA","name_derived":false,"category":"school","subcategory":"primary_secondary","geometry_type":"Point","address":"ARROIO ARAPONGAS, 275, CONJUNTO HABITACIONAL SANTA ETELVINA III, 08485-440","equipment_type":"EMEF","administrative_sphere":null,"included_in_metrics":true,"exclusion_reason":null,"override_reason":null,"outside_boundary":false}},{"type":"Feature","geometry":{"type":"Point","coordinates":[-46.71294833,-23.76383379]},"properties":{"id":"sp_geosampa_educacao_rede_publica:equipamento_educacao_rede_publica.54287","source_id":"sp_geosampa_educacao_rede_publica","name":"EMEF FLORESTAN FERNANDES PROF","name_derived":false,"category":"school","subcategory":"primary_secondary","geometry_type":"Point","address":"MARGUERITTE LONG, 41, JARDIM GUANABARA, 04860-320","equipment_type":"EMEF","administrative_sphere":null,"included_in_metrics":true,"exclusion_reason":null,"override_reason":null,"outside_boundary":false}},{"type":"Feature","geometry":{"type":"Point","coordinates":[-46.74048405,-23.66250957]},"properties":{"id":"sp_geosampa_educacao_rede_publica:equipamento_educacao_rede_publica.54288","source_id":"sp_geosampa_educacao_rede_publica","name":"EMEF ANNA SILVEIRA PEDREIRA","name_derived":false,"category":"school","subcategory":"primary_secondary","geometry_type":"Point","address":"NOVA DO TUPAROQUERA, 1901, JARDIM NOVO SANTO AMARO, 05820-200","equipment_type":"EMEF","administrative_sphere":null,"included_in_metrics":true,"exclusion_reason":null,"override_reason":null,"outside_boundary":false}},{"type":"Feature","geometry":{"type":"Point","coordinates":[-46.7260906,-23.48229809]},"properties":{"id":"sp_geosampa_educacao_rede_publica:equipamento_educacao_rede_publica.54290","source_id":"sp_geosampa_educacao_rede_publica","name":"EMEFM GUIOMAR CABRAL","name_derived":false,"category":"school","subcategory":"primary_secondary","geometry_type":"Point","address":"MENOTTI LAUDISIO, 553, JARDIM CIDADE PIRITUBA, 02945-000","equipment_type":"EMEFM","administrative_sphere":null,"included_in_metrics":true,"exclusion_reason":null,"override_reason":null,"outside_boundary":false}},{"type":"Feature","geometry":{"type":"Point","coordinates":[-46.62719839,-23.51434411]},"properties":{"id":"sp_geosampa_educacao_rede_publica:equipamento_educacao_rede_publica.54294","source_id":"sp_geosampa_educacao_rede_publica","name":"EMEFM ANTONIO SAMPAIO VER","name_derived":false,"category":"school","subcategory":"primary_secondary","geometry_type":"Point","address":"VOLUNTARIOS DA PATRIA, 733, SANTANA, 02011-000","equipment_type":"EMEFM","administrative_sphere":null,"included_in_metrics":true,"exclusion_reason":null,"override_reason":null,"outside_boundary":false}},{"type":"Feature","geometry":{"type":"Point","coordinates":[-46.44272648,-23.49462647]},"properties":{"id":"sp_geosampa_educacao_rede_publica:equipamento_educacao_rede_publica.54301","source_id":"sp_geosampa_educacao_rede_publica","name":"EMEFM DARCY RIBEIRO","name_derived":false,"category":"school","subcategory":"primary_secondary","geometry_type":"Point","address":"DANIEL BERNARDO, 105, SAO MIGUEL PAULISTA, 08010-100","equipment_type":"EMEFM","administrative_sphere":null,"included_in_metrics":true,"exclusion_reason":null,"override_reason":null,"outside_boundary":false}},{"type":"Feature","geometry":{"type":"Point","coordinates":[-46.3721231,-23.49370109]},"properties":{"id":"sp_geosampa_educacao_rede_publica:equipamento_educacao_rede_publica.54303","source_id":"sp_geosampa_educacao_rede_publica","name":"EMEF VICENTE AMATO SOBRINHO COM","name_derived":false,"category":"school","subcategory":"primary_secondary","geometry_type":"Point","address":"VALDOMIRO GONZAGA SILVA, 1233, JARDIM DAS OLIVEIRAS, 08111-540","equipment_type":"EMEF","administrative_sphere":null,"included_in_metrics":true,"exclusion_reason":null,"override_reason":null,"outside_boundary":false}},{"type":"Feature","geometry":{"type":"Point","coordinates":[-46.42193961,-23.58759363]},"properties":{"id":"sp_geosampa_educacao_rede_publica:equipamento_educacao_rede_publica.54308","source_id":"sp_geosampa_educacao_rede_publica","name":"EMEF CLOTILDE ROSA HENRIQUES ELIAS PROFA","name_derived":false,"category":"school","subcategory":"primary_secondary","geometry_type":"Point","address":"ARROIO CAMPO BOM, 215, COHAB SANTA ETELVINA II B, 08485-475","equipment_type":"EMEF","administrative_sphere":null,"included_in_metrics":true,"exclusion_reason":null,"override_reason":null,"outside_boundary":false}},{"type":"Feature","geometry":{"type":"Point","coordinates":[-46.39183162,-23.58712352]},"properties":{"id":"sp_geosampa_educacao_rede_publica:equipamento_educacao_rede_publica.54309","source_id":"sp_geosampa_educacao_rede_publica","name":"EMEF MAILSON DELANE PROF","name_derived":false,"category":"school","subcategory":"primary_secondary","geometry_type":"Point","address":"SALVADOR VIGANO, 100, CONJUNTO HABITACIONAL BARRO BRANCO II, 08473-605","equipment_type":"EMEF","administrative_sphere":null,"included_in_metrics":true,"exclusion_reason":null,"override_reason":null,"outside_boundary":false}},{"type":"Feature","geometry":{"type":"Point","coordinates":[-46.44509104,-23.60431525]},"properties":{"id":"sp_geosampa_educacao_rede_publica:equipamento_educacao_rede_publica.54312","source_id":"sp_geosampa_educacao_rede_publica","name":"EMEF CARLOS CORREA MASCARO PROF","name_derived":false,"category":"school","subcategory":"primary_secondary","geometry_type":"Point","address":"SALVE A MOCIDADE, 932, JARDIM DA CONQUISTA, 08343-320","equipment_type":"EMEF","administrative_sphere":null,"included_in_metrics":true,"exclusion_reason":null,"override_reason":null,"outside_boundary":false}},{"type":"Feature","geometry":{"type":"Point","coordinates":[-46.58462297,-23.62133273]},"properties":{"id":"sp_geosampa_educacao_rede_publica:equipamento_educacao_rede_publica.54315","source_id":"sp_geosampa_educacao_rede_publica","name":"EMEF PERICLES EUGENIO DA SILVA RAMOS","name_derived":false,"category":"school","subcategory":"primary_secondary","geometry_type":"Point","address":"BARBINOS, 111, SAO JOAO CLIMACO, 04240-110","equipment_type":"EMEF","administrative_sphere":null,"included_in_metrics":true,"exclusion_reason":null,"override_reason":null,"outside_boundary":false}},{"type":"Feature","geometry":{"type":"Point","coordinates":[-46.72657451,-23.61676452]},"properties":{"id":"sp_geosampa_educacao_rede_publica:equipamento_educacao_rede_publica.54320","source_id":"sp_geosampa_educacao_rede_publica","name":"EMEF PAULO FREIRE PROF","name_derived":false,"category":"school","subcategory":"primary_secondary","geometry_type":"Point","address":"MELCHIOR GIOLA, 296, PARAISOPOLIS, 05664-000","equipment_type":"EMEF","administrative_sphere":null,"included_in_metrics":true,"exclusion_reason":null,"override_reason":null,"outside_boundary":false}},{"type":"Feature","geometry":{"type":"Point","coordinates":[-46.66844168,-23.74748254]},"properties":{"id":"sp_geosampa_educacao_rede_publica:equipamento_educacao_rede_publica.54322","source_id":"sp_geosampa_educacao_rede_publica","name":"EMEF DAMIAO FREI","name_derived":false,"category":"school","subcategory":"primary_secondary","geometry_type":"Point","address":"DANIEL ALOMIA, 325, JARDIM SIPRAMAR, 04851-340","equipment_type":"EMEF","administrative_sphere":null,"included_in_metrics":true,"exclusion_reason":null,"override_reason":null,"outside_boundary":false}},{"type":"Feature","geometry":{"type":"Point","coordinates":[-46.75057432,-23.41301917]},"properties":{"id":"sp_geosampa_educacao_rede_publica:equipamento_educacao_rede_publica.54323","source_id":"sp_geosampa_educacao_rede_publica","name":"EMEF JAIRO DE ALMEIDA PROF","name_derived":false,"category":"school","subcategory":"primary_secondary","geometry_type":"Point","address":"RECANTO DOS HUMILDES, S/N, CONJUNTO HABITACIONAL RECANTO DOS HUMILD, 05209-000","equipment_type":"EMEF","administrative_sphere":null,"included_in_metrics":true,"exclusion_reason":null,"override_reason":null,"outside_boundary":false}},{"type":"Feature","geometry":{"type":"Point","coordinates":[-46.55711116,-23.51705722]},"properties":{"id":"sp_geosampa_educacao_rede_publica:equipamento_educacao_rede_publica.54325","source_id":"sp_geosampa_educacao_rede_publica","name":"EMEF CELIA REGINA LEKEVICIUS CONSOLIN PROFA","name_derived":false,"category":"school","subcategory":"primary_secondary","geometry_type":"Point","address":"GIUSEPPE MARINO, S/N, PARQUE NOVO MUNDO, 02181-190","equipment_type":"EMEF","administrative_sphere":null,"included_in_metrics":true,"exclusion_reason":null,"override_reason":null,"outside_boundary":false}},{"type":"Feature","geometry":{"type":"Point","coordinates":[-46.4696879,-23.50356072]},"properties":{"id":"sp_geosampa_educacao_rede_publica:equipamento_educacao_rede_publica.54330","source_id":"sp_geosampa_educacao_rede_publica","name":"EMEF LINO DE MATTOS SEN","name_derived":false,"category":"school","subcategory":"primary_secondary","geometry_type":"Point","address":"SAPUPIRA, 1005, JD PEDRO JOSE NUNES, 08061-440","equipment_type":"EMEF","administrative_sphere":null,"included_in_metrics":true,"exclusion_reason":null,"override_reason":null,"outside_boundary":false}},{"type":"Feature","geometry":{"type":"Point","coordinates":[-46.48139823,-23.56897199]},"properties":{"id":"sp_geosampa_educacao_rede_publica:equipamento_educacao_rede_publica.54332","source_id":"sp_geosampa_educacao_rede_publica","name":"EMEF JOSE QUERINO RIBEIRO","name_derived":false,"category":"school","subcategory":"primary_secondary","geometry_type":"Point","address":"CORONEL ALBERT DE ROCHAS DAIGLUM, 50, VILA ARICANDUVA, 08275-570","equipment_type":"EMEF","administrative_sphere":null,"included_in_metrics":true,"exclusion_reason":null,"override_reason":null,"outside_boundary":false}},{"type":"Feature","geometry":{"type":"Point","coordinates":[-46.77674853,-23.59989421]},"properties":{"id":"sp_geosampa_educacao_rede_publica:equipamento_educacao_rede_publica.54338","source_id":"sp_geosampa_educacao_rede_publica","name":"EMEF ILEUSA CAETANO DA SILVA PROFA","name_derived":false,"category":"school","subcategory":"primary_secondary","geometry_type":"Point","address":"D, 10, JARDIM EDUCANDARIO, 05564-100","equipment_type":"EMEF","administrative_sphere":null,"included_in_metrics":true,"exclusion_reason":null,"override_reason":null,"outside_boundary":false}},{"type":"Feature","geometry":{"type":"Point","coordinates":[-46.79318757,-23.44902469]},"properties":{"id":"sp_geosampa_educacao_rede_publica:equipamento_educacao_rede_publica.54340","source_id":"sp_geosampa_educacao_rede_publica","name":"EMEF MILENA BENEDICTO PROFA","name_derived":false,"category":"school","subcategory":"primary_secondary","geometry_type":"Point","address":"FELIPPO STURBA, 25, JARDIM ANHANGUERA, 05267-200","equipment_type":"EMEF","administrative_sphere":null,"included_in_metrics":true,"exclusion_reason":null,"override_reason":null,"outside_boundary":false}},{"type":"Feature","geometry":{"type":"Point","coordinates":[-46.37226409,-23.50505201]},"properties":{"id":"sp_geosampa_educacao_rede_publica:equipamento_educacao_rede_publica.54341","source_id":"sp_geosampa_educacao_rede_publica","name":"EMEF HELLIO TAVARES DR","name_derived":false,"category":"school","subcategory":"primary_secondary","geometry_type":"Point","address":"PAULO TAPAJOS, 654, ITAIM PAULISTA, 08131-360","equipment_type":"EMEF","administrative_sphere":null,"included_in_metrics":true,"exclusion_reason":null,"override_reason":null,"outside_boundary":false}},{"type":"Feature","geometry":{"type":"Point","coordinates":[-46.44571876,-23.63245528]},"properties":{"id":"sp_geosampa_educacao_rede_publica:equipamento_educacao_rede_publica.54342","source_id":"sp_geosampa_educacao_rede_publica","name":"EMEF THEREZA MACIEL DE PAULA PROFA","name_derived":false,"category":"school","subcategory":"primary_secondary","geometry_type":"Point","address":"JORGE CARLOS DE ALMEIDA, 66, JARDIM SANTO ANDRE, 08390-355","equipment_type":"EMEF","administrative_sphere":null,"included_in_metrics":true,"exclusion_reason":null,"override_reason":null,"outside_boundary":false}},{"type":"Feature","geometry":{"type":"Point","coordinates":[-46.4168639,-23.565045]},"properties":{"id":"sp_geosampa_educacao_rede_publica:equipamento_educacao_rede_publica.54343","source_id":"sp_geosampa_educacao_rede_publica","name":"EMEF LUIZ ROBERTO MEGA PROF","name_derived":false,"category":"school","subcategory":"primary_secondary","geometry_type":"Point","address":"HENRIQUE ADAMUS, 16, JARDIM AUREA, 08421-107","equipment_type":"EMEF","administrative_sphere":null,"included_in_metrics":true,"exclusion_reason":null,"override_reason":null,"outside_boundary":false}},{"type":"Feature","geometry":{"type":"Point","coordinates":[-46.78302207,-23.65925151]},"properties":{"id":"sp_geosampa_educacao_rede_publica:equipamento_educacao_rede_publica.54346","source_id":"sp_geosampa_educacao_rede_publica","name":"EMEF MARIA RITA DE CASSIA PINHEIRO SIMOES BRAGA PROFA","name_derived":false,"category":"school","subcategory":"primary_secondary","geometry_type":"Point","address":"MARIA CALLAS, 30, PARQUE LIGIA, 05857-530","equipment_type":"EMEF","administrative_sphere":null,"included_in_metrics":true,"exclusion_reason":null,"override_reason":null,"outside_boundary":false}},{"type":"Feature","geometry":{"type":"Point","coordinates":[-46.77687832,-23.75036548]},"properties":{"id":"sp_geosampa_educacao_rede_publica:equipamento_educacao_rede_publica.54347","source_id":"sp_geosampa_educacao_rede_publica","name":"EMEF JOSE BLOTA JUNIOR DEP","name_derived":false,"category":"school","subcategory":"primary_secondary","geometry_type":"Point","address":"RENE CASTERA, 601, CHACARA DA ENSEADA, 04963-160","equipment_type":"EMEF","administrative_sphere":null,"included_in_metrics":true,"exclusion_reason":null,"override_reason":null,"outside_boundary":false}},{"type":"Feature","geometry":{"type":"Point","coordinates":[-46.74127363,-23.63218751]},"properties":{"id":"sp_geosampa_educacao_rede_publica:equipamento_educacao_rede_publica.54348","source_id":"sp_geosampa_educacao_rede_publica","name":"EMEF FRANCISCO REBOLO","name_derived":false,"category":"school","subcategory":"primary_secondary","geometry_type":"Point","address":"CATARINENSES, 200, VILA ANDRADE, 05728-050","equipment_type":"EMEF","administrative_sphere":null,"included_in_metrics":true,"exclusion_reason":null,"override_reason":null,"outside_boundary":false}},{"type":"Feature","geometry":{"type":"Point","coordinates":[-46.71283225,-23.86133204]},"properties":{"id":"sp_geosampa_educacao_rede_publica:equipamento_educacao_rede_publica.54349","source_id":"sp_geosampa_educacao_rede_publica","name":"EMEF VARGEM GRANDE","name_derived":false,"category":"school","subcategory":"primary_secondary","geometry_type":"Point","address":"BEIJAFLOR, 1, COLONIA ZONA SUL, 04895-280","equipment_type":"EMEF","administrative_sphere":null,"included_in_metrics":true,"exclusion_reason":null,"override_reason":null,"outside_boundary":false}},{"type":"Feature","geometry":{"type":"Point","coordinates":[-46.71498759,-23.8517996]},"properties":{"id":"sp_geosampa_educacao_rede_publica:equipamento_educacao_rede_publica.54350","source_id":"sp_geosampa_educacao_rede_publica","name":"EMEF PEDRO GERALDO SCHUNCK","name_derived":false,"category":"school","subcategory":"primary_secondary","geometry_type":"Point","address":"ANTONIO BERNAL, 40, JARDIM SILVEIRA, 04892-100","equipment_type":"EMEF","administrative_sphere":null,"included_in_metrics":true,"exclusion_reason":null,"override_reason":null,"outside_boundary":false}},{"type":"Feature","geometry":{"type":"Point","coordinates":[-46.48544569,-23.62215575]},"properties":{"id":"sp_geosampa_educacao_rede_publica:equipamento_educacao_rede_publica.54351","source_id":"sp_geosampa_educacao_rede_publica","name":"EMEF FAZENDA DA JUTA","name_derived":false,"category":"school","subcategory":"primary_secondary","geometry_type":"Point","address":"LUCAS LOSSIUS, 95, JARDIM SANTA ADELIA, 03974-100","equipment_type":"EMEF","administrative_sphere":null,"included_in_metrics":true,"exclusion_reason":null,"override_reason":null,"outside_boundary":false}},{"type":"Feature","geometry":{"type":"Point","coordinates":[-46.67942277,-23.7597041]},"properties":{"id":"sp_geosampa_educacao_rede_publica:equipamento_educacao_rede_publica.54619","source_id":"sp_geosampa_educacao_rede_publica","name":"EMEF JOAO DA SILVA","name_derived":false,"category":"school","subcategory":"primary_secondary","geometry_type":"Point","address":"CONQUISTA POPULAR, S/N, VILA NASCENTE, 04846-550","equipment_type":"EMEF","administrative_sphere":null,"included_in_metrics":true,"exclusion_reason":null,"override_reason":null,"outside_boundary":false}},{"type":"Feature","geometry":{"type":"Point","coordinates":[-46.6960771,-23.74860089]},"properties":{"id":"sp_geosampa_educacao_rede_publica:equipamento_educacao_rede_publica.54621","source_id":"sp_geosampa_educacao_rede_publica","name":"EMEF LOURIVAL BRANDAO DOS SANTOS","name_derived":false,"category":"school","subcategory":"primary_secondary","geometry_type":"Point","address":"ALBA VALDEZ, 5, JARDIM REIMBERG, 04845-200","equipment_type":"EMEF","administrative_sphere":null,"included_in_metrics":true,"exclusion_reason":null,"override_reason":null,"outside_boundary":false}},{"type":"Feature","geometry":{"type":"Point","coordinates":[-46.76067493,-23.6610192]},"properties":{"id":"sp_geosampa_educacao_rede_publica:equipamento_educacao_rede_publica.54623","source_id":"sp_geosampa_educacao_rede_publica","name":"EMEF GIANFRANCESCO GUARNIERI","name_derived":false,"category":"school","subcategory":"primary_secondary","geometry_type":"Point","address":"DOMENICO FONTANA, S/N, PARQUE MARIA HELENA, 05854-080","equipment_type":"EMEF","administrative_sphere":null,"included_in_metrics":true,"exclusion_reason":null,"override_reason":null,"outside_boundary":false}},{"type":"Feature","geometry":{"type":"Point","coordinates":[-46.792042,-23.7308997]},"properties":{"id":"sp_geosampa_educacao_rede_publica:equipamento_educacao_rede_publica.54625","source_id":"sp_geosampa_educacao_rede_publica","name":"EMEF CHACARA SONHO AZUL","name_derived":false,"category":"school","subcategory":"primary_secondary","geometry_type":"Point","address":"JOSE ESTIMA FILHO, 1205, PARQUE SANTA BARBARA, 04960-020","equipment_type":"EMEF","administrative_sphere":null,"included_in_metrics":true,"exclusion_reason":null,"override_reason":null,"outside_boundary":false}},{"type":"Feature","geometry":{"type":"Point","coordinates":[-46.49585399,-23.49250125]},"properties":{"id":"sp_geosampa_educacao_rede_publica:equipamento_educacao_rede_publica.54627","source_id":"sp_geosampa_educacao_rede_publica","name":"EMEF JANUARIO MANTELLI NETO DEP","name_derived":false,"category":"school","subcategory":"primary_secondary","geometry_type":"Point","address":"CAICARA DO RIO DO VENTO, 367, PARQUE CISPER, 03817-000","equipment_type":"EMEF","administrative_sphere":null,"included_in_metrics":true,"exclusion_reason":null,"override_reason":null,"outside_boundary":false}},{"type":"Feature","geometry":{"type":"Point","coordinates":[-46.65818033,-23.45765497]},"properties":{"id":"sp_geosampa_educacao_rede_publica:equipamento_educacao_rede_publica.54628","source_id":"sp_geosampa_educacao_rede_publica","name":"EMEF ZILKA SALABERRY DE CARVALHO","name_derived":false,"category":"school","subcategory":"primary_secondary","geometry_type":"Point","address":"ANTONIO DA FRANCA E HORTA, 35, JARDIM PERI, 02652-110","equipment_type":"EMEF","administrative_sphere":null,"included_in_metrics":true,"exclusion_reason":null,"override_reason":null,"outside_boundary":false}},{"type":"Feature","geometry":{"type":"Point","coordinates":[-46.39091756,-23.54402617]},"properties":{"id":"sp_geosampa_educacao_rede_publica:equipamento_educacao_rede_publica.54632","source_id":"sp_geosampa_educacao_rede_publica","name":"EMEF DIAS GOMES","name_derived":false,"category":"school","subcategory":"primary_secondary","geometry_type":"Point","address":"ALESSIO PRATI 42, 42, VILA IOLANDA, 08451-550","equipment_type":"EMEF","administrative_sphere":null,"included_in_metrics":true,"exclusion_reason":null,"override_reason":null,"outside_boundary":false}},{"type":"Feature","geometry":{"type":"Point","coordinates":[-46.73126065,-23.4454936]},"properties":{"id":"sp_geosampa_educacao_rede_publica:equipamento_educacao_rede_publica.54633","source_id":"sp_geosampa_educacao_rede_publica","name":"EMEF ROGE FERREIRA DEP","name_derived":false,"category":"school","subcategory":"primary_secondary","geometry_type":"Point","address":"PHILONILIA GONCALVES DOS SANTOS, S/N, JARAGUA, 02992-210","equipment_type":"EMEF","administrative_sphere":null,"included_in_metrics":true,"exclusion_reason":null,"override_reason":null,"outside_boundary":false}},{"type":"Feature","geometry":{"type":"Point","coordinates":[-46.79181288,-23.68852276]},"properties":{"id":"sp_geosampa_educacao_rede_publica:equipamento_educacao_rede_publica.54635","source_id":"sp_geosampa_educacao_rede_publica","name":"EMEF HERBERT DE SOUZA - BETINHO","name_derived":false,"category":"school","subcategory":"primary_secondary","geometry_type":"Point","address":"CORTEGACA, 240, JARDIM GUARUJA, 05877-200","equipment_type":"EMEF","administrative_sphere":null,"included_in_metrics":true,"exclusion_reason":null,"override_reason":null,"outside_boundary":false}},{"type":"Feature","geometry":{"type":"Point","coordinates":[-46.70073187,-23.82595333]},"properties":{"id":"sp_geosampa_educacao_rede_publica:equipamento_educacao_rede_publica.54636","source_id":"sp_geosampa_educacao_rede_publica","name":"EMEF PLINIO MARCOS","name_derived":false,"category":"school","subcategory":"primary_secondary","geometry_type":"Point","address":"BELEM, S/N, JARDIM PAPAI NOEL, 04884-390","equipment_type":"EMEF","administrative_sphere":null,"included_in_metrics":true,"exclusion_reason":null,"override_reason":null,"outside_boundary":false}},{"type":"Feature","geometry":{"type":"Point","coordinates":[-46.69707588,-23.84745133]},"properties":{"id":"sp_geosampa_educacao_rede_publica:equipamento_educacao_rede_publica.54638","source_id":"sp_geosampa_educacao_rede_publica","name":"EMEF PAULO CARNEIRO THOMAZ ALVES GEN","name_derived":false,"category":"school","subcategory":"primary_secondary","geometry_type":"Point","address":"NOSSA SENHORA DA APARECIDA, 15, PARQUE VILA MARIA, 02169-290","equipment_type":"EMEF","administrative_sphere":null,"included_in_metrics":true,"exclusion_reason":null,"override_reason":null,"outside_boundary":false}},{"type":"Feature","geometry":{"type":"Point","coordinates":[-46.61431365,-23.65710299]},"properties":{"id":"sp_geosampa_educacao_rede_publica:equipamento_educacao_rede_publica.54643","source_id":"sp_geosampa_educacao_rede_publica","name":"EMEF ROBERTO PLINIO COLACIOPPO PROF","name_derived":false,"category":"school","subcategory":"primary_secondary","geometry_type":"Point","address":"ATILIO SELVA, 16, JARDIM CELESTE, 04195-060","equipment_type":"EMEF","administrative_sphere":null,"included_in_metrics":true,"exclusion_reason":null,"override_reason":null,"outside_boundary":false}},{"type":"Feature","geometry":{"type":"Point","coordinates":[-46.41604637,-23.61420247]},"properties":{"id":"sp_geosampa_educacao_rede_publica:equipamento_educacao_rede_publica.54645","source_id":"sp_geosampa_educacao_rede_publica","name":"EMEF WLADIMIR DE TOLEDO PIZA PREF","name_derived":false,"category":"school","subcategory":"primary_secondary","geometry_type":"Point","address":"GIOVANNI MOSEL, 73, RECANTO VERDE DO SOL, 08381-855","equipment_type":"EMEF","administrative_sphere":null,"included_in_metrics":true,"exclusion_reason":null,"override_reason":null,"outside_boundary":false}},{"type":"Feature","geometry":{"type":"Point","coordinates":[-46.72904082,-23.42818763]},"properties":{"id":"sp_geosampa_educacao_rede_publica:equipamento_educacao_rede_publica.54647","source_id":"sp_geosampa_educacao_rede_publica","name":"EMEF ANTONIO RODRIGUES DE CAMPOS PROF","name_derived":false,"category":"school","subcategory":"primary_secondary","geometry_type":"Point","address":"PRINCIPE, 38, JARDIM SHANGRILA ZONA NORTE, 02990-120","equipment_type":"EMEF","administrative_sphere":null,"included_in_metrics":true,"exclusion_reason":null,"override_reason":null,"outside_boundary":false}},{"type":"Feature","geometry":{"type":"Point","coordinates":[-46.44193094,-23.59812996]},"properties":{"id":"sp_geosampa_educacao_rede_publica:equipamento_educacao_rede_publica.54648","source_id":"sp_geosampa_educacao_rede_publica","name":"EMEF DIRCE GENESIO DOS SANTOS PROFA","name_derived":false,"category":"school","subcategory":"primary_secondary","geometry_type":"Point","address":"OSCAR MULLER, 135, JARDIM IGUATEMI, 08380-200","equipment_type":"EMEF","administrative_sphere":null,"included_in_metrics":true,"exclusion_reason":null,"override_reason":null,"outside_boundary":false}},{"type":"Feature","geometry":{"type":"Point","coordinates":[-46.67537769,-23.4512547]},"properties":{"id":"sp_geosampa_educacao_rede_publica:equipamento_educacao_rede_publica.54650","source_id":"sp_geosampa_educacao_rede_publica","name":"EMEF PRIMO PASCOLI MELARE PROF","name_derived":false,"category":"school","subcategory":"primary_secondary","geometry_type":"Point","address":"INAJAR DE SOUZA, 6975, JARDIM PERI, 02675-070","equipment_type":"EMEF","administrative_sphere":null,"included_in_metrics":true,"exclusion_reason":null,"override_reason":null,"outside_boundary":false}},{"type":"Feature","geometry":{"type":"Point","coordinates":[-46.64476165,-23.4730178]},"properties":{"id":"sp_geosampa_educacao_rede_publica:equipamento_educacao_rede_publica.54651","source_id":"sp_geosampa_educacao_rede_publica","name":"EMEF NILCE CRUZ FIGUEIREDO PROFA","name_derived":false,"category":"school","subcategory":"primary_secondary","geometry_type":"Point","address":"CORONEL MANUEL PY, 168, LAUZANE PAULISTA, 02442-090","equipment_type":"EMEF","administrative_sphere":null,"included_in_metrics":true,"exclusion_reason":null,"override_reason":null,"outside_boundary":false}},{"type":"Feature","geometry":{"type":"Point","coordinates":[-46.73853165,-23.67351596]},"properties":{"id":"sp_geosampa_educacao_rede_publica:equipamento_educacao_rede_publica.54654","source_id":"sp_geosampa_educacao_rede_publica","name":"EMEF MARIA BERENICE DOS SANTOS PROFA","name_derived":false,"category":"school","subcategory":"primary_secondary","geometry_type":"Point","address":"BARBOSA VILAS BOAS, 251, JARDIM DAS FLORES, 04904-140","equipment_type":"EMEF","administrative_sphere":null,"included_in_metrics":true,"exclusion_reason":null,"override_reason":null,"outside_boundary":false}},{"type":"Feature","geometry":{"type":"Point","coordinates":[-46.42569017,-23.56528657]},"properties":{"id":"sp_geosampa_educacao_rede_publica:equipamento_educacao_rede_publica.54655","source_id":"sp_geosampa_educacao_rede_publica","name":"EMEF MARIO COVAS GOV","name_derived":false,"category":"school","subcategory":"primary_secondary","geometry_type":"Point","address":"PAINA, 50, COLONIA ZONA LESTE, 08260-370","equipment_type":"EMEF","administrative_sphere":null,"included_in_metrics":true,"exclusion_reason":null,"override_reason":null,"outside_boundary":false}},{"type":"Feature","geometry":{"type":"Point","coordinates":[-46.73261024,-23.43957969]},"properties":{"id":"sp_geosampa_educacao_rede_publica:equipamento_educacao_rede_publica.54659","source_id":"sp_geosampa_educacao_rede_publica","name":"EMEF JOSE KAUFFMANN DR","name_derived":false,"category":"school","subcategory":"primary_secondary","geometry_type":"Point","address":"SAMUEL BOVY, 23, JARDIM RINCAO, 02998-120","equipment_type":"EMEF","administrative_sphere":null,"included_in_metrics":true,"exclusion_reason":null,"override_reason":null,"outside_boundary":false}},{"type":"Feature","geometry":{"type":"Point","coordinates":[-46.38122045,-23.58637545]},"properties":{"id":"sp_geosampa_educacao_rede_publica:equipamento_educacao_rede_publica.54749","source_id":"sp_geosampa_educacao_rede_publica","name":"JARDIM DOM ANGELICO","name_derived":false,"category":"school","subcategory":"primary_secondary","geometry_type":"Point","address":"ALFONSE JOAILLER, SN, CONJUNTO HABITACIONAL SITIO CONCEICAO, 08473-175","equipment_type":"EE","administrative_sphere":null,"included_in_metrics":true,"exclusion_reason":null,"override_reason":null,"outside_boundary":false}},{"type":"Feature","geometry":{"type":"Point","coordinates":[-46.42060323,-23.61364794]},"properties":{"id":"sp_geosampa_educacao_rede_publica:equipamento_educacao_rede_publica.54750","source_id":"sp_geosampa_educacao_rede_publica","name":"RECANTO VERDE SOL","name_derived":false,"category":"school","subcategory":"primary_secondary","geometry_type":"Point","address":"PEDRO RAMAZZANI, 73, RECANTO VERDE DO SOL, 08381-800","equipment_type":"EE","administrative_sphere":null,"included_in_metrics":true,"exclusion_reason":null,"override_reason":null,"outside_boundary":false}},{"type":"Feature","geometry":{"type":"Point","coordinates":[-46.39910004,-23.58053174]},"properties":{"id":"sp_geosampa_educacao_rede_publica:equipamento_educacao_rede_publica.54758","source_id":"sp_geosampa_educacao_rede_publica","name":"ROQUE THEOPHILO","name_derived":false,"category":"school","subcategory":"primary_secondary","geometry_type":"Point","address":"CAVALEIRO DE JORGE, 280, CONJUNTO HABITACIONAL CASTRO ALVES, 08474-210","equipment_type":"EE","administrative_sphere":null,"included_in_metrics":true,"exclusion_reason":null,"override_reason":null,"outside_boundary":false}},{"type":"Feature","geometry":{"type":"Point","coordinates":[-46.48771546,-23.6215402]},"properties":{"id":"sp_geosampa_educacao_rede_publica:equipamento_educacao_rede_publica.54759","source_id":"sp_geosampa_educacao_rede_publica","name":"FAZENDA DA JUTA VI","name_derived":false,"category":"school","subcategory":"primary_secondary","geometry_type":"Point","address":"LISA NOBLET, 62, FAZENDA DA JUTA, 03977-002","equipment_type":"EE","administrative_sphere":null,"included_in_metrics":true,"exclusion_reason":null,"override_reason":null,"outside_boundary":false}},{"type":"Feature","geometry":{"type":"Point","coordinates":[-46.7025922,-23.44698054]},"properties":{"id":"sp_geosampa_educacao_rede_publica:equipamento_educacao_rede_publica.54769","source_id":"sp_geosampa_educacao_rede_publica","name":"MARIA HELENA GONCALVES DE ARRUDA PROFESSORA","name_derived":false,"category":"school","subcategory":"primary_secondary","geometry_type":"Point","address":"CANTIDIO SAMPAIO DEPUTADO, 4678, VILA SOUZA, 02860-001","equipment_type":"EE","administrative_sphere":null,"included_in_metrics":true,"exclusion_reason":null,"override_reason":null,"outside_boundary":false}},{"type":"Feature","geometry":{"type":"Point","coordinates":[-46.58022566,-23.45185117]},"properties":{"id":"sp_geosampa_educacao_rede_publica:equipamento_educacao_rede_publica.54770","source_id":"sp_geosampa_educacao_rede_publica","name":"NELSON GOMES CAETANO PROF","name_derived":false,"category":"school","subcategory":"primary_secondary","geometry_type":"Point","address":"ANTONIO SERGIO DE MATOS, 1910, CONJUNTO HABITACIONAL JOVA RURAL, 02281-203","equipment_type":"EE","administrative_sphere":null,"included_in_metrics":true,"exclusion_reason":null,"override_reason":null,"outside_boundary":false}},{"type":"Feature","geometry":{"type":"Point","coordinates":[-46.58769511,-23.44511736]},"properties":{"id":"sp_geosampa_educacao_rede_publica:equipamento_educacao_rede_publica.54771","source_id":"sp_geosampa_educacao_rede_publica","name":"LEOVERGILIO MOREIRA PROF","name_derived":false,"category":"school","subcategory":"primary_secondary","geometry_type":"Point","address":"CARLOS MARTEL, 11, JARDIM ATALIBA LEONEL, 02324-070","equipment_type":"EE","administrative_sphere":null,"included_in_metrics":true,"exclusion_reason":null,"override_reason":null,"outside_boundary":false}},{"type":"Feature","geometry":{"type":"Point","coordinates":[-46.77011392,-23.64704549]},"properties":{"id":"sp_geosampa_educacao_rede_publica:equipamento_educacao_rede_publica.54772","source_id":"sp_geosampa_educacao_rede_publica","name":"FERNANDO GASPARIAN","name_derived":false,"category":"school","subcategory":"primary_secondary","geometry_type":"Point","address":"LUSTER, 216, JARDIM UMUARAMA, 05783-150","equipment_type":"EE","administrative_sphere":null,"included_in_metrics":true,"exclusion_reason":null,"override_reason":null,"outside_boundary":false}},{"type":"Feature","geometry":{"type":"Point","coordinates":[-46.6386305,-23.6906436]},"properties":{"id":"sp_geosampa_educacao_rede_publica:equipamento_educacao_rede_publica.54778","source_id":"sp_geosampa_educacao_rede_publica","name":"EMEF LILIANE VERZINI SILVA PROFA","name_derived":false,"category":"school","subcategory":"primary_secondary","geometry_type":"Point","address":"FRANCESCO MARIA MELANI, S/N, JARDIM LUSO, 04421-180","equipment_type":"EMEF","administrative_sphere":null,"included_in_metrics":true,"exclusion_reason":null,"override_reason":null,"outside_boundary":false}},{"type":"Feature","geometry":{"type":"Point","coordinates":[-46.79431415,-23.43250979]},"properties":{"id":"sp_geosampa_educacao_rede_publica:equipamento_educacao_rede_publica.54783","source_id":"sp_geosampa_educacao_rede_publica","name":"EMEF REMO RINALDI NADDEO PROF","name_derived":false,"category":"school","subcategory":"primary_secondary","geometry_type":"Point","address":"DIONISIO BELLANTE, 487, JARDIM SANTA FE ZONA OESTE, 05271-150","equipment_type":"EMEF","administrative_sphere":null,"included_in_metrics":true,"exclusion_reason":null,"override_reason":null,"outside_boundary":false}},{"type":"Feature","geometry":{"type":"Point","coordinates":[-46.80069232,-23.44443562]},"properties":{"id":"sp_geosampa_educacao_rede_publica:equipamento_educacao_rede_publica.54784","source_id":"sp_geosampa_educacao_rede_publica","name":"EMEF JARDIM MONTE BELO","name_derived":false,"category":"school","subcategory":"primary_secondary","geometry_type":"Point","address":"PALMEIROPOLIS, S/N, JARDIM MONTE BELO, 05272-005","equipment_type":"EMEF","administrative_sphere":null,"included_in_metrics":true,"exclusion_reason":null,"override_reason":null,"outside_boundary":false}},{"type":"Feature","geometry":{"type":"Point","coordinates":[-46.75788999,-23.50760202]},"properties":{"id":"sp_geosampa_educacao_rede_publica:equipamento_educacao_rede_publica.54785","source_id":"sp_geosampa_educacao_rede_publica","name":"EMEF JOSUE DE CASTRO PROF","name_derived":false,"category":"school","subcategory":"primary_secondary","geometry_type":"Point","address":"JOSE SOEIRO DE VAZ, 362, JARDIM MARISA, 05108-130","equipment_type":"EMEF","administrative_sphere":null,"included_in_metrics":true,"exclusion_reason":null,"override_reason":null,"outside_boundary":false}},{"type":"Feature","geometry":{"type":"Point","coordinates":[-46.7206808,-23.44336772]},"properties":{"id":"sp_geosampa_educacao_rede_publica:equipamento_educacao_rede_publica.54788","source_id":"sp_geosampa_educacao_rede_publica","name":"EMEF ENZO ANTONIO SILVESTRIN PROF","name_derived":false,"category":"school","subcategory":"primary_secondary","geometry_type":"Point","address":"DO CONGO, 204, JARDIM PIRITUBA, 02984-090","equipment_type":"EMEF","administrative_sphere":null,"included_in_metrics":true,"exclusion_reason":null,"override_reason":null,"outside_boundary":false}},{"type":"Feature","geometry":{"type":"Point","coordinates":[-46.70813897,-23.44918177]},"properties":{"id":"sp_geosampa_educacao_rede_publica:equipamento_educacao_rede_publica.54789","source_id":"sp_geosampa_educacao_rede_publica","name":"EMEF MARIO LAGO","name_derived":false,"category":"school","subcategory":"primary_secondary","geometry_type":"Point","address":"DOURADA, S/N, COHAB JARDIM PAULISTANO, 02820-090","equipment_type":"EMEF","administrative_sphere":null,"included_in_metrics":true,"exclusion_reason":null,"override_reason":null,"outside_boundary":false}},{"type":"Feature","geometry":{"type":"Point","coordinates":[-46.74848268,-23.41750817]},"properties":{"id":"sp_geosampa_educacao_rede_publica:equipamento_educacao_rede_publica.54790","source_id":"sp_geosampa_educacao_rede_publica","name":"EMEF RECANTO DOS HUMILDES","name_derived":false,"category":"school","subcategory":"primary_secondary","geometry_type":"Point","address":"ARGELIA, S/N, JARDIM DA CONQUISTA ZONA OESTE, 05212-020","equipment_type":"EMEF","administrative_sphere":null,"included_in_metrics":true,"exclusion_reason":null,"override_reason":null,"outside_boundary":false}},{"type":"Feature","geometry":{"type":"Point","coordinates":[-46.43570644,-23.60453694]},"properties":{"id":"sp_geosampa_educacao_rede_publica:equipamento_educacao_rede_publica.54796","source_id":"sp_geosampa_educacao_rede_publica","name":"EMEF JARDIM DAS LARANJEIRAS","name_derived":false,"category":"school","subcategory":"primary_secondary","geometry_type":"Point","address":"LUISA SARAZIM, 139, JARDIM BANDEIRANTE, 08372-100","equipment_type":"EMEF","administrative_sphere":null,"included_in_metrics":true,"exclusion_reason":null,"override_reason":null,"outside_boundary":false}},{"type":"Feature","geometry":{"type":"Point","coordinates":[-46.38640535,-23.48962101]},"properties":{"id":"sp_geosampa_educacao_rede_publica:equipamento_educacao_rede_publica.54797","source_id":"sp_geosampa_educacao_rede_publica","name":"EMEF WANDA OVIDIO GONCALVES PROFA","name_derived":false,"category":"school","subcategory":"primary_secondary","geometry_type":"Point","address":"ARISTIDES DE BASILE, 18, JARDIM DAS OLIVEIRAS, 08111-730","equipment_type":"EMEF","administrative_sphere":null,"included_in_metrics":true,"exclusion_reason":null,"override_reason":null,"outside_boundary":false}},{"type":"Feature","geometry":{"type":"Point","coordinates":[-46.64295981,-23.61043697]},"properties":{"id":"sp_geosampa_educacao_rede_publica:equipamento_educacao_rede_publica.54801","source_id":"sp_geosampa_educacao_rede_publica","name":"EMEF MARIA APARECIDA VILASBOAS PROFA","name_derived":false,"category":"school","subcategory":"primary_secondary","geometry_type":"Point","address":"DOS LIRIOS, 2, PARQUE DAS FLORES, 08391-280","equipment_type":"EMEF","administrative_sphere":null,"included_in_metrics":true,"exclusion_reason":null,"override_reason":null,"outside_boundary":false}},{"type":"Feature","geometry":{"type":"Point","coordinates":[-46.72827341,-23.62227557]},"properties":{"id":"sp_geosampa_educacao_rede_publica:equipamento_educacao_rede_publica.54804","source_id":"sp_geosampa_educacao_rede_publica","name":"EMEF VEREMUNDO TOTH DOM","name_derived":false,"category":"school","subcategory":"primary_secondary","geometry_type":"Point","address":"JOSE PEDRO DE CARVALHO LIMA, 100, JARDIM PARQUE MORUMBI, 05712-080","equipment_type":"EMEF","administrative_sphere":null,"included_in_metrics":true,"exclusion_reason":null,"override_reason":null,"outside_boundary":false}},{"type":"Feature","geometry":{"type":"Point","coordinates":[-46.67721852,-23.75312518]},"properties":{"id":"sp_geosampa_educacao_rede_publica:equipamento_educacao_rede_publica.54806","source_id":"sp_geosampa_educacao_rede_publica","name":"EMEF JOSE PEGORARO PE","name_derived":false,"category":"school","subcategory":"primary_secondary","geometry_type":"Point","address":"PORTUNHOS, S/N, PARQUE COCAIA, 04850-190","equipment_type":"EMEF","administrative_sphere":null,"included_in_metrics":true,"exclusion_reason":null,"override_reason":null,"outside_boundary":false}},{"type":"Feature","geometry":{"type":"Point","coordinates":[-46.79106489,-23.43417933]},"properties":{"id":"sp_geosampa_educacao_rede_publica:equipamento_educacao_rede_publica.54810","source_id":"sp_geosampa_educacao_rede_publica","name":"EMEF EDGARD CARONE","name_derived":false,"category":"school","subcategory":"primary_secondary","geometry_type":"Point","address":"ELISA DINA, 293, JARDIM BRITANIA, 05269-060","equipment_type":"EMEF","administrative_sphere":null,"included_in_metrics":true,"exclusion_reason":null,"override_reason":null,"outside_boundary":false}},{"type":"Feature","geometry":{"type":"Point","coordinates":[-46.69154149,-23.71368102]},"properties":{"id":"sp_geosampa_educacao_rede_publica:equipamento_educacao_rede_publica.54834","source_id":"sp_geosampa_educacao_rede_publica","name":"EMEF MARINA MELANDER COUTINHO PROFA","name_derived":false,"category":"school","subcategory":"primary_secondary","geometry_type":"Point","address":"RUBENS MONTANARO DE BORBA, 862, JARDIM REGIS, 04811-120","equipment_type":"EMEF","administrative_sphere":null,"included_in_metrics":true,"exclusion_reason":null,"override_reason":null,"outside_boundary":false}},{"type":"Feature","geometry":{"type":"Point","coordinates":[-46.48976094,-23.61363827]},"properties":{"id":"sp_geosampa_educacao_rede_publica:equipamento_educacao_rede_publica.54837","source_id":"sp_geosampa_educacao_rede_publica","name":"EMEF GIUSEPPE TAVOLARO PROF","name_derived":false,"category":"school","subcategory":"primary_secondary","geometry_type":"Point","address":"ALEXANDRE GROPPALI, 147, FAZENDA DA JUTA, 03977-414","equipment_type":"EMEF","administrative_sphere":null,"included_in_metrics":true,"exclusion_reason":null,"override_reason":null,"outside_boundary":false}},{"type":"Feature","geometry":{"type":"Point","coordinates":[-46.79503593,-23.68027862]},"properties":{"id":"sp_geosampa_educacao_rede_publica:equipamento_educacao_rede_publica.54849","source_id":"sp_geosampa_educacao_rede_publica","name":"EMEF TEREZINHA MOTA DE FIGUEIREDO","name_derived":false,"category":"school","subcategory":"primary_secondary","geometry_type":"Point","address":"CANTORIAS PAULISTAS, 20, CONJUNTO HABITACIONAL JARDIM SAO BENTO, 05886-490","equipment_type":"EMEF","administrative_sphere":null,"included_in_metrics":true,"exclusion_reason":null,"override_reason":null,"outside_boundary":false}},{"type":"Feature","geometry":{"type":"Point","coordinates":[-46.78847143,-23.5958869]},"properties":{"id":"sp_geosampa_educacao_rede_publica:equipamento_educacao_rede_publica.54854","source_id":"sp_geosampa_educacao_rede_publica","name":"EMEF DAISY AMADIO FUJIWARA PROFA","name_derived":false,"category":"school","subcategory":"primary_secondary","geometry_type":"Point","address":"AMARALINA, 141, JARDIM ARPOADOR, 05565-090","equipment_type":"EMEF","administrative_sphere":null,"included_in_metrics":true,"exclusion_reason":null,"override_reason":null,"outside_boundary":false}},{"type":"Feature","geometry":{"type":"Point","coordinates":[-46.70347077,-23.76513621]},"properties":{"id":"sp_geosampa_educacao_rede_publica:equipamento_educacao_rede_publica.54865","source_id":"sp_geosampa_educacao_rede_publica","name":"EMEF AYRTON OLIVEIRA SAMPAIO PROF","name_derived":false,"category":"school","subcategory":"primary_secondary","geometry_type":"Point","address":"JULIA MAMEIA, 200, JARDIM SANTA FE ZONA SUL, 04859-100","equipment_type":"EMEF","administrative_sphere":null,"included_in_metrics":true,"exclusion_reason":null,"override_reason":null,"outside_boundary":false}},{"type":"Feature","geometry":{"type":"Point","coordinates":[-46.6403352,-23.70183804]},"properties":{"id":"sp_geosampa_educacao_rede_publica:equipamento_educacao_rede_publica.54867","source_id":"sp_geosampa_educacao_rede_publica","name":"EMEF ALDO DA TOFORI PE","name_derived":false,"category":"school","subcategory":"primary_secondary","geometry_type":"Point","address":"MIGUEL FLETA, 167, PARQUE DOROTEIA, 04474-240","equipment_type":"EMEF","administrative_sphere":null,"included_in_metrics":true,"exclusion_reason":null,"override_reason":null,"outside_boundary":false}},{"type":"Feature","geometry":{"type":"Point","coordinates":[-46.45856474,-23.48431092]},"properties":{"id":"sp_geosampa_educacao_rede_publica:equipamento_educacao_rede_publica.54872","source_id":"sp_geosampa_educacao_rede_publica","name":"HELIO HELENE","name_derived":false,"category":"school","subcategory":"primary_secondary","geometry_type":"Point","address":"RUA RIO GURGUEIA, 56, UNIAO DE VILA NOVA, 08072-132","equipment_type":"EE","administrative_sphere":null,"included_in_metrics":true,"exclusion_reason":null,"override_reason":null,"outside_boundary":false}},{"type":"Feature","geometry":{"type":"Point","coordinates":[-46.45793034,-23.48417927]},"properties":{"id":"sp_geosampa_educacao_rede_publica:equipamento_educacao_rede_publica.54873","source_id":"sp_geosampa_educacao_rede_publica","name":"PAULO KOBAYASHI","name_derived":false,"category":"school","subcategory":"primary_secondary","geometry_type":"Point","address":"GURGUEIA, SN, UNIAO DE VILA NOVA, 08072-132","equipment_type":"EE","administrative_sphere":null,"included_in_metrics":true,"exclusion_reason":null,"override_reason":null,"outside_boundary":false}},{"type":"Feature","geometry":{"type":"Point","coordinates":[-46.40544662,-23.52162291]},"properties":{"id":"sp_geosampa_educacao_rede_publica:equipamento_educacao_rede_publica.54874","source_id":"sp_geosampa_educacao_rede_publica","name":"LUIS AMBRA DESEMBARGADOR","name_derived":false,"category":"school","subcategory":"primary_secondary","geometry_type":"Point","address":"ALTOLANDIA, 110, PARQUE DOM JOAO NERI, 08151-280","equipment_type":"EE","administrative_sphere":null,"included_in_metrics":true,"exclusion_reason":null,"override_reason":null,"outside_boundary":false}},{"type":"Feature","geometry":{"type":"Point","coordinates":[-46.41917819,-23.59466134]},"properties":{"id":"sp_geosampa_educacao_rede_publica:equipamento_educacao_rede_publica.54875","source_id":"sp_geosampa_educacao_rede_publica","name":"BELIZE","name_derived":false,"category":"school","subcategory":"primary_secondary","geometry_type":"Point","address":"ESTRADA VOVO CAROLINA, SN, GUAIANAZES, 08473-370","equipment_type":"EE","administrative_sphere":null,"included_in_metrics":true,"exclusion_reason":null,"override_reason":null,"outside_boundary":false}},{"type":"Feature","geometry":{"type":"Point","coordinates":[-46.73681802,-23.43732982]},"properties":{"id":"sp_geosampa_educacao_rede_publica:equipamento_educacao_rede_publica.54882","source_id":"sp_geosampa_educacao_rede_publica","name":"EMEF CITY JARAGUA IV","name_derived":false,"category":"school","subcategory":"primary_secondary","geometry_type":"Point","address":"HENRIQUE SALVATORI, 23, CONJUNTO CITY JARAGUA, 02998-260","equipment_type":"EMEF","administrative_sphere":null,"included_in_metrics":true,"exclusion_reason":null,"override_reason":null,"outside_boundary":false}},{"type":"Feature","geometry":{"type":"Point","coordinates":[-46.74888612,-23.44057483]},"properties":{"id":"sp_geosampa_educacao_rede_publica:equipamento_educacao_rede_publica.54922","source_id":"sp_geosampa_educacao_rede_publica","name":"OSCAR DIAS CORREIA MINISTRO","name_derived":false,"category":"school","subcategory":"primary_secondary","geometry_type":"Point","address":"ALEXIOS JAFET, 1800, JARDIM IPANEMA ZONA OESTE, 05187-010","equipment_type":"EE","administrative_sphere":null,"included_in_metrics":true,"exclusion_reason":null,"override_reason":null,"outside_boundary":false}},{"type":"Feature","geometry":{"type":"Point","coordinates":[-46.72374003,-23.6162005]},"properties":{"id":"sp_geosampa_educacao_rede_publica:equipamento_educacao_rede_publica.55008","source_id":"sp_geosampa_educacao_rede_publica","name":"MIGUEL ARRAES GOVERNADOR","name_derived":false,"category":"school","subcategory":"primary_secondary","geometry_type":"Point","address":"HERBERT SPENCER, SN, PARAISOPOLIS, 05663-010","equipment_type":"EE","administrative_sphere":null,"included_in_metrics":true,"exclusion_reason":null,"override_reason":null,"outside_boundary":false}},{"type":"Feature","geometry":{"type":"Point","coordinates":[-46.74637128,-23.64164011]},"properties":{"id":"sp_geosampa_educacao_rede_publica:equipamento_educacao_rede_publica.55010","source_id":"sp_geosampa_educacao_rede_publica","name":"REPUBLICA DO PANAMA","name_derived":false,"category":"school","subcategory":"primary_secondary","geometry_type":"Point","address":"PIEMONTE DA BORBOREMA, 75, VILA NOVA DAS BELEZAS, 05777-120","equipment_type":"EE","administrative_sphere":null,"included_in_metrics":true,"exclusion_reason":null,"override_reason":null,"outside_boundary":false}},{"type":"Feature","geometry":{"type":"Point","coordinates":[-46.69045862,-23.4623339]},"properties":{"id":"sp_geosampa_educacao_rede_publica:equipamento_educacao_rede_publica.55042","source_id":"sp_geosampa_educacao_rede_publica","name":"EMEF JARDIM GUARANI - JOSE ALFREDO APOLINARIO PROF","name_derived":false,"category":"school","subcategory":"primary_secondary","geometry_type":"Point","address":"SANTANA DO ARACUAI, 190, JARDIM GUARANI, 02849-130","equipment_type":"EMEF","administrative_sphere":null,"included_in_metrics":true,"exclusion_reason":null,"override_reason":null,"outside_boundary":false}},{"type":"Feature","geometry":{"type":"Point","coordinates":[-46.7505164,-23.41342054]},"properties":{"id":"sp_geosampa_educacao_rede_publica:equipamento_educacao_rede_publica.55188","source_id":"sp_geosampa_educacao_rede_publica","name":"EMEF JARDIM DA CONQUISTA","name_derived":false,"category":"school","subcategory":"primary_secondary","geometry_type":"Point","address":"RECANTO DOS HUMILDES, S/N, CONJUNTO HABITACIONAL RECANTO DOS HUMILD, 05209-000","equipment_type":"EMEF","administrative_sphere":null,"included_in_metrics":true,"exclusion_reason":null,"override_reason":null,"outside_boundary":false}},{"type":"Feature","geometry":{"type":"Point","coordinates":[-46.45381757,-23.6084713]},"properties":{"id":"sp_geosampa_educacao_rede_publica:equipamento_educacao_rede_publica.55205","source_id":"sp_geosampa_educacao_rede_publica","name":"ANTONIO CARLOS BRASILEIRO DE ALMEIDA JOBIM TOM JOBIM","name_derived":false,"category":"school","subcategory":"primary_secondary","geometry_type":"Point","address":"SINHA MOCA, 52, JARDIM DA CONQUISTA ZONA LESTE, 08344-000","equipment_type":"EE","administrative_sphere":null,"included_in_metrics":true,"exclusion_reason":null,"override_reason":null,"outside_boundary":false}},{"type":"Feature","geometry":{"type":"Point","coordinates":[-46.70549729,-23.44445093]},"properties":{"id":"sp_geosampa_educacao_rede_publica:equipamento_educacao_rede_publica.55214","source_id":"sp_geosampa_educacao_rede_publica","name":"EMEF JARDIM DAMASCENO I - PROFESSOR JOAO ANTONIO FELICIO","name_derived":false,"category":"school","subcategory":"primary_secondary","geometry_type":"Point","address":"DEPUTADO CANTIDIO SAMPAIO, 4798, VILA SOUZA, 02860-001","equipment_type":"EMEF","administrative_sphere":null,"included_in_metrics":true,"exclusion_reason":null,"override_reason":null,"outside_boundary":false}},{"type":"Feature","geometry":{"type":"Point","coordinates":[-46.68162931,-23.46091684]},"properties":{"id":"sp_geosampa_educacao_rede_publica:equipamento_educacao_rede_publica.55215","source_id":"sp_geosampa_educacao_rede_publica","name":"EMEF JOSE HERMINIO RODRIGUES CEL PM","name_derived":false,"category":"school","subcategory":"primary_secondary","geometry_type":"Point","address":"PEDRO POMAR, S/N, JARDIM ELISA MARIA, 02875-020","equipment_type":"EMEF","administrative_sphere":null,"included_in_metrics":true,"exclusion_reason":null,"override_reason":null,"outside_boundary":false}},{"type":"Feature","geometry":{"type":"Point","coordinates":[-46.80709952,-23.44114546]},"properties":{"id":"sp_geosampa_educacao_rede_publica:equipamento_educacao_rede_publica.55217","source_id":"sp_geosampa_educacao_rede_publica","name":"EMEF MARILI DIAS PROFA","name_derived":false,"category":"school","subcategory":"primary_secondary","geometry_type":"Point","address":"ANTONIO CONSELHEIRO, 1, VILA DOS PALMARES, 05273-140","equipment_type":"EMEF","administrative_sphere":null,"included_in_metrics":true,"exclusion_reason":null,"override_reason":null,"outside_boundary":false}},{"type":"Feature","geometry":{"type":"Point","coordinates":[-46.78984617,-23.64799325]},"properties":{"id":"sp_geosampa_educacao_rede_publica:equipamento_educacao_rede_publica.55242","source_id":"sp_geosampa_educacao_rede_publica","name":"EMEF JARDIM MITSUTANI I - PAULO PATARRA JORNALISTA","name_derived":false,"category":"school","subcategory":"primary_secondary","geometry_type":"Point","address":"WALDEMAR CORDEIRO, 101, COHAB MONET, 05856-590","equipment_type":"EMEF","administrative_sphere":null,"included_in_metrics":true,"exclusion_reason":null,"override_reason":null,"outside_boundary":false}},{"type":"Feature","geometry":{"type":"Point","coordinates":[-46.6599166,-23.46468188]},"properties":{"id":"sp_geosampa_educacao_rede_publica:equipamento_educacao_rede_publica.55301","source_id":"sp_geosampa_educacao_rede_publica","name":"EMEF NEIR AUGUSTO LOPES PROF","name_derived":false,"category":"school","subcategory":"primary_secondary","geometry_type":"Point","address":"JORNALISTA OCTAVIO RIBEIRO PENA BRANCA, 20, VILA BELA VISTA ZONA NORTE, 02617-140","equipment_type":"EMEF","administrative_sphere":null,"included_in_metrics":true,"exclusion_reason":null,"override_reason":null,"outside_boundary":false}},{"type":"Feature","geometry":{"type":"Point","coordinates":[-46.70107103,-23.46944319]},"properties":{"id":"sp_geosampa_educacao_rede_publica:equipamento_educacao_rede_publica.55354","source_id":"sp_geosampa_educacao_rede_publica","name":"EMEF CAIRA ALAYDE ALVARENGA MEDEA PROFA","name_derived":false,"category":"school","subcategory":"primary_secondary","geometry_type":"Point","address":"XAVIER DA SILVA FERRAO, 317, SITIO MORRO GRANDE, 02808-000","equipment_type":"EMEF","administrative_sphere":null,"included_in_metrics":true,"exclusion_reason":null,"override_reason":null,"outside_boundary":false}},{"type":"Feature","geometry":{"type":"Point","coordinates":[-46.43028258,-23.55365374]},"properties":{"id":"sp_geosampa_educacao_rede_publica:equipamento_educacao_rede_publica.55355","source_id":"sp_geosampa_educacao_rede_publica","name":"EMEF AGUAS DE MARCO","name_derived":false,"category":"school","subcategory":"primary_secondary","geometry_type":"Point","address":"AGUAS DE MARCO, S/N, CONJUNTO RESIDENCIAL JOSE BONIFACIO, 08257-010","equipment_type":"EMEF","administrative_sphere":null,"included_in_metrics":true,"exclusion_reason":null,"override_reason":null,"outside_boundary":false}},{"type":"Feature","geometry":{"type":"Point","coordinates":[-46.54271464,-23.55729625]},"properties":{"id":"sp_geosampa_educacao_rede_publica:equipamento_educacao_rede_publica.55356","source_id":"sp_geosampa_educacao_rede_publica","name":"EMEF GILMAR TACCOLA PROF","name_derived":false,"category":"school","subcategory":"primary_secondary","geometry_type":"Point","address":"LUTECIA, 1730, VILA CARRAO, 03423-000","equipment_type":"EMEF","administrative_sphere":null,"included_in_metrics":true,"exclusion_reason":null,"override_reason":null,"outside_boundary":false}},{"type":"Feature","geometry":{"type":"Point","coordinates":[-46.4172077,-23.51503391]},"properties":{"id":"sp_geosampa_educacao_rede_publica:equipamento_educacao_rede_publica.55357","source_id":"sp_geosampa_educacao_rede_publica","name":"EMEF DAMA ENTRE RIOS VERDES","name_derived":false,"category":"school","subcategory":"primary_secondary","geometry_type":"Point","address":"FERNANDO FIGUEIREDO LINS, 194, PARQUE SANTA RITA, 08150-040","equipment_type":"EMEF","administrative_sphere":null,"included_in_metrics":true,"exclusion_reason":null,"override_reason":null,"outside_boundary":false}},{"type":"Feature","geometry":{"type":"Point","coordinates":[-46.57427054,-23.4315521]},"properties":{"id":"sp_geosampa_educacao_rede_publica:equipamento_educacao_rede_publica.55358","source_id":"sp_geosampa_educacao_rede_publica","name":"EMEF JARDIM FONTALIS","name_derived":false,"category":"school","subcategory":"primary_secondary","geometry_type":"Point","address":"CRISANTEMO, 100, JARDIM FLOR DE MAIO, 02363-155","equipment_type":"EMEF","administrative_sphere":null,"included_in_metrics":true,"exclusion_reason":null,"override_reason":null,"outside_boundary":false}},{"type":"Feature","geometry":{"type":"Point","coordinates":[-46.48203309,-23.55172347]},"properties":{"id":"sp_geosampa_educacao_rede_publica:equipamento_educacao_rede_publica.55360","source_id":"sp_geosampa_educacao_rede_publica","name":"EMEF SERAFIN MARTINEZ GUTIERREZ PE","name_derived":false,"category":"school","subcategory":"primary_secondary","geometry_type":"Point","address":"WALDEMAR TIETZ, 1521, ARTHUR ALVIM, 03589-001","equipment_type":"EMEF","administrative_sphere":null,"included_in_metrics":true,"exclusion_reason":null,"override_reason":null,"outside_boundary":false}},{"type":"Feature","geometry":{"type":"Point","coordinates":[-46.60581193,-23.64913484]},"properties":{"id":"sp_geosampa_educacao_rede_publica:equipamento_educacao_rede_publica.55375","source_id":"sp_geosampa_educacao_rede_publica","name":"EMEF HERCILIA DE CAMPOS COSTA","name_derived":false,"category":"school","subcategory":"primary_secondary","geometry_type":"Point","address":"JOSE PEREIRA CRUZ, 95, PARQUE BRISTOL, 04193-050","equipment_type":"EMEF","administrative_sphere":null,"included_in_metrics":true,"exclusion_reason":null,"override_reason":null,"outside_boundary":false}},{"type":"Feature","geometry":{"type":"Point","coordinates":[-46.46743124,-23.48757548]},"properties":{"id":"sp_geosampa_educacao_rede_publica:equipamento_educacao_rede_publica.55380","source_id":"sp_geosampa_educacao_rede_publica","name":"EMEF NEUZA AVELINO DA SILVA MELO","name_derived":false,"category":"school","subcategory":"primary_secondary","geometry_type":"Point","address":"CAUCASICA, 133, JARDIM MATARAZZO, 03813-240","equipment_type":"EMEF","administrative_sphere":null,"included_in_metrics":true,"exclusion_reason":null,"override_reason":null,"outside_boundary":false}},{"type":"Feature","geometry":{"type":"Point","coordinates":[-46.37809377,-23.51307372]},"properties":{"id":"sp_geosampa_educacao_rede_publica:equipamento_educacao_rede_publica.55381","source_id":"sp_geosampa_educacao_rede_publica","name":"EMEF JOSEFA NICACIO ARAUJO PROFA","name_derived":false,"category":"school","subcategory":"primary_secondary","geometry_type":"Point","address":"MANUEL RODRIGUES SANTIAGO, 809, JARDIM LAURA, 08142-235","equipment_type":"EMEF","administrative_sphere":null,"included_in_metrics":true,"exclusion_reason":null,"override_reason":null,"outside_boundary":false}},{"type":"Feature","geometry":{"type":"Point","coordinates":[-46.41894806,-23.4763367]},"properties":{"id":"sp_geosampa_educacao_rede_publica:equipamento_educacao_rede_publica.55382","source_id":"sp_geosampa_educacao_rede_publica","name":"EMEF MURURES","name_derived":false,"category":"school","subcategory":"primary_secondary","geometry_type":"Point","address":"DOS MURURES, 434, JARDIM HELENA, 08090-580","equipment_type":"EMEF","administrative_sphere":null,"included_in_metrics":true,"exclusion_reason":null,"override_reason":null,"outside_boundary":false}},{"type":"Feature","geometry":{"type":"Point","coordinates":[-46.38879922,-23.49726597]},"properties":{"id":"sp_geosampa_educacao_rede_publica:equipamento_educacao_rede_publica.55383","source_id":"sp_geosampa_educacao_rede_publica","name":"EMEF IZABEL APARECIDA CRISTOVAO DA LUZ PROFA","name_derived":false,"category":"school","subcategory":"primary_secondary","geometry_type":"Point","address":"ANTONIO DE SOUZA AMORIM, S/N, JARDIM SAO LUIS ZONA LESTE, 08121-001","equipment_type":"EMEF","administrative_sphere":null,"included_in_metrics":true,"exclusion_reason":null,"override_reason":null,"outside_boundary":false}},{"type":"Feature","geometry":{"type":"Point","coordinates":[-46.40528243,-23.524054]},"properties":{"id":"sp_geosampa_educacao_rede_publica:equipamento_educacao_rede_publica.55384","source_id":"sp_geosampa_educacao_rede_publica","name":"EMEF MARISA MORETTI CAMARA PROFA","name_derived":false,"category":"school","subcategory":"primary_secondary","geometry_type":"Point","address":"AMPARO DA SERRA, 196, PARQUE DOM JOAO NERI, 08151-300","equipment_type":"EMEF","administrative_sphere":null,"included_in_metrics":true,"exclusion_reason":null,"override_reason":null,"outside_boundary":false}},{"type":"Feature","geometry":{"type":"Point","coordinates":[-46.59743203,-23.63970213]},"properties":{"id":"sp_geosampa_educacao_rede_publica:equipamento_educacao_rede_publica.55385","source_id":"sp_geosampa_educacao_rede_publica","name":"TERUKO UEDA YAMAGUTI PROFESSORA","name_derived":false,"category":"school","subcategory":"primary_secondary","geometry_type":"Point","address":"AMADEU GIUSTI, 52, JARDIM SANTA CRUZ SACOMA, 04182-080","equipment_type":"EE","administrative_sphere":null,"included_in_metrics":true,"exclusion_reason":null,"override_reason":null,"outside_boundary":false}},{"type":"Feature","geometry":{"type":"Point","coordinates":[-46.66341236,-23.67643662]},"properties":{"id":"sp_geosampa_educacao_rede_publica:equipamento_educacao_rede_publica.55389","source_id":"sp_geosampa_educacao_rede_publica","name":"EMEF MARIA LUCIA DOS SANTOS PROFA","name_derived":false,"category":"school","subcategory":"primary_secondary","geometry_type":"Point","address":"ESTAMPA ESPORTIVA, 55, AMERICANOPOLIS, 04429-060","equipment_type":"EMEF","administrative_sphere":null,"included_in_metrics":true,"exclusion_reason":null,"override_reason":null,"outside_boundary":false}},{"type":"Feature","geometry":{"type":"Point","coordinates":[-46.64527136,-23.65261709]},"properties":{"id":"sp_geosampa_educacao_rede_publica:equipamento_educacao_rede_publica.55390","source_id":"sp_geosampa_educacao_rede_publica","name":"EMEF ANA MARIA ALVES BENETTI PROFA","name_derived":false,"category":"school","subcategory":"primary_secondary","geometry_type":"Point","address":"CRUZ DAS ALMAS, 74, VILA CAMPESTRE, 04330-060","equipment_type":"EMEF","administrative_sphere":null,"included_in_metrics":true,"exclusion_reason":null,"override_reason":null,"outside_boundary":false}},{"type":"Feature","geometry":{"type":"Point","coordinates":[-46.42620899,-23.56623545]},"properties":{"id":"sp_geosampa_educacao_rede_publica:equipamento_educacao_rede_publica.55395","source_id":"sp_geosampa_educacao_rede_publica","name":"JUAN CARLOS ONETTI ESCRITOR","name_derived":false,"category":"school","subcategory":"primary_secondary","geometry_type":"Point","address":"CAMUTANGA, SN, CONJUNTO JOSE BONIFACIO, 08260-340","equipment_type":"EE","administrative_sphere":null,"included_in_metrics":true,"exclusion_reason":null,"override_reason":null,"outside_boundary":false}},{"type":"Feature","geometry":{"type":"Point","coordinates":[-46.68603388,-23.46013401]},"properties":{"id":"sp_geosampa_educacao_rede_publica:equipamento_educacao_rede_publica.55409","source_id":"sp_geosampa_educacao_rede_publica","name":"NOE RODRIGUES PADRE","name_derived":false,"category":"school","subcategory":"primary_secondary","geometry_type":"Point","address":"SANTA CRUZ DA CONCEICAO, 151, PARQUE BELEM, 02850-100","equipment_type":"EE","administrative_sphere":null,"included_in_metrics":true,"exclusion_reason":null,"override_reason":null,"outside_boundary":false}},{"type":"Feature","geometry":{"type":"Point","coordinates":[-46.48101894,-23.52444025]},"properties":{"id":"sp_geosampa_educacao_rede_publica:equipamento_educacao_rede_publica.55414","source_id":"sp_geosampa_educacao_rede_publica","name":"EMEF ALEX MARTINS COSTA PROF MAESTRO","name_derived":false,"category":"school","subcategory":"primary_secondary","geometry_type":"Point","address":"MORRO DO DESCANSO, 160, JARDIM SAO NICOLAU, 03685-070","equipment_type":"EMEF","administrative_sphere":null,"included_in_metrics":true,"exclusion_reason":null,"override_reason":null,"outside_boundary":false}},{"type":"Feature","geometry":{"type":"Point","coordinates":[-46.70839656,-23.77251745]},"properties":{"id":"sp_geosampa_educacao_rede_publica:equipamento_educacao_rede_publica.55415","source_id":"sp_geosampa_educacao_rede_publica","name":"EMEF CONSTELACAO DO INDIO","name_derived":false,"category":"school","subcategory":"primary_secondary","geometry_type":"Point","address":"CONSTELACAO DO INDIO, 41, JARDIM CAMPINAS, 04858-140","equipment_type":"EMEF","administrative_sphere":null,"included_in_metrics":true,"exclusion_reason":null,"override_reason":null,"outside_boundary":false}},{"type":"Feature","geometry":{"type":"Point","coordinates":[-46.71295249,-23.76009177]},"properties":{"id":"sp_geosampa_educacao_rede_publica:equipamento_educacao_rede_publica.55416","source_id":"sp_geosampa_educacao_rede_publica","name":"EMEF CARLOS FRANCISCO GASPAR","name_derived":false,"category":"school","subcategory":"primary_secondary","geometry_type":"Point","address":"HANS CHRISTIAN ANDERSEN, 67, GRANJA NOSSA SENHORA APARECIDA, 04860-110","equipment_type":"EMEF","administrative_sphere":null,"included_in_metrics":true,"exclusion_reason":null,"override_reason":null,"outside_boundary":false}},{"type":"Feature","geometry":{"type":"Point","coordinates":[-46.69564355,-23.71420052]},"properties":{"id":"sp_geosampa_educacao_rede_publica:equipamento_educacao_rede_publica.55417","source_id":"sp_geosampa_educacao_rede_publica","name":"EMEF GENY MARIA MUNIZ ALMEIDA KLEIN PUSSINELLI PROFA","name_derived":false,"category":"school","subcategory":"primary_secondary","geometry_type":"Point","address":"ANTONIO CALIXTO DA SILVA, 15, VILA SANTA MARIA, 04809-240","equipment_type":"EMEF","administrative_sphere":null,"included_in_metrics":true,"exclusion_reason":null,"override_reason":null,"outside_boundary":false}},{"type":"Feature","geometry":{"type":"Point","coordinates":[-46.68668955,-23.73951801]},"properties":{"id":"sp_geosampa_educacao_rede_publica:equipamento_educacao_rede_publica.55420","source_id":"sp_geosampa_educacao_rede_publica","name":"JOSE EPHIM MINDLIN","name_derived":false,"category":"school","subcategory":"primary_secondary","geometry_type":"Point","address":"AUGUSTO TEIXEIRA, 101, PARQUE PLANALTO, 04841-160","equipment_type":"EE","administrative_sphere":null,"included_in_metrics":true,"exclusion_reason":null,"override_reason":null,"outside_boundary":false}},{"type":"Feature","geometry":{"type":"Point","coordinates":[-46.41922753,-23.59524357]},"properties":{"id":"sp_geosampa_educacao_rede_publica:equipamento_educacao_rede_publica.55422","source_id":"sp_geosampa_educacao_rede_publica","name":"EMEF MARTIN LUTHER KING JR","name_derived":false,"category":"school","subcategory":"primary_secondary","geometry_type":"Point","address":"DO PROGRESSO, 100, JARDIM MARILU, 08371-410","equipment_type":"EMEF","administrative_sphere":null,"included_in_metrics":true,"exclusion_reason":null,"override_reason":null,"outside_boundary":false}},{"type":"Feature","geometry":{"type":"Point","coordinates":[-46.45180621,-23.60437114]},"properties":{"id":"sp_geosampa_educacao_rede_publica:equipamento_educacao_rede_publica.55423","source_id":"sp_geosampa_educacao_rede_publica","name":"EMEF PARQUE BOA ESPERANCA II","name_derived":false,"category":"school","subcategory":"primary_secondary","geometry_type":"Point","address":"FRANCISCO DE MELO PALHETA, S/N, PARQUE BOA ESPERANCA, 08341-000","equipment_type":"EMEF","administrative_sphere":null,"included_in_metrics":true,"exclusion_reason":null,"override_reason":null,"outside_boundary":false}},{"type":"Feature","geometry":{"type":"Point","coordinates":[-46.46326121,-23.60847237]},"properties":{"id":"sp_geosampa_educacao_rede_publica:equipamento_educacao_rede_publica.55427","source_id":"sp_geosampa_educacao_rede_publica","name":"EMEF VIRGINIA LORISA ZEITOUNIAN CAMARGO PROFA","name_derived":false,"category":"school","subcategory":"primary_secondary","geometry_type":"Point","address":"TRITAO, S/N, CIDADE SATELITE SANTA BARBARA, 08340-160","equipment_type":"EMEF","administrative_sphere":null,"included_in_metrics":true,"exclusion_reason":null,"override_reason":null,"outside_boundary":false}},{"type":"Feature","geometry":{"type":"Point","coordinates":[-46.75920913,-23.6307641]},"properties":{"id":"sp_geosampa_educacao_rede_publica:equipamento_educacao_rede_publica.55429","source_id":"sp_geosampa_educacao_rede_publica","name":"EMEF SOCRATES BRASILEIRO SAMPAIO DE SOUSA VIEIRA DE OLIVEIRA","name_derived":false,"category":"school","subcategory":"primary_secondary","geometry_type":"Point","address":"PROFESSORA NINA STOCCO, 597, JARDIM CATANDUVA, 05767-001","equipment_type":"EMEF","administrative_sphere":null,"included_in_metrics":true,"exclusion_reason":null,"override_reason":null,"outside_boundary":false}},{"type":"Feature","geometry":{"type":"Point","coordinates":[-46.78660492,-23.67926764]},"properties":{"id":"sp_geosampa_educacao_rede_publica:equipamento_educacao_rede_publica.55431","source_id":"sp_geosampa_educacao_rede_publica","name":"EMEF CAMPO LIMPO II","name_derived":false,"category":"school","subcategory":"primary_secondary","geometry_type":"Point","address":"ALGARD, S/N, CONJUNTO HABITACIONAL JARDIM SAO BENTO, 05885-680","equipment_type":"EMEF","administrative_sphere":null,"included_in_metrics":true,"exclusion_reason":null,"override_reason":null,"outside_boundary":false}},{"type":"Feature","geometry":{"type":"Point","coordinates":[-46.7939466,-23.67708537]},"properties":{"id":"sp_geosampa_educacao_rede_publica:equipamento_educacao_rede_publica.55432","source_id":"sp_geosampa_educacao_rede_publica","name":"EMEF CAMPO LIMPO III -LUISA ROSARIA DE OLIVEIRA DIAS","name_derived":false,"category":"school","subcategory":"primary_secondary","geometry_type":"Point","address":"ANDORINHA DOS BEIRAIS, S/N, JARDIM DOM JOSE, 05887-000","equipment_type":"EMEF","administrative_sphere":null,"included_in_metrics":true,"exclusion_reason":null,"override_reason":null,"outside_boundary":false}},{"type":"Feature","geometry":{"type":"Point","coordinates":[-46.766748,-23.68000165]},"properties":{"id":"sp_geosampa_educacao_rede_publica:equipamento_educacao_rede_publica.55433","source_id":"sp_geosampa_educacao_rede_publica","name":"EMEF MARLI FERRAZ TORRES BONFIM","name_derived":false,"category":"school","subcategory":"primary_secondary","geometry_type":"Point","address":"JACQUES LE MERCIER, 7, JARDIM MARIANE, 05866-050","equipment_type":"EMEF","administrative_sphere":null,"included_in_metrics":true,"exclusion_reason":null,"override_reason":null,"outside_boundary":false}},{"type":"Feature","geometry":{"type":"Point","coordinates":[-46.74390476,-23.66614265]},"properties":{"id":"sp_geosampa_educacao_rede_publica:equipamento_educacao_rede_publica.55438","source_id":"sp_geosampa_educacao_rede_publica","name":"EMEF M BOI MIRIM I","name_derived":false,"category":"school","subcategory":"primary_secondary","geometry_type":"Point","address":"NOVA DO TUPAROQUERA, 2100, JARDIM NOVO SANTO AMARO, 05820-200","equipment_type":"EMEF","administrative_sphere":null,"included_in_metrics":true,"exclusion_reason":null,"override_reason":null,"outside_boundary":false}},{"type":"Feature","geometry":{"type":"Point","coordinates":[-46.7491527,-23.6345505]},"properties":{"id":"sp_geosampa_educacao_rede_publica:equipamento_educacao_rede_publica.55439","source_id":"sp_geosampa_educacao_rede_publica","name":"EMEF MILLOR FERNANDES JORNALISTA","name_derived":false,"category":"school","subcategory":"primary_secondary","geometry_type":"Point","address":"FRANCISCO SOARES, 487, PARQUE REGINA, 05774-300","equipment_type":"EMEF","administrative_sphere":null,"included_in_metrics":true,"exclusion_reason":null,"override_reason":null,"outside_boundary":false}},{"type":"Feature","geometry":{"type":"Point","coordinates":[-46.3940063,-23.58520006]},"properties":{"id":"sp_geosampa_educacao_rede_publica:equipamento_educacao_rede_publica.55440","source_id":"sp_geosampa_educacao_rede_publica","name":"EMEF MEIRE DE JESUS RIBEIRO PROF","name_derived":false,"category":"school","subcategory":"primary_secondary","geometry_type":"Point","address":"ALFONSO ASTURARO, 416, CONJUNTO HABITACIONAL BARRO BRANCO II, 08473-591","equipment_type":"EMEF","administrative_sphere":null,"included_in_metrics":true,"exclusion_reason":null,"override_reason":null,"outside_boundary":false}},{"type":"Feature","geometry":{"type":"Point","coordinates":[-46.39406685,-23.57848941]},"properties":{"id":"sp_geosampa_educacao_rede_publica:equipamento_educacao_rede_publica.55442","source_id":"sp_geosampa_educacao_rede_publica","name":"EMEF JOEL FERNANDES DE SOUZA","name_derived":false,"category":"school","subcategory":"primary_secondary","geometry_type":"Point","address":"CONJUNTO SITIO CONCEICAO, 283, CONJUNTO HABITACIONAL SITIO CONCEICAO, 08473-090","equipment_type":"EMEF","administrative_sphere":null,"included_in_metrics":true,"exclusion_reason":null,"override_reason":null,"outside_boundary":false}},{"type":"Feature","geometry":{"type":"Point","coordinates":[-46.37568412,-23.50605701]},"properties":{"id":"sp_geosampa_educacao_rede_publica:equipamento_educacao_rede_publica.55443","source_id":"sp_geosampa_educacao_rede_publica","name":"EMEF JURANDI GOMES DE ARAUJO PROF","name_derived":false,"category":"school","subcategory":"primary_secondary","geometry_type":"Point","address":"VISCONDE DE GUEDES TEIXEIRA, 145, ITAIM PAULISTA, 08131-325","equipment_type":"EMEF","administrative_sphere":null,"included_in_metrics":true,"exclusion_reason":null,"override_reason":null,"outside_boundary":false}},{"type":"Feature","geometry":{"type":"Point","coordinates":[-46.75044707,-23.42314]},"properties":{"id":"sp_geosampa_educacao_rede_publica:equipamento_educacao_rede_publica.55444","source_id":"sp_geosampa_educacao_rede_publica","name":"EMEF BADRA","name_derived":false,"category":"school","subcategory":"primary_secondary","geometry_type":"Point","address":"PRINCIPAL, S/N, JARDIM DA CONQUISTA ZONA OESTE, 05212-000","equipment_type":"EMEF","administrative_sphere":null,"included_in_metrics":true,"exclusion_reason":null,"override_reason":null,"outside_boundary":false}},{"type":"Feature","geometry":{"type":"Point","coordinates":[-46.79248676,-23.67867374]},"properties":{"id":"sp_geosampa_educacao_rede_publica:equipamento_educacao_rede_publica.55446","source_id":"sp_geosampa_educacao_rede_publica","name":"EMEF JOSE FRANCISCO CAVALCANTE PROF","name_derived":false,"category":"school","subcategory":"primary_secondary","geometry_type":"Point","address":"TAJAL, S/N, CONJUNTO HABITACIONAL JARDIM SAO BENTO, 05886-400","equipment_type":"EMEF","administrative_sphere":null,"included_in_metrics":true,"exclusion_reason":null,"override_reason":null,"outside_boundary":false}},{"type":"Feature","geometry":{"type":"Point","coordinates":[-46.70492471,-23.74548612]},"properties":{"id":"sp_geosampa_educacao_rede_publica:equipamento_educacao_rede_publica.55447","source_id":"sp_geosampa_educacao_rede_publica","name":"EMEF ALDINA ANALIA AGOSTINHA TADDEO CONDE PROFA","name_derived":false,"category":"school","subcategory":"primary_secondary","geometry_type":"Point","address":"FRANCESCO BARTOLOZZI, 1, JARDIM ICARAI, 04837-210","equipment_type":"EMEF","administrative_sphere":null,"included_in_metrics":true,"exclusion_reason":null,"override_reason":null,"outside_boundary":false}},{"type":"Feature","geometry":{"type":"Point","coordinates":[-46.66852623,-23.47472279]},"properties":{"id":"sp_geosampa_educacao_rede_publica:equipamento_educacao_rede_publica.55448","source_id":"sp_geosampa_educacao_rede_publica","name":"EMEF GILBERTO DUPAS PROF","name_derived":false,"category":"school","subcategory":"primary_secondary","geometry_type":"Point","address":"DEPUTADO EMILIO CARLOS, 3871, LIMAO, 02720-200","equipment_type":"EMEF","administrative_sphere":null,"included_in_metrics":true,"exclusion_reason":null,"override_reason":null,"outside_boundary":false}},{"type":"Feature","geometry":{"type":"Point","coordinates":[-46.7193033,-23.43428169]},"properties":{"id":"sp_geosampa_educacao_rede_publica:equipamento_educacao_rede_publica.55456","source_id":"sp_geosampa_educacao_rede_publica","name":"EMEF ELIANE BENUTE LESSA AYRES GONCALVES PROFESSORA- NANY BENUTE","name_derived":false,"category":"school","subcategory":"primary_secondary","geometry_type":"Point","address":"RAIMUNDO PEREIRA DE MAGALHAES, 12298, JARDIM MARILU, 02989-095","equipment_type":"EMEF","administrative_sphere":null,"included_in_metrics":true,"exclusion_reason":null,"override_reason":null,"outside_boundary":false}},{"type":"Feature","geometry":{"type":"Point","coordinates":[-46.717513,-23.44092195]},"properties":{"id":"sp_geosampa_educacao_rede_publica:equipamento_educacao_rede_publica.55457","source_id":"sp_geosampa_educacao_rede_publica","name":"EMEF ALICE MEIRELLES REIS PROFA","name_derived":false,"category":"school","subcategory":"primary_secondary","geometry_type":"Point","address":"ELISIO TEIXEIRA LEITE, S/N, SITIO MORRO GRANDE, 02810-000","equipment_type":"EMEF","administrative_sphere":null,"included_in_metrics":true,"exclusion_reason":null,"override_reason":null,"outside_boundary":false}},{"type":"Feature","geometry":{"type":"Point","coordinates":[-46.78772831,-23.6039033]},"properties":{"id":"sp_geosampa_educacao_rede_publica:equipamento_educacao_rede_publica.55466","source_id":"sp_geosampa_educacao_rede_publica","name":"EMEF JARDIM PAULO VI","name_derived":false,"category":"school","subcategory":"primary_secondary","geometry_type":"Point","address":"ENGENHEIRO HUGO TAKAHASHI, 20, RAPOSO TAVARES, 05563-120","equipment_type":"EMEF","administrative_sphere":null,"included_in_metrics":true,"exclusion_reason":null,"override_reason":null,"outside_boundary":false}},{"type":"Feature","geometry":{"type":"Point","coordinates":[-46.80059942,-23.59148377]},"properties":{"id":"sp_geosampa_educacao_rede_publica:equipamento_educacao_rede_publica.55467","source_id":"sp_geosampa_educacao_rede_publica","name":"EMEF VILA MUNCK","name_derived":false,"category":"school","subcategory":"primary_secondary","geometry_type":"Point","address":"JOAQUIM GUIMARAES, 47, BUTANTA, 05574-010","equipment_type":"EMEF","administrative_sphere":null,"included_in_metrics":true,"exclusion_reason":null,"override_reason":null,"outside_boundary":false}},{"type":"Feature","geometry":{"type":"Point","coordinates":[-46.74695678,-23.66501345]},"properties":{"id":"sp_geosampa_educacao_rede_publica:equipamento_educacao_rede_publica.55483","source_id":"sp_geosampa_educacao_rede_publica","name":"EMEF M BOI MIRIM II","name_derived":false,"category":"school","subcategory":"primary_secondary","geometry_type":"Point","address":"JOSE MANOEL CAMISA NOVA, 552, PARQUE SANTO ANTONIO, 05822-015","equipment_type":"EMEF","administrative_sphere":null,"included_in_metrics":true,"exclusion_reason":null,"override_reason":null,"outside_boundary":false}},{"type":"Feature","geometry":{"type":"Point","coordinates":[-46.41934975,-23.58300423]},"properties":{"id":"sp_geosampa_educacao_rede_publica:equipamento_educacao_rede_publica.55549","source_id":"sp_geosampa_educacao_rede_publica","name":"JARDIM PEDRA BRANCA","name_derived":false,"category":"school","subcategory":"primary_secondary","geometry_type":"Point","address":"BEGONIA REAL, 200, JARDIM PEDRA BRANCA, 08490-850","equipment_type":"EE","administrative_sphere":null,"included_in_metrics":true,"exclusion_reason":null,"override_reason":null,"outside_boundary":false}},{"type":"Feature","geometry":{"type":"Point","coordinates":[-46.59488097,-23.6239263]},"properties":{"id":"sp_geosampa_educacao_rede_publica:equipamento_educacao_rede_publica.55553","source_id":"sp_geosampa_educacao_rede_publica","name":"CARLOS ESTEVAM ALDO MARTINS PROFESSOR","name_derived":false,"category":"school","subcategory":"primary_secondary","geometry_type":"Point","address":"SILVESTRE SAO, 396, SAO JOAO CLIMACO, 04255-080","equipment_type":"EE","administrative_sphere":null,"included_in_metrics":true,"exclusion_reason":null,"override_reason":null,"outside_boundary":false}},{"type":"Feature","geometry":{"type":"Point","coordinates":[-46.71818048,-23.43462277]},"properties":{"id":"sp_geosampa_educacao_rede_publica:equipamento_educacao_rede_publica.55555","source_id":"sp_geosampa_educacao_rede_publica","name":"EMEF MOISES ELIAS DE SOUZA TTE","name_derived":false,"category":"school","subcategory":"primary_secondary","geometry_type":"Point","address":"DEPUTADO CANTIDIO SAMPAIO, 6590, VILA SOUZA, 02860-001","equipment_type":"EMEF","administrative_sphere":null,"included_in_metrics":true,"exclusion_reason":null,"override_reason":null,"outside_boundary":false}},{"type":"Feature","geometry":{"type":"Point","coordinates":[-46.41291978,-23.57834343]},"properties":{"id":"sp_geosampa_educacao_rede_publica:equipamento_educacao_rede_publica.55564","source_id":"sp_geosampa_educacao_rede_publica","name":"EMEF HELINA COUTINHO LOURENCO ALVES PROFESSORA","name_derived":false,"category":"school","subcategory":"primary_secondary","geometry_type":"Point","address":"ARROIO SARANDI, 284, CONJUNTO HABITACIONAL SANTA ETELVINA III, 08485-460","equipment_type":"EMEF","administrative_sphere":null,"included_in_metrics":true,"exclusion_reason":null,"override_reason":null,"outside_boundary":false}},{"type":"Feature","geometry":{"type":"Point","coordinates":[-46.41681687,-23.56498827]},"properties":{"id":"sp_geosampa_educacao_rede_publica:equipamento_educacao_rede_publica.55565","source_id":"sp_geosampa_educacao_rede_publica","name":"EMEF CELIA REGINA ANDERY BRAGA PROF","name_derived":false,"category":"school","subcategory":"primary_secondary","geometry_type":"Point","address":"HENRIQUE ADAMUS, 15, JARDIM AUREA, 08421-107","equipment_type":"EMEF","administrative_sphere":null,"included_in_metrics":true,"exclusion_reason":null,"override_reason":null,"outside_boundary":false}},{"type":"Feature","geometry":{"type":"Point","coordinates":[-46.50095046,-23.6085685]},"properties":{"id":"sp_geosampa_educacao_rede_publica:equipamento_educacao_rede_publica.55566","source_id":"sp_geosampa_educacao_rede_publica","name":"EMEF BARTOLOMEU CAMPOS DE QUEIROS","name_derived":false,"category":"school","subcategory":"primary_secondary","geometry_type":"Point","address":"ARQUITETO VILANOVA ARTIGAS, 1471, CONJUNTO HABITACIONAL TEOTONIO VILELA, 03928-240","equipment_type":"EMEF","administrative_sphere":null,"included_in_metrics":true,"exclusion_reason":null,"override_reason":null,"outside_boundary":false}},{"type":"Feature","geometry":{"type":"Point","coordinates":[-46.39725383,-23.57083779]},"properties":{"id":"sp_geosampa_educacao_rede_publica:equipamento_educacao_rede_publica.55570","source_id":"sp_geosampa_educacao_rede_publica","name":"EMEF MARIA APARECIDA MAGNANELLI FERNANDES PROFA","name_derived":false,"category":"school","subcategory":"primary_secondary","geometry_type":"Point","address":"SILVIO CALDAS, S/N, JARDIM WILMA FLOR, 08473-463","equipment_type":"EMEF","administrative_sphere":null,"included_in_metrics":true,"exclusion_reason":null,"override_reason":null,"outside_boundary":false}},{"type":"Feature","geometry":{"type":"Point","coordinates":[-46.42514111,-23.47402329]},"properties":{"id":"sp_geosampa_educacao_rede_publica:equipamento_educacao_rede_publica.55574","source_id":"sp_geosampa_educacao_rede_publica","name":"CRISTINA DE CASTRO PAES PROFESSORA","name_derived":false,"category":"school","subcategory":"primary_secondary","geometry_type":"Point","address":"JOSE ARTUR NOVA DOUTOR, 2707, PARQUE PAULISTANO, 08090-000","equipment_type":"EE","administrative_sphere":null,"included_in_metrics":true,"exclusion_reason":null,"override_reason":null,"outside_boundary":false}},{"type":"Feature","geometry":{"type":"Point","coordinates":[-46.63595942,-23.71304021]},"properties":{"id":"sp_geosampa_educacao_rede_publica:equipamento_educacao_rede_publica.55605","source_id":"sp_geosampa_educacao_rede_publica","name":"ROSA INES BORNIA MOREIRA PROFESSORA","name_derived":false,"category":"school","subcategory":"primary_secondary","geometry_type":"Point","address":"DO ALVARENGA, 5112, SETE PRAIAS, 04476-050","equipment_type":"EE","administrative_sphere":null,"included_in_metrics":true,"exclusion_reason":null,"override_reason":null,"outside_boundary":false}},{"type":"Feature","geometry":{"type":"Point","coordinates":[-46.7521492,-23.68045559]},"properties":{"id":"sp_geosampa_educacao_rede_publica:equipamento_educacao_rede_publica.55610","source_id":"sp_geosampa_educacao_rede_publica","name":"NAIR OLEGARIO CAJUEIRO","name_derived":false,"category":"school","subcategory":"primary_secondary","geometry_type":"Point","address":"CATALDO PARRILHA, 215, JARDIM SANTA MARGARIDA, 04930-055","equipment_type":"EE","administrative_sphere":null,"included_in_metrics":true,"exclusion_reason":null,"override_reason":null,"outside_boundary":false}},{"type":"Feature","geometry":{"type":"Point","coordinates":[-46.78913362,-23.69516357]},"properties":{"id":"sp_geosampa_educacao_rede_publica:equipamento_educacao_rede_publica.55611","source_id":"sp_geosampa_educacao_rede_publica","name":"AGENOR DE MIRANDA ARAUJO NETO CAZUZA","name_derived":false,"category":"school","subcategory":"primary_secondary","geometry_type":"Point","address":"ARNALDO DANIEL, SN, JARDIM GUARUJA, 05877-150","equipment_type":"EE","administrative_sphere":null,"included_in_metrics":true,"exclusion_reason":null,"override_reason":null,"outside_boundary":false}},{"type":"Feature","geometry":{"type":"Point","coordinates":[-46.39423253,-23.57956629]},"properties":{"id":"sp_geosampa_educacao_rede_publica:equipamento_educacao_rede_publica.55612","source_id":"sp_geosampa_educacao_rede_publica","name":"CLAUDIA DUTRA VIANA PROFESSORA","name_derived":false,"category":"school","subcategory":"primary_secondary","geometry_type":"Point","address":"WILSON FERNANDO S CARVALHO, 35, CONJUNTO HABITACIONAL SITIO CONCEICAO, 08473-000","equipment_type":"EE","administrative_sphere":null,"included_in_metrics":true,"exclusion_reason":null,"override_reason":null,"outside_boundary":false}},{"type":"Feature","geometry":{"type":"Point","coordinates":[-46.45662328,-23.63055695]},"properties":{"id":"sp_geosampa_educacao_rede_publica:equipamento_educacao_rede_publica.55644","source_id":"sp_geosampa_educacao_rede_publica","name":"EMEF JOSE CARLOS NICOLETO - ZITO PROFESSOR","name_derived":false,"category":"school","subcategory":"primary_secondary","geometry_type":"Point","address":"BANDEIRA DE ARACAMBI, 707, JARDIM RODOLFO PIRANI, 08310-010","equipment_type":"EMEF","administrative_sphere":null,"included_in_metrics":true,"exclusion_reason":null,"override_reason":null,"outside_boundary":false}},{"type":"Feature","geometry":{"type":"Point","coordinates":[-46.70344482,-23.48263043]},"properties":{"id":"sp_geosampa_educacao_rede_publica:equipamento_educacao_rede_publica.55691","source_id":"sp_geosampa_educacao_rede_publica","name":"EMEF MARIA APARECIDA RODRIGUES CINTRA PROFA","name_derived":false,"category":"school","subcategory":"primary_secondary","geometry_type":"Point","address":"ARAUAZINHO, S/N, VILA MARINA, 02967-160","equipment_type":"EMEF","administrative_sphere":null,"included_in_metrics":true,"exclusion_reason":null,"override_reason":null,"outside_boundary":false}},{"type":"Feature","geometry":{"type":"Point","coordinates":[-46.40653013,-23.53082541]},"properties":{"id":"sp_geosampa_educacao_rede_publica:equipamento_educacao_rede_publica.55717","source_id":"sp_geosampa_educacao_rede_publica","name":"MARILIA SANTOS CARVALHO DE POLILLO PROFESSORA","name_derived":false,"category":"school","subcategory":"primary_secondary","geometry_type":"Point","address":"ISABELA, 363, JARDIM LAJEADO, 08440-520","equipment_type":"EE","administrative_sphere":null,"included_in_metrics":true,"exclusion_reason":null,"override_reason":null,"outside_boundary":false}},{"type":"Feature","geometry":{"type":"Point","coordinates":[-46.38415722,-23.51476802]},"properties":{"id":"sp_geosampa_educacao_rede_publica:equipamento_educacao_rede_publica.55718","source_id":"sp_geosampa_educacao_rede_publica","name":"BERNARDO O HIGGINS DOM","name_derived":false,"category":"school","subcategory":"primary_secondary","geometry_type":"Point","address":"JOSE DE AMENABAR, 371, JARDIM NELIA, 08142-004","equipment_type":"EE","administrative_sphere":null,"included_in_metrics":true,"exclusion_reason":null,"override_reason":null,"outside_boundary":false}},{"type":"Feature","geometry":{"type":"Point","coordinates":[-46.73749396,-23.45593208]},"properties":{"id":"sp_geosampa_educacao_rede_publica:equipamento_educacao_rede_publica.55754","source_id":"sp_geosampa_educacao_rede_publica","name":"EMEF ESTACAO JARAGUA","name_derived":false,"category":"school","subcategory":"primary_secondary","geometry_type":"Point","address":"JOAO AIRES, S/N, JARDIM BANDEIRANTES ZONA NORTE, 02994-060","equipment_type":"EMEF","administrative_sphere":null,"included_in_metrics":true,"exclusion_reason":null,"override_reason":null,"outside_boundary":false}},{"type":"Feature","geometry":{"type":"Point","coordinates":[-46.7096508,-23.46184006]},"properties":{"id":"sp_geosampa_educacao_rede_publica:equipamento_educacao_rede_publica.55755","source_id":"sp_geosampa_educacao_rede_publica","name":"EMEF LILIAN MASO PROFA","name_derived":false,"category":"school","subcategory":"primary_secondary","geometry_type":"Point","address":"ENCRUZILHADA DO SUL, 1005, JARDIM PAULISTANO ZONA NORTE, 02816-010","equipment_type":"EMEF","administrative_sphere":null,"included_in_metrics":true,"exclusion_reason":null,"override_reason":null,"outside_boundary":false}},{"type":"Feature","geometry":{"type":"Point","coordinates":[-46.63157277,-23.69771764]},"properties":{"id":"sp_geosampa_educacao_rede_publica:equipamento_educacao_rede_publica.55756","source_id":"sp_geosampa_educacao_rede_publica","name":"EMEF AMELIA RODRIGUES DE OLIVEIRA PROFA","name_derived":false,"category":"school","subcategory":"primary_secondary","geometry_type":"Point","address":"DOS BOROS, S/N, VILA GUACURI, 04475-230","equipment_type":"EMEF","administrative_sphere":null,"included_in_metrics":true,"exclusion_reason":null,"override_reason":null,"outside_boundary":false}},{"type":"Feature","geometry":{"type":"Point","coordinates":[-46.72100632,-23.61459996]},"properties":{"id":"sp_geosampa_educacao_rede_publica:equipamento_educacao_rede_publica.55772","source_id":"sp_geosampa_educacao_rede_publica","name":"EMEF PERIMETRAL","name_derived":false,"category":"school","subcategory":"primary_secondary","geometry_type":"Point","address":"HEBE CAMARGO, 299, PARAISOPOLIS, 05664-030","equipment_type":"EMEF","administrative_sphere":null,"included_in_metrics":true,"exclusion_reason":null,"override_reason":null,"outside_boundary":false}},{"type":"Feature","geometry":{"type":"Point","coordinates":[-46.44513612,-23.62879857]},"properties":{"id":"sp_geosampa_educacao_rede_publica:equipamento_educacao_rede_publica.55783","source_id":"sp_geosampa_educacao_rede_publica","name":"HUMBERTO BAPTISTELLI FILHO PROFESSOR","name_derived":false,"category":"school","subcategory":"primary_secondary","geometry_type":"Point","address":"MIGUEL FERREIRA DE MELO, 50 A, JARDIM SANTO ANDRE, 08390-000","equipment_type":"EE","administrative_sphere":null,"included_in_metrics":true,"exclusion_reason":null,"override_reason":null,"outside_boundary":false}},{"type":"Feature","geometry":{"type":"Point","coordinates":[-46.79207106,-23.43829093]},"properties":{"id":"sp_geosampa_educacao_rede_publica:equipamento_educacao_rede_publica.55901","source_id":"sp_geosampa_educacao_rede_publica","name":"MILTON SANTOS PROF","name_derived":false,"category":"school","subcategory":"primary_secondary","geometry_type":"Point","address":"MARIO PALMERIO, SN, JARDIM ANHANGUERA, 05267-040","equipment_type":"EE","administrative_sphere":null,"included_in_metrics":true,"exclusion_reason":null,"override_reason":null,"outside_boundary":false}},{"type":"Feature","geometry":{"type":"Point","coordinates":[-46.69020257,-23.7833953]},"properties":{"id":"sp_geosampa_educacao_rede_publica:equipamento_educacao_rede_publica.55926","source_id":"sp_geosampa_educacao_rede_publica","name":"MADRE MARIE DOMINEUC","name_derived":false,"category":"school","subcategory":"primary_secondary","geometry_type":"Point","address":"PAULO GUILGUER REIMBERG, 3680, JARDIM NOVO HORIZONTE, 04856-200","equipment_type":"EE","administrative_sphere":null,"included_in_metrics":true,"exclusion_reason":null,"override_reason":null,"outside_boundary":false}},{"type":"Feature","geometry":{"type":"Point","coordinates":[-46.73611971,-23.66086917]},"properties":{"id":"sp_geosampa_educacao_rede_publica:equipamento_educacao_rede_publica.55929","source_id":"sp_geosampa_educacao_rede_publica","name":"RAIMUNDO SERAFIM DE LIMA INSPETOR","name_derived":false,"category":"school","subcategory":"primary_secondary","geometry_type":"Point","address":"BENTO BARROSO PEREIRA, SN, JARDIM SAO FRANCISCO DE ASSIS, 05815-085","equipment_type":"EE","administrative_sphere":null,"included_in_metrics":true,"exclusion_reason":null,"override_reason":null,"outside_boundary":false}},{"type":"Feature","geometry":{"type":"Point","coordinates":[-46.78769701,-23.68658109]},"properties":{"id":"sp_geosampa_educacao_rede_publica:equipamento_educacao_rede_publica.55930","source_id":"sp_geosampa_educacao_rede_publica","name":"CHACARA SANTA MARIA","name_derived":false,"category":"school","subcategory":"primary_secondary","geometry_type":"Point","address":"DIAMANTE VERDE, 158, PARQUE INDEPENDENCIA, 05880-280","equipment_type":"EE","administrative_sphere":null,"included_in_metrics":true,"exclusion_reason":null,"override_reason":null,"outside_boundary":false}},{"type":"Feature","geometry":{"type":"Point","coordinates":[-46.79240229,-23.68596298]},"properties":{"id":"sp_geosampa_educacao_rede_publica:equipamento_educacao_rede_publica.55931","source_id":"sp_geosampa_educacao_rede_publica","name":"BERNADETE APARECIDA PEREIRA GODOI PROFA","name_derived":false,"category":"school","subcategory":"primary_secondary","geometry_type":"Point","address":"LUAR DO SERTAO, SN, CHACARA SANTA MARIA, 05879-450","equipment_type":"EE","administrative_sphere":null,"included_in_metrics":true,"exclusion_reason":null,"override_reason":null,"outside_boundary":false}},{"type":"Feature","geometry":{"type":"Point","coordinates":[-46.77040688,-23.65444741]},"properties":{"id":"sp_geosampa_educacao_rede_publica:equipamento_educacao_rede_publica.55932","source_id":"sp_geosampa_educacao_rede_publica","name":"JARDIM IPE","name_derived":false,"category":"school","subcategory":"primary_secondary","geometry_type":"Point","address":"GASTAO RAUL DE FORTON BOUSQUET, 401, JARDIM IPE, 05797-000","equipment_type":"EE","administrative_sphere":null,"included_in_metrics":true,"exclusion_reason":null,"override_reason":null,"outside_boundary":false}},{"type":"Feature","geometry":{"type":"Point","coordinates":[-46.7069879,-23.85905677]},"properties":{"id":"sp_geosampa_educacao_rede_publica:equipamento_educacao_rede_publica.55943","source_id":"sp_geosampa_educacao_rede_publica","name":"EMEF VARGEM GRANDE II","name_derived":false,"category":"school","subcategory":"primary_secondary","geometry_type":"Point","address":"IPEROXO, 82, COLONIA ZONA SUL, 04896-360","equipment_type":"EMEF","administrative_sphere":null,"included_in_metrics":true,"exclusion_reason":null,"override_reason":null,"outside_boundary":false}},{"type":"Feature","geometry":{"type":"Point","coordinates":[-46.71167183,-23.44561699]},"properties":{"id":"sp_geosampa_educacao_rede_publica:equipamento_educacao_rede_publica.55956","source_id":"sp_geosampa_educacao_rede_publica","name":"ILHA DA JUVENTUDE","name_derived":false,"category":"school","subcategory":"primary_secondary","geometry_type":"Point","address":"ILHA DA JUVENTUDE, 100, VILA NOVA BRASILANDIA, 02820-000","equipment_type":"EE","administrative_sphere":null,"included_in_metrics":true,"exclusion_reason":null,"override_reason":null,"outside_boundary":false}},{"type":"Feature","geometry":{"type":"Point","coordinates":[-46.70249337,-23.4588075]},"properties":{"id":"sp_geosampa_educacao_rede_publica:equipamento_educacao_rede_publica.55957","source_id":"sp_geosampa_educacao_rede_publica","name":"JORNALISTA RUY MESQUITA","name_derived":false,"category":"school","subcategory":"primary_secondary","geometry_type":"Point","address":"ROSALVO JOSE DA SILVA, SN, JARDIM CAROMBE, 02855-150","equipment_type":"EE","administrative_sphere":null,"included_in_metrics":true,"exclusion_reason":null,"override_reason":null,"outside_boundary":false}},{"type":"Feature","geometry":{"type":"Point","coordinates":[-46.41340074,-23.59314729]},"properties":{"id":"sp_geosampa_educacao_rede_publica:equipamento_educacao_rede_publica.55989","source_id":"sp_geosampa_educacao_rede_publica","name":"EMEF MARIA APARECIDA DO NASCIMENTO PROFA","name_derived":false,"category":"school","subcategory":"primary_secondary","geometry_type":"Point","address":"EDSON DANILLO DOTTO, 700, CONJUNTO HABITACIONAL SANTA ETELVINA II, 08485-280","equipment_type":"EMEF","administrative_sphere":null,"included_in_metrics":true,"exclusion_reason":null,"override_reason":null,"outside_boundary":false}},{"type":"Feature","geometry":{"type":"Point","coordinates":[-46.66986653,-23.74257824]},"properties":{"id":"sp_geosampa_educacao_rede_publica:equipamento_educacao_rede_publica.56039","source_id":"sp_geosampa_educacao_rede_publica","name":"ILDA VIEIRA VILELA","name_derived":false,"category":"school","subcategory":"primary_secondary","geometry_type":"Point","address":"CANAL DE COCAIA, SN, PARQUE RESIDENCIAL COCAIA, 04849-032","equipment_type":"EE","administrative_sphere":null,"included_in_metrics":true,"exclusion_reason":null,"override_reason":null,"outside_boundary":false}},{"type":"Feature","geometry":{"type":"Point","coordinates":[-46.59741745,-23.60950318]},"properties":{"id":"sp_geosampa_educacao_rede_publica:equipamento_educacao_rede_publica.56076","source_id":"sp_geosampa_educacao_rede_publica","name":"EMEF ABRAO HUCK DR","name_derived":false,"category":"school","subcategory":"primary_secondary","geometry_type":"Point","address":"ALENCAR ARARIPE, 261, SACOMA, 04253-000","equipment_type":"EMEF","administrative_sphere":null,"included_in_metrics":true,"exclusion_reason":null,"override_reason":null,"outside_boundary":false}},{"type":"Feature","geometry":{"type":"Point","coordinates":[-46.78612389,-23.64369432]},"properties":{"id":"sp_geosampa_educacao_rede_publica:equipamento_educacao_rede_publica.56078","source_id":"sp_geosampa_educacao_rede_publica","name":"OCTAVIA CANDIDO DOS SANTOS","name_derived":false,"category":"school","subcategory":"primary_secondary","geometry_type":"Point","address":"CANTANHEDE, SN, PIRAJUSSARA, 05790-150","equipment_type":"EE","administrative_sphere":null,"included_in_metrics":true,"exclusion_reason":null,"override_reason":null,"outside_boundary":false}},{"type":"Feature","geometry":{"type":"Point","coordinates":[-46.75300871,-23.62814246]},"properties":{"id":"sp_geosampa_educacao_rede_publica:equipamento_educacao_rede_publica.56086","source_id":"sp_geosampa_educacao_rede_publica","name":"RUTH GUIMARAES BOTELHO","name_derived":false,"category":"school","subcategory":"primary_secondary","geometry_type":"Point","address":"CARAIVA, 253, JARDIM OLINDA, 05766-270","equipment_type":"EE","administrative_sphere":null,"included_in_metrics":true,"exclusion_reason":null,"override_reason":null,"outside_boundary":false}},{"type":"Feature","geometry":{"type":"Point","coordinates":[-46.67703268,-23.76809497]},"properties":{"id":"sp_geosampa_educacao_rede_publica:equipamento_educacao_rede_publica.56104","source_id":"sp_geosampa_educacao_rede_publica","name":"JARDIM NORONHA V","name_derived":false,"category":"school","subcategory":"primary_secondary","geometry_type":"Point","address":"RUFINO ZADO, SN, JARDIM NORONHA, 04853-070","equipment_type":"EE","administrative_sphere":null,"included_in_metrics":true,"exclusion_reason":null,"override_reason":null,"outside_boundary":false}},{"type":"Feature","geometry":{"type":"Point","coordinates":[-46.71712158,-23.44932787]},"properties":{"id":"sp_geosampa_educacao_rede_publica:equipamento_educacao_rede_publica.56110","source_id":"sp_geosampa_educacao_rede_publica","name":"CYNIRA STOCCO FAUSTO PROFESSORA","name_derived":false,"category":"school","subcategory":"primary_secondary","geometry_type":"Point","address":"ELISIO TEIXEIRA LEITE, 4511, VILA BRASILANDIA, 02801-000","equipment_type":"EE","administrative_sphere":null,"included_in_metrics":true,"exclusion_reason":null,"override_reason":null,"outside_boundary":false}},{"type":"Feature","geometry":{"type":"Point","coordinates":[-46.46184124,-23.62170428]},"properties":{"id":"sp_geosampa_educacao_rede_publica:equipamento_educacao_rede_publica.56143","source_id":"sp_geosampa_educacao_rede_publica","name":"EMEF FORTE DOS REIS MAGOS","name_derived":false,"category":"school","subcategory":"primary_secondary","geometry_type":"Point","address":"FORTE DOS REIS MAGOS, 46, JARDIM RODOLFO PIRANI, 08310-430","equipment_type":"EMEF","administrative_sphere":null,"included_in_metrics":true,"exclusion_reason":null,"override_reason":null,"outside_boundary":false}},{"type":"Feature","geometry":{"type":"Point","coordinates":[-46.38523445,-23.4788226]},"properties":{"id":"sp_geosampa_educacao_rede_publica:equipamento_educacao_rede_publica.56195","source_id":"sp_geosampa_educacao_rede_publica","name":"SALVADOR ROMANO","name_derived":false,"category":"school","subcategory":"primary_secondary","geometry_type":"Point","address":"TOMAS LOPES DE CAMARGO, 510, JARDIM ROMANO, 08191-230","equipment_type":"EE","administrative_sphere":null,"included_in_metrics":true,"exclusion_reason":null,"override_reason":null,"outside_boundary":false}},{"type":"Feature","geometry":{"type":"Point","coordinates":[-46.39459609,-23.53772041]},"properties":{"id":"sp_geosampa_educacao_rede_publica:equipamento_educacao_rede_publica.56196","source_id":"sp_geosampa_educacao_rede_publica","name":"CANDIDA RITA DA SILVA PAULO","name_derived":false,"category":"school","subcategory":"primary_secondary","geometry_type":"Point","address":"FRANCISCO FERNANDES FRAZAO, 37, LAJEADO, 08452-180","equipment_type":"EE","administrative_sphere":null,"included_in_metrics":true,"exclusion_reason":null,"override_reason":null,"outside_boundary":false}},{"type":"Feature","geometry":{"type":"Point","coordinates":[-46.7602927,-23.72596596]},"properties":{"id":"sp_geosampa_educacao_rede_publica:equipamento_educacao_rede_publica.56265","source_id":"sp_geosampa_educacao_rede_publica","name":"EMEF EDIVALDO DOS SANTOS DANTAS PROF","name_derived":false,"category":"school","subcategory":"primary_secondary","geometry_type":"Point","address":"PERATUBA, S/N, CIDADE IPAVA, 04951-000","equipment_type":"EMEF","administrative_sphere":null,"included_in_metrics":true,"exclusion_reason":null,"override_reason":null,"outside_boundary":false}},{"type":"Feature","geometry":{"type":"Point","coordinates":[-46.44470854,-23.51073042]},"properties":{"id":"sp_geosampa_educacao_rede_publica:equipamento_educacao_rede_publica.56276","source_id":"sp_geosampa_educacao_rede_publica","name":"EMEF PEDRO FUKUYEI YAMAGUCHI FERREIRA","name_derived":false,"category":"school","subcategory":"primary_secondary","geometry_type":"Point","address":"FAVEIRA DO MATO, 530, JARDIM PLANALTO, 08040-370","equipment_type":"EMEF","administrative_sphere":null,"included_in_metrics":true,"exclusion_reason":null,"override_reason":null,"outside_boundary":false}},{"type":"Feature","geometry":{"type":"Point","coordinates":[-46.40302505,-23.51499069]},"properties":{"id":"sp_geosampa_educacao_rede_publica:equipamento_educacao_rede_publica.56295","source_id":"sp_geosampa_educacao_rede_publica","name":"EMEF TEREZA SETUKO KOSHIMAE HATORI PROFA","name_derived":false,"category":"school","subcategory":"primary_secondary","geometry_type":"Point","address":"DOM JOAO NERY, 2404, VILA LOURDES, 08452-340","equipment_type":"EMEF","administrative_sphere":null,"included_in_metrics":true,"exclusion_reason":null,"override_reason":null,"outside_boundary":false}},{"type":"Feature","geometry":{"type":"Point","coordinates":[-46.43288056,-23.52409656]},"properties":{"id":"sp_geosampa_educacao_rede_publica:equipamento_educacao_rede_publica.56296","source_id":"sp_geosampa_educacao_rede_publica","name":"EMEF JOSE MARIO PIRES AZANHA PROF","name_derived":false,"category":"school","subcategory":"primary_secondary","geometry_type":"Point","address":"CHA DOS JESUITAS, 72, VILA PROGRESSO ZONA LESTE, 08245-045","equipment_type":"EMEF","administrative_sphere":null,"included_in_metrics":true,"exclusion_reason":null,"override_reason":null,"outside_boundary":false}},{"type":"Feature","geometry":{"type":"Point","coordinates":[-46.46663198,-23.50028122]},"properties":{"id":"sp_geosampa_educacao_rede_publica:equipamento_educacao_rede_publica.56297","source_id":"sp_geosampa_educacao_rede_publica","name":"EMEF MILTON PEREIRA COSTA","name_derived":false,"category":"school","subcategory":"primary_secondary","geometry_type":"Point","address":"HENRIQUE XAVIER DE BRITO, 221, JARDIM PEDRO JOSE NUNES, 08061-015","equipment_type":"EMEF","administrative_sphere":null,"included_in_metrics":true,"exclusion_reason":null,"override_reason":null,"outside_boundary":false}},{"type":"Feature","geometry":{"type":"Point","coordinates":[-46.64329157,-23.70042513]},"properties":{"id":"sp_geosampa_educacao_rede_publica:equipamento_educacao_rede_publica.56388","source_id":"sp_geosampa_educacao_rede_publica","name":"WALTER LERNER PROFESSOR","name_derived":false,"category":"school","subcategory":"primary_secondary","geometry_type":"Point","address":"DOS CALANGOS, 60, PARQUE DOROTEIA, 04474-270","equipment_type":"EE","administrative_sphere":null,"included_in_metrics":true,"exclusion_reason":null,"override_reason":null,"outside_boundary":false}},{"type":"Feature","geometry":{"type":"Point","coordinates":[-46.75537319,-23.47254275]},"properties":{"id":"sp_geosampa_educacao_rede_publica:equipamento_educacao_rede_publica.56409","source_id":"sp_geosampa_educacao_rede_publica","name":"EMEF CHACARA TURISTICA","name_derived":false,"category":"school","subcategory":"primary_secondary","geometry_type":"Point","address":"AGNES FONTOURA, 87, CONJUNTO HABITACIONAL TURISTICA, 05164-015","equipment_type":"EMEF","administrative_sphere":null,"included_in_metrics":true,"exclusion_reason":null,"override_reason":null,"outside_boundary":false}},{"type":"Feature","geometry":{"type":"Point","coordinates":[-46.44794835,-23.60050054]},"properties":{"id":"sp_geosampa_educacao_rede_publica:equipamento_educacao_rede_publica.56571","source_id":"sp_geosampa_educacao_rede_publica","name":"EMEF ACLAMADO","name_derived":false,"category":"school","subcategory":"primary_secondary","geometry_type":"Point","address":"CURUMATIM, 390, PARQUE BOA ESPERANCA, 08341-240","equipment_type":"EMEF","administrative_sphere":null,"included_in_metrics":true,"exclusion_reason":null,"override_reason":null,"outside_boundary":false}},{"type":"Feature","geometry":{"type":"Point","coordinates":[-46.60701312,-23.45195138]},"properties":{"id":"sp_geosampa_educacao_rede_publica:equipamento_educacao_rede_publica.56603","source_id":"sp_geosampa_educacao_rede_publica","name":"SOCRATES BRASILEIRO SAMPAIO DE SOUZA VIEIRA DE OLIVEIRA","name_derived":false,"category":"school","subcategory":"primary_secondary","geometry_type":"Point","address":"ANTONIO SIMPLICIO, 170, PARQUE RAMOS FREITAS, 02353-110","equipment_type":"EE","administrative_sphere":null,"included_in_metrics":true,"exclusion_reason":null,"override_reason":null,"outside_boundary":false}},{"type":"Feature","geometry":{"type":"Point","coordinates":[-46.40764137,-23.50042889]},"properties":{"id":"sp_geosampa_educacao_rede_publica:equipamento_educacao_rede_publica.56827","source_id":"sp_geosampa_educacao_rede_publica","name":"EMEF JARDIM SILVA TELES","name_derived":false,"category":"school","subcategory":"primary_secondary","geometry_type":"Point","address":"FRED ASTAIRE, 164, JARDIM SILVA TELES, 08160-475","equipment_type":"EMEF","administrative_sphere":null,"included_in_metrics":true,"exclusion_reason":null,"override_reason":null,"outside_boundary":false}},{"type":"Feature","geometry":{"type":"Point","coordinates":[-46.42608567,-23.51716672]},"properties":{"id":"sp_geosampa_educacao_rede_publica:equipamento_educacao_rede_publica.57005","source_id":"sp_geosampa_educacao_rede_publica","name":"EUNICE MARQUES MOURA BASTOS PROFA","name_derived":false,"category":"school","subcategory":"primary_secondary","geometry_type":"Point","address":"NARCEJA, 100, VILA NOVA CURUCA, 08032-340","equipment_type":"EE","administrative_sphere":null,"included_in_metrics":true,"exclusion_reason":null,"override_reason":null,"outside_boundary":false}},{"type":"Feature","geometry":{"type":"Point","coordinates":[-46.74578584,-23.70515332]},"properties":{"id":"sp_geosampa_educacao_rede_publica:equipamento_educacao_rede_publica.57006","source_id":"sp_geosampa_educacao_rede_publica","name":"LEILA SABINO PROFESSORA","name_derived":false,"category":"school","subcategory":"primary_secondary","geometry_type":"Point","address":"SILVILINO MANTOVANINI, 300, JARDIM RIVIERA, 04925-040","equipment_type":"EE","administrative_sphere":null,"included_in_metrics":true,"exclusion_reason":null,"override_reason":null,"outside_boundary":false}},{"type":"Feature","geometry":{"type":"Point","coordinates":[-46.722593,-23.49628096]},"properties":{"id":"sp_geosampa_educacao_rede_publica:equipamento_educacao_rede_publica.57007","source_id":"sp_geosampa_educacao_rede_publica","name":"RAUL ANTONIO FRAGOSO PROFESSOR","name_derived":false,"category":"school","subcategory":"primary_secondary","geometry_type":"Point","address":"CHARLES SILVER, 51, JARDIM SAO RICARDO, 05143-210","equipment_type":"EE","administrative_sphere":null,"included_in_metrics":true,"exclusion_reason":null,"override_reason":null,"outside_boundary":false}},{"type":"Feature","geometry":{"type":"Point","coordinates":[-46.71221502,-23.44200526]},"properties":{"id":"sp_geosampa_educacao_rede_publica:equipamento_educacao_rede_publica.57008","source_id":"sp_geosampa_educacao_rede_publica","name":"EDUARDO GOMES BRIGADEIRO COHAB","name_derived":false,"category":"school","subcategory":"primary_secondary","geometry_type":"Point","address":"JOAO AMADO COUTINHO, 1010, CONJUNTO RESIDENCIAL ELISIO TEIXEIRA LEITE, 02815-000","equipment_type":"EE","administrative_sphere":null,"included_in_metrics":true,"exclusion_reason":null,"override_reason":null,"outside_boundary":false}},{"type":"Feature","geometry":{"type":"Point","coordinates":[-46.51495414,-23.58899525]},"properties":{"id":"sp_geosampa_educacao_rede_publica:equipamento_educacao_rede_publica.57009","source_id":"sp_geosampa_educacao_rede_publica","name":"MIGUEL SANSIGOLO PROF","name_derived":false,"category":"school","subcategory":"primary_secondary","geometry_type":"Point","address":"FRANCISCO DA ROCHA, 157, JARDIM IVA, 03921-130","equipment_type":"EE","administrative_sphere":null,"included_in_metrics":true,"exclusion_reason":null,"override_reason":null,"outside_boundary":false}},{"type":"Feature","geometry":{"type":"Point","coordinates":[-46.5086566,-23.55520857]},"properties":{"id":"sp_geosampa_educacao_rede_publica:equipamento_educacao_rede_publica.57010","source_id":"sp_geosampa_educacao_rede_publica","name":"CAMILO MARIA CAVALHEIRO DOM","name_derived":false,"category":"school","subcategory":"primary_secondary","geometry_type":"Point","address":"GARUVA, 55, JARDIM SANTA MARIA, 03576-160","equipment_type":"EE","administrative_sphere":null,"included_in_metrics":true,"exclusion_reason":null,"override_reason":null,"outside_boundary":false}},{"type":"Feature","geometry":{"type":"Point","coordinates":[-46.37501982,-23.49637054]},"properties":{"id":"sp_geosampa_educacao_rede_publica:equipamento_educacao_rede_publica.57011","source_id":"sp_geosampa_educacao_rede_publica","name":"JOSE BUSTAMANTE DEPUTADO","name_derived":false,"category":"school","subcategory":"primary_secondary","geometry_type":"Point","address":"ANTONIO DE CAMARGO ORTIZ, 2, PARQUE SANTA AMELIA, 08122-270","equipment_type":"EE","administrative_sphere":null,"included_in_metrics":true,"exclusion_reason":null,"override_reason":null,"outside_boundary":false}},{"type":"Feature","geometry":{"type":"Point","coordinates":[-46.76312182,-23.61985741]},"properties":{"id":"sp_geosampa_educacao_rede_publica:equipamento_educacao_rede_publica.57012","source_id":"sp_geosampa_educacao_rede_publica","name":"AMADOR E CATHARINA SAPORITO AUGUSTO","name_derived":false,"category":"school","subcategory":"primary_secondary","geometry_type":"Point","address":"AMARO OLIVEIRA LIMA, 251, PARQUE ESMERALDA, 05784-010","equipment_type":"EE","administrative_sphere":null,"included_in_metrics":true,"exclusion_reason":null,"override_reason":null,"outside_boundary":false}},{"type":"Feature","geometry":{"type":"Point","coordinates":[-46.78479845,-23.69775649]},"properties":{"id":"sp_geosampa_educacao_rede_publica:equipamento_educacao_rede_publica.57013","source_id":"sp_geosampa_educacao_rede_publica","name":"JOSE PORPHYRIO DA PAZ","name_derived":false,"category":"school","subcategory":"primary_secondary","geometry_type":"Point","address":"JOSE ALVES DA SILVA, 870, PARQUE NOVO SANTO AMARO, 05874-000","equipment_type":"EE","administrative_sphere":null,"included_in_metrics":true,"exclusion_reason":null,"override_reason":null,"outside_boundary":false}},{"type":"Feature","geometry":{"type":"Point","coordinates":[-46.66656537,-23.66457636]},"properties":{"id":"sp_geosampa_educacao_rede_publica:equipamento_educacao_rede_publica.57014","source_id":"sp_geosampa_educacao_rede_publica","name":"JOSE HERMENEGILDO LEONI PROFESSOR","name_derived":false,"category":"school","subcategory":"primary_secondary","geometry_type":"Point","address":"DOMENICO DE PALMA, 451, CUPECE, 04652-234","equipment_type":"EE","administrative_sphere":null,"included_in_metrics":true,"exclusion_reason":null,"override_reason":null,"outside_boundary":false}},{"type":"Feature","geometry":{"type":"Point","coordinates":[-46.66150965,-23.68119506]},"properties":{"id":"sp_geosampa_educacao_rede_publica:equipamento_educacao_rede_publica.57015","source_id":"sp_geosampa_educacao_rede_publica","name":"JOSE CAVALCANTI SILVA DESEMBARGADOR","name_derived":false,"category":"school","subcategory":"primary_secondary","geometry_type":"Point","address":"GEORGE BERNANOS, 71, JARDIM SAO JORGE, 04432-110","equipment_type":"EE","administrative_sphere":null,"included_in_metrics":true,"exclusion_reason":null,"override_reason":null,"outside_boundary":false}},{"type":"Feature","geometry":{"type":"Point","coordinates":[-46.71535213,-23.67182242]},"properties":{"id":"sp_geosampa_educacao_rede_publica:equipamento_educacao_rede_publica.57016","source_id":"sp_geosampa_educacao_rede_publica","name":"ITURBIDES BOLIVAR DE ALMEIDA SERRA PROF","name_derived":false,"category":"school","subcategory":"primary_secondary","geometry_type":"Point","address":"PINEDO, 777, SOCORRO, 04764-001","equipment_type":"EE","administrative_sphere":null,"included_in_metrics":true,"exclusion_reason":null,"override_reason":null,"outside_boundary":false}},{"type":"Feature","geometry":{"type":"Point","coordinates":[-46.67097475,-23.8193594]},"properties":{"id":"sp_geosampa_educacao_rede_publica:equipamento_educacao_rede_publica.57017","source_id":"sp_geosampa_educacao_rede_publica","name":"HERMINIO SACCHETTA","name_derived":false,"category":"school","subcategory":"primary_secondary","geometry_type":"Point","address":"PAULO GUILGUER REIMBERG, 9865, PARQUE MARIA FERNANDES, 04858-570","equipment_type":"EE","administrative_sphere":null,"included_in_metrics":true,"exclusion_reason":null,"override_reason":null,"outside_boundary":false}},{"type":"Feature","geometry":{"type":"Point","coordinates":[-46.50407754,-23.60585109]},"properties":{"id":"sp_geosampa_educacao_rede_publica:equipamento_educacao_rede_publica.57018","source_id":"sp_geosampa_educacao_rede_publica","name":"SHIRO KYONO DEPUTADO","name_derived":false,"category":"school","subcategory":"primary_secondary","geometry_type":"Point","address":"TOMAS DE SANTA MARIA, 245, CONJUNTO HABITACIONAL TEOTONIO VILELA, 03928-170","equipment_type":"EE","administrative_sphere":null,"included_in_metrics":true,"exclusion_reason":null,"override_reason":null,"outside_boundary":false}},{"type":"Feature","geometry":{"type":"Point","coordinates":[-46.50426558,-23.55969655]},"properties":{"id":"sp_geosampa_educacao_rede_publica:equipamento_educacao_rede_publica.57019","source_id":"sp_geosampa_educacao_rede_publica","name":"MARIA JOSE BARONE FERNANDES PROFA","name_derived":false,"category":"school","subcategory":"primary_secondary","geometry_type":"Point","address":"ITAICICA, 37, JARDIM ITAPEMA, 03578-050","equipment_type":"EE","administrative_sphere":null,"included_in_metrics":true,"exclusion_reason":null,"override_reason":null,"outside_boundary":false}},{"type":"Feature","geometry":{"type":"Point","coordinates":[-46.50173374,-23.49724402]},"properties":{"id":"sp_geosampa_educacao_rede_publica:equipamento_educacao_rede_publica.57020","source_id":"sp_geosampa_educacao_rede_publica","name":"ANNA PONTES TOLEDO NATALI PROFESSORA","name_derived":false,"category":"school","subcategory":"primary_secondary","geometry_type":"Point","address":"PACO DO LUMIAR, 191, VILA SILVIA, 03820-140","equipment_type":"EE","administrative_sphere":null,"included_in_metrics":true,"exclusion_reason":null,"override_reason":null,"outside_boundary":false}},{"type":"Feature","geometry":{"type":"Point","coordinates":[-46.7878952,-23.68628862]},"properties":{"id":"sp_geosampa_educacao_rede_publica:equipamento_educacao_rede_publica.57021","source_id":"sp_geosampa_educacao_rede_publica","name":"MARGARIDA MARIA ALVES","name_derived":false,"category":"school","subcategory":"primary_secondary","geometry_type":"Point","address":"DIAMANTE VERDE, 180, PARQUE INDEPENDENCIA, 05880-280","equipment_type":"EE","administrative_sphere":null,"included_in_metrics":true,"exclusion_reason":null,"override_reason":null,"outside_boundary":false}},{"type":"Feature","geometry":{"type":"Point","coordinates":[-46.68045538,-23.75309435]},"properties":{"id":"sp_geosampa_educacao_rede_publica:equipamento_educacao_rede_publica.57022","source_id":"sp_geosampa_educacao_rede_publica","name":"IRMA CHARLITA","name_derived":false,"category":"school","subcategory":"primary_secondary","geometry_type":"Point","address":"ADELIA DA SILVA MENDES, 700, PARQUE COCAIA, 04850-020","equipment_type":"EE","administrative_sphere":null,"included_in_metrics":true,"exclusion_reason":null,"override_reason":null,"outside_boundary":false}},{"type":"Feature","geometry":{"type":"Point","coordinates":[-46.68311936,-23.7530181]},"properties":{"id":"sp_geosampa_educacao_rede_publica:equipamento_educacao_rede_publica.57023","source_id":"sp_geosampa_educacao_rede_publica","name":"JOAO GOULART PRESIDENTE","name_derived":false,"category":"school","subcategory":"primary_secondary","geometry_type":"Point","address":"SAO JOSE DO RIO PRETO, SN, GRAJAU, 04840-460","equipment_type":"EE","administrative_sphere":null,"included_in_metrics":true,"exclusion_reason":null,"override_reason":null,"outside_boundary":false}},{"type":"Feature","geometry":{"type":"Point","coordinates":[-46.74221685,-23.69314742]},"properties":{"id":"sp_geosampa_educacao_rede_publica:equipamento_educacao_rede_publica.57024","source_id":"sp_geosampa_educacao_rede_publica","name":"EUGENIO MARIZ DE OLIVEIRA NETTO","name_derived":false,"category":"school","subcategory":"primary_secondary","geometry_type":"Point","address":"DONA VIRGNIA, 100, CHACARA VISTA ALEGRE, 04922-120","equipment_type":"EE","administrative_sphere":null,"included_in_metrics":true,"exclusion_reason":null,"override_reason":null,"outside_boundary":false}},{"type":"Feature","geometry":{"type":"Point","coordinates":[-46.65903204,-23.71071998]},"properties":{"id":"sp_geosampa_educacao_rede_publica:equipamento_educacao_rede_publica.57025","source_id":"sp_geosampa_educacao_rede_publica","name":"FRANCISCO ALVES MOURAO PROFESSOR","name_derived":false,"category":"school","subcategory":"primary_secondary","geometry_type":"Point","address":"ADELINA MARIA DE JESUS, 15, JARDIM APURA, 04470-261","equipment_type":"EE","administrative_sphere":null,"included_in_metrics":true,"exclusion_reason":null,"override_reason":null,"outside_boundary":false}},{"type":"Feature","geometry":{"type":"Point","coordinates":[-46.7596115,-23.65815696]},"properties":{"id":"sp_geosampa_educacao_rede_publica:equipamento_educacao_rede_publica.57026","source_id":"sp_geosampa_educacao_rede_publica","name":"MIGUEL MUNHOZ FILHO","name_derived":false,"category":"school","subcategory":"primary_secondary","geometry_type":"Point","address":"AGOSTINHO RUBIN, 301, JARDIM GERMANIA, 05848-000","equipment_type":"EE","administrative_sphere":null,"included_in_metrics":true,"exclusion_reason":null,"override_reason":null,"outside_boundary":false}},{"type":"Feature","geometry":{"type":"Point","coordinates":[-46.76995892,-23.64692449]},"properties":{"id":"sp_geosampa_educacao_rede_publica:equipamento_educacao_rede_publica.57027","source_id":"sp_geosampa_educacao_rede_publica","name":"MOACYR DE CASTRO FERRAZ PROFESSOR","name_derived":false,"category":"school","subcategory":"primary_secondary","geometry_type":"Point","address":"JUAN ALDAMA, 100, JARDIM UMUARAMA, 05783-130","equipment_type":"EE","administrative_sphere":null,"included_in_metrics":true,"exclusion_reason":null,"override_reason":null,"outside_boundary":false}},{"type":"Feature","geometry":{"type":"Point","coordinates":[-46.47077318,-23.51701158]},"properties":{"id":"sp_geosampa_educacao_rede_publica:equipamento_educacao_rede_publica.57028","source_id":"sp_geosampa_educacao_rede_publica","name":"PAULO ROBERTO FAGGIONI PROFESSOR","name_derived":false,"category":"school","subcategory":"primary_secondary","geometry_type":"Point","address":"TABACARANA, 10, LIMOEIRO, 08051-100","equipment_type":"EE","administrative_sphere":null,"included_in_metrics":true,"exclusion_reason":null,"override_reason":null,"outside_boundary":false}},{"type":"Feature","geometry":{"type":"Point","coordinates":[-46.46908975,-23.52913681]},"properties":{"id":"sp_geosampa_educacao_rede_publica:equipamento_educacao_rede_publica.57029","source_id":"sp_geosampa_educacao_rede_publica","name":"ELYSEU SIMOES MACHADO PROFESSOR","name_derived":false,"category":"school","subcategory":"primary_secondary","geometry_type":"Point","address":"ACAUA, 225, CIDADE ANTONIO ESTEVAO DE CARVALHO, 08223-250","equipment_type":"EE","administrative_sphere":null,"included_in_metrics":true,"exclusion_reason":null,"override_reason":null,"outside_boundary":false}},{"type":"Feature","geometry":{"type":"Point","coordinates":[-46.38667444,-23.51898624]},"properties":{"id":"sp_geosampa_educacao_rede_publica:equipamento_educacao_rede_publica.57030","source_id":"sp_geosampa_educacao_rede_publica","name":"NEYDY DE CAMPOS MELGES PROF","name_derived":false,"category":"school","subcategory":"primary_secondary","geometry_type":"Point","address":"MARGARIDA CARLOS DE ALBUQUERQUE, 288, JARDIM LAURA, 08142-260","equipment_type":"EE","administrative_sphere":null,"included_in_metrics":true,"exclusion_reason":null,"override_reason":null,"outside_boundary":false}},{"type":"Feature","geometry":{"type":"Point","coordinates":[-46.39018878,-23.49214784]},"properties":{"id":"sp_geosampa_educacao_rede_publica:equipamento_educacao_rede_publica.57031","source_id":"sp_geosampa_educacao_rede_publica","name":"DARIO MONTEIRO DE BRITO PROF","name_derived":false,"category":"school","subcategory":"primary_secondary","geometry_type":"Point","address":"SALVADOR BALBINO DE MATOS, 104, VILA ITAIM, 08110-750","equipment_type":"EE","administrative_sphere":null,"included_in_metrics":true,"exclusion_reason":null,"override_reason":null,"outside_boundary":false}},{"type":"Feature","geometry":{"type":"Point","coordinates":[-46.43365662,-23.60681295]},"properties":{"id":"sp_geosampa_educacao_rede_publica:equipamento_educacao_rede_publica.57032","source_id":"sp_geosampa_educacao_rede_publica","name":"ANTONIETA DE SOUZA ALCANTARA","name_derived":false,"category":"school","subcategory":"primary_secondary","geometry_type":"Point","address":"PRANTO DE POETA, 101, JARDIM DA LARANJEIRA ZONA LESTE, 08381-015","equipment_type":"EE","administrative_sphere":null,"included_in_metrics":true,"exclusion_reason":null,"override_reason":null,"outside_boundary":false}},{"type":"Feature","geometry":{"type":"Point","coordinates":[-46.39727318,-23.57041979]},"properties":{"id":"sp_geosampa_educacao_rede_publica:equipamento_educacao_rede_publica.57033","source_id":"sp_geosampa_educacao_rede_publica","name":"CESAR DONATO CALABREZ","name_derived":false,"category":"school","subcategory":"primary_secondary","geometry_type":"Point","address":"INACIO MONTEIRO, 1391, JARDIM SAO PAULO ZONA LESTE, 08490-000","equipment_type":"EE","administrative_sphere":null,"included_in_metrics":true,"exclusion_reason":null,"override_reason":null,"outside_boundary":false}},{"type":"Feature","geometry":{"type":"Point","coordinates":[-46.47834033,-23.60529616]},"properties":{"id":"sp_geosampa_educacao_rede_publica:equipamento_educacao_rede_publica.57034","source_id":"sp_geosampa_educacao_rede_publica","name":"JOAO CAMARGO PROF","name_derived":false,"category":"school","subcategory":"primary_secondary","geometry_type":"Point","address":"ANGELO DE CANDIA, 2868, CIDADE SAO MATEUS, 03958-000","equipment_type":"EE","administrative_sphere":null,"included_in_metrics":true,"exclusion_reason":null,"override_reason":null,"outside_boundary":false}},{"type":"Feature","geometry":{"type":"Point","coordinates":[-46.76470093,-23.66241458]},"properties":{"id":"sp_geosampa_educacao_rede_publica:equipamento_educacao_rede_publica.57035","source_id":"sp_geosampa_educacao_rede_publica","name":"JORGE ANDRADE","name_derived":false,"category":"school","subcategory":"primary_secondary","geometry_type":"Point","address":"DOUTOR BENEDITO MATARAZZO, 5, PARQUE MARIA HELENA, 05854-090","equipment_type":"EE","administrative_sphere":null,"included_in_metrics":true,"exclusion_reason":null,"override_reason":null,"outside_boundary":false}},{"type":"Feature","geometry":{"type":"Point","coordinates":[-46.76068991,-23.68253676]},"properties":{"id":"sp_geosampa_educacao_rede_publica:equipamento_educacao_rede_publica.57036","source_id":"sp_geosampa_educacao_rede_publica","name":"ROSA PAVONE PIMONT DOUTORA","name_derived":false,"category":"school","subcategory":"primary_secondary","geometry_type":"Point","address":"CONDE DE PROENCA, 28, JARDIM COIMBRA, 04932-430","equipment_type":"EE","administrative_sphere":null,"included_in_metrics":true,"exclusion_reason":null,"override_reason":null,"outside_boundary":false}},{"type":"Feature","geometry":{"type":"Point","coordinates":[-46.43692583,-23.57657717]},"properties":{"id":"sp_geosampa_educacao_rede_publica:equipamento_educacao_rede_publica.57037","source_id":"sp_geosampa_educacao_rede_publica","name":"JOAO CASTELLANO PROFESSOR","name_derived":false,"category":"school","subcategory":"primary_secondary","geometry_type":"Point","address":"TOMOICHI SHIMIZU, 758, COLONIA ZONA LESTE, 08260-140","equipment_type":"EE","administrative_sphere":null,"included_in_metrics":true,"exclusion_reason":null,"override_reason":null,"outside_boundary":false}},{"type":"Feature","geometry":{"type":"Point","coordinates":[-46.40267569,-23.60594538]},"properties":{"id":"sp_geosampa_educacao_rede_publica:equipamento_educacao_rede_publica.57038","source_id":"sp_geosampa_educacao_rede_publica","name":"FERNANDO MAURO PIRES DA ROCHA DEPUTADO","name_derived":false,"category":"school","subcategory":"primary_secondary","geometry_type":"Point","address":"JOSE PINTO, 10, CIDADE TIRADENTES, 08471-520","equipment_type":"EE","administrative_sphere":null,"included_in_metrics":true,"exclusion_reason":null,"override_reason":null,"outside_boundary":false}},{"type":"Feature","geometry":{"type":"Point","coordinates":[-46.79565382,-23.68100142]},"properties":{"id":"sp_geosampa_educacao_rede_publica:equipamento_educacao_rede_publica.57039","source_id":"sp_geosampa_educacao_rede_publica","name":"MARIA JANNUZZI MASCARI PROFESSORA","name_derived":false,"category":"school","subcategory":"primary_secondary","geometry_type":"Point","address":"ITAPECERICA, 9950, PARQUE FERNANDA, 05858-002","equipment_type":"EE","administrative_sphere":null,"included_in_metrics":true,"exclusion_reason":null,"override_reason":null,"outside_boundary":false}},{"type":"Feature","geometry":{"type":"Point","coordinates":[-46.50586786,-23.62078188]},"properties":{"id":"sp_geosampa_educacao_rede_publica:equipamento_educacao_rede_publica.57040","source_id":"sp_geosampa_educacao_rede_publica","name":"JULIETA FARAO PROFA","name_derived":false,"category":"school","subcategory":"primary_secondary","geometry_type":"Point","address":"BATISTA FERGUSIO, 1754, VILA CARDOSO FRANCO, 03978-180","equipment_type":"EE","administrative_sphere":null,"included_in_metrics":true,"exclusion_reason":null,"override_reason":null,"outside_boundary":false}},{"type":"Feature","geometry":{"type":"Point","coordinates":[-46.49684991,-23.60442044]},"properties":{"id":"sp_geosampa_educacao_rede_publica:equipamento_educacao_rede_publica.57041","source_id":"sp_geosampa_educacao_rede_publica","name":"ARTHUR CHAGAS JUNIOR PROF","name_derived":false,"category":"school","subcategory":"primary_secondary","geometry_type":"Point","address":"FRANCESCO USPER, 951, CONJUNTO HABITACIONAL TEOTONIO VILELA, 03928-235","equipment_type":"EE","administrative_sphere":null,"included_in_metrics":true,"exclusion_reason":null,"override_reason":null,"outside_boundary":false}},{"type":"Feature","geometry":{"type":"Point","coordinates":[-46.48456798,-23.57216858]},"properties":{"id":"sp_geosampa_educacao_rede_publica:equipamento_educacao_rede_publica.57042","source_id":"sp_geosampa_educacao_rede_publica","name":"JOZINEIDE PEREIRA GAUDINO","name_derived":false,"category":"school","subcategory":"primary_secondary","geometry_type":"Point","address":"JOAQUIM MEIRA DE SIQUEIRA, 200, JARDIM NOSSA SENHORA DO CARMO, 08275-490","equipment_type":"EE","administrative_sphere":null,"included_in_metrics":true,"exclusion_reason":null,"override_reason":null,"outside_boundary":false}},{"type":"Feature","geometry":{"type":"Point","coordinates":[-46.46709823,-23.48993654]},"properties":{"id":"sp_geosampa_educacao_rede_publica:equipamento_educacao_rede_publica.57043","source_id":"sp_geosampa_educacao_rede_publica","name":"MARIA JOVITA","name_derived":false,"category":"school","subcategory":"primary_secondary","geometry_type":"Point","address":"NOVA DE SANTA CRUZ, SN, JARDIM MATARAZZO, 03813-060","equipment_type":"EE","administrative_sphere":null,"included_in_metrics":true,"exclusion_reason":null,"override_reason":null,"outside_boundary":false}},{"type":"Feature","geometry":{"type":"Point","coordinates":[-46.41675885,-23.50345167]},"properties":{"id":"sp_geosampa_educacao_rede_publica:equipamento_educacao_rede_publica.57044","source_id":"sp_geosampa_educacao_rede_publica","name":"MARCELO TULMAN NETO","name_derived":false,"category":"school","subcategory":"primary_secondary","geometry_type":"Point","address":"BELADONA, 372, JD MIRAGAIA, 08161-330","equipment_type":"EE","administrative_sphere":null,"included_in_metrics":true,"exclusion_reason":null,"override_reason":null,"outside_boundary":false}},{"type":"Feature","geometry":{"type":"Point","coordinates":[-46.46264744,-23.51774054]},"properties":{"id":"sp_geosampa_educacao_rede_publica:equipamento_educacao_rede_publica.57045","source_id":"sp_geosampa_educacao_rede_publica","name":"SAID MURAD","name_derived":false,"category":"school","subcategory":"primary_secondary","geometry_type":"Point","address":"PINHEIRO DO PARANA, 177, PARQUE GUARANI, 08235-590","equipment_type":"EE","administrative_sphere":null,"included_in_metrics":true,"exclusion_reason":null,"override_reason":null,"outside_boundary":false}},{"type":"Feature","geometry":{"type":"Point","coordinates":[-46.38292479,-23.50521332]},"properties":{"id":"sp_geosampa_educacao_rede_publica:equipamento_educacao_rede_publica.57046","source_id":"sp_geosampa_educacao_rede_publica","name":"JOAO BATISTA VILANOVA ARTIGAS PROF","name_derived":false,"category":"school","subcategory":"primary_secondary","geometry_type":"Point","address":"FERNANDO DE GODOI, 21, JARDIM ELZA, 08121-380","equipment_type":"EE","administrative_sphere":null,"included_in_metrics":true,"exclusion_reason":null,"override_reason":null,"outside_boundary":false}},{"type":"Feature","geometry":{"type":"Point","coordinates":[-46.38029166,-23.48466623]},"properties":{"id":"sp_geosampa_educacao_rede_publica:equipamento_educacao_rede_publica.57047","source_id":"sp_geosampa_educacao_rede_publica","name":"FRANCISCO PARENTE","name_derived":false,"category":"school","subcategory":"primary_secondary","geometry_type":"Point","address":"TOSHIO YOSHIDA, 11, VILA ODETE, 08111-710","equipment_type":"EE","administrative_sphere":null,"included_in_metrics":true,"exclusion_reason":null,"override_reason":null,"outside_boundary":false}},{"type":"Feature","geometry":{"type":"Point","coordinates":[-46.38492322,-23.51252201]},"properties":{"id":"sp_geosampa_educacao_rede_publica:equipamento_educacao_rede_publica.57048","source_id":"sp_geosampa_educacao_rede_publica","name":"PEDRO BRASIL BANDECCHI PROF","name_derived":false,"category":"school","subcategory":"primary_secondary","geometry_type":"Point","address":"JOSE ALVES COELHO, 140, JARDIM NELIA, 08142-180","equipment_type":"EE","administrative_sphere":null,"included_in_metrics":true,"exclusion_reason":null,"override_reason":null,"outside_boundary":false}},{"type":"Feature","geometry":{"type":"Point","coordinates":[-46.43765464,-23.55023316]},"properties":{"id":"sp_geosampa_educacao_rede_publica:equipamento_educacao_rede_publica.57049","source_id":"sp_geosampa_educacao_rede_publica","name":"LUIZ VAZ DE CAMOES","name_derived":false,"category":"school","subcategory":"primary_secondary","geometry_type":"Point","address":"JOAO PEDRO LUNA, 132, CONJUNTO RESIDENCIAL JOSE BONIFACIO, 08253-495","equipment_type":"EE","administrative_sphere":null,"included_in_metrics":true,"exclusion_reason":null,"override_reason":null,"outside_boundary":false}},{"type":"Feature","geometry":{"type":"Point","coordinates":[-46.68947933,-23.72909508]},"properties":{"id":"sp_geosampa_educacao_rede_publica:equipamento_educacao_rede_publica.57050","source_id":"sp_geosampa_educacao_rede_publica","name":"ITIRO MUTO","name_derived":false,"category":"school","subcategory":"primary_secondary","geometry_type":"Point","address":"PAULO ARAUJO NOVAES, 190, PARQUE AMERICA, 04822-010","equipment_type":"EE","administrative_sphere":null,"included_in_metrics":true,"exclusion_reason":null,"override_reason":null,"outside_boundary":false}},{"type":"Feature","geometry":{"type":"Point","coordinates":[-46.69692388,-23.77642162]},"properties":{"id":"sp_geosampa_educacao_rede_publica:equipamento_educacao_rede_publica.57051","source_id":"sp_geosampa_educacao_rede_publica","name":"TANCREDO DE ALMEIDA NEVES PRES","name_derived":false,"category":"school","subcategory":"primary_secondary","geometry_type":"Point","address":"PAULO GUILGUER REIMBERG, 2448, JARDIM NOVO HORIZONTE, 04856-200","equipment_type":"EE","administrative_sphere":null,"included_in_metrics":true,"exclusion_reason":null,"override_reason":null,"outside_boundary":false}},{"type":"Feature","geometry":{"type":"Point","coordinates":[-46.70346077,-23.76507221]},"properties":{"id":"sp_geosampa_educacao_rede_publica:equipamento_educacao_rede_publica.57052","source_id":"sp_geosampa_educacao_rede_publica","name":"CHRISTIANO ALTENFELDER SILVA DOUTOR","name_derived":false,"category":"school","subcategory":"primary_secondary","geometry_type":"Point","address":"JULIA MAMEIA, 45, JARDIM SANTA FE ZONA SUL, 04859-100","equipment_type":"EE","administrative_sphere":null,"included_in_metrics":true,"exclusion_reason":null,"override_reason":null,"outside_boundary":false}},{"type":"Feature","geometry":{"type":"Point","coordinates":[-46.70182143,-23.68542642]},"properties":{"id":"sp_geosampa_educacao_rede_publica:equipamento_educacao_rede_publica.57053","source_id":"sp_geosampa_educacao_rede_publica","name":"CALHIM MANOEL ABUD","name_derived":false,"category":"school","subcategory":"primary_secondary","geometry_type":"Point","address":"OSCAR FERNANDES, SN, VILA CALIFORNIAZONA SUL, 04775-090","equipment_type":"EE","administrative_sphere":null,"included_in_metrics":true,"exclusion_reason":null,"override_reason":null,"outside_boundary":false}},{"type":"Feature","geometry":{"type":"Point","coordinates":[-46.7952594,-23.60132948]},"properties":{"id":"sp_geosampa_educacao_rede_publica:equipamento_educacao_rede_publica.57054","source_id":"sp_geosampa_educacao_rede_publica","name":"JOAO XXIII","name_derived":false,"category":"school","subcategory":"primary_secondary","geometry_type":"Point","address":"VATICANO, 245, JARDIM JOAO XXIII, 05569-120","equipment_type":"EE","administrative_sphere":null,"included_in_metrics":true,"exclusion_reason":null,"override_reason":null,"outside_boundary":false}},{"type":"Feature","geometry":{"type":"Point","coordinates":[-46.75128028,-23.4471761]},"properties":{"id":"sp_geosampa_educacao_rede_publica:equipamento_educacao_rede_publica.57055","source_id":"sp_geosampa_educacao_rede_publica","name":"LEONIDAS HORTA DE MACEDO PROFESSOR","name_derived":false,"category":"school","subcategory":"primary_secondary","geometry_type":"Point","address":"MIGUEL RIBAS, 11, JARDIM IPANEMA ZONA OESTE, 05187-270","equipment_type":"EE","administrative_sphere":null,"included_in_metrics":true,"exclusion_reason":null,"override_reason":null,"outside_boundary":false}},{"type":"Feature","geometry":{"type":"Point","coordinates":[-46.76029807,-23.49079408]},"properties":{"id":"sp_geosampa_educacao_rede_publica:equipamento_educacao_rede_publica.57056","source_id":"sp_geosampa_educacao_rede_publica","name":"MARILENA PIUMBATO CHAPARRO PROFESSORA","name_derived":false,"category":"school","subcategory":"primary_secondary","geometry_type":"Point","address":"BOAVENTURA PEREIRA, 235, PARQUE ANHANGUERA SAO DOMINGOS, 05158-240","equipment_type":"EE","administrative_sphere":null,"included_in_metrics":true,"exclusion_reason":null,"override_reason":null,"outside_boundary":false}},{"type":"Feature","geometry":{"type":"Point","coordinates":[-46.71799384,-23.46128481]},"properties":{"id":"sp_geosampa_educacao_rede_publica:equipamento_educacao_rede_publica.57057","source_id":"sp_geosampa_educacao_rede_publica","name":"FELICIA DE RINALDIS FRANCO","name_derived":false,"category":"school","subcategory":"primary_secondary","geometry_type":"Point","address":"CAMPINORTE, 58, JARDIM SYDNEY, 02981-040","equipment_type":"EE","administrative_sphere":null,"included_in_metrics":true,"exclusion_reason":null,"override_reason":null,"outside_boundary":false}},{"type":"Feature","geometry":{"type":"Point","coordinates":[-46.56741093,-23.48811628]},"properties":{"id":"sp_geosampa_educacao_rede_publica:equipamento_educacao_rede_publica.57058","source_id":"sp_geosampa_educacao_rede_publica","name":"MARIA ANTONIETTA DE CASTRO PROFA","name_derived":false,"category":"school","subcategory":"primary_secondary","geometry_type":"Point","address":"INACIO FIRMO, 65, JARDIM JULIETA, 02161-100","equipment_type":"EE","administrative_sphere":null,"included_in_metrics":true,"exclusion_reason":null,"override_reason":null,"outside_boundary":false}},{"type":"Feature","geometry":{"type":"Point","coordinates":[-46.39984667,-23.59983642]},"properties":{"id":"sp_geosampa_educacao_rede_publica:equipamento_educacao_rede_publica.57059","source_id":"sp_geosampa_educacao_rede_publica","name":"FERNANDO PESSOA","name_derived":false,"category":"school","subcategory":"primary_secondary","geometry_type":"Point","address":"PADRE ALDEMAR MOREIRA, 200, CIDADE TIRADENTES, 08471-010","equipment_type":"EE","administrative_sphere":null,"included_in_metrics":true,"exclusion_reason":null,"override_reason":null,"outside_boundary":false}},{"type":"Feature","geometry":{"type":"Point","coordinates":[-46.39535997,-23.5991458]},"properties":{"id":"sp_geosampa_educacao_rede_publica:equipamento_educacao_rede_publica.57060","source_id":"sp_geosampa_educacao_rede_publica","name":"MARIUMA BUAZAR MAUAD","name_derived":false,"category":"school","subcategory":"primary_secondary","geometry_type":"Point","address":"PADRE ALDEMAR MOREIRA, 461, CIDADE TIRADENTES, 08471-010","equipment_type":"EE","administrative_sphere":null,"included_in_metrics":true,"exclusion_reason":null,"override_reason":null,"outside_boundary":false}},{"type":"Feature","geometry":{"type":"Point","coordinates":[-46.40683394,-23.56199592]},"properties":{"id":"sp_geosampa_educacao_rede_publica:equipamento_educacao_rede_publica.57061","source_id":"sp_geosampa_educacao_rede_publica","name":"AQUILINO RIBEIRO","name_derived":false,"category":"school","subcategory":"primary_secondary","geometry_type":"Point","address":"ONOFRE LEITE MEIRELLES, 1, JARDIM SAO PAULOZONA LESTE, 08461-620","equipment_type":"EE","administrative_sphere":null,"included_in_metrics":true,"exclusion_reason":null,"override_reason":null,"outside_boundary":false}},{"type":"Feature","geometry":{"type":"Point","coordinates":[-46.39454734,-23.56561353]},"properties":{"id":"sp_geosampa_educacao_rede_publica:equipamento_educacao_rede_publica.57062","source_id":"sp_geosampa_educacao_rede_publica","name":"GUERRA JUNQUEIRO","name_derived":false,"category":"school","subcategory":"primary_secondary","geometry_type":"Point","address":"FLORIANO ARRESTI, 53, CONJUNTO HABITACIONAL JUSCELINO KUBITSCHEK, 08465-220","equipment_type":"EE","administrative_sphere":null,"included_in_metrics":true,"exclusion_reason":null,"override_reason":null,"outside_boundary":false}},{"type":"Feature","geometry":{"type":"Point","coordinates":[-46.58322235,-23.62241342]},"properties":{"id":"sp_geosampa_educacao_rede_publica:equipamento_educacao_rede_publica.57063","source_id":"sp_geosampa_educacao_rede_publica","name":"TANCREDO NEVES PRESIDENTE","name_derived":false,"category":"school","subcategory":"primary_secondary","geometry_type":"Point","address":"MARGINAL COM RUA BARBINOS, 111, JARDIM PATENTE, 04243-000","equipment_type":"EE","administrative_sphere":null,"included_in_metrics":true,"exclusion_reason":null,"override_reason":null,"outside_boundary":false}},{"type":"Feature","geometry":{"type":"Point","coordinates":[-46.74497202,-23.61517753]},"properties":{"id":"sp_geosampa_educacao_rede_publica:equipamento_educacao_rede_publica.57064","source_id":"sp_geosampa_educacao_rede_publica","name":"MARY MORAES","name_derived":false,"category":"school","subcategory":"primary_secondary","geometry_type":"Point","address":"MARECHAL JUAREZ TAVORA, 257, SUPER QUADRA MORUMBI, 05750-000","equipment_type":"EE","administrative_sphere":null,"included_in_metrics":true,"exclusion_reason":null,"override_reason":null,"outside_boundary":false}},{"type":"Feature","geometry":{"type":"Point","coordinates":[-46.75954439,-23.67406444]},"properties":{"id":"sp_geosampa_educacao_rede_publica:equipamento_educacao_rede_publica.57065","source_id":"sp_geosampa_educacao_rede_publica","name":"MARTINHO DA SILVA","name_derived":false,"category":"school","subcategory":"primary_secondary","geometry_type":"Point","address":"COMENDADOR ANTUNES DOS SANTOS, 1800, JARDIM VAZ DE LIMA, 05861-260","equipment_type":"EE","administrative_sphere":null,"included_in_metrics":true,"exclusion_reason":null,"override_reason":null,"outside_boundary":false}},{"type":"Feature","geometry":{"type":"Point","coordinates":[-46.48157613,-23.49103546]},"properties":{"id":"sp_geosampa_educacao_rede_publica:equipamento_educacao_rede_publica.57066","source_id":"sp_geosampa_educacao_rede_publica","name":"JOAQUIM TORRES SANTIAGO PROFESSOR","name_derived":false,"category":"school","subcategory":"primary_secondary","geometry_type":"Point","address":"ANTONIO BONICI, 60, JARDIM MATARAZZO, 03811-060","equipment_type":"EE","administrative_sphere":null,"included_in_metrics":true,"exclusion_reason":null,"override_reason":null,"outside_boundary":false}},{"type":"Feature","geometry":{"type":"Point","coordinates":[-46.39582361,-23.59812437]},"properties":{"id":"sp_geosampa_educacao_rede_publica:equipamento_educacao_rede_publica.57067","source_id":"sp_geosampa_educacao_rede_publica","name":"MARIA ANTONIETA FERRAZ BIBLIOTECARIA","name_derived":false,"category":"school","subcategory":"primary_secondary","geometry_type":"Point","address":"RAFAEL DELLA MONICA, 300, CIDADE TIRADENTES, 08470-480","equipment_type":"EE","administrative_sphere":null,"included_in_metrics":true,"exclusion_reason":null,"override_reason":null,"outside_boundary":false}},{"type":"Feature","geometry":{"type":"Point","coordinates":[-46.67137142,-23.74296742]},"properties":{"id":"sp_geosampa_educacao_rede_publica:equipamento_educacao_rede_publica.57068","source_id":"sp_geosampa_educacao_rede_publica","name":"WASHINGTON ALVES NATEL","name_derived":false,"category":"school","subcategory":"primary_secondary","geometry_type":"Point","address":"MINISTRO MARIO DAVID ANDREAZZA, 50, PARQUE RESIDENCIAL COCAIA, 04849-080","equipment_type":"EE","administrative_sphere":null,"included_in_metrics":true,"exclusion_reason":null,"override_reason":null,"outside_boundary":false}},{"type":"Feature","geometry":{"type":"Point","coordinates":[-46.46600313,-23.50353084]},"properties":{"id":"sp_geosampa_educacao_rede_publica:equipamento_educacao_rede_publica.57069","source_id":"sp_geosampa_educacao_rede_publica","name":"NILDO DO AMARAL JUNIOR PADRE","name_derived":false,"category":"school","subcategory":"primary_secondary","geometry_type":"Point","address":"TROPICALIA, SN, JARDIM PEDRO JOSE NUNES, 08061-010","equipment_type":"EE","administrative_sphere":null,"included_in_metrics":true,"exclusion_reason":null,"override_reason":null,"outside_boundary":false}},{"type":"Feature","geometry":{"type":"Point","coordinates":[-46.37212008,-23.49635918]},"properties":{"id":"sp_geosampa_educacao_rede_publica:equipamento_educacao_rede_publica.57070","source_id":"sp_geosampa_educacao_rede_publica","name":"LAURO CELIDONIO GOMES DOS REIS DR","name_derived":false,"category":"school","subcategory":"primary_secondary","geometry_type":"Point","address":"JOAO BATISTA DE GODOY, 1000, JARDIM DAS OLIVEIRAS, 08111-430","equipment_type":"EE","administrative_sphere":null,"included_in_metrics":true,"exclusion_reason":null,"override_reason":null,"outside_boundary":false}},{"type":"Feature","geometry":{"type":"Point","coordinates":[-46.40368002,-23.50012768]},"properties":{"id":"sp_geosampa_educacao_rede_publica:equipamento_educacao_rede_publica.57071","source_id":"sp_geosampa_educacao_rede_publica","name":"LAURINDA RODRIGUES PEREIRA LEITE PROFA","name_derived":false,"category":"school","subcategory":"primary_secondary","geometry_type":"Point","address":"BENEDITO AQUILINO DE FREITAS, 55, VILA SILVA TELES, 08110-290","equipment_type":"EE","administrative_sphere":null,"included_in_metrics":true,"exclusion_reason":null,"override_reason":null,"outside_boundary":false}},{"type":"Feature","geometry":{"type":"Point","coordinates":[-46.63616957,-23.68050339]},"properties":{"id":"sp_geosampa_educacao_rede_publica:equipamento_educacao_rede_publica.57072","source_id":"sp_geosampa_educacao_rede_publica","name":"YOLANDA BERNARDINI ROBERT PROFESSORA","name_derived":false,"category":"school","subcategory":"primary_secondary","geometry_type":"Point","address":"FRANCISCO DE ALVARENGA, SN, JARDIM MIRIAM, 04417-260","equipment_type":"EE","administrative_sphere":null,"included_in_metrics":true,"exclusion_reason":null,"override_reason":null,"outside_boundary":false}},{"type":"Feature","geometry":{"type":"Point","coordinates":[-46.41533278,-23.54587967]},"properties":{"id":"sp_geosampa_educacao_rede_publica:equipamento_educacao_rede_publica.57073","source_id":"sp_geosampa_educacao_rede_publica","name":"INES BREGA CORDEIRO PROFESSORA","name_derived":false,"category":"school","subcategory":"primary_secondary","geometry_type":"Point","address":"CENTRALINA, 387, VILA PRINCESA ISABEL, 08410-100","equipment_type":"EE","administrative_sphere":null,"included_in_metrics":true,"exclusion_reason":null,"override_reason":null,"outside_boundary":false}},{"type":"Feature","geometry":{"type":"Point","coordinates":[-46.77777586,-23.7147695]},"properties":{"id":"sp_geosampa_educacao_rede_publica:equipamento_educacao_rede_publica.57074","source_id":"sp_geosampa_educacao_rede_publica","name":"GIL VICENTE","name_derived":false,"category":"school","subcategory":"primary_secondary","geometry_type":"Point","address":"ANTONIO ELIAS SCHOUERI, 240, PARQUE DO LAGO, 04945-005","equipment_type":"EE","administrative_sphere":null,"included_in_metrics":true,"exclusion_reason":null,"override_reason":null,"outside_boundary":false}},{"type":"Feature","geometry":{"type":"Point","coordinates":[-46.40560131,-23.58241517]},"properties":{"id":"sp_geosampa_educacao_rede_publica:equipamento_educacao_rede_publica.57075","source_id":"sp_geosampa_educacao_rede_publica","name":"CANDIDO PROCOPIO FERREIRA DE CAMARGO PROFESSOR","name_derived":false,"category":"school","subcategory":"primary_secondary","geometry_type":"Point","address":"SARA KUBITSCHECK, 215, CONJUNTO HABITACIONAL CASTRO ALVES, 08474-000","equipment_type":"EE","administrative_sphere":null,"included_in_metrics":true,"exclusion_reason":null,"override_reason":null,"outside_boundary":false}},{"type":"Feature","geometry":{"type":"Point","coordinates":[-46.67189277,-23.45762559]},"properties":{"id":"sp_geosampa_educacao_rede_publica:equipamento_educacao_rede_publica.57076","source_id":"sp_geosampa_educacao_rede_publica","name":"ASSIS JOSE AMBROSIO","name_derived":false,"category":"school","subcategory":"primary_secondary","geometry_type":"Point","address":"ALFARROBEIRAS, 68, JARDIM PERI, 02676-010","equipment_type":"EE","administrative_sphere":null,"included_in_metrics":true,"exclusion_reason":null,"override_reason":null,"outside_boundary":false}},{"type":"Feature","geometry":{"type":"Point","coordinates":[-46.58456828,-23.43876737]},"properties":{"id":"sp_geosampa_educacao_rede_publica:equipamento_educacao_rede_publica.57077","source_id":"sp_geosampa_educacao_rede_publica","name":"TEREZINE ARANTES FERRAZ BIBLIOTECARIA","name_derived":false,"category":"school","subcategory":"primary_secondary","geometry_type":"Point","address":"USHIKICHI KAMIYA, 1300, PARQUE CASA DE PEDRA, 02323-000","equipment_type":"EE","administrative_sphere":null,"included_in_metrics":true,"exclusion_reason":null,"override_reason":null,"outside_boundary":false}},{"type":"Feature","geometry":{"type":"Point","coordinates":[-46.399675,-23.53248572]},"properties":{"id":"sp_geosampa_educacao_rede_publica:equipamento_educacao_rede_publica.57078","source_id":"sp_geosampa_educacao_rede_publica","name":"CLOVIS RENE CALABREZ PROF","name_derived":false,"category":"school","subcategory":"primary_secondary","geometry_type":"Point","address":"FREGUESIA DA CACHOEIRA, 77, JARDIM LAJEADO, 08441-100","equipment_type":"EE","administrative_sphere":null,"included_in_metrics":true,"exclusion_reason":null,"override_reason":null,"outside_boundary":false}},{"type":"Feature","geometry":{"type":"Point","coordinates":[-46.39853241,-23.56489076]},"properties":{"id":"sp_geosampa_educacao_rede_publica:equipamento_educacao_rede_publica.57079","source_id":"sp_geosampa_educacao_rede_publica","name":"BERNARDIM RIBEIRO","name_derived":false,"category":"school","subcategory":"primary_secondary","geometry_type":"Point","address":"UTARO KANAI, 501, CONJUNTO HABITACIONAL JUSCELINO KUBITSCHEK, 08465-000","equipment_type":"EE","administrative_sphere":null,"included_in_metrics":true,"exclusion_reason":null,"override_reason":null,"outside_boundary":false}},{"type":"Feature","geometry":{"type":"Point","coordinates":[-46.45221788,-23.58371367]},"properties":{"id":"sp_geosampa_educacao_rede_publica:equipamento_educacao_rede_publica.57080","source_id":"sp_geosampa_educacao_rede_publica","name":"FRANCISCO MIGNONE","name_derived":false,"category":"school","subcategory":"primary_secondary","geometry_type":"Point","address":"RIO BIRIGUI, SN, GLEBA DO PESSEGO, 08265-290","equipment_type":"EE","administrative_sphere":null,"included_in_metrics":true,"exclusion_reason":null,"override_reason":null,"outside_boundary":false}},{"type":"Feature","geometry":{"type":"Point","coordinates":[-46.4375158,-23.55334084]},"properties":{"id":"sp_geosampa_educacao_rede_publica:equipamento_educacao_rede_publica.57081","source_id":"sp_geosampa_educacao_rede_publica","name":"YERVANT KISSAJIKIAN","name_derived":false,"category":"school","subcategory":"primary_secondary","geometry_type":"Point","address":"RUA PAISAGEM NOTURNA, 353, CONJUNTO RESIDENCIAL JOSE BONIFACIO, 08253-440","equipment_type":"EE","administrative_sphere":null,"included_in_metrics":true,"exclusion_reason":null,"override_reason":null,"outside_boundary":false}},{"type":"Feature","geometry":{"type":"Point","coordinates":[-46.76606682,-23.58071093]},"properties":{"id":"sp_geosampa_educacao_rede_publica:equipamento_educacao_rede_publica.57082","source_id":"sp_geosampa_educacao_rede_publica","name":"MARIA LUISA MONTEIRO DA CUNHA BIBLIOTECARIA","name_derived":false,"category":"school","subcategory":"primary_secondary","geometry_type":"Point","address":"INACIO MANUEL ALVARES, 697, JARDIM ESTER, 05372-111","equipment_type":"EE","administrative_sphere":null,"included_in_metrics":true,"exclusion_reason":null,"override_reason":null,"outside_boundary":false}},{"type":"Feature","geometry":{"type":"Point","coordinates":[-46.73222293,-23.62128983]},"properties":{"id":"sp_geosampa_educacao_rede_publica:equipamento_educacao_rede_publica.57083","source_id":"sp_geosampa_educacao_rede_publica","name":"ETELVINA DE GOES MARCUCCI PROFESSORA","name_derived":false,"category":"school","subcategory":"primary_secondary","geometry_type":"Point","address":"JOSE CARLOS DE TOLEDO PIZA, 10, JARDIM PARQUE MORUMBI, 05712-070","equipment_type":"EE","administrative_sphere":null,"included_in_metrics":true,"exclusion_reason":null,"override_reason":null,"outside_boundary":false}},{"type":"Feature","geometry":{"type":"Point","coordinates":[-46.77651895,-23.63949144]},"properties":{"id":"sp_geosampa_educacao_rede_publica:equipamento_educacao_rede_publica.57084","source_id":"sp_geosampa_educacao_rede_publica","name":"DIB AUDI","name_derived":false,"category":"school","subcategory":"primary_secondary","geometry_type":"Point","address":"JANUARIO DA CUNHA BARBOSA, 413, JARDIM ELIZABETH, 05793-280","equipment_type":"EE","administrative_sphere":null,"included_in_metrics":true,"exclusion_reason":null,"override_reason":null,"outside_boundary":false}},{"type":"Feature","geometry":{"type":"Point","coordinates":[-46.77792064,-23.65135541]},"properties":{"id":"sp_geosampa_educacao_rede_publica:equipamento_educacao_rede_publica.57085","source_id":"sp_geosampa_educacao_rede_publica","name":"SANTA ROSA DE LIMA","name_derived":false,"category":"school","subcategory":"primary_secondary","geometry_type":"Point","address":"NAINPUR, 80, JARDIM VALE DAS VIRTUDES, 05796-150","equipment_type":"EE","administrative_sphere":null,"included_in_metrics":true,"exclusion_reason":null,"override_reason":null,"outside_boundary":false}},{"type":"Feature","geometry":{"type":"Point","coordinates":[-46.77691349,-23.69631217]},"properties":{"id":"sp_geosampa_educacao_rede_publica:equipamento_educacao_rede_publica.57086","source_id":"sp_geosampa_educacao_rede_publica","name":"OSCAR PEREIRA MACHADO","name_derived":false,"category":"school","subcategory":"primary_secondary","geometry_type":"Point","address":"MIGUEL DIONIZIO VALLE, 96, JARDIM NAKAMURA, 04942-040","equipment_type":"EE","administrative_sphere":null,"included_in_metrics":true,"exclusion_reason":null,"override_reason":null,"outside_boundary":false}},{"type":"Feature","geometry":{"type":"Point","coordinates":[-46.69108739,-23.77609012]},"properties":{"id":"sp_geosampa_educacao_rede_publica:equipamento_educacao_rede_publica.57087","source_id":"sp_geosampa_educacao_rede_publica","name":"GERSON DE MOURA MUZEL PROFESSOR","name_derived":false,"category":"school","subcategory":"primary_secondary","geometry_type":"Point","address":"CARLOS ALBERTO BASTOS MACHADO, SN, JARDIM ALMEIDA PRADO, 04856-080","equipment_type":"EE","administrative_sphere":null,"included_in_metrics":true,"exclusion_reason":null,"override_reason":null,"outside_boundary":false}},{"type":"Feature","geometry":{"type":"Point","coordinates":[-46.70069555,-23.73394096]},"properties":{"id":"sp_geosampa_educacao_rede_publica:equipamento_educacao_rede_publica.57088","source_id":"sp_geosampa_educacao_rede_publica","name":"JAYR DE ANDRADE PROFESSOR","name_derived":false,"category":"school","subcategory":"primary_secondary","geometry_type":"Point","address":"LUIS VIANA, 110, JORDANOPOLIS, 04830-400","equipment_type":"EE","administrative_sphere":null,"included_in_metrics":true,"exclusion_reason":null,"override_reason":null,"outside_boundary":false}},{"type":"Feature","geometry":{"type":"Point","coordinates":[-46.75567262,-23.86760247]},"properties":{"id":"sp_geosampa_educacao_rede_publica:equipamento_educacao_rede_publica.57089","source_id":"sp_geosampa_educacao_rede_publica","name":"LEONOR FERNANDES COSTA ZACHARIAS","name_derived":false,"category":"school","subcategory":"primary_secondary","geometry_type":"Point","address":"ENRIQUE AMORIM, 101, JARDIM DAS FONTES, 04894-410","equipment_type":"EE","administrative_sphere":null,"included_in_metrics":true,"exclusion_reason":null,"override_reason":null,"outside_boundary":false}},{"type":"Feature","geometry":{"type":"Point","coordinates":[-46.61113035,-23.44922598]},"properties":{"id":"sp_geosampa_educacao_rede_publica:equipamento_educacao_rede_publica.57090","source_id":"sp_geosampa_educacao_rede_publica","name":"IZAC SILVERIO PROF","name_derived":false,"category":"school","subcategory":"primary_secondary","geometry_type":"Point","address":"BITENCOURT DA SILVA, 218, JARDIM VIRGINIA BIANCA, 02356-070","equipment_type":"EE","administrative_sphere":null,"included_in_metrics":true,"exclusion_reason":null,"override_reason":null,"outside_boundary":false}},{"type":"Feature","geometry":{"type":"Point","coordinates":[-46.60846738,-23.46580014]},"properties":{"id":"sp_geosampa_educacao_rede_publica:equipamento_educacao_rede_publica.57091","source_id":"sp_geosampa_educacao_rede_publica","name":"LEONIDAS PAIVA PROF","name_derived":false,"category":"school","subcategory":"primary_secondary","geometry_type":"Point","address":"MARTIRES ARMENIOS, 618, BARRO BRANCO ZONA NORTE, 02345-000","equipment_type":"EE","administrative_sphere":null,"included_in_metrics":true,"exclusion_reason":null,"override_reason":null,"outside_boundary":false}},{"type":"Feature","geometry":{"type":"Point","coordinates":[-46.4460234,-23.52577745]},"properties":{"id":"sp_geosampa_educacao_rede_publica:equipamento_educacao_rede_publica.57092","source_id":"sp_geosampa_educacao_rede_publica","name":"EDSON LUIZ RIBEIRO LUZIA PROFESSOR","name_derived":false,"category":"school","subcategory":"primary_secondary","geometry_type":"Point","address":"VITOR JOSE DE CASTRO, 43, JARDIM NORMA, 08240-305","equipment_type":"EE","administrative_sphere":null,"included_in_metrics":true,"exclusion_reason":null,"override_reason":null,"outside_boundary":false}},{"type":"Feature","geometry":{"type":"Point","coordinates":[-46.43346672,-23.53886499]},"properties":{"id":"sp_geosampa_educacao_rede_publica:equipamento_educacao_rede_publica.57093","source_id":"sp_geosampa_educacao_rede_publica","name":"SALVADOR ALLENDE GOSSENS PRESIDENTE","name_derived":false,"category":"school","subcategory":"primary_secondary","geometry_type":"Point","address":"DOMINGOS LISBOA, 139, CONJUNTO RESIDENCIAL JOSE BONIFACIO, 08250-690","equipment_type":"EE","administrative_sphere":null,"included_in_metrics":true,"exclusion_reason":null,"override_reason":null,"outside_boundary":false}},{"type":"Feature","geometry":{"type":"Point","coordinates":[-46.4402994,-23.54373254]},"properties":{"id":"sp_geosampa_educacao_rede_publica:equipamento_educacao_rede_publica.57094","source_id":"sp_geosampa_educacao_rede_publica","name":"MARIA DE LOURDES ARANHA DE ASSIS PACHECO PROFESSORA","name_derived":false,"category":"school","subcategory":"primary_secondary","geometry_type":"Point","address":"ANGELO ANDRADE, 51, CONJUNTO RESIDENCIAL JOSE BONIFACIO, 08253-050","equipment_type":"EE","administrative_sphere":null,"included_in_metrics":true,"exclusion_reason":null,"override_reason":null,"outside_boundary":false}},{"type":"Feature","geometry":{"type":"Point","coordinates":[-46.46300727,-23.52898964]},"properties":{"id":"sp_geosampa_educacao_rede_publica:equipamento_educacao_rede_publica.57095","source_id":"sp_geosampa_educacao_rede_publica","name":"NABIHA ABDALLA CHOHFI","name_derived":false,"category":"school","subcategory":"primary_secondary","geometry_type":"Point","address":"RAIMUNDO GONCALVES FERREIRA, 466, JARDIM AURORA ZONA LESTE, 08225-410","equipment_type":"EE","administrative_sphere":null,"included_in_metrics":true,"exclusion_reason":null,"override_reason":null,"outside_boundary":false}},{"type":"Feature","geometry":{"type":"Point","coordinates":[-46.40292667,-23.57877216]},"properties":{"id":"sp_geosampa_educacao_rede_publica:equipamento_educacao_rede_publica.57096","source_id":"sp_geosampa_educacao_rede_publica","name":"JORGE LUIS BORGES","name_derived":false,"category":"school","subcategory":"primary_secondary","geometry_type":"Point","address":"MILAGRE DOS PEIXES, 700, CONJUNTO HABITACIONAL CASTRO ALVES, 08474-120","equipment_type":"EE","administrative_sphere":null,"included_in_metrics":true,"exclusion_reason":null,"override_reason":null,"outside_boundary":false}},{"type":"Feature","geometry":{"type":"Point","coordinates":[-46.40163242,-23.55845151]},"properties":{"id":"sp_geosampa_educacao_rede_publica:equipamento_educacao_rede_publica.57097","source_id":"sp_geosampa_educacao_rede_publica","name":"FABIO AGAZZI","name_derived":false,"category":"school","subcategory":"primary_secondary","geometry_type":"Point","address":"ALVARO DA COSTA, 60, JARDIM SAO PAULOZONA LESTE, 08461-420","equipment_type":"EE","administrative_sphere":null,"included_in_metrics":true,"exclusion_reason":null,"override_reason":null,"outside_boundary":false}},{"type":"Feature","geometry":{"type":"Point","coordinates":[-46.71667847,-23.44479921]},"properties":{"id":"sp_geosampa_educacao_rede_publica:equipamento_educacao_rede_publica.57098","source_id":"sp_geosampa_educacao_rede_publica","name":"JACOB SALVADOR ZVEIBIL","name_derived":false,"category":"school","subcategory":"primary_secondary","geometry_type":"Point","address":"ELISIO TEIXEIRA LEITE, 6700, SITIO MORRO GRANDE, 02810-000","equipment_type":"EE","administrative_sphere":null,"included_in_metrics":true,"exclusion_reason":null,"override_reason":null,"outside_boundary":false}},{"type":"Feature","geometry":{"type":"Point","coordinates":[-46.49814375,-23.56260989]},"properties":{"id":"sp_geosampa_educacao_rede_publica:equipamento_educacao_rede_publica.57099","source_id":"sp_geosampa_educacao_rede_publica","name":"SERGIO DA SILVA NOBREZA PROF","name_derived":false,"category":"school","subcategory":"primary_secondary","geometry_type":"Point","address":"FRANCESCO MELZI, 305, JARDIM MARILIA, 03579-140","equipment_type":"EE","administrative_sphere":null,"included_in_metrics":true,"exclusion_reason":null,"override_reason":null,"outside_boundary":false}},{"type":"Feature","geometry":{"type":"Point","coordinates":[-46.41614809,-23.49011292]},"properties":{"id":"sp_geosampa_educacao_rede_publica:equipamento_educacao_rede_publica.57100","source_id":"sp_geosampa_educacao_rede_publica","name":"CAETANO ZAMITTI MAMMANA PROF","name_derived":false,"category":"school","subcategory":"primary_secondary","geometry_type":"Point","address":"CARLO BIBIENA, 152, PARQUE PAULISTANO, 08081-380","equipment_type":"EE","administrative_sphere":null,"included_in_metrics":true,"exclusion_reason":null,"override_reason":null,"outside_boundary":false}},{"type":"Feature","geometry":{"type":"Point","coordinates":[-46.69853269,-23.74994742]},"properties":{"id":"sp_geosampa_educacao_rede_publica:equipamento_educacao_rede_publica.57101","source_id":"sp_geosampa_educacao_rede_publica","name":"AFRANIO DE OLIVEIRA","name_derived":false,"category":"school","subcategory":"primary_secondary","geometry_type":"Point","address":"GIUSEPPE TARTINI, 818, JARDIM SAO BERNARDO, 04844-300","equipment_type":"EE","administrative_sphere":null,"included_in_metrics":true,"exclusion_reason":null,"override_reason":null,"outside_boundary":false}},{"type":"Feature","geometry":{"type":"Point","coordinates":[-46.75533731,-23.61569674]},"properties":{"id":"sp_geosampa_educacao_rede_publica:equipamento_educacao_rede_publica.57102","source_id":"sp_geosampa_educacao_rede_publica","name":"MIGUEL MALUHY COMENDADOR","name_derived":false,"category":"school","subcategory":"primary_secondary","geometry_type":"Point","address":"MIRANDAS, 40, JARDIM MARIA DUARTE, 05752-590","equipment_type":"EE","administrative_sphere":null,"included_in_metrics":true,"exclusion_reason":null,"override_reason":null,"outside_boundary":false}},{"type":"Feature","geometry":{"type":"Point","coordinates":[-46.39020333,-23.57770686]},"properties":{"id":"sp_geosampa_educacao_rede_publica:equipamento_educacao_rede_publica.57103","source_id":"sp_geosampa_educacao_rede_publica","name":"OSWALDO GAGLIARDI","name_derived":false,"category":"school","subcategory":"primary_secondary","geometry_type":"Point","address":"INACIO MONTEIRO, 3206, COHAB CONCEICAO, 08490-000","equipment_type":"EE","administrative_sphere":null,"included_in_metrics":true,"exclusion_reason":null,"override_reason":null,"outside_boundary":false}},{"type":"Feature","geometry":{"type":"Point","coordinates":[-46.78498815,-23.67701758]},"properties":{"id":"sp_geosampa_educacao_rede_publica:equipamento_educacao_rede_publica.57104","source_id":"sp_geosampa_educacao_rede_publica","name":"MAUD SA DE MIRANDA MONTEIRO PROFESSORA","name_derived":false,"category":"school","subcategory":"primary_secondary","geometry_type":"Point","address":"FALKENBERG, 240, JARDIM COMERCIAL, 05885-240","equipment_type":"EE","administrative_sphere":null,"included_in_metrics":true,"exclusion_reason":null,"override_reason":null,"outside_boundary":false}},{"type":"Feature","geometry":{"type":"Point","coordinates":[-46.79261134,-23.58263077]},"properties":{"id":"sp_geosampa_educacao_rede_publica:equipamento_educacao_rede_publica.57105","source_id":"sp_geosampa_educacao_rede_publica","name":"OSWALDO WALDER PROFESSOR","name_derived":false,"category":"school","subcategory":"primary_secondary","geometry_type":"Point","address":"SARA NEWTON, 256, JARDIM BOA VISTA, 05583-030","equipment_type":"EE","administrative_sphere":null,"included_in_metrics":true,"exclusion_reason":null,"override_reason":null,"outside_boundary":false}},{"type":"Feature","geometry":{"type":"Point","coordinates":[-46.47054641,-23.61732698]},"properties":{"id":"sp_geosampa_educacao_rede_publica:equipamento_educacao_rede_publica.57106","source_id":"sp_geosampa_educacao_rede_publica","name":"VALENTIM CARRA PROFESSOR","name_derived":false,"category":"school","subcategory":"primary_secondary","geometry_type":"Point","address":"FRANCISCO LUSTOSA, 271, JARDIM VERA CRUZZONA LESTE, 08330-140","equipment_type":"EE","administrative_sphere":null,"included_in_metrics":true,"exclusion_reason":null,"override_reason":null,"outside_boundary":false}},{"type":"Feature","geometry":{"type":"Point","coordinates":[-46.71215286,-23.74575352]},"properties":{"id":"sp_geosampa_educacao_rede_publica:equipamento_educacao_rede_publica.57107","source_id":"sp_geosampa_educacao_rede_publica","name":"JOSE DUARTE JUNIOR PROFESSOR","name_derived":false,"category":"school","subcategory":"primary_secondary","geometry_type":"Point","address":"DOMINGOS FAUSTINO SARMIENTO, 422, JARDIM ALPINO, 04836-360","equipment_type":"EE","administrative_sphere":null,"included_in_metrics":true,"exclusion_reason":null,"override_reason":null,"outside_boundary":false}},{"type":"Feature","geometry":{"type":"Point","coordinates":[-46.51769262,-23.61292037]},"properties":{"id":"sp_geosampa_educacao_rede_publica:equipamento_educacao_rede_publica.57108","source_id":"sp_geosampa_educacao_rede_publica","name":"LIBERATO GROSSI PROF","name_derived":false,"category":"school","subcategory":"primary_secondary","geometry_type":"Point","address":"ILHA DA TRINDADE, 457, PARQUE SANTA MADALENA, 03981-020","equipment_type":"EE","administrative_sphere":null,"included_in_metrics":true,"exclusion_reason":null,"override_reason":null,"outside_boundary":false}},{"type":"Feature","geometry":{"type":"Point","coordinates":[-46.51396613,-23.58425746]},"properties":{"id":"sp_geosampa_educacao_rede_publica:equipamento_educacao_rede_publica.57109","source_id":"sp_geosampa_educacao_rede_publica","name":"MARIA PRESTES MAIA","name_derived":false,"category":"school","subcategory":"primary_secondary","geometry_type":"Point","address":"ANTONIO FERRACIOLLI, 283, JARDIM CATARINA, 03910-070","equipment_type":"EE","administrative_sphere":null,"included_in_metrics":true,"exclusion_reason":null,"override_reason":null,"outside_boundary":false}},{"type":"Feature","geometry":{"type":"Point","coordinates":[-46.76812241,-23.67201632]},"properties":{"id":"sp_geosampa_educacao_rede_publica:equipamento_educacao_rede_publica.57110","source_id":"sp_geosampa_educacao_rede_publica","name":"MANOEL DA SILVEIRA PORTO FILHO REVERENDO PROFESSOR","name_derived":false,"category":"school","subcategory":"primary_secondary","geometry_type":"Point","address":"SIMAO ALVES DE ALMEIDA, SN, JARDIM MODELO, 05867-490","equipment_type":"EE","administrative_sphere":null,"included_in_metrics":true,"exclusion_reason":null,"override_reason":null,"outside_boundary":false}},{"type":"Feature","geometry":{"type":"Point","coordinates":[-46.77593475,-23.67397946]},"properties":{"id":"sp_geosampa_educacao_rede_publica:equipamento_educacao_rede_publica.57111","source_id":"sp_geosampa_educacao_rede_publica","name":"YOSHIO NINOMIYA","name_derived":false,"category":"school","subcategory":"primary_secondary","geometry_type":"Point","address":"JOAO ANDRE LEYSER, 100, VILA FAZZEONI, 05884-100","equipment_type":"EE","administrative_sphere":null,"included_in_metrics":true,"exclusion_reason":null,"override_reason":null,"outside_boundary":false}},{"type":"Feature","geometry":{"type":"Point","coordinates":[-46.5051567,-23.54015048]},"properties":{"id":"sp_geosampa_educacao_rede_publica:equipamento_educacao_rede_publica.57112","source_id":"sp_geosampa_educacao_rede_publica","name":"MENOTTI DEL PICCHIA POETA","name_derived":false,"category":"school","subcategory":"primary_secondary","geometry_type":"Point","address":"COROATA, 540, JARDIM HERCILIA, 03557-010","equipment_type":"EE","administrative_sphere":null,"included_in_metrics":true,"exclusion_reason":null,"override_reason":null,"outside_boundary":false}},{"type":"Feature","geometry":{"type":"Point","coordinates":[-46.49850503,-23.55449902]},"properties":{"id":"sp_geosampa_educacao_rede_publica:equipamento_educacao_rede_publica.57113","source_id":"sp_geosampa_educacao_rede_publica","name":"ANTENOR SANTOS DE OLIVEIRA PROF","name_derived":false,"category":"school","subcategory":"primary_secondary","geometry_type":"Point","address":"HELENA DOS SANTOS, SN, JARDIM FERNANDES, 03581-200","equipment_type":"EE","administrative_sphere":null,"included_in_metrics":true,"exclusion_reason":null,"override_reason":null,"outside_boundary":false}},{"type":"Feature","geometry":{"type":"Point","coordinates":[-46.49283634,-23.57341397]},"properties":{"id":"sp_geosampa_educacao_rede_publica:equipamento_educacao_rede_publica.57114","source_id":"sp_geosampa_educacao_rede_publica","name":"PARQUE SAVOY CITY II","name_derived":false,"category":"school","subcategory":"primary_secondary","geometry_type":"Point","address":"JAPARANA, 98, PARQUE SAVOY CITY, 03570-310","equipment_type":"EE","administrative_sphere":null,"included_in_metrics":true,"exclusion_reason":null,"override_reason":null,"outside_boundary":false}},{"type":"Feature","geometry":{"type":"Point","coordinates":[-46.50075316,-23.49108624]},"properties":{"id":"sp_geosampa_educacao_rede_publica:equipamento_educacao_rede_publica.57115","source_id":"sp_geosampa_educacao_rede_publica","name":"VICTORIO NAPOLEAO OLIANI PROFESSOR","name_derived":false,"category":"school","subcategory":"primary_secondary","geometry_type":"Point","address":"COLONIA LEOPOLDINA, 340, VILA SILVIA, 03821-020","equipment_type":"EE","administrative_sphere":null,"included_in_metrics":true,"exclusion_reason":null,"override_reason":null,"outside_boundary":false}},{"type":"Feature","geometry":{"type":"Point","coordinates":[-46.482341,-23.5907798]},"properties":{"id":"sp_geosampa_educacao_rede_publica:equipamento_educacao_rede_publica.57116","source_id":"sp_geosampa_educacao_rede_publica","name":"LOURENCO ZANELATTI","name_derived":false,"category":"school","subcategory":"primary_secondary","geometry_type":"Point","address":"PAULO QUEIROZ DOUTOR, 1475, JARDIM NOVE DE JULHO, 03951-090","equipment_type":"EE","administrative_sphere":null,"included_in_metrics":true,"exclusion_reason":null,"override_reason":null,"outside_boundary":false}},{"type":"Feature","geometry":{"type":"Point","coordinates":[-46.47664043,-23.55375213]},"properties":{"id":"sp_geosampa_educacao_rede_publica:equipamento_educacao_rede_publica.57117","source_id":"sp_geosampa_educacao_rede_publica","name":"FRANCISCO GLYCERIO DE FREITAS DR","name_derived":false,"category":"school","subcategory":"primary_secondary","geometry_type":"Point","address":"COSMO JOSE DA SILVA, 322, CIDADE LIDER, 08285-300","equipment_type":"EE","administrative_sphere":null,"included_in_metrics":true,"exclusion_reason":null,"override_reason":null,"outside_boundary":false}},{"type":"Feature","geometry":{"type":"Point","coordinates":[-46.45810556,-23.61077881]},"properties":{"id":"sp_geosampa_educacao_rede_publica:equipamento_educacao_rede_publica.57118","source_id":"sp_geosampa_educacao_rede_publica","name":"WILFREDO PINHEIRO PROF","name_derived":false,"category":"school","subcategory":"primary_secondary","geometry_type":"Point","address":"GALAXIA, 321, CIDADE SATELITE SANTA BARBARA, 08330-415","equipment_type":"EE","administrative_sphere":null,"included_in_metrics":true,"exclusion_reason":null,"override_reason":null,"outside_boundary":false}},{"type":"Feature","geometry":{"type":"Point","coordinates":[-46.46130871,-23.56399578]},"properties":{"id":"sp_geosampa_educacao_rede_publica:equipamento_educacao_rede_publica.57119","source_id":"sp_geosampa_educacao_rede_publica","name":"KIMAKO KAMADA KINOSHITA PROFA","name_derived":false,"category":"school","subcategory":"primary_secondary","geometry_type":"Point","address":"FRANCISCO TRANCHESI, 520, JARDIM NOSSA SENHORA DO CARMO, 08270-460","equipment_type":"EE","administrative_sphere":null,"included_in_metrics":true,"exclusion_reason":null,"override_reason":null,"outside_boundary":false}},{"type":"Feature","geometry":{"type":"Point","coordinates":[-46.46856626,-23.61147021]},"properties":{"id":"sp_geosampa_educacao_rede_publica:equipamento_educacao_rede_publica.57120","source_id":"sp_geosampa_educacao_rede_publica","name":"JOAO SARMENTO PIMENTEL","name_derived":false,"category":"school","subcategory":"primary_secondary","geometry_type":"Point","address":"ALCION, 431, CIDADE SATELITE SANTA BARBARA, 08331-010","equipment_type":"EE","administrative_sphere":null,"included_in_metrics":true,"exclusion_reason":null,"override_reason":null,"outside_boundary":false}},{"type":"Feature","geometry":{"type":"Point","coordinates":[-46.49456387,-23.61901172]},"properties":{"id":"sp_geosampa_educacao_rede_publica:equipamento_educacao_rede_publica.57121","source_id":"sp_geosampa_educacao_rede_publica","name":"VALDIR FERNANDES PINTO PROF","name_derived":false,"category":"school","subcategory":"primary_secondary","geometry_type":"Point","address":"ANTENOR DA COSTA SOLDADO, 145, CONJUNTO HABITACIONAL MARECHAL MASCARENHAS DE MORA, 03977-310","equipment_type":"EE","administrative_sphere":null,"included_in_metrics":true,"exclusion_reason":null,"override_reason":null,"outside_boundary":false}},{"type":"Feature","geometry":{"type":"Point","coordinates":[-46.46572481,-23.62878321]},"properties":{"id":"sp_geosampa_educacao_rede_publica:equipamento_educacao_rede_publica.57122","source_id":"sp_geosampa_educacao_rede_publica","name":"ISAAC SCHRAIBER PROFESSOR","name_derived":false,"category":"school","subcategory":"primary_secondary","geometry_type":"Point","address":"ALVARO DO PRADO, 165, PARQUE SAO RAFAEL, 08311-060","equipment_type":"EE","administrative_sphere":null,"included_in_metrics":true,"exclusion_reason":null,"override_reason":null,"outside_boundary":false}},{"type":"Feature","geometry":{"type":"Point","coordinates":[-46.42790316,-23.54900579]},"properties":{"id":"sp_geosampa_educacao_rede_publica:equipamento_educacao_rede_publica.57123","source_id":"sp_geosampa_educacao_rede_publica","name":"SUMIE IWATA PROFESSORA","name_derived":false,"category":"school","subcategory":"primary_secondary","geometry_type":"Point","address":"RUA PROFESSORA LUCILA CERQUEIRA, 100, JARDIM SAO PEDRO, 08420-690","equipment_type":"EE","administrative_sphere":null,"included_in_metrics":true,"exclusion_reason":null,"override_reason":null,"outside_boundary":false}},{"type":"Feature","geometry":{"type":"Point","coordinates":[-46.49201488,-23.59522772]},"properties":{"id":"sp_geosampa_educacao_rede_publica:equipamento_educacao_rede_publica.57124","source_id":"sp_geosampa_educacao_rede_publica","name":"INAH JACY DE CASTRO AGUIAR","name_derived":false,"category":"school","subcategory":"primary_secondary","geometry_type":"Point","address":"ADHEMAR ANTONIO PRADO PROFESSOR, 190, JARDIM TIETE, 03945-010","equipment_type":"EE","administrative_sphere":null,"included_in_metrics":true,"exclusion_reason":null,"override_reason":null,"outside_boundary":false}},{"type":"Feature","geometry":{"type":"Point","coordinates":[-46.41852985,-23.53070375]},"properties":{"id":"sp_geosampa_educacao_rede_publica:equipamento_educacao_rede_publica.57125","source_id":"sp_geosampa_educacao_rede_publica","name":"MARIA LUCIA AMBROZIO PROFA","name_derived":false,"category":"school","subcategory":"primary_secondary","geometry_type":"Point","address":"ANTONIO JANUARIO FERRAZ, 80, JARDIM ETELVINA, 08431-740","equipment_type":"EE","administrative_sphere":null,"included_in_metrics":true,"exclusion_reason":null,"override_reason":null,"outside_boundary":false}},{"type":"Feature","geometry":{"type":"Point","coordinates":[-46.42728318,-23.61178246]},"properties":{"id":"sp_geosampa_educacao_rede_publica:equipamento_educacao_rede_publica.57126","source_id":"sp_geosampa_educacao_rede_publica","name":"CARMELINDA MARQUES PEREIRA PROFESSORA","name_derived":false,"category":"school","subcategory":"primary_secondary","geometry_type":"Point","address":"BORZEGUIM, 90, JARDIM ALTO ALEGRE SAO RAFAEL, 08381-660","equipment_type":"EE","administrative_sphere":null,"included_in_metrics":true,"exclusion_reason":null,"override_reason":null,"outside_boundary":false}},{"type":"Feature","geometry":{"type":"Point","coordinates":[-46.40551313,-23.52189144]},"properties":{"id":"sp_geosampa_educacao_rede_publica:equipamento_educacao_rede_publica.57127","source_id":"sp_geosampa_educacao_rede_publica","name":"ROSARITA TORKOMIAN PROFA","name_derived":false,"category":"school","subcategory":"primary_secondary","geometry_type":"Point","address":"ALTOLANDIA, 140, PARQUE DOM JOAO NERI, 08151-280","equipment_type":"EE","administrative_sphere":null,"included_in_metrics":true,"exclusion_reason":null,"override_reason":null,"outside_boundary":false}},{"type":"Feature","geometry":{"type":"Point","coordinates":[-46.4017255,-23.55120914]},"properties":{"id":"sp_geosampa_educacao_rede_publica:equipamento_educacao_rede_publica.57128","source_id":"sp_geosampa_educacao_rede_publica","name":"SATURNINO PEREIRA PROFESSOR","name_derived":false,"category":"school","subcategory":"primary_secondary","geometry_type":"Point","address":"BERNARDINO ANTUNES, 200, JARDIM SOARES, 08460-190","equipment_type":"EE","administrative_sphere":null,"included_in_metrics":true,"exclusion_reason":null,"override_reason":null,"outside_boundary":false}},{"type":"Feature","geometry":{"type":"Point","coordinates":[-46.4093842,-23.52789008]},"properties":{"id":"sp_geosampa_educacao_rede_publica:equipamento_educacao_rede_publica.57129","source_id":"sp_geosampa_educacao_rede_publica","name":"AURELIO BUARQUE DE HOLANDA FERREIRA PROF","name_derived":false,"category":"school","subcategory":"primary_secondary","geometry_type":"Point","address":"JOSE GRAVONSKI DOUTOR, 90, JARDIM ROBRU, 08441-000","equipment_type":"EE","administrative_sphere":null,"included_in_metrics":true,"exclusion_reason":null,"override_reason":null,"outside_boundary":false}},{"type":"Feature","geometry":{"type":"Point","coordinates":[-46.68624068,-23.73938781]},"properties":{"id":"sp_geosampa_educacao_rede_publica:equipamento_educacao_rede_publica.57130","source_id":"sp_geosampa_educacao_rede_publica","name":"NAIR TOLEDO DAMIAO PROFESSORA","name_derived":false,"category":"school","subcategory":"primary_secondary","geometry_type":"Point","address":"JEQUIRITUBA, 2114, PARQUE AMERICA, 04822-000","equipment_type":"EE","administrative_sphere":null,"included_in_metrics":true,"exclusion_reason":null,"override_reason":null,"outside_boundary":false}},{"type":"Feature","geometry":{"type":"Point","coordinates":[-46.67838102,-23.71987066]},"properties":{"id":"sp_geosampa_educacao_rede_publica:equipamento_educacao_rede_publica.57131","source_id":"sp_geosampa_educacao_rede_publica","name":"ALEXANDRE ANSALDO MOZZILLI PROFESSOR","name_derived":false,"category":"school","subcategory":"primary_secondary","geometry_type":"Point","address":"DOUTOR FRANCISCO LOUREIRO, 180, JARDIM MARIA RITA, 04814-150","equipment_type":"EE","administrative_sphere":null,"included_in_metrics":true,"exclusion_reason":null,"override_reason":null,"outside_boundary":false}},{"type":"Feature","geometry":{"type":"Point","coordinates":[-46.40888784,-23.50034503]},"properties":{"id":"sp_geosampa_educacao_rede_publica:equipamento_educacao_rede_publica.57132","source_id":"sp_geosampa_educacao_rede_publica","name":"MARIA VERA LOMBARDI SIQUEIRA PROFA","name_derived":false,"category":"school","subcategory":"primary_secondary","geometry_type":"Point","address":"JOSE ALEXANDRE MACHADO, 619, JARDIM SILVA TELES, 08160-460","equipment_type":"EE","administrative_sphere":null,"included_in_metrics":true,"exclusion_reason":null,"override_reason":null,"outside_boundary":false}},{"type":"Feature","geometry":{"type":"Point","coordinates":[-46.41929883,-23.51726974]},"properties":{"id":"sp_geosampa_educacao_rede_publica:equipamento_educacao_rede_publica.57133","source_id":"sp_geosampa_educacao_rede_publica","name":"MARIA REGINA MACHADO DE CASTRO GUIMARAES PROFA","name_derived":false,"category":"school","subcategory":"primary_secondary","geometry_type":"Point","address":"NOITIBO, 80, VILA NOVA CURUCA, 08031-150","equipment_type":"EE","administrative_sphere":null,"included_in_metrics":true,"exclusion_reason":null,"override_reason":null,"outside_boundary":false}},{"type":"Feature","geometry":{"type":"Point","coordinates":[-46.38652268,-23.49427518]},"properties":{"id":"sp_geosampa_educacao_rede_publica:equipamento_educacao_rede_publica.57134","source_id":"sp_geosampa_educacao_rede_publica","name":"SERGIO PAULO MUNIZ PIMENTA CAPITAO","name_derived":false,"category":"school","subcategory":"primary_secondary","geometry_type":"Point","address":"GASPAR DE GODOI MOREIRA, 19, JARDIM VIRGINIA, 08121-590","equipment_type":"EE","administrative_sphere":null,"included_in_metrics":true,"exclusion_reason":null,"override_reason":null,"outside_boundary":false}},{"type":"Feature","geometry":{"type":"Point","coordinates":[-46.73727995,-23.44540424]},"properties":{"id":"sp_geosampa_educacao_rede_publica:equipamento_educacao_rede_publica.57135","source_id":"sp_geosampa_educacao_rede_publica","name":"FRIEDRICH VON VOITH","name_derived":false,"category":"school","subcategory":"primary_secondary","geometry_type":"Point","address":"ANTONIO DE CABEZON, 398, PARQUE NACOES UNIDAS, 02996-000","equipment_type":"EE","administrative_sphere":null,"included_in_metrics":true,"exclusion_reason":null,"override_reason":null,"outside_boundary":false}},{"type":"Feature","geometry":{"type":"Point","coordinates":[-46.67287963,-23.46348678]},"properties":{"id":"sp_geosampa_educacao_rede_publica:equipamento_educacao_rede_publica.57136","source_id":"sp_geosampa_educacao_rede_publica","name":"HELIOS HEBER LINO PROFESSOR","name_derived":false,"category":"school","subcategory":"primary_secondary","geometry_type":"Point","address":"MONTES PIRINEUS, 31, JARDIM ONDINA, 02871-080","equipment_type":"EE","administrative_sphere":null,"included_in_metrics":true,"exclusion_reason":null,"override_reason":null,"outside_boundary":false}},{"type":"Feature","geometry":{"type":"Point","coordinates":[-46.65782706,-23.66972692]},"properties":{"id":"sp_geosampa_educacao_rede_publica:equipamento_educacao_rede_publica.57137","source_id":"sp_geosampa_educacao_rede_publica","name":"JOSE BAPTISTA RIOS CASTELLOES PROFESSOR","name_derived":false,"category":"school","subcategory":"primary_secondary","geometry_type":"Point","address":"ITATA, 195, VILA ERNA, 04404-080","equipment_type":"EE","administrative_sphere":null,"included_in_metrics":true,"exclusion_reason":null,"override_reason":null,"outside_boundary":false}},{"type":"Feature","geometry":{"type":"Point","coordinates":[-46.66486999,-23.68421761]},"properties":{"id":"sp_geosampa_educacao_rede_publica:equipamento_educacao_rede_publica.57138","source_id":"sp_geosampa_educacao_rede_publica","name":"WALDEMAR RODRIGUES DA SILVA PASTOR","name_derived":false,"category":"school","subcategory":"primary_secondary","geometry_type":"Point","address":"JENNY LIND, 20, JARDIM ORLY, 04434-280","equipment_type":"EE","administrative_sphere":null,"included_in_metrics":true,"exclusion_reason":null,"override_reason":null,"outside_boundary":false}},{"type":"Feature","geometry":{"type":"Point","coordinates":[-46.41351371,-23.4838308]},"properties":{"id":"sp_geosampa_educacao_rede_publica:equipamento_educacao_rede_publica.57139","source_id":"sp_geosampa_educacao_rede_publica","name":"FERNANDES SOARES PROF","name_derived":false,"category":"school","subcategory":"primary_secondary","geometry_type":"Point","address":"ERVA DO SERENO, 500, JARDIM MAIA, 08180-010","equipment_type":"EE","administrative_sphere":null,"included_in_metrics":true,"exclusion_reason":null,"override_reason":null,"outside_boundary":false}},{"type":"Feature","geometry":{"type":"Point","coordinates":[-46.46449842,-23.4923668]},"properties":{"id":"sp_geosampa_educacao_rede_publica:equipamento_educacao_rede_publica.57140","source_id":"sp_geosampa_educacao_rede_publica","name":"ARCANGELO SFORCIM","name_derived":false,"category":"school","subcategory":"primary_secondary","geometry_type":"Point","address":"SERRA DA MOEDA, 61, PARQUE CRUZEIRO DO SUL, 08070-060","equipment_type":"EE","administrative_sphere":null,"included_in_metrics":true,"exclusion_reason":null,"override_reason":null,"outside_boundary":false}},{"type":"Feature","geometry":{"type":"Point","coordinates":[-46.44839017,-23.51220686]},"properties":{"id":"sp_geosampa_educacao_rede_publica:equipamento_educacao_rede_publica.57141","source_id":"sp_geosampa_educacao_rede_publica","name":"TITO LIVIO FERREIRA PROFESSOR","name_derived":false,"category":"school","subcategory":"primary_secondary","geometry_type":"Point","address":"BARDANA, 35, JARDIM RUTH, 08040-730","equipment_type":"EE","administrative_sphere":null,"included_in_metrics":true,"exclusion_reason":null,"override_reason":null,"outside_boundary":false}},{"type":"Feature","geometry":{"type":"Point","coordinates":[-46.44591201,-23.63050536]},"properties":{"id":"sp_geosampa_educacao_rede_publica:equipamento_educacao_rede_publica.57143","source_id":"sp_geosampa_educacao_rede_publica","name":"GERALDINO DOS SANTOS DEPUTADO","name_derived":false,"category":"school","subcategory":"primary_secondary","geometry_type":"Point","address":"SERTANISTAS, 1175, JARDIM SANTO ANDRE, 08390-240","equipment_type":"EE","administrative_sphere":null,"included_in_metrics":true,"exclusion_reason":null,"override_reason":null,"outside_boundary":false}},{"type":"Feature","geometry":{"type":"Point","coordinates":[-46.47861319,-23.50005841]},"properties":{"id":"sp_geosampa_educacao_rede_publica:equipamento_educacao_rede_publica.57144","source_id":"sp_geosampa_educacao_rede_publica","name":"THEREZINHA ARANHA MANTELLI","name_derived":false,"category":"school","subcategory":"primary_secondary","geometry_type":"Point","address":"PROFESSOR ANTONIO DE CASTRO LOPES, 930, PARQUE BOTURUSSU, 03805-080","equipment_type":"EE","administrative_sphere":null,"included_in_metrics":true,"exclusion_reason":null,"override_reason":null,"outside_boundary":false}},{"type":"Feature","geometry":{"type":"Point","coordinates":[-46.6775628,-23.47391433]},"properties":{"id":"sp_geosampa_educacao_rede_publica:equipamento_educacao_rede_publica.57145","source_id":"sp_geosampa_educacao_rede_publica","name":"OLINDA LEITE SINISGALLI PROFESSORA","name_derived":false,"category":"school","subcategory":"primary_secondary","geometry_type":"Point","address":"EMILIO KEMP, 126, VILA PENTEADO, 02865-000","equipment_type":"EE","administrative_sphere":null,"included_in_metrics":true,"exclusion_reason":null,"override_reason":null,"outside_boundary":false}},{"type":"Feature","geometry":{"type":"Point","coordinates":[-46.46839989,-23.52054418]},"properties":{"id":"sp_geosampa_educacao_rede_publica:equipamento_educacao_rede_publica.57146","source_id":"sp_geosampa_educacao_rede_publica","name":"URBANO DE OLIVEIRA PINTO REV","name_derived":false,"category":"school","subcategory":"primary_secondary","geometry_type":"Point","address":"TANTAS PALAVRAS, 10, CONJUNTO HABITACIONAL AGUIA DE HAIA, 08223-510","equipment_type":"EE","administrative_sphere":null,"included_in_metrics":true,"exclusion_reason":null,"override_reason":null,"outside_boundary":false}},{"type":"Feature","geometry":{"type":"Point","coordinates":[-46.59504736,-23.64742353]},"properties":{"id":"sp_geosampa_educacao_rede_publica:equipamento_educacao_rede_publica.57147","source_id":"sp_geosampa_educacao_rede_publica","name":"HENRIQUE DE SOUZA FILHO HENFIL","name_derived":false,"category":"school","subcategory":"primary_secondary","geometry_type":"Point","address":"GASTAO FORMENTI, 70, VILA SANTA TERESA ZONA SUL, 04187-170","equipment_type":"EE","administrative_sphere":null,"included_in_metrics":true,"exclusion_reason":null,"override_reason":null,"outside_boundary":false}},{"type":"Feature","geometry":{"type":"Point","coordinates":[-46.65265726,-23.45530699]},"properties":{"id":"sp_geosampa_educacao_rede_publica:equipamento_educacao_rede_publica.57148","source_id":"sp_geosampa_educacao_rede_publica","name":"DILSON FUNARO MINISTRO","name_derived":false,"category":"school","subcategory":"primary_secondary","geometry_type":"Point","address":"FRANCISCO MACHADO DA SILVA, 1410, JARDIM PERI, 02678-000","equipment_type":"EE","administrative_sphere":null,"included_in_metrics":true,"exclusion_reason":null,"override_reason":null,"outside_boundary":false}},{"type":"Feature","geometry":{"type":"Point","coordinates":[-46.4602759,-23.52577085]},"properties":{"id":"sp_geosampa_educacao_rede_publica:equipamento_educacao_rede_publica.57149","source_id":"sp_geosampa_educacao_rede_publica","name":"IRINEU MONTEIRO DE PINHO REV","name_derived":false,"category":"school","subcategory":"primary_secondary","geometry_type":"Point","address":"CHUVA E SOL, 41, CONJUNTO HABITACIONAL A E CARVALHO, 08225-560","equipment_type":"EE","administrative_sphere":null,"included_in_metrics":true,"exclusion_reason":null,"override_reason":null,"outside_boundary":false}},{"type":"Feature","geometry":{"type":"Point","coordinates":[-46.76500171,-23.8035189]},"properties":{"id":"sp_geosampa_educacao_rede_publica:equipamento_educacao_rede_publica.57150","source_id":"sp_geosampa_educacao_rede_publica","name":"ROSSINE CAMARGO GUARNIERI","name_derived":false,"category":"school","subcategory":"primary_secondary","geometry_type":"Point","address":"F, SN, PARQUE FLORESTAL, 04882-010","equipment_type":"EE","administrative_sphere":null,"included_in_metrics":true,"exclusion_reason":null,"override_reason":null,"outside_boundary":false}},{"type":"Feature","geometry":{"type":"Point","coordinates":[-46.47529636,-23.49718843]},"properties":{"id":"sp_geosampa_educacao_rede_publica:equipamento_educacao_rede_publica.57151","source_id":"sp_geosampa_educacao_rede_publica","name":"UMBERTO CONTE CHECCHIA PROFESSOR","name_derived":false,"category":"school","subcategory":"primary_secondary","geometry_type":"Point","address":"GENERAL COSTA CAMPOS, 280, VILA ROBERTINA, 03807-100","equipment_type":"EE","administrative_sphere":null,"included_in_metrics":true,"exclusion_reason":null,"override_reason":null,"outside_boundary":false}},{"type":"Feature","geometry":{"type":"Point","coordinates":[-46.64657594,-23.45653073]},"properties":{"id":"sp_geosampa_educacao_rede_publica:equipamento_educacao_rede_publica.57152","source_id":"sp_geosampa_educacao_rede_publica","name":"FRANCISCO VOCCIO","name_derived":false,"category":"school","subcategory":"primary_secondary","geometry_type":"Point","address":"ITA, SN, VILA SANTOS, 02636-030","equipment_type":"EE","administrative_sphere":null,"included_in_metrics":true,"exclusion_reason":null,"override_reason":null,"outside_boundary":false}},{"type":"Feature","geometry":{"type":"Point","coordinates":[-46.48147658,-23.55154245]},"properties":{"id":"sp_geosampa_educacao_rede_publica:equipamento_educacao_rede_publica.57153","source_id":"sp_geosampa_educacao_rede_publica","name":"OCTAVIO MARCONDES FERRAZ ENGENHEIRO","name_derived":false,"category":"school","subcategory":"primary_secondary","geometry_type":"Point","address":"WALDEMAR TIETZ, 1477, CONJUNTO HABITACIONAL PADRE JOSE DE ANCHIETA, 03589-001","equipment_type":"EE","administrative_sphere":null,"included_in_metrics":true,"exclusion_reason":null,"override_reason":null,"outside_boundary":false}},{"type":"Feature","geometry":{"type":"Point","coordinates":[-46.39021842,-23.51664366]},"properties":{"id":"sp_geosampa_educacao_rede_publica:equipamento_educacao_rede_publica.57154","source_id":"sp_geosampa_educacao_rede_publica","name":"LIVIO XAVIER","name_derived":false,"category":"school","subcategory":"primary_secondary","geometry_type":"Point","address":"ANTONIO JOAO DE MEDEIROS, 2040, ITAIM PAULISTA, 08140-060","equipment_type":"EE","administrative_sphere":null,"included_in_metrics":true,"exclusion_reason":null,"override_reason":null,"outside_boundary":false}},{"type":"Feature","geometry":{"type":"Point","coordinates":[-46.40062282,-23.53832641]},"properties":{"id":"sp_geosampa_educacao_rede_publica:equipamento_educacao_rede_publica.57155","source_id":"sp_geosampa_educacao_rede_publica","name":"ARACI ZEBRAL TEIXEIRA","name_derived":false,"category":"school","subcategory":"primary_secondary","geometry_type":"Point","address":"SERRA DAS ARARAS, 180, VILA IOLANDALAJEADO, 08451-050","equipment_type":"EE","administrative_sphere":null,"included_in_metrics":true,"exclusion_reason":null,"override_reason":null,"outside_boundary":false}},{"type":"Feature","geometry":{"type":"Point","coordinates":[-46.40742598,-23.5545346]},"properties":{"id":"sp_geosampa_educacao_rede_publica:equipamento_educacao_rede_publica.57156","source_id":"sp_geosampa_educacao_rede_publica","name":"SERGIO ESTANISLAU CAMARGO","name_derived":false,"category":"school","subcategory":"primary_secondary","geometry_type":"Point","address":"OTELO AUGUSTO RIBEIRO, 1309, GUAIANAZES, 08412-000","equipment_type":"EE","administrative_sphere":null,"included_in_metrics":true,"exclusion_reason":null,"override_reason":null,"outside_boundary":false}},{"type":"Feature","geometry":{"type":"Point","coordinates":[-46.41915494,-23.55111422]},"properties":{"id":"sp_geosampa_educacao_rede_publica:equipamento_educacao_rede_publica.57157","source_id":"sp_geosampa_educacao_rede_publica","name":"ZIPORA RUBINSTEIN PROFESSORA","name_derived":false,"category":"school","subcategory":"primary_secondary","geometry_type":"Point","address":"IRMAO DEODORO, 830, VILA PRINCESA ISABEL, 08410-410","equipment_type":"EE","administrative_sphere":null,"included_in_metrics":true,"exclusion_reason":null,"override_reason":null,"outside_boundary":false}},{"type":"Feature","geometry":{"type":"Point","coordinates":[-46.76620932,-23.6891864]},"properties":{"id":"sp_geosampa_educacao_rede_publica:equipamento_educacao_rede_publica.57158","source_id":"sp_geosampa_educacao_rede_publica","name":"FLAVIO LA SELVA PROFESSOR","name_derived":false,"category":"school","subcategory":"primary_secondary","geometry_type":"Point","address":"CARMELO CALI, 240, VILA SANTA LUCIA, 04940-070","equipment_type":"EE","administrative_sphere":null,"included_in_metrics":true,"exclusion_reason":null,"override_reason":null,"outside_boundary":false}},{"type":"Feature","geometry":{"type":"Point","coordinates":[-46.75061127,-23.675519]},"properties":{"id":"sp_geosampa_educacao_rede_publica:equipamento_educacao_rede_publica.57159","source_id":"sp_geosampa_educacao_rede_publica","name":"NORBERTO ALVES RODRIGUES PROFESSOR","name_derived":false,"category":"school","subcategory":"primary_secondary","geometry_type":"Point","address":"CARMEM ESCABIA MOTTA COELHO, 50, JARDIM MAZZA, 05832-230","equipment_type":"EE","administrative_sphere":null,"included_in_metrics":true,"exclusion_reason":null,"override_reason":null,"outside_boundary":false}},{"type":"Feature","geometry":{"type":"Point","coordinates":[-46.46969671,-23.56541043]},"properties":{"id":"sp_geosampa_educacao_rede_publica:equipamento_educacao_rede_publica.57160","source_id":"sp_geosampa_educacao_rede_publica","name":"MANOEL DE MELO MISSIONARIO","name_derived":false,"category":"school","subcategory":"primary_secondary","geometry_type":"Point","address":"ARCADIA PAULISTANA, 205, JARDIM NOSSA SENHORA DO CARMO, 08280-540","equipment_type":"EE","administrative_sphere":null,"included_in_metrics":true,"exclusion_reason":null,"override_reason":null,"outside_boundary":false}},{"type":"Feature","geometry":{"type":"Point","coordinates":[-46.63657139,-23.70017003]},"properties":{"id":"sp_geosampa_educacao_rede_publica:equipamento_educacao_rede_publica.57161","source_id":"sp_geosampa_educacao_rede_publica","name":"PASQUALE FILIPPELLI PADRE","name_derived":false,"category":"school","subcategory":"primary_secondary","geometry_type":"Point","address":"PAULINO ALVES ESCUDEIRO, 240, GUACURI, 04475-350","equipment_type":"EE","administrative_sphere":null,"included_in_metrics":true,"exclusion_reason":null,"override_reason":null,"outside_boundary":false}},{"type":"Feature","geometry":{"type":"Point","coordinates":[-46.69055856,-23.73534812]},"properties":{"id":"sp_geosampa_educacao_rede_publica:equipamento_educacao_rede_publica.57162","source_id":"sp_geosampa_educacao_rede_publica","name":"RENE MUAWAD PRESIDENTE","name_derived":false,"category":"school","subcategory":"primary_secondary","geometry_type":"Point","address":"ESTELA NAVES JUNQUEIRA, 79, PARQUE AMERICA, 04841-000","equipment_type":"EE","administrative_sphere":null,"included_in_metrics":true,"exclusion_reason":null,"override_reason":null,"outside_boundary":false}},{"type":"Feature","geometry":{"type":"Point","coordinates":[-46.65085932,-23.47339606]},"properties":{"id":"sp_geosampa_educacao_rede_publica:equipamento_educacao_rede_publica.57163","source_id":"sp_geosampa_educacao_rede_publica","name":"MARLY DIVA BONFANTI PROFA","name_derived":false,"category":"school","subcategory":"primary_secondary","geometry_type":"Point","address":"PEDRO OSORIO FILHO, 996, VILA NOVA CACHOEIRINHA, 02614-000","equipment_type":"EE","administrative_sphere":null,"included_in_metrics":true,"exclusion_reason":null,"override_reason":null,"outside_boundary":false}},{"type":"Feature","geometry":{"type":"Point","coordinates":[-46.58905858,-23.45300089]},"properties":{"id":"sp_geosampa_educacao_rede_publica:equipamento_educacao_rede_publica.57164","source_id":"sp_geosampa_educacao_rede_publica","name":"EUNICE TEREZINHA DE OLIVEIRA FRAGOAS PROFA","name_derived":false,"category":"school","subcategory":"primary_secondary","geometry_type":"Point","address":"ANTONELO DA MESSINA, 222, SITIO DO PIQUERI, 02318-000","equipment_type":"EE","administrative_sphere":null,"included_in_metrics":true,"exclusion_reason":null,"override_reason":null,"outside_boundary":false}},{"type":"Feature","geometry":{"type":"Point","coordinates":[-46.45804821,-23.51810969]},"properties":{"id":"sp_geosampa_educacao_rede_publica:equipamento_educacao_rede_publica.57165","source_id":"sp_geosampa_educacao_rede_publica","name":"HERMINIA DE ANDRADE PFUHL NEVES PROFESSORA","name_derived":false,"category":"school","subcategory":"primary_secondary","geometry_type":"Point","address":"RAINHA DA NOITE, 85, PARQUE GUARANI, 08235-000","equipment_type":"EE","administrative_sphere":null,"included_in_metrics":true,"exclusion_reason":null,"override_reason":null,"outside_boundary":false}},{"type":"Feature","geometry":{"type":"Point","coordinates":[-46.45865735,-23.51140445]},"properties":{"id":"sp_geosampa_educacao_rede_publica:equipamento_educacao_rede_publica.57166","source_id":"sp_geosampa_educacao_rede_publica","name":"ZILDA ARNS NEUMANN","name_derived":false,"category":"school","subcategory":"primary_secondary","geometry_type":"Point","address":"CANGICA, 50, JARDIM DAS CAMELIAS, 08050-390","equipment_type":"EE","administrative_sphere":null,"included_in_metrics":true,"exclusion_reason":null,"override_reason":null,"outside_boundary":false}},{"type":"Feature","geometry":{"type":"Point","coordinates":[-46.38032725,-23.50283881]},"properties":{"id":"sp_geosampa_educacao_rede_publica:equipamento_educacao_rede_publica.57167","source_id":"sp_geosampa_educacao_rede_publica","name":"RENATO DIAS DE ARAUJO PROF","name_derived":false,"category":"school","subcategory":"primary_secondary","geometry_type":"Point","address":"CARMEM DE ALMEIDA, 36, ITAIM PAULISTA, 08131-340","equipment_type":"EE","administrative_sphere":null,"included_in_metrics":true,"exclusion_reason":null,"override_reason":null,"outside_boundary":false}},{"type":"Feature","geometry":{"type":"Point","coordinates":[-46.39367595,-23.52217871]},"properties":{"id":"sp_geosampa_educacao_rede_publica:equipamento_educacao_rede_publica.57168","source_id":"sp_geosampa_educacao_rede_publica","name":"BRENO DI GRADO PROF","name_derived":false,"category":"school","subcategory":"primary_secondary","geometry_type":"Point","address":"MANUEL ALVARES PIMENTEL, 801, JARDIM MIRIAM, 08141-000","equipment_type":"EE","administrative_sphere":null,"included_in_metrics":true,"exclusion_reason":null,"override_reason":null,"outside_boundary":false}},{"type":"Feature","geometry":{"type":"Point","coordinates":[-46.75176472,-23.66168703]},"properties":{"id":"sp_geosampa_educacao_rede_publica:equipamento_educacao_rede_publica.57169","source_id":"sp_geosampa_educacao_rede_publica","name":"JACQUES ORLANDO CAMINHA D AVILA REVERENDO","name_derived":false,"category":"school","subcategory":"primary_secondary","geometry_type":"Point","address":"ANTONIO RAMOS ROSA, 100, PARQUE SANTO ANTONIO, 05822-010","equipment_type":"EE","administrative_sphere":null,"included_in_metrics":true,"exclusion_reason":null,"override_reason":null,"outside_boundary":false}},{"type":"Feature","geometry":{"type":"Point","coordinates":[-46.47355345,-23.51129361]},"properties":{"id":"sp_geosampa_educacao_rede_publica:equipamento_educacao_rede_publica.57170","source_id":"sp_geosampa_educacao_rede_publica","name":"JULIO DE CARVALHO BARATA","name_derived":false,"category":"school","subcategory":"primary_secondary","geometry_type":"Point","address":"ELY REY, 271, JARDIM SAO CARLOS ZONA LESTE, 08062-520","equipment_type":"EE","administrative_sphere":null,"included_in_metrics":true,"exclusion_reason":null,"override_reason":null,"outside_boundary":false}},{"type":"Feature","geometry":{"type":"Point","coordinates":[-46.44506577,-23.4995319]},"properties":{"id":"sp_geosampa_educacao_rede_publica:equipamento_educacao_rede_publica.57171","source_id":"sp_geosampa_educacao_rede_publica","name":"HUGO TAKAHASHI ENG","name_derived":false,"category":"school","subcategory":"primary_secondary","geometry_type":"Point","address":"JULIAO PEREIRA MACHADO, 60A, PARQUE SONIA, 08020-020","equipment_type":"EE","administrative_sphere":null,"included_in_metrics":true,"exclusion_reason":null,"override_reason":null,"outside_boundary":false}},{"type":"Feature","geometry":{"type":"Point","coordinates":[-46.37702239,-23.5059514]},"properties":{"id":"sp_geosampa_educacao_rede_publica:equipamento_educacao_rede_publica.57172","source_id":"sp_geosampa_educacao_rede_publica","name":"RUBEM BRAGA CRONISTA","name_derived":false,"category":"school","subcategory":"primary_secondary","geometry_type":"Point","address":"VIRGILIO CAMPELO PADRE, 100, ITAIM PAULISTA, 08131-310","equipment_type":"EE","administrative_sphere":null,"included_in_metrics":true,"exclusion_reason":null,"override_reason":null,"outside_boundary":false}},{"type":"Feature","geometry":{"type":"Point","coordinates":[-46.3789434,-23.50213194]},"properties":{"id":"sp_geosampa_educacao_rede_publica:equipamento_educacao_rede_publica.57173","source_id":"sp_geosampa_educacao_rede_publica","name":"EDER BERNARDES DOS SANTOS SOLDADO PM","name_derived":false,"category":"school","subcategory":"primary_secondary","geometry_type":"Point","address":"ARY CORDOVIL, 251, ITAIM PAULISTA, 08131-300","equipment_type":"EE","administrative_sphere":null,"included_in_metrics":true,"exclusion_reason":null,"override_reason":null,"outside_boundary":false}},{"type":"Feature","geometry":{"type":"Point","coordinates":[-46.37064206,-23.501152]},"properties":{"id":"sp_geosampa_educacao_rede_publica:equipamento_educacao_rede_publica.57174","source_id":"sp_geosampa_educacao_rede_publica","name":"ROGER JULES DE CARVALHO MANGE","name_derived":false,"category":"school","subcategory":"primary_secondary","geometry_type":"Point","address":"ESTUDANTES DA CHINA, 570, ITAIM PAULISTA, 08131-220","equipment_type":"EE","administrative_sphere":null,"included_in_metrics":true,"exclusion_reason":null,"override_reason":null,"outside_boundary":false}},{"type":"Feature","geometry":{"type":"Point","coordinates":[-46.58075155,-23.45529524]},"properties":{"id":"sp_geosampa_educacao_rede_publica:equipamento_educacao_rede_publica.57175","source_id":"sp_geosampa_educacao_rede_publica","name":"GUSTAVO BARROSO","name_derived":false,"category":"school","subcategory":"primary_secondary","geometry_type":"Point","address":"ALFEU DE ALCANTARA MONTEIRO, 100, CONJUNTO HABITACIONAL JOVA RURAL, 02281-200","equipment_type":"EE","administrative_sphere":null,"included_in_metrics":true,"exclusion_reason":null,"override_reason":null,"outside_boundary":false}},{"type":"Feature","geometry":{"type":"Point","coordinates":[-46.45175766,-23.6022987]},"properties":{"id":"sp_geosampa_educacao_rede_publica:equipamento_educacao_rede_publica.57176","source_id":"sp_geosampa_educacao_rede_publica","name":"BRENNO ROSSI MAESTRO","name_derived":false,"category":"school","subcategory":"primary_secondary","geometry_type":"Point","address":"JOSE PARDO, 41, PARQUE BOA ESPERANCA, 08341-250","equipment_type":"EE","administrative_sphere":null,"included_in_metrics":true,"exclusion_reason":null,"override_reason":null,"outside_boundary":false}},{"type":"Feature","geometry":{"type":"Point","coordinates":[-46.43988625,-23.59487164]},"properties":{"id":"sp_geosampa_educacao_rede_publica:equipamento_educacao_rede_publica.57177","source_id":"sp_geosampa_educacao_rede_publica","name":"SIMAO MATHIAS PROFESSOR","name_derived":false,"category":"school","subcategory":"primary_secondary","geometry_type":"Point","address":"RAGUEB CHOHFI, 4757, JARDIM TRES MARIAS, 08375-000","equipment_type":"EE","administrative_sphere":null,"included_in_metrics":true,"exclusion_reason":null,"override_reason":null,"outside_boundary":false}},{"type":"Feature","geometry":{"type":"Point","coordinates":[-46.39023354,-23.54664468]},"properties":{"id":"sp_geosampa_educacao_rede_publica:equipamento_educacao_rede_publica.57178","source_id":"sp_geosampa_educacao_rede_publica","name":"PEDRO GERALDO COSTA DEPUTADO","name_derived":false,"category":"school","subcategory":"primary_secondary","geometry_type":"Point","address":"FRANCISCO CAPARA, 75, JARDIM FANGANIELLO, 08450-570","equipment_type":"EE","administrative_sphere":null,"included_in_metrics":true,"exclusion_reason":null,"override_reason":null,"outside_boundary":false}},{"type":"Feature","geometry":{"type":"Point","coordinates":[-46.42649802,-23.55136618]},"properties":{"id":"sp_geosampa_educacao_rede_publica:equipamento_educacao_rede_publica.57179","source_id":"sp_geosampa_educacao_rede_publica","name":"CONJUNTO HABITACIONAL ITAQUERA IV I","name_derived":false,"category":"school","subcategory":"primary_secondary","geometry_type":"Point","address":"AQUARELA DO BRASIL, 20, CONJUNTO RESIDENCIAL JOSE BONIFACIO, 08257-030","equipment_type":"EE","administrative_sphere":null,"included_in_metrics":true,"exclusion_reason":null,"override_reason":null,"outside_boundary":false}},{"type":"Feature","geometry":{"type":"Point","coordinates":[-46.40713944,-23.56559762]},"properties":{"id":"sp_geosampa_educacao_rede_publica:equipamento_educacao_rede_publica.57180","source_id":"sp_geosampa_educacao_rede_publica","name":"SERGIO ROCHA KIEHL PROFESSOR","name_derived":false,"category":"school","subcategory":"primary_secondary","geometry_type":"Point","address":"DOUTOR GUILHERME DE ABREU SODRE, 1503, VILA HORTENCIA, 08490-010","equipment_type":"EE","administrative_sphere":null,"included_in_metrics":true,"exclusion_reason":null,"override_reason":null,"outside_boundary":false}},{"type":"Feature","geometry":{"type":"Point","coordinates":[-46.78697295,-23.67721394]},"properties":{"id":"sp_geosampa_educacao_rede_publica:equipamento_educacao_rede_publica.57181","source_id":"sp_geosampa_educacao_rede_publica","name":"AFIZ GEBARA DOUTOR","name_derived":false,"category":"school","subcategory":"primary_secondary","geometry_type":"Point","address":"BACIA DE SAO FRANCISCO, SN, CONJUNTO HABITACIONAL JARDIM SAO BENTO, 05885-540","equipment_type":"EE","administrative_sphere":null,"included_in_metrics":true,"exclusion_reason":null,"override_reason":null,"outside_boundary":false}},{"type":"Feature","geometry":{"type":"Point","coordinates":[-46.76465829,-23.68580737]},"properties":{"id":"sp_geosampa_educacao_rede_publica:equipamento_educacao_rede_publica.57182","source_id":"sp_geosampa_educacao_rede_publica","name":"JOSE RAUL POLETTO","name_derived":false,"category":"school","subcategory":"primary_secondary","geometry_type":"Point","address":"BARROSO DO AMARAL PROFESSOR, 665, VILA SANTA LUCIA, 04937-010","equipment_type":"EE","administrative_sphere":null,"included_in_metrics":true,"exclusion_reason":null,"override_reason":null,"outside_boundary":false}},{"type":"Feature","geometry":{"type":"Point","coordinates":[-46.37674543,-23.50634732]},"properties":{"id":"sp_geosampa_educacao_rede_publica:equipamento_educacao_rede_publica.57183","source_id":"sp_geosampa_educacao_rede_publica","name":"PAULINA MADRE","name_derived":false,"category":"school","subcategory":"primary_secondary","geometry_type":"Point","address":"VIRGILIO CAMPELO PADRE, 130, ITAIM PAULISTA, 08131-310","equipment_type":"EE","administrative_sphere":null,"included_in_metrics":true,"exclusion_reason":null,"override_reason":null,"outside_boundary":false}},{"type":"Feature","geometry":{"type":"Point","coordinates":[-46.67154157,-23.74261806]},"properties":{"id":"sp_geosampa_educacao_rede_publica:equipamento_educacao_rede_publica.57184","source_id":"sp_geosampa_educacao_rede_publica","name":"ANIZ BADRA DOUTOR","name_derived":false,"category":"school","subcategory":"primary_secondary","geometry_type":"Point","address":"MARIO DAVID ANDREAZZA MINISTRO, 112, PARQUE RESIDENCIAL COCAIA, 04849-080","equipment_type":"EE","administrative_sphere":null,"included_in_metrics":true,"exclusion_reason":null,"override_reason":null,"outside_boundary":false}},{"type":"Feature","geometry":{"type":"Point","coordinates":[-46.67520862,-23.78018718]},"properties":{"id":"sp_geosampa_educacao_rede_publica:equipamento_educacao_rede_publica.57185","source_id":"sp_geosampa_educacao_rede_publica","name":"MARLENE ADUA FORTUNATO PROFESSORA","name_derived":false,"category":"school","subcategory":"primary_secondary","geometry_type":"Point","address":"GAIVOTAS DO CEU, 53, CHACARA DO SOL, 04857-725","equipment_type":"EE","administrative_sphere":null,"included_in_metrics":true,"exclusion_reason":null,"override_reason":null,"outside_boundary":false}},{"type":"Feature","geometry":{"type":"Point","coordinates":[-46.57766963,-23.45032517]},"properties":{"id":"sp_geosampa_educacao_rede_publica:equipamento_educacao_rede_publica.57186","source_id":"sp_geosampa_educacao_rede_publica","name":"FELICIO TONETTI","name_derived":false,"category":"school","subcategory":"primary_secondary","geometry_type":"Point","address":"JOSE MILTON BARBOSA, 138, CONJUNTO HABITACIONAL JOVA RURAL, 02281-214","equipment_type":"EE","administrative_sphere":null,"included_in_metrics":true,"exclusion_reason":null,"override_reason":null,"outside_boundary":false}},{"type":"Feature","geometry":{"type":"Point","coordinates":[-46.6402043,-23.5538215]},"properties":{"id":"sp_geosampa_educacao_rede_publica:equipamento_educacao_rede_publica.57187","source_id":"sp_geosampa_educacao_rede_publica","name":"PAULO MACHADO DE CARVALHO","name_derived":false,"category":"school","subcategory":"primary_secondary","geometry_type":"Point","address":"AGUIAR DE BARROS, 160, BELA VISTA, 01316-020","equipment_type":"EE","administrative_sphere":null,"included_in_metrics":true,"exclusion_reason":null,"override_reason":null,"outside_boundary":false}},{"type":"Feature","geometry":{"type":"Point","coordinates":[-46.40256624,-23.59243439]},"properties":{"id":"sp_geosampa_educacao_rede_publica:equipamento_educacao_rede_publica.57188","source_id":"sp_geosampa_educacao_rede_publica","name":"FULVIO ABRAMO","name_derived":false,"category":"school","subcategory":"primary_secondary","geometry_type":"Point","address":"JOSE ROMEIRO, 61, CIDADE TIRADENTES, 08475-350","equipment_type":"EE","administrative_sphere":null,"included_in_metrics":true,"exclusion_reason":null,"override_reason":null,"outside_boundary":false}},{"type":"Feature","geometry":{"type":"Point","coordinates":[-46.40873863,-23.5841986]},"properties":{"id":"sp_geosampa_educacao_rede_publica:equipamento_educacao_rede_publica.57189","source_id":"sp_geosampa_educacao_rede_publica","name":"RUY DE MELLO JUNQUEIRA","name_derived":false,"category":"school","subcategory":"primary_secondary","geometry_type":"Point","address":"METALURGICOS, 150, CIDADE TIRADENTES, 08471-000","equipment_type":"EE","administrative_sphere":null,"included_in_metrics":true,"exclusion_reason":null,"override_reason":null,"outside_boundary":false}},{"type":"Feature","geometry":{"type":"Point","coordinates":[-46.721233,-23.7881394]},"properties":{"id":"sp_geosampa_educacao_rede_publica:equipamento_educacao_rede_publica.57190","source_id":"sp_geosampa_educacao_rede_publica","name":"JESUS JOSE ATTAB PROFESSOR","name_derived":false,"category":"school","subcategory":"primary_secondary","geometry_type":"Point","address":"RUA ANA AMELIA DO NASCIMENTO, 137, VILA MARCELO, 04866-040","equipment_type":"EE","administrative_sphere":null,"included_in_metrics":true,"exclusion_reason":null,"override_reason":null,"outside_boundary":false}},{"type":"Feature","geometry":{"type":"Point","coordinates":[-46.44139831,-23.52331868]},"properties":{"id":"sp_geosampa_educacao_rede_publica:equipamento_educacao_rede_publica.57191","source_id":"sp_geosampa_educacao_rede_publica","name":"ALVARO SIMOES","name_derived":false,"category":"school","subcategory":"primary_secondary","geometry_type":"Point","address":"CECILIA ITER, 150, VILA PROGRESSO ZONA LESTE, 08240-730","equipment_type":"EE","administrative_sphere":null,"included_in_metrics":true,"exclusion_reason":null,"override_reason":null,"outside_boundary":false}},{"type":"Feature","geometry":{"type":"Point","coordinates":[-46.69874442,-23.84071658]},"properties":{"id":"sp_geosampa_educacao_rede_publica:equipamento_educacao_rede_publica.57192","source_id":"sp_geosampa_educacao_rede_publica","name":"LUCAS ROSCHEL RASQUINHO","name_derived":false,"category":"school","subcategory":"primary_secondary","geometry_type":"Point","address":"PAULINO GOTTSFRITZ, 50, COLONIA ZONA SUL, 04875-060","equipment_type":"EE","administrative_sphere":null,"included_in_metrics":true,"exclusion_reason":null,"override_reason":null,"outside_boundary":false}},{"type":"Feature","geometry":{"type":"Point","coordinates":[-46.45165112,-23.61144926]},"properties":{"id":"sp_geosampa_educacao_rede_publica:equipamento_educacao_rede_publica.57193","source_id":"sp_geosampa_educacao_rede_publica","name":"CONJUNTO HABITACIONAL CARRAOZINHO","name_derived":false,"category":"school","subcategory":"primary_secondary","geometry_type":"Point","address":"GONCALVES DA COSTA, 317, JARDIM VILA CARRAO, 08340-520","equipment_type":"EE","administrative_sphere":null,"included_in_metrics":true,"exclusion_reason":null,"override_reason":null,"outside_boundary":false}},{"type":"Feature","geometry":{"type":"Point","coordinates":[-46.7124053,-23.44901683]},"properties":{"id":"sp_geosampa_educacao_rede_publica:equipamento_educacao_rede_publica.57194","source_id":"sp_geosampa_educacao_rede_publica","name":"SALVADOR LIGABUE PROFESSOR","name_derived":false,"category":"school","subcategory":"primary_secondary","geometry_type":"Point","address":"MORENINHA LINDA, 65, VILA BRASILANDIA, 02820-010","equipment_type":"EE","administrative_sphere":null,"included_in_metrics":true,"exclusion_reason":null,"override_reason":null,"outside_boundary":false}},{"type":"Feature","geometry":{"type":"Point","coordinates":[-46.41574764,-23.62236911]},"properties":{"id":"sp_geosampa_educacao_rede_publica:equipamento_educacao_rede_publica.57195","source_id":"sp_geosampa_educacao_rede_publica","name":"HAYDEE HIDALGO PROFESSORA","name_derived":false,"category":"school","subcategory":"primary_secondary","geometry_type":"Point","address":"DO JACARANDAPAULISTA, 80, JARDIM ARANTES, 08382-557","equipment_type":"EE","administrative_sphere":null,"included_in_metrics":true,"exclusion_reason":null,"override_reason":null,"outside_boundary":false}},{"type":"Feature","geometry":{"type":"Point","coordinates":[-46.73298881,-23.44432236]},"properties":{"id":"sp_geosampa_educacao_rede_publica:equipamento_educacao_rede_publica.57196","source_id":"sp_geosampa_educacao_rede_publica","name":"OSCAR BLOIS","name_derived":false,"category":"school","subcategory":"primary_secondary","geometry_type":"Point","address":"ANGELO DA SILVA, 20, JARDIM PANAMERICANO, 02996-140","equipment_type":"EE","administrative_sphere":null,"included_in_metrics":true,"exclusion_reason":null,"override_reason":null,"outside_boundary":false}},{"type":"Feature","geometry":{"type":"Point","coordinates":[-46.62196348,-23.55304038]},"properties":{"id":"sp_geosampa_educacao_rede_publica:equipamento_educacao_rede_publica.57197","source_id":"sp_geosampa_educacao_rede_publica","name":"GIANFRANCESCO S B M GUARNIERI","name_derived":false,"category":"school","subcategory":"primary_secondary","geometry_type":"Point","address":"ITAPIRA, 183, MOOCA, 03102-060","equipment_type":"EE","administrative_sphere":null,"included_in_metrics":true,"exclusion_reason":null,"override_reason":null,"outside_boundary":false}},{"type":"Feature","geometry":{"type":"Point","coordinates":[-46.48854444,-23.6055228]},"properties":{"id":"sp_geosampa_educacao_rede_publica:equipamento_educacao_rede_publica.57198","source_id":"sp_geosampa_educacao_rede_publica","name":"SAPOPEMBA","name_derived":false,"category":"school","subcategory":"primary_secondary","geometry_type":"Point","address":"SENADOR NILO COELHO, 690, JARDIM SAPOPEMBA, 03929-100","equipment_type":"EE","administrative_sphere":null,"included_in_metrics":true,"exclusion_reason":null,"override_reason":null,"outside_boundary":false}},{"type":"Feature","geometry":{"type":"Point","coordinates":[-46.39624945,-23.57605805]},"properties":{"id":"sp_geosampa_educacao_rede_publica:equipamento_educacao_rede_publica.57199","source_id":"sp_geosampa_educacao_rede_publica","name":"JARDIM WILMA FLOR","name_derived":false,"category":"school","subcategory":"primary_secondary","geometry_type":"Point","address":"DA NASCENTE, 130, GUAIANAZES, 08473-290","equipment_type":"EE","administrative_sphere":null,"included_in_metrics":true,"exclusion_reason":null,"override_reason":null,"outside_boundary":false}},{"type":"Feature","geometry":{"type":"Point","coordinates":[-46.39985422,-23.57498419]},"properties":{"id":"sp_geosampa_educacao_rede_publica:equipamento_educacao_rede_publica.57200","source_id":"sp_geosampa_educacao_rede_publica","name":"PAULO ROLIM ROSA PROF","name_derived":false,"category":"school","subcategory":"primary_secondary","geometry_type":"Point","address":"IGARAPE DA BELA AURORA, 435, CONJUNTO HABITACIONAL INACIO MONTEIRO, 08472-200","equipment_type":"EE","administrative_sphere":null,"included_in_metrics":true,"exclusion_reason":null,"override_reason":null,"outside_boundary":false}},{"type":"Feature","geometry":{"type":"Point","coordinates":[-46.45084588,-23.61057956]},"properties":{"id":"sp_geosampa_educacao_rede_publica:equipamento_educacao_rede_publica.57201","source_id":"sp_geosampa_educacao_rede_publica","name":"VILA BELA","name_derived":false,"category":"school","subcategory":"primary_secondary","geometry_type":"Point","address":"TERRA TOMBADA, SN, JARDIM DA CONQUISTA ZONA LESTE, 08344-600","equipment_type":"EE","administrative_sphere":null,"included_in_metrics":true,"exclusion_reason":null,"override_reason":null,"outside_boundary":false}},{"type":"Feature","geometry":{"type":"Point","coordinates":[-46.7290248,-23.82302119]},"properties":{"id":"sp_geosampa_educacao_rede_publica:equipamento_educacao_rede_publica.57202","source_id":"sp_geosampa_educacao_rede_publica","name":"LEDA GUIMARAES NATAL","name_derived":false,"category":"school","subcategory":"primary_secondary","geometry_type":"Point","address":"AMERICO COXA, SN, PARELHEIROS, 04890-000","equipment_type":"EE","administrative_sphere":null,"included_in_metrics":true,"exclusion_reason":null,"override_reason":null,"outside_boundary":false}},{"type":"Feature","geometry":{"type":"Point","coordinates":[-46.68867593,-23.47389789]},"properties":{"id":"sp_geosampa_educacao_rede_publica:equipamento_educacao_rede_publica.57203","source_id":"sp_geosampa_educacao_rede_publica","name":"JAIR TOLEDO XAVIER PROFESSOR","name_derived":false,"category":"school","subcategory":"primary_secondary","geometry_type":"Point","address":"JOAQUIM DE ALMEIDA MORAIS, 201, BRASILANDIA, 02844-000","equipment_type":"EE","administrative_sphere":null,"included_in_metrics":true,"exclusion_reason":null,"override_reason":null,"outside_boundary":false}},{"type":"Feature","geometry":{"type":"Point","coordinates":[-46.44384869,-23.5963432]},"properties":{"id":"sp_geosampa_educacao_rede_publica:equipamento_educacao_rede_publica.57204","source_id":"sp_geosampa_educacao_rede_publica","name":"JARDIM IGUATEMI","name_derived":false,"category":"school","subcategory":"primary_secondary","geometry_type":"Point","address":"CONFEDERACAO DOS TAMOIOS, 182, JARDIM IGUATEMI, 08380-220","equipment_type":"EE","administrative_sphere":null,"included_in_metrics":true,"exclusion_reason":null,"override_reason":null,"outside_boundary":false}},{"type":"Feature","geometry":{"type":"Point","coordinates":[-46.4620851,-23.62862511]},"properties":{"id":"sp_geosampa_educacao_rede_publica:equipamento_educacao_rede_publica.57205","source_id":"sp_geosampa_educacao_rede_publica","name":"SILVANA EVANGELISTA PROFESSORA","name_derived":false,"category":"school","subcategory":"primary_secondary","geometry_type":"Point","address":"RODOLFO PIRANI, 392, JARDIM RODOLFO PIRANI, 08310-000","equipment_type":"EE","administrative_sphere":null,"included_in_metrics":true,"exclusion_reason":null,"override_reason":null,"outside_boundary":false}},{"type":"Feature","geometry":{"type":"Point","coordinates":[-46.42537398,-23.52496396]},"properties":{"id":"sp_geosampa_educacao_rede_publica:equipamento_educacao_rede_publica.57206","source_id":"sp_geosampa_educacao_rede_publica","name":"NANCY DE OLIVEIRA FIDALGO PROFA","name_derived":false,"category":"school","subcategory":"primary_secondary","geometry_type":"Point","address":"MIGUEL ARCANJO DUTRA, SN, JARDIM SANTA TEREZINHA ZONA LESTE, 08430-190","equipment_type":"EE","administrative_sphere":null,"included_in_metrics":true,"exclusion_reason":null,"override_reason":null,"outside_boundary":false}},{"type":"Feature","geometry":{"type":"Point","coordinates":[-46.69727346,-23.73088569]},"properties":{"id":"sp_geosampa_educacao_rede_publica:equipamento_educacao_rede_publica.57207","source_id":"sp_geosampa_educacao_rede_publica","name":"HEITOR VILLA LOBOS MAESTRO","name_derived":false,"category":"school","subcategory":"primary_secondary","geometry_type":"Point","address":"ARVOREIRO, 107, PARQUE DAS ARVORES, 04824-010","equipment_type":"EE","administrative_sphere":null,"included_in_metrics":true,"exclusion_reason":null,"override_reason":null,"outside_boundary":false}},{"type":"Feature","geometry":{"type":"Point","coordinates":[-46.74513846,-23.65074514]},"properties":{"id":"sp_geosampa_educacao_rede_publica:equipamento_educacao_rede_publica.57208","source_id":"sp_geosampa_educacao_rede_publica","name":"CARAN APPARECIDO GONCALVES PROFESSOR","name_derived":false,"category":"school","subcategory":"primary_secondary","geometry_type":"Point","address":"GREGORIO ALLEGRI, 101, VILA DAS BELEZAS, 05842-070","equipment_type":"EE","administrative_sphere":null,"included_in_metrics":true,"exclusion_reason":null,"override_reason":null,"outside_boundary":false}},{"type":"Feature","geometry":{"type":"Point","coordinates":[-46.63674599,-23.70116513]},"properties":{"id":"sp_geosampa_educacao_rede_publica:equipamento_educacao_rede_publica.57209","source_id":"sp_geosampa_educacao_rede_publica","name":"EMANOEL ALVES DE ARAUJO ARTISTA PLASTICO","name_derived":false,"category":"school","subcategory":"primary_secondary","geometry_type":"Point","address":"PAULINO ALVES ESCUDEIRO, 290, GUACURI, 04475-350","equipment_type":"EE","administrative_sphere":null,"included_in_metrics":true,"exclusion_reason":null,"override_reason":null,"outside_boundary":false}},{"type":"Feature","geometry":{"type":"Point","coordinates":[-46.65734833,-23.68318439]},"properties":{"id":"sp_geosampa_educacao_rede_publica:equipamento_educacao_rede_publica.57210","source_id":"sp_geosampa_educacao_rede_publica","name":"DOGIVAL BARROS GOMES PROFESSOR","name_derived":false,"category":"school","subcategory":"primary_secondary","geometry_type":"Point","address":"ELISIO MENDES GAIA, 101, JARDIM SAO CARLOS ZONA SUL, 04433-220","equipment_type":"EE","administrative_sphere":null,"included_in_metrics":true,"exclusion_reason":null,"override_reason":null,"outside_boundary":false}},{"type":"Feature","geometry":{"type":"Point","coordinates":[-46.41851494,-23.53807594]},"properties":{"id":"sp_geosampa_educacao_rede_publica:equipamento_educacao_rede_publica.57211","source_id":"sp_geosampa_educacao_rede_publica","name":"MIGUEL HIDALGO","name_derived":false,"category":"school","subcategory":"primary_secondary","geometry_type":"Point","address":"ANIBAL THOMAZ GOMES, 121, JARDIM NOVA GUAIANAZES, 08431-191","equipment_type":"EE","administrative_sphere":null,"included_in_metrics":true,"exclusion_reason":null,"override_reason":null,"outside_boundary":false}},{"type":"Feature","geometry":{"type":"Point","coordinates":[-46.39447804,-23.53738043]},"properties":{"id":"sp_geosampa_educacao_rede_publica:equipamento_educacao_rede_publica.57212","source_id":"sp_geosampa_educacao_rede_publica","name":"LUCIANE DO ESPIRITO SANTO PROFA","name_derived":false,"category":"school","subcategory":"primary_secondary","geometry_type":"Point","address":"FRANCISCO FERNANDES FRAZAO, 22, LAJEADO, 08452-180","equipment_type":"EE","administrative_sphere":null,"included_in_metrics":true,"exclusion_reason":null,"override_reason":null,"outside_boundary":false}},{"type":"Feature","geometry":{"type":"Point","coordinates":[-46.41006347,-23.52182298]},"properties":{"id":"sp_geosampa_educacao_rede_publica:equipamento_educacao_rede_publica.57213","source_id":"sp_geosampa_educacao_rede_publica","name":"AMADOR DOS SANTOS FERNANDES PROF","name_derived":false,"category":"school","subcategory":"primary_secondary","geometry_type":"Point","address":"JOAO MENDES DE CARVALHO, 85, JARDIM ROBRU, 08150-450","equipment_type":"EE","administrative_sphere":null,"included_in_metrics":true,"exclusion_reason":null,"override_reason":null,"outside_boundary":false}},{"type":"Feature","geometry":{"type":"Point","coordinates":[-46.75975587,-23.65772257]},"properties":{"id":"sp_geosampa_educacao_rede_publica:equipamento_educacao_rede_publica.57214","source_id":"sp_geosampa_educacao_rede_publica","name":"ZENAIDE AVELINO MAIA PROFESSORA","name_derived":false,"category":"school","subcategory":"primary_secondary","geometry_type":"Point","address":"FREDERICK BANTING, 179, JARDIM GERMANIA, 05848-050","equipment_type":"EE","administrative_sphere":null,"included_in_metrics":true,"exclusion_reason":null,"override_reason":null,"outside_boundary":false}},{"type":"Feature","geometry":{"type":"Point","coordinates":[-46.75857599,-23.66694451]},"properties":{"id":"sp_geosampa_educacao_rede_publica:equipamento_educacao_rede_publica.57215","source_id":"sp_geosampa_educacao_rede_publica","name":"HEIDI ALVES LAZZARINI","name_derived":false,"category":"school","subcategory":"primary_secondary","geometry_type":"Point","address":"QUINTA DA CONRARIA, 299, PARQUE SANTO ANTONIO, 05852-480","equipment_type":"EE","administrative_sphere":null,"included_in_metrics":true,"exclusion_reason":null,"override_reason":null,"outside_boundary":false}},{"type":"Feature","geometry":{"type":"Point","coordinates":[-46.77681045,-23.68118401]},"properties":{"id":"sp_geosampa_educacao_rede_publica:equipamento_educacao_rede_publica.57216","source_id":"sp_geosampa_educacao_rede_publica","name":"MARIA DO CARMO CAMPOS FERREIRA DONA","name_derived":false,"category":"school","subcategory":"primary_secondary","geometry_type":"Point","address":"GAGLIANO NETTO, 506, JARDIM SORAIA, 05872-080","equipment_type":"EE","administrative_sphere":null,"included_in_metrics":true,"exclusion_reason":null,"override_reason":null,"outside_boundary":false}},{"type":"Feature","geometry":{"type":"Point","coordinates":[-46.43250171,-23.48998416]},"properties":{"id":"sp_geosampa_educacao_rede_publica:equipamento_educacao_rede_publica.57217","source_id":"sp_geosampa_educacao_rede_publica","name":"MARIA DE LOURDES VIEIRA","name_derived":false,"category":"school","subcategory":"primary_secondary","geometry_type":"Point","address":"PEDROSO DA SILVA, 744, PARQUE PAULISTANO, 08080-040","equipment_type":"EE","administrative_sphere":null,"included_in_metrics":true,"exclusion_reason":null,"override_reason":null,"outside_boundary":false}},{"type":"Feature","geometry":{"type":"Point","coordinates":[-46.3962459,-23.49418623]},"properties":{"id":"sp_geosampa_educacao_rede_publica:equipamento_educacao_rede_publica.57218","source_id":"sp_geosampa_educacao_rede_publica","name":"WILSON RACHID","name_derived":false,"category":"school","subcategory":"primary_secondary","geometry_type":"Point","address":"ITAIM, 0, VILA ITAIM, 08110-840","equipment_type":"EE","administrative_sphere":null,"included_in_metrics":true,"exclusion_reason":null,"override_reason":null,"outside_boundary":false}},{"type":"Feature","geometry":{"type":"Point","coordinates":[-46.70001764,-23.46062375]},"properties":{"id":"sp_geosampa_educacao_rede_publica:equipamento_educacao_rede_publica.57219","source_id":"sp_geosampa_educacao_rede_publica","name":"LUIZ SERGIO CLAUDINO DOS SANTOS DEPUTADO","name_derived":false,"category":"school","subcategory":"primary_secondary","geometry_type":"Point","address":"PEDRO ANTONIO CONCEICAO, 255, VILA JOAO BATISTA, 02837-170","equipment_type":"EE","administrative_sphere":null,"included_in_metrics":true,"exclusion_reason":null,"override_reason":null,"outside_boundary":false}},{"type":"Feature","geometry":{"type":"Point","coordinates":[-46.70734602,-23.44193585]},"properties":{"id":"sp_geosampa_educacao_rede_publica:equipamento_educacao_rede_publica.57220","source_id":"sp_geosampa_educacao_rede_publica","name":"EULICE SILVIO MENDONCA DA SILVA PROFESSORA","name_derived":false,"category":"school","subcategory":"primary_secondary","geometry_type":"Point","address":"CANTIDIO SAMPAIO DEPUTADO, 5647, VILA SOUZA, 02860-001","equipment_type":"EE","administrative_sphere":null,"included_in_metrics":true,"exclusion_reason":null,"override_reason":null,"outside_boundary":false}},{"type":"Feature","geometry":{"type":"Point","coordinates":[-46.66524677,-23.73640898]},"properties":{"id":"sp_geosampa_educacao_rede_publica:equipamento_educacao_rede_publica.57221","source_id":"sp_geosampa_educacao_rede_publica","name":"PARQUE ANHANGUERA","name_derived":false,"category":"school","subcategory":"primary_secondary","geometry_type":"Point","address":"SAO MARCOS, 79, PARQUE ANHANGUERA RESIDENCIAL SOL NASCENTE, 05283-010","equipment_type":"EE","administrative_sphere":null,"included_in_metrics":true,"exclusion_reason":null,"override_reason":null,"outside_boundary":false}},{"type":"Feature","geometry":{"type":"Point","coordinates":[-46.68058376,-23.73959024]},"properties":{"id":"sp_geosampa_educacao_rede_publica:equipamento_educacao_rede_publica.57222","source_id":"sp_geosampa_educacao_rede_publica","name":"EVANDRO CAVALCANTI LINS E SILVA","name_derived":false,"category":"school","subcategory":"primary_secondary","geometry_type":"Point","address":"CARMELA TERRANOVA RAIMONDI, 47, JARDIM SANTA BARBARA, 04848-200","equipment_type":"EE","administrative_sphere":null,"included_in_metrics":true,"exclusion_reason":null,"override_reason":null,"outside_boundary":false}},{"type":"Feature","geometry":{"type":"Point","coordinates":[-46.68813095,-23.73002248]},"properties":{"id":"sp_geosampa_educacao_rede_publica:equipamento_educacao_rede_publica.57223","source_id":"sp_geosampa_educacao_rede_publica","name":"CLARICE SEIKO IKEDA CHAGAS","name_derived":false,"category":"school","subcategory":"primary_secondary","geometry_type":"Point","address":"PAULO COSTA RIBEIRO BASTOS, 1051, JARDIM GUANHEMBU, 04814-720","equipment_type":"EE","administrative_sphere":null,"included_in_metrics":true,"exclusion_reason":null,"override_reason":null,"outside_boundary":false}},{"type":"Feature","geometry":{"type":"Point","coordinates":[-46.38027029,-23.50902831]},"properties":{"id":"sp_geosampa_educacao_rede_publica:equipamento_educacao_rede_publica.57225","source_id":"sp_geosampa_educacao_rede_publica","name":"CELIA RIBEIRO LANDIM PROFA","name_derived":false,"category":"school","subcategory":"primary_secondary","geometry_type":"Point","address":"LOURENCO FRANCO DO PRADO, 10, JARDIM NELIA, 08142-230","equipment_type":"EE","administrative_sphere":null,"included_in_metrics":true,"exclusion_reason":null,"override_reason":null,"outside_boundary":false}},{"type":"Feature","geometry":{"type":"Point","coordinates":[-46.77563915,-23.6407351]},"properties":{"id":"sp_geosampa_educacao_rede_publica:equipamento_educacao_rede_publica.57226","source_id":"sp_geosampa_educacao_rede_publica","name":"NAIR HIROKO KONNO HASHIMOTO PROFESSORA","name_derived":false,"category":"school","subcategory":"primary_secondary","geometry_type":"Point","address":"JANUARIO DA CUNHA BARBOSA, 221, JARDIM ELIZABETH, 05793-280","equipment_type":"EE","administrative_sphere":null,"included_in_metrics":true,"exclusion_reason":null,"override_reason":null,"outside_boundary":false}},{"type":"Feature","geometry":{"type":"Point","coordinates":[-46.44420608,-23.63425261]},"properties":{"id":"sp_geosampa_educacao_rede_publica:equipamento_educacao_rede_publica.57227","source_id":"sp_geosampa_educacao_rede_publica","name":"MARCOS ANTONIO COSTA PROFESSOR","name_derived":false,"category":"school","subcategory":"primary_secondary","geometry_type":"Point","address":"GODOI BUENO, 19, JARDIM SANTO ANDRE, 08390-400","equipment_type":"EE","administrative_sphere":null,"included_in_metrics":true,"exclusion_reason":null,"override_reason":null,"outside_boundary":false}},{"type":"Feature","geometry":{"type":"Point","coordinates":[-46.39885358,-23.50945821]},"properties":{"id":"sp_geosampa_educacao_rede_publica:equipamento_educacao_rede_publica.57228","source_id":"sp_geosampa_educacao_rede_publica","name":"REPUBLICA DO SURINAME","name_derived":false,"category":"school","subcategory":"primary_secondary","geometry_type":"Point","address":"ANTONIO JOAO DE MEDEIROS, 810, ITAIM PAULISTA, 08140-060","equipment_type":"EE","administrative_sphere":null,"included_in_metrics":true,"exclusion_reason":null,"override_reason":null,"outside_boundary":false}},{"type":"Feature","geometry":{"type":"Point","coordinates":[-46.41485217,-23.51656513]},"properties":{"id":"sp_geosampa_educacao_rede_publica:equipamento_educacao_rede_publica.57229","source_id":"sp_geosampa_educacao_rede_publica","name":"CLEISE MARISA SIQUEIRA PROFA","name_derived":false,"category":"school","subcategory":"primary_secondary","geometry_type":"Point","address":"PEDRO RODRIGUES, 99, PARQUE SANTA RITA, 08150-110","equipment_type":"EE","administrative_sphere":null,"included_in_metrics":true,"exclusion_reason":null,"override_reason":null,"outside_boundary":false}},{"type":"Feature","geometry":{"type":"Point","coordinates":[-46.69474145,-23.7705999]},"properties":{"id":"sp_geosampa_educacao_rede_publica:equipamento_educacao_rede_publica.57230","source_id":"sp_geosampa_educacao_rede_publica","name":"DIRETORA ELOELY NERY NAMBU","name_derived":false,"category":"school","subcategory":"primary_secondary","geometry_type":"Point","address":"CARLOS ALBERT0 BASTOS MACHADO, 340, JARDIM MYRNA, 04856-080","equipment_type":"EE","administrative_sphere":null,"included_in_metrics":true,"exclusion_reason":null,"override_reason":null,"outside_boundary":false}},{"type":"Feature","geometry":{"type":"Point","coordinates":[-46.69853269,-23.74994742]},"properties":{"id":"sp_geosampa_educacao_rede_publica:equipamento_educacao_rede_publica.57231","source_id":"sp_geosampa_educacao_rede_publica","name":"NEIVA DE LOURDES ANDRADE PROFESSORA","name_derived":false,"category":"school","subcategory":"primary_secondary","geometry_type":"Point","address":"GIUSEPPE TARTINI, 818, JARDIM SAO BERNARDO, 04844-300","equipment_type":"EE","administrative_sphere":null,"included_in_metrics":true,"exclusion_reason":null,"override_reason":null,"outside_boundary":false}},{"type":"Feature","geometry":{"type":"Point","coordinates":[-46.49606126,-23.56664896]},"properties":{"id":"sp_geosampa_educacao_rede_publica:equipamento_educacao_rede_publica.57232","source_id":"sp_geosampa_educacao_rede_publica","name":"IVO BANDONI PROF","name_derived":false,"category":"school","subcategory":"primary_secondary","geometry_type":"Point","address":"BOM JESUS DO MONTE, 741, JARDIM MARILIA, 03579-000","equipment_type":"EE","administrative_sphere":null,"included_in_metrics":true,"exclusion_reason":null,"override_reason":null,"outside_boundary":false}},{"type":"Feature","geometry":{"type":"Point","coordinates":[-46.49947812,-23.49297659]},"properties":{"id":"sp_geosampa_educacao_rede_publica:equipamento_educacao_rede_publica.57233","source_id":"sp_geosampa_educacao_rede_publica","name":"REPUBLICA DO HAITI","name_derived":false,"category":"school","subcategory":"primary_secondary","geometry_type":"Point","address":"NOVO ORIENTE DO PIAUI, 38, VILA SILVIA, 03820-310","equipment_type":"EE","administrative_sphere":null,"included_in_metrics":true,"exclusion_reason":null,"override_reason":null,"outside_boundary":false}},{"type":"Feature","geometry":{"type":"Point","coordinates":[-46.47012288,-23.48183345]},"properties":{"id":"sp_geosampa_educacao_rede_publica:equipamento_educacao_rede_publica.57234","source_id":"sp_geosampa_educacao_rede_publica","name":"PARQUE ECOLOGICO","name_derived":false,"category":"school","subcategory":"primary_secondary","geometry_type":"Point","address":"JAPICHAUA, 300, JARDIM MATARAZZO, 03813-310","equipment_type":"EE","administrative_sphere":null,"included_in_metrics":true,"exclusion_reason":null,"override_reason":null,"outside_boundary":false}},{"type":"Feature","geometry":{"type":"Point","coordinates":[-46.75498129,-23.56890633]},"properties":{"id":"sp_geosampa_educacao_rede_publica:equipamento_educacao_rede_publica.57235","source_id":"sp_geosampa_educacao_rede_publica","name":"SOLON BORGES DOS REIS","name_derived":false,"category":"school","subcategory":"primary_secondary","geometry_type":"Point","address":"JOSE JOAQUIM SEABRA, 1187 A, JARDIM IVANA, 05364-000","equipment_type":"EE","administrative_sphere":null,"included_in_metrics":true,"exclusion_reason":null,"override_reason":null,"outside_boundary":false}},{"type":"Feature","geometry":{"type":"Point","coordinates":[-46.49766949,-23.48476533]},"properties":{"id":"sp_geosampa_educacao_rede_publica:equipamento_educacao_rede_publica.57236","source_id":"sp_geosampa_educacao_rede_publica","name":"ANNETTE MARLENE FERNANDES DE MELLO IRMA","name_derived":false,"category":"school","subcategory":"primary_secondary","geometry_type":"Point","address":"ARLINDO BETTIO, 45B, VILA GUARACIABA, 03828-000","equipment_type":"EE","administrative_sphere":null,"included_in_metrics":true,"exclusion_reason":null,"override_reason":null,"outside_boundary":false}},{"type":"Feature","geometry":{"type":"Point","coordinates":[-46.79190065,-23.43617216]},"properties":{"id":"sp_geosampa_educacao_rede_publica:equipamento_educacao_rede_publica.57237","source_id":"sp_geosampa_educacao_rede_publica","name":"JARDIM CANAA","name_derived":false,"category":"school","subcategory":"primary_secondary","geometry_type":"Point","address":"CORONEL JOSE GLADIADOR, 79, JARDIM CANAA, 05267-000","equipment_type":"EE","administrative_sphere":null,"included_in_metrics":true,"exclusion_reason":null,"override_reason":null,"outside_boundary":false}},{"type":"Feature","geometry":{"type":"Point","coordinates":[-46.78169838,-23.71559915]},"properties":{"id":"sp_geosampa_educacao_rede_publica:equipamento_educacao_rede_publica.57238","source_id":"sp_geosampa_educacao_rede_publica","name":"APARECIDA DE LOURDES MORAIS ARAUJO PROFESSORA","name_derived":false,"category":"school","subcategory":"primary_secondary","geometry_type":"Point","address":"FORTE DO SANTO ANTONIO, 64, JARDIM RIO DOURO, 04945-230","equipment_type":"EE","administrative_sphere":null,"included_in_metrics":true,"exclusion_reason":null,"override_reason":null,"outside_boundary":false}},{"type":"Feature","geometry":{"type":"Point","coordinates":[-46.48531343,-23.61747519]},"properties":{"id":"sp_geosampa_educacao_rede_publica:equipamento_educacao_rede_publica.57239","source_id":"sp_geosampa_educacao_rede_publica","name":"JOAQUIN SUAREZ","name_derived":false,"category":"school","subcategory":"primary_secondary","geometry_type":"Point","address":"DOMINGOS ALALEONE, 47, FAZENDA DA JUTA, 03977-397","equipment_type":"EE","administrative_sphere":null,"included_in_metrics":true,"exclusion_reason":null,"override_reason":null,"outside_boundary":false}},{"type":"Feature","geometry":{"type":"Point","coordinates":[-46.37903516,-23.50763501]},"properties":{"id":"sp_geosampa_educacao_rede_publica:equipamento_educacao_rede_publica.57240","source_id":"sp_geosampa_educacao_rede_publica","name":"THOMAZ RODRIGUES ALCKMIN","name_derived":false,"category":"school","subcategory":"primary_secondary","geometry_type":"Point","address":"VALSA DOS CASAIS, 101, ITAIM PAULISTA, 08121-800","equipment_type":"EE","administrative_sphere":null,"included_in_metrics":true,"exclusion_reason":null,"override_reason":null,"outside_boundary":false}},{"type":"Feature","geometry":{"type":"Point","coordinates":[-46.48788222,-23.61237037]},"properties":{"id":"sp_geosampa_educacao_rede_publica:equipamento_educacao_rede_publica.57241","source_id":"sp_geosampa_educacao_rede_publica","name":"REPUBLICA DA NICARAGUA","name_derived":false,"category":"school","subcategory":"primary_secondary","geometry_type":"Point","address":"AUGUSTIN LUBERTI, 01, FAZENDA DA JUTA, 03977-409","equipment_type":"EE","administrative_sphere":null,"included_in_metrics":true,"exclusion_reason":null,"override_reason":null,"outside_boundary":false}},{"type":"Feature","geometry":{"type":"Point","coordinates":[-46.7704206,-23.72072743]},"properties":{"id":"sp_geosampa_educacao_rede_publica:equipamento_educacao_rede_publica.57242","source_id":"sp_geosampa_educacao_rede_publica","name":"JARDIM ARACATI II","name_derived":false,"category":"school","subcategory":"primary_secondary","geometry_type":"Point","address":"MARCELINO LEITAO DE OLIVEIRA, 170, JARDIM ARACATI, 04949-110","equipment_type":"EE","administrative_sphere":null,"included_in_metrics":true,"exclusion_reason":null,"override_reason":null,"outside_boundary":false}},{"type":"Feature","geometry":{"type":"Point","coordinates":[-46.79255516,-23.6634595]},"properties":{"id":"sp_geosampa_educacao_rede_publica:equipamento_educacao_rede_publica.57243","source_id":"sp_geosampa_educacao_rede_publica","name":"JARDIM IRENE III","name_derived":false,"category":"school","subcategory":"primary_secondary","geometry_type":"Point","address":"ANTONIO JOSE BENTES, 627, JARDIM IRAPIRANGA, 05891-160","equipment_type":"EE","administrative_sphere":null,"included_in_metrics":true,"exclusion_reason":null,"override_reason":null,"outside_boundary":false}},{"type":"Feature","geometry":{"type":"Point","coordinates":[-46.73765446,-23.66079144]},"properties":{"id":"sp_geosampa_educacao_rede_publica:equipamento_educacao_rede_publica.57244","source_id":"sp_geosampa_educacao_rede_publica","name":"SOLANGE APPARECIDA LANDEIRO AGUIAR PROFESSORA","name_derived":false,"category":"school","subcategory":"primary_secondary","geometry_type":"Point","address":"PIETRO CASELLA, SN, JARDIM SAO JOAO, 05815-055","equipment_type":"EE","administrative_sphere":null,"included_in_metrics":true,"exclusion_reason":null,"override_reason":null,"outside_boundary":false}},{"type":"Feature","geometry":{"type":"Point","coordinates":[-46.78508688,-23.70067016]},"properties":{"id":"sp_geosampa_educacao_rede_publica:equipamento_educacao_rede_publica.57245","source_id":"sp_geosampa_educacao_rede_publica","name":"JOAO CARLOS MARTINS MAESTRO","name_derived":false,"category":"school","subcategory":"primary_secondary","geometry_type":"Point","address":"DOUTOR RENATO LOCCHI, 36, PARQUE NOVO SANTO AMARO, 05874-080","equipment_type":"EE","administrative_sphere":null,"included_in_metrics":true,"exclusion_reason":null,"override_reason":null,"outside_boundary":false}},{"type":"Feature","geometry":{"type":"Point","coordinates":[-46.74012585,-23.40919351]},"properties":{"id":"sp_geosampa_educacao_rede_publica:equipamento_educacao_rede_publica.57246","source_id":"sp_geosampa_educacao_rede_publica","name":"REGIANE DO CARMO MONTEIRO PROFESSORA","name_derived":false,"category":"school","subcategory":"primary_secondary","geometry_type":"Point","address":"TARCON, 313, JARDIM ADELFIORE, 05223-070","equipment_type":"EE","administrative_sphere":null,"included_in_metrics":true,"exclusion_reason":null,"override_reason":null,"outside_boundary":false}},{"type":"Feature","geometry":{"type":"Point","coordinates":[-46.70976161,-23.44939077]},"properties":{"id":"sp_geosampa_educacao_rede_publica:equipamento_educacao_rede_publica.57247","source_id":"sp_geosampa_educacao_rede_publica","name":"ANILZA PIOLI PROFESSORA","name_derived":false,"category":"school","subcategory":"primary_secondary","geometry_type":"Point","address":"VALE DO SOL, 701, VILA BRASILANDIA, 02820-070","equipment_type":"EE","administrative_sphere":null,"included_in_metrics":true,"exclusion_reason":null,"override_reason":null,"outside_boundary":false}},{"type":"Feature","geometry":{"type":"Point","coordinates":[-46.71667847,-23.44479921]},"properties":{"id":"sp_geosampa_educacao_rede_publica:equipamento_educacao_rede_publica.57248","source_id":"sp_geosampa_educacao_rede_publica","name":"ELISIO TEIXEIRA LEITE III","name_derived":false,"category":"school","subcategory":"primary_secondary","geometry_type":"Point","address":"ELISIO TEIXEIRA LEITE, 6700A, SITIO MORRO GRANDE, 02810-000","equipment_type":"EE","administrative_sphere":null,"included_in_metrics":true,"exclusion_reason":null,"override_reason":null,"outside_boundary":false}},{"type":"Feature","geometry":{"type":"Point","coordinates":[-46.6794406,-23.46371672]},"properties":{"id":"sp_geosampa_educacao_rede_publica:equipamento_educacao_rede_publica.57249","source_id":"sp_geosampa_educacao_rede_publica","name":"LUIZA SALETTE JUNCA DE ALMEIDA PROFESSORA","name_derived":false,"category":"school","subcategory":"primary_secondary","geometry_type":"Point","address":"DEPUTADO CANTIDIO SAMPAIO, 1701, VILA SOUZA, 02860-001","equipment_type":"EE","administrative_sphere":null,"included_in_metrics":true,"exclusion_reason":null,"override_reason":null,"outside_boundary":false}},{"type":"Feature","geometry":{"type":"Point","coordinates":[-46.73263292,-23.44394079]},"properties":{"id":"sp_geosampa_educacao_rede_publica:equipamento_educacao_rede_publica.57250","source_id":"sp_geosampa_educacao_rede_publica","name":"REPUBLICA ARGENTINA","name_derived":false,"category":"school","subcategory":"primary_secondary","geometry_type":"Point","address":"PHILONILIA GONCALVES DOS SANTOS, SN, PARQUE NACOES UNIDAS, 02996-165","equipment_type":"EE","administrative_sphere":null,"included_in_metrics":true,"exclusion_reason":null,"override_reason":null,"outside_boundary":false}},{"type":"Feature","geometry":{"type":"Point","coordinates":[-46.67927959,-23.78172345]},"properties":{"id":"sp_geosampa_educacao_rede_publica:equipamento_educacao_rede_publica.57251","source_id":"sp_geosampa_educacao_rede_publica","name":"SERGIO MURILLO RADUAN PROFESSOR","name_derived":false,"category":"school","subcategory":"primary_secondary","geometry_type":"Point","address":"JOAO HONORIO CAIXETA, 182, JARDIM VARGINHA, 04857-190","equipment_type":"EE","administrative_sphere":null,"included_in_metrics":true,"exclusion_reason":null,"override_reason":null,"outside_boundary":false}},{"type":"Feature","geometry":{"type":"Point","coordinates":[-46.39923027,-23.5067464]},"properties":{"id":"sp_geosampa_educacao_rede_publica:equipamento_educacao_rede_publica.57252","source_id":"sp_geosampa_educacao_rede_publica","name":"AYRTON SENNA DA SILVA","name_derived":false,"category":"school","subcategory":"primary_secondary","geometry_type":"Point","address":"IPE ROXO, 112, VARGEM GRANDE, 04896-260","equipment_type":"EE","administrative_sphere":null,"included_in_metrics":true,"exclusion_reason":null,"override_reason":null,"outside_boundary":false}},{"type":"Feature","geometry":{"type":"Point","coordinates":[-46.6634233,-23.73440766]},"properties":{"id":"sp_geosampa_educacao_rede_publica:equipamento_educacao_rede_publica.57253","source_id":"sp_geosampa_educacao_rede_publica","name":"ANTONIO CANDIDO DE MELLO E SOUZA","name_derived":false,"category":"school","subcategory":"primary_secondary","geometry_type":"Point","address":"PAULO SAO, SN, CHACARA GAIVOTAS, 04849-308","equipment_type":"EE","administrative_sphere":null,"included_in_metrics":true,"exclusion_reason":null,"override_reason":null,"outside_boundary":false}},{"type":"Feature","geometry":{"type":"Point","coordinates":[-46.38914529,-23.52065904]},"properties":{"id":"sp_geosampa_educacao_rede_publica:equipamento_educacao_rede_publica.57254","source_id":"sp_geosampa_educacao_rede_publica","name":"JOAO DORIA DEPUTADO","name_derived":false,"category":"school","subcategory":"primary_secondary","geometry_type":"Point","address":"JOSE ALVES IRMAO, 30, ITAIM PAULISTA, 08140-000","equipment_type":"EE","administrative_sphere":null,"included_in_metrics":true,"exclusion_reason":null,"override_reason":null,"outside_boundary":false}},{"type":"Feature","geometry":{"type":"Point","coordinates":[-46.65046946,-23.86729869]},"properties":{"id":"sp_geosampa_educacao_rede_publica:equipamento_educacao_rede_publica.57255","source_id":"sp_geosampa_educacao_rede_publica","name":"INDIGENA GUARANI GWYRA PEPO","name_derived":false,"category":"school","subcategory":"primary_secondary","geometry_type":"Point","address":"JOAO LANG, 153, CIPO DO MEIO, 04895-070","equipment_type":"EE","administrative_sphere":null,"included_in_metrics":true,"exclusion_reason":null,"override_reason":null,"outside_boundary":false}},{"type":"Feature","geometry":{"type":"Point","coordinates":[-46.7070192,-23.85904037]},"properties":{"id":"sp_geosampa_educacao_rede_publica:equipamento_educacao_rede_publica.57256","source_id":"sp_geosampa_educacao_rede_publica","name":"CONDOMINIO VARGEM GRANDE II","name_derived":false,"category":"school","subcategory":"primary_secondary","geometry_type":"Point","address":"IPEROXO, 120, COLONIA ZONA SUL, 04896-360","equipment_type":"EE","administrative_sphere":null,"included_in_metrics":true,"exclusion_reason":null,"override_reason":null,"outside_boundary":false}},{"type":"Feature","geometry":{"type":"Point","coordinates":[-46.66330399,-23.7340461]},"properties":{"id":"sp_geosampa_educacao_rede_publica:equipamento_educacao_rede_publica.57257","source_id":"sp_geosampa_educacao_rede_publica","name":"LOTEAMENTO DAS GAIVOTAS II","name_derived":false,"category":"school","subcategory":"primary_secondary","geometry_type":"Point","address":"PAULO SAO, SN, CHACARA GAIVOTAS, 04849-308","equipment_type":"EE","administrative_sphere":null,"included_in_metrics":true,"exclusion_reason":null,"override_reason":null,"outside_boundary":false}},{"type":"Feature","geometry":{"type":"Point","coordinates":[-46.66332883,-23.73398719]},"properties":{"id":"sp_geosampa_educacao_rede_publica:equipamento_educacao_rede_publica.57258","source_id":"sp_geosampa_educacao_rede_publica","name":"BENEDITO CELIO DE SIQUEIRA","name_derived":false,"category":"school","subcategory":"primary_secondary","geometry_type":"Point","address":"PAULO SAO, SN, CHACARA GAIVOTAS, 04849-308","equipment_type":"EE","administrative_sphere":null,"included_in_metrics":true,"exclusion_reason":null,"override_reason":null,"outside_boundary":false}},{"type":"Feature","geometry":{"type":"Point","coordinates":[-46.58039577,-23.43566166]},"properties":{"id":"sp_geosampa_educacao_rede_publica:equipamento_educacao_rede_publica.57259","source_id":"sp_geosampa_educacao_rede_publica","name":"SERGIO DA COSTA PROF","name_derived":false,"category":"school","subcategory":"primary_secondary","geometry_type":"Point","address":"BARTOLOME MITRE PRESIDENTE, 298, ASSOCIACAO SOBRADINHO, 02361-040","equipment_type":"EE","administrative_sphere":null,"included_in_metrics":true,"exclusion_reason":null,"override_reason":null,"outside_boundary":false}},{"type":"Feature","geometry":{"type":"Point","coordinates":[-46.38770361,-23.51095522]},"properties":{"id":"sp_geosampa_educacao_rede_publica:equipamento_educacao_rede_publica.57260","source_id":"sp_geosampa_educacao_rede_publica","name":"UMBERTO LUIZ D URSO DR","name_derived":false,"category":"school","subcategory":"primary_secondary","geometry_type":"Point","address":"MAGNOLIA AZUL, 80, JARDIM CAMARGO NOVO, 08141-640","equipment_type":"EE","administrative_sphere":null,"included_in_metrics":true,"exclusion_reason":null,"override_reason":null,"outside_boundary":false}},{"type":"Feature","geometry":{"type":"Point","coordinates":[-46.42024623,-23.51754762]},"properties":{"id":"sp_geosampa_educacao_rede_publica:equipamento_educacao_rede_publica.57261","source_id":"sp_geosampa_educacao_rede_publica","name":"JOSE CELESTINO BOURROUL","name_derived":false,"category":"school","subcategory":"primary_secondary","geometry_type":"Point","address":"GAIVAO, 177, VILA NOVA CURUCA, 08031-180","equipment_type":"EE","administrative_sphere":null,"included_in_metrics":true,"exclusion_reason":null,"override_reason":null,"outside_boundary":false}},{"type":"Feature","geometry":{"type":"Point","coordinates":[-46.42221201,-23.56735411]},"properties":{"id":"sp_geosampa_educacao_rede_publica:equipamento_educacao_rede_publica.57262","source_id":"sp_geosampa_educacao_rede_publica","name":"ESTHER DE FIGUEIREDO FERRAZ","name_derived":false,"category":"school","subcategory":"primary_secondary","geometry_type":"Point","address":"PAULO GRACINDO, 267, CONJUNTO HABITACIONAL FAZENDA DO CARMO, 08421-520","equipment_type":"EE","administrative_sphere":null,"included_in_metrics":true,"exclusion_reason":null,"override_reason":null,"outside_boundary":false}},{"type":"Feature","geometry":{"type":"Point","coordinates":[-46.78613383,-23.67718505]},"properties":{"id":"sp_geosampa_educacao_rede_publica:equipamento_educacao_rede_publica.57263","source_id":"sp_geosampa_educacao_rede_publica","name":"JARDIM SAO BENTO III","name_derived":false,"category":"school","subcategory":"primary_secondary","geometry_type":"Point","address":"ALGARD, SN, CONJUNTO HABITACIONAL JARDIM SAO BENTO, 05885-680","equipment_type":"EE","administrative_sphere":null,"included_in_metrics":true,"exclusion_reason":null,"override_reason":null,"outside_boundary":false}},{"type":"Feature","geometry":{"type":"Point","coordinates":[-46.47091621,-23.52473989]},"properties":{"id":"sp_geosampa_educacao_rede_publica:equipamento_educacao_rede_publica.57264","source_id":"sp_geosampa_educacao_rede_publica","name":"DOM PAULO EVARISTO ARNS","name_derived":false,"category":"school","subcategory":"primary_secondary","geometry_type":"Point","address":"CORACAO SELVAGEM, SN, CONJUNTO HABITACIONAL AGUIA DE HAIA, 08223-390","equipment_type":"EE","administrative_sphere":null,"included_in_metrics":true,"exclusion_reason":null,"override_reason":null,"outside_boundary":false}},{"type":"Feature","geometry":{"type":"Point","coordinates":[-46.69301884,-23.76596742]},"properties":{"id":"sp_geosampa_educacao_rede_publica:equipamento_educacao_rede_publica.57265","source_id":"sp_geosampa_educacao_rede_publica","name":"OTONIEL ASSIS DE HOLANDA","name_derived":false,"category":"school","subcategory":"primary_secondary","geometry_type":"Point","address":"ACACIA MIMOSA, 71, CHACARA COCAIA, 04854-015","equipment_type":"EE","administrative_sphere":null,"included_in_metrics":true,"exclusion_reason":null,"override_reason":null,"outside_boundary":false}},{"type":"Feature","geometry":{"type":"Point","coordinates":[-46.67369071,-23.75288901]},"properties":{"id":"sp_geosampa_educacao_rede_publica:equipamento_educacao_rede_publica.57266","source_id":"sp_geosampa_educacao_rede_publica","name":"JOSE BENTO RENATO MONTEIRO LOBATO","name_derived":false,"category":"school","subcategory":"primary_secondary","geometry_type":"Point","address":"PADRE HANS KLEIN, 92, JARDIM MONTE VERDE, 04851-000","equipment_type":"EE","administrative_sphere":null,"included_in_metrics":true,"exclusion_reason":null,"override_reason":null,"outside_boundary":false}},{"type":"Feature","geometry":{"type":"Point","coordinates":[-46.66453895,-23.75320288]},"properties":{"id":"sp_geosampa_educacao_rede_publica:equipamento_educacao_rede_publica.57267","source_id":"sp_geosampa_educacao_rede_publica","name":"MARIAZINHA CONGILIO","name_derived":false,"category":"school","subcategory":"primary_secondary","geometry_type":"Point","address":"QUATRO, 0, JARDIM MONTE VERDE, 04851-506","equipment_type":"EE","administrative_sphere":null,"included_in_metrics":true,"exclusion_reason":null,"override_reason":null,"outside_boundary":false}},{"type":"Feature","geometry":{"type":"Point","coordinates":[-46.68378801,-23.77389665]},"properties":{"id":"sp_geosampa_educacao_rede_publica:equipamento_educacao_rede_publica.57268","source_id":"sp_geosampa_educacao_rede_publica","name":"ADA PELLEGRINI GRINOVER","name_derived":false,"category":"school","subcategory":"primary_secondary","geometry_type":"Point","address":"JOSE DIOGO ABADIANO, 195 A, JARDIM MORAIS PRADO, 04855-440","equipment_type":"EE","administrative_sphere":null,"included_in_metrics":true,"exclusion_reason":null,"override_reason":null,"outside_boundary":false}},{"type":"Feature","geometry":{"type":"Point","coordinates":[-46.68378801,-23.77389665]},"properties":{"id":"sp_geosampa_educacao_rede_publica:equipamento_educacao_rede_publica.57269","source_id":"sp_geosampa_educacao_rede_publica","name":"CLAUDIRENE APARECIDA JOSE DA SILVA","name_derived":false,"category":"school","subcategory":"primary_secondary","geometry_type":"Point","address":"JOSE DIOGO ABADIANO, 195 B, JARDIM MORAIS PRADO, 04855-440","equipment_type":"EE","administrative_sphere":null,"included_in_metrics":true,"exclusion_reason":null,"override_reason":null,"outside_boundary":false}},{"type":"Feature","geometry":{"type":"Point","coordinates":[-46.67927959,-23.78172345]},"properties":{"id":"sp_geosampa_educacao_rede_publica:equipamento_educacao_rede_publica.57270","source_id":"sp_geosampa_educacao_rede_publica","name":"VICENTINA APARECIDA TAMBORINO PROFESSORA","name_derived":false,"category":"school","subcategory":"primary_secondary","geometry_type":"Point","address":"JOAO ONORIO CAIXETA, 176, JARDIM VARGINHA, 04857-190","equipment_type":"EE","administrative_sphere":null,"included_in_metrics":true,"exclusion_reason":null,"override_reason":null,"outside_boundary":false}},{"type":"Feature","geometry":{"type":"Point","coordinates":[-46.70389916,-23.76561461]},"properties":{"id":"sp_geosampa_educacao_rede_publica:equipamento_educacao_rede_publica.57271","source_id":"sp_geosampa_educacao_rede_publica","name":"JOSE XAVIER CORTEZ","name_derived":false,"category":"school","subcategory":"primary_secondary","geometry_type":"Point","address":"HIERAPOLIS, 248, JARDIM SANTA FE ZONA SUL, 04859-090","equipment_type":"EE","administrative_sphere":null,"included_in_metrics":true,"exclusion_reason":null,"override_reason":null,"outside_boundary":false}},{"type":"Feature","geometry":{"type":"Point","coordinates":[-46.72618371,-23.83290074]},"properties":{"id":"sp_geosampa_educacao_rede_publica:equipamento_educacao_rede_publica.57272","source_id":"sp_geosampa_educacao_rede_publica","name":"MARISTELA DALL OCA PROF","name_derived":false,"category":"school","subcategory":"primary_secondary","geometry_type":"Point","address":"AMARO DE PONTES, 854, PARELHEIROS, 04890-360","equipment_type":"EE","administrative_sphere":null,"included_in_metrics":true,"exclusion_reason":null,"override_reason":null,"outside_boundary":false}},{"type":"Feature","geometry":{"type":"Point","coordinates":[-46.37419715,-23.49090367]},"properties":{"id":"sp_geosampa_educacao_rede_publica:equipamento_educacao_rede_publica.57273","source_id":"sp_geosampa_educacao_rede_publica","name":"ANTONIO JOSE DE SUCRE","name_derived":false,"category":"school","subcategory":"primary_secondary","geometry_type":"Point","address":"VALDOMIRO GONZAGA SILVA, 809, JARDIM DAS OLIVEIRAS, 08111-540","equipment_type":"EE","administrative_sphere":null,"included_in_metrics":true,"exclusion_reason":null,"override_reason":null,"outside_boundary":false}},{"type":"Feature","geometry":{"type":"Point","coordinates":[-46.37544419,-23.51496819]},"properties":{"id":"sp_geosampa_educacao_rede_publica:equipamento_educacao_rede_publica.57274","source_id":"sp_geosampa_educacao_rede_publica","name":"REPUBLICA DA GUATEMALA","name_derived":false,"category":"school","subcategory":"primary_secondary","geometry_type":"Point","address":"MANFREDO FEST, 160, JARDIM NELIA, 08142-800","equipment_type":"EE","administrative_sphere":null,"included_in_metrics":true,"exclusion_reason":null,"override_reason":null,"outside_boundary":false}},{"type":"Feature","geometry":{"type":"Point","coordinates":[-46.74423804,-23.65109737]},"properties":{"id":"sp_geosampa_educacao_rede_publica:equipamento_educacao_rede_publica.57275","source_id":"sp_geosampa_educacao_rede_publica","name":"CLORINDA TRITTO GIANGIACOMO PROFESSORA","name_derived":false,"category":"school","subcategory":"primary_secondary","geometry_type":"Point","address":"GREGORIO ALLEGRI, SN, VILA DAS BELEZAS, 05842-070","equipment_type":"EE","administrative_sphere":null,"included_in_metrics":true,"exclusion_reason":null,"override_reason":null,"outside_boundary":false}},{"type":"Feature","geometry":{"type":"Point","coordinates":[-46.413804,-23.62257326]},"properties":{"id":"sp_geosampa_educacao_rede_publica:equipamento_educacao_rede_publica.57276","source_id":"sp_geosampa_educacao_rede_publica","name":"JARDIM LIMOEIRO III","name_derived":false,"category":"school","subcategory":"primary_secondary","geometry_type":"Point","address":"GOLFO DA CALIFORNIA, 8, 3 DIVISAO, 08382-190","equipment_type":"EE","administrative_sphere":null,"included_in_metrics":true,"exclusion_reason":null,"override_reason":null,"outside_boundary":false}},{"type":"Feature","geometry":{"type":"Point","coordinates":[-46.80360648,-23.58454424]},"properties":{"id":"sp_geosampa_educacao_rede_publica:equipamento_educacao_rede_publica.57277","source_id":"sp_geosampa_educacao_rede_publica","name":"ODAIR MARTINIANO DA SILVA MANDELA","name_derived":false,"category":"school","subcategory":"primary_secondary","geometry_type":"Point","address":"CACHOEIRA NOVA, 378, CONJUNTO PROMORAR RAPOSO TAVARES, 05574-460","equipment_type":"EE","administrative_sphere":null,"included_in_metrics":true,"exclusion_reason":null,"override_reason":null,"outside_boundary":false}},{"type":"Feature","geometry":{"type":"Point","coordinates":[-46.63848132,-23.66460395]},"properties":{"id":"sp_geosampa_educacao_rede_publica:equipamento_educacao_rede_publica.57278","source_id":"sp_geosampa_educacao_rede_publica","name":"REPUBLICA DE HONDURAS","name_derived":false,"category":"school","subcategory":"primary_secondary","geometry_type":"Point","address":"DELTA, 49, JARDIM NAIR, 08071-060","equipment_type":"EE","administrative_sphere":null,"included_in_metrics":true,"exclusion_reason":null,"override_reason":null,"outside_boundary":false}},{"type":"Feature","geometry":{"type":"Point","coordinates":[-46.45565274,-23.49113471]},"properties":{"id":"sp_geosampa_educacao_rede_publica:equipamento_educacao_rede_publica.57279","source_id":"sp_geosampa_educacao_rede_publica","name":"JOSE DE SAN MARTIN","name_derived":false,"category":"school","subcategory":"primary_secondary","geometry_type":"Point","address":"DELTA, 79, JARDIM NAIR, 08071-060","equipment_type":"EE","administrative_sphere":null,"included_in_metrics":true,"exclusion_reason":null,"override_reason":null,"outside_boundary":false}},{"type":"Feature","geometry":{"type":"Point","coordinates":[-46.73210346,-23.6211951]},"properties":{"id":"sp_geosampa_educacao_rede_publica:equipamento_educacao_rede_publica.57280","source_id":"sp_geosampa_educacao_rede_publica","name":"MARIA ZILDA GAMBA NATEL","name_derived":false,"category":"school","subcategory":"primary_secondary","geometry_type":"Point","address":"JOSE CARLOS DE TOLEDO PIZA, SN, JARDIM PARQUE MORUMBI, 05712-070","equipment_type":"EE","administrative_sphere":null,"included_in_metrics":true,"exclusion_reason":null,"override_reason":null,"outside_boundary":false}},{"type":"Feature","geometry":{"type":"Point","coordinates":[-46.74837374,-23.40085128]},"properties":{"id":"sp_geosampa_educacao_rede_publica:equipamento_educacao_rede_publica.57281","source_id":"sp_geosampa_educacao_rede_publica","name":"FLORESTAN FERNANDES","name_derived":false,"category":"school","subcategory":"primary_secondary","geometry_type":"Point","address":"PRESIDENTE VARGAS, 200, VILA CAIUBA, 05207-000","equipment_type":"EE","administrative_sphere":null,"included_in_metrics":true,"exclusion_reason":null,"override_reason":null,"outside_boundary":false}},{"type":"Feature","geometry":{"type":"Point","coordinates":[-46.77947634,-23.66351368]},"properties":{"id":"sp_geosampa_educacao_rede_publica:equipamento_educacao_rede_publica.57282","source_id":"sp_geosampa_educacao_rede_publica","name":"WALDIR RODOLPHO DE CASTRO","name_derived":false,"category":"school","subcategory":"primary_secondary","geometry_type":"Point","address":"JERIBAS, SN, JARDIM ALVORADA, 05868-820","equipment_type":"EE","administrative_sphere":null,"included_in_metrics":true,"exclusion_reason":null,"override_reason":null,"outside_boundary":false}},{"type":"Feature","geometry":{"type":"Point","coordinates":[-46.68776046,-23.52405676]},"properties":{"id":"sp_geosampa_educacao_rede_publica:equipamento_educacao_rede_publica.57283","source_id":"sp_geosampa_educacao_rede_publica","name":"RAUL CORTEZ RAUL CRISTIANO MACHADO CORTEZ","name_derived":false,"category":"school","subcategory":"primary_secondary","geometry_type":"Point","address":"FAUSTOLO, 213, AGUA BRANCA, 05041-000","equipment_type":"EE","administrative_sphere":null,"included_in_metrics":true,"exclusion_reason":null,"override_reason":null,"outside_boundary":false}},{"type":"Feature","geometry":{"type":"Point","coordinates":[-46.6794406,-23.46371672]},"properties":{"id":"sp_geosampa_educacao_rede_publica:equipamento_educacao_rede_publica.57284","source_id":"sp_geosampa_educacao_rede_publica","name":"PROFESSOR RUBEM AZEVEDO ALVES","name_derived":false,"category":"school","subcategory":"primary_secondary","geometry_type":"Point","address":"DEPUTADO CANTIDIO SAMPAIO, 1701, VILA SOUZA, 02860-001","equipment_type":"EE","administrative_sphere":null,"included_in_metrics":true,"exclusion_reason":null,"override_reason":null,"outside_boundary":false}},{"type":"Feature","geometry":{"type":"Point","coordinates":[-46.78279535,-23.74199988]},"properties":{"id":"sp_geosampa_educacao_rede_publica:equipamento_educacao_rede_publica.57286","source_id":"sp_geosampa_educacao_rede_publica","name":"DOM AGNELO CARDEAL ROSSI","name_derived":false,"category":"school","subcategory":"primary_secondary","geometry_type":"Point","address":"AMERICO TURINI, 1860, VILA DO SOL, 04962-020","equipment_type":"EE","administrative_sphere":null,"included_in_metrics":true,"exclusion_reason":null,"override_reason":null,"outside_boundary":false}},{"type":"Feature","geometry":{"type":"Point","coordinates":[-46.68268229,-23.7532082]},"properties":{"id":"sp_geosampa_educacao_rede_publica:equipamento_educacao_rede_publica.57287","source_id":"sp_geosampa_educacao_rede_publica","name":"ADELAIDE ROSA FERNANDES MACHADO DE SOUZA PROFESSORA","name_derived":false,"category":"school","subcategory":"primary_secondary","geometry_type":"Point","address":"DONA BELMIRA MARIN, 3312, PARQUE BRASIL, 04846-000","equipment_type":"EE","administrative_sphere":null,"included_in_metrics":true,"exclusion_reason":null,"override_reason":null,"outside_boundary":false}},{"type":"Feature","geometry":{"type":"Point","coordinates":[-46.39293059,-23.58341425]},"properties":{"id":"sp_geosampa_educacao_rede_publica:equipamento_educacao_rede_publica.57288","source_id":"sp_geosampa_educacao_rede_publica","name":"BARRO BRANCO II","name_derived":false,"category":"school","subcategory":"primary_secondary","geometry_type":"Point","address":"EDUARDO REUTER, 415B, BARRO BRANCO, 08473-533","equipment_type":"EE","administrative_sphere":null,"included_in_metrics":true,"exclusion_reason":null,"override_reason":null,"outside_boundary":false}},{"type":"Feature","geometry":{"type":"Point","coordinates":[-46.73499372,-23.44598466]},"properties":{"id":"sp_geosampa_educacao_rede_publica:equipamento_educacao_rede_publica.57289","source_id":"sp_geosampa_educacao_rede_publica","name":"PROFESSORA ELIANA PASSUELO","name_derived":false,"category":"school","subcategory":"primary_secondary","geometry_type":"Point","address":"DAS TAIPAS, 1370, JARDIM RINCAO, 02991-000","equipment_type":"EE","administrative_sphere":null,"included_in_metrics":true,"exclusion_reason":null,"override_reason":null,"outside_boundary":false}}]}
