{"type":"FeatureCollection","features":[{"type":"Feature","geometry":{"type":"Point","coordinates":[-46.58018,-23.55364002]},"properties":{"id":"sp_geosampa_saude_ubs:equipamento_saude_ubs_posto_centro.120031","source_id":"sp_geosampa_saude_ubs","name":"AMA/UBS ÁGUA RASA - DR. MARCOS ANDRADE CORSATO","name_derived":false,"category":"health_ubs","subcategory":null,"geometry_type":"Point","address":"R. SERRA DE JAIRE, 1480, ÁGUA RASA, 03175-001","equipment_type":"Unidade Básica de Saúde","administrative_sphere":"Municipal","included_in_metrics":true,"exclusion_reason":null,"override_reason":null,"outside_boundary":false}},{"type":"Feature","geometry":{"type":"Point","coordinates":[-46.469253,-23.52204901]},"properties":{"id":"sp_geosampa_saude_ubs:equipamento_saude_ubs_posto_centro.120032","source_id":"sp_geosampa_saude_ubs","name":"AMA/UBS AGUIA DE HAIA","name_derived":false,"category":"health_ubs","subcategory":null,"geometry_type":"Point","address":"R. TANTAS PALAVRAS, 59, COHAB ÁGUIA DE HAIA, 08223-510","equipment_type":"Unidade Básica de Saúde","administrative_sphere":"Municipal","included_in_metrics":true,"exclusion_reason":null,"override_reason":null,"outside_boundary":false}},{"type":"Feature","geometry":{"type":"Point","coordinates":[-46.644203,-23.66497401]},"properties":{"id":"sp_geosampa_saude_ubs:equipamento_saude_ubs_posto_centro.120033","source_id":"sp_geosampa_saude_ubs","name":"AMA/UBS AMERICANOPOLIS","name_derived":false,"category":"health_ubs","subcategory":null,"geometry_type":"Point","address":"R. CIDADE DE SANTOS, 46, AMERICANÓPOLIS, 04336-050","equipment_type":"Unidade Básica de Saúde","administrative_sphere":"Municipal","included_in_metrics":true,"exclusion_reason":null,"override_reason":null,"outside_boundary":false}},{"type":"Feature","geometry":{"type":"Point","coordinates":[-46.759182,-23.48909902]},"properties":{"id":"sp_geosampa_saude_ubs:equipamento_saude_ubs_posto_centro.120034","source_id":"sp_geosampa_saude_ubs","name":"AMA/UBS ANHANGUERA","name_derived":false,"category":"health_ubs","subcategory":null,"geometry_type":"Point","address":"R. MARCELA ALVES DE CASSIA, 175, JARDIM JARAGUÁ, 05158-400","equipment_type":"Unidade Básica de Saúde","administrative_sphere":"Municipal","included_in_metrics":true,"exclusion_reason":null,"override_reason":null,"outside_boundary":false}},{"type":"Feature","geometry":{"type":"Point","coordinates":[-46.520952,-23.50546702]},"properties":{"id":"sp_geosampa_saude_ubs:equipamento_saude_ubs_posto_centro.120035","source_id":"sp_geosampa_saude_ubs","name":"AMA/UBS CANGAÍBA - DR. CARLOS GENTILE DE MELLO","name_derived":false,"category":"health_ubs","subcategory":null,"geometry_type":"Point","address":"AV. CANGAIBA, 3722, CANGAÍBA, 03712-000","equipment_type":"Unidade Básica de Saúde","administrative_sphere":"Municipal","included_in_metrics":true,"exclusion_reason":null,"override_reason":null,"outside_boundary":false}},{"type":"Feature","geometry":{"type":"Point","coordinates":[-46.53111,-23.51371201]},"properties":{"id":"sp_geosampa_saude_ubs:equipamento_saude_ubs_posto_centro.120036","source_id":"sp_geosampa_saude_ubs","name":"AMA/UBS CHACARA CRUZEIRO DO SUL - ZELIA L M DORO","name_derived":false,"category":"health_ubs","subcategory":null,"geometry_type":"Point","address":"R. MERCEDES LOPES, 986, VILA SANTANA, 03614-000","equipment_type":"Unidade Básica de Saúde","administrative_sphere":"Municipal","included_in_metrics":true,"exclusion_reason":null,"override_reason":null,"outside_boundary":false}},{"type":"Feature","geometry":{"type":"Point","coordinates":[-46.637902,-23.65227402]},"properties":{"id":"sp_geosampa_saude_ubs:equipamento_saude_ubs_posto_centro.120037","source_id":"sp_geosampa_saude_ubs","name":"AMA/UBS DR. GERALDO DA SILVA FERREIRA","name_derived":false,"category":"health_ubs","subcategory":null,"geometry_type":"Point","address":"AV. ENG ARMANDO DE ARRUDA PEREIRA, 2944, VILA DO ENCONTRO, 04308-001","equipment_type":"Unidade Básica de Saúde","administrative_sphere":"Municipal","included_in_metrics":true,"exclusion_reason":null,"override_reason":null,"outside_boundary":false}},{"type":"Feature","geometry":{"type":"Point","coordinates":[-46.714341,-23.44630502]},"properties":{"id":"sp_geosampa_saude_ubs:equipamento_saude_ubs_posto_centro.120038","source_id":"sp_geosampa_saude_ubs","name":"AMA/UBS ELISIO TEIXEIRA LEITE","name_derived":false,"category":"health_ubs","subcategory":null,"geometry_type":"Point","address":"R. JOÃO AMADO COUTINHO, 400, JARAGUÁ, 02815-000","equipment_type":"Unidade Básica de Saúde","administrative_sphere":"Municipal","included_in_metrics":true,"exclusion_reason":null,"override_reason":null,"outside_boundary":false}},{"type":"Feature","geometry":{"type":"Point","coordinates":[-46.418376,-23.56516402]},"properties":{"id":"sp_geosampa_saude_ubs:equipamento_saude_ubs_posto_centro.120039","source_id":"sp_geosampa_saude_ubs","name":"AMA/UBS FAZENDA DO CARMO","name_derived":false,"category":"health_ubs","subcategory":null,"geometry_type":"Point","address":"R. FRANCISCO CARDOSO JR., 10, CIDADE TIRADENTES, 08421-105","equipment_type":"Unidade Básica de Saúde","administrative_sphere":"Municipal","included_in_metrics":true,"exclusion_reason":null,"override_reason":null,"outside_boundary":false}},{"type":"Feature","geometry":{"type":"Point","coordinates":[-46.738937,-23.68171701]},"properties":{"id":"sp_geosampa_saude_ubs:equipamento_saude_ubs_posto_centro.120040","source_id":"sp_geosampa_saude_ubs","name":"AMA/UBS JARDIM ALFREDO","name_derived":false,"category":"health_ubs","subcategory":null,"geometry_type":"Point","address":"R. DINAR, 51, JD ALFREDO, 04913-120","equipment_type":"Unidade Básica de Saúde","administrative_sphere":"Municipal","included_in_metrics":true,"exclusion_reason":null,"override_reason":null,"outside_boundary":false}},{"type":"Feature","geometry":{"type":"Point","coordinates":[-46.576754,-23.48607402]},"properties":{"id":"sp_geosampa_saude_ubs:equipamento_saude_ubs_posto_centro.120041","source_id":"sp_geosampa_saude_ubs","name":"AMA/UBS JARDIM BRASIL","name_derived":false,"category":"health_ubs","subcategory":null,"geometry_type":"Point","address":"R. FRANCISCO PEIXOTO BEZERRA, 400, JARDIM BRASIL, 02222-010","equipment_type":"Unidade Básica de Saúde","administrative_sphere":"Municipal","included_in_metrics":true,"exclusion_reason":null,"override_reason":null,"outside_boundary":false}},{"type":"Feature","geometry":{"type":"Point","coordinates":[-46.491944,-23.55474702]},"properties":{"id":"sp_geosampa_saude_ubs:equipamento_saude_ubs_posto_centro.120042","source_id":"sp_geosampa_saude_ubs","name":"AMA/UBS JARDIM BRASILIA","name_derived":false,"category":"health_ubs","subcategory":null,"geometry_type":"Point","address":"AV. OSVALDO VALLE CORDEIRO, 245, JD BRASILIA, 03584-000","equipment_type":"Unidade Básica de Saúde","administrative_sphere":"Municipal","included_in_metrics":true,"exclusion_reason":null,"override_reason":null,"outside_boundary":false}},{"type":"Feature","geometry":{"type":"Point","coordinates":[-46.788771,-23.73048201]},"properties":{"id":"sp_geosampa_saude_ubs:equipamento_saude_ubs_posto_centro.120043","source_id":"sp_geosampa_saude_ubs","name":"AMA/UBS JARDIM CAPELA","name_derived":false,"category":"health_ubs","subcategory":null,"geometry_type":"Point","address":"R. BARAO DE PAIVA MANSO, 200, JARDIM CAPELA, 04960-110","equipment_type":"Unidade Básica de Saúde","administrative_sphere":"Municipal","included_in_metrics":true,"exclusion_reason":null,"override_reason":null,"outside_boundary":false}},{"type":"Feature","geometry":{"type":"Point","coordinates":[-46.686385,-23.74254202]},"properties":{"id":"sp_geosampa_saude_ubs:equipamento_saude_ubs_posto_centro.120044","source_id":"sp_geosampa_saude_ubs","name":"AMA/UBS JARDIM CASTRO ALVES - DRA MARIA CRISTINA F","name_derived":false,"category":"health_ubs","subcategory":null,"geometry_type":"Point","address":"AV. JOÃO PAULO BARRETO, 131, JD CASTRO ALVES, 04842-150","equipment_type":"Unidade Básica de Saúde","administrative_sphere":"Municipal","included_in_metrics":true,"exclusion_reason":null,"override_reason":null,"outside_boundary":false}},{"type":"Feature","geometry":{"type":"Point","coordinates":[-46.452813,-23.60892102]},"properties":{"id":"sp_geosampa_saude_ubs:equipamento_saude_ubs_posto_centro.120045","source_id":"sp_geosampa_saude_ubs","name":"AMA/UBS JARDIM DA CONQUISTA III","name_derived":false,"category":"health_ubs","subcategory":null,"geometry_type":"Point","address":"TRAVESSA SOMOS TODOS IGUAIS, 330, SÃO MATEUS, 08343-000","equipment_type":"Unidade Básica de Saúde","administrative_sphere":"Municipal","included_in_metrics":true,"exclusion_reason":null,"override_reason":null,"outside_boundary":false}},{"type":"Feature","geometry":{"type":"Point","coordinates":[-46.43004,-23.60385802]},"properties":{"id":"sp_geosampa_saude_ubs:equipamento_saude_ubs_posto_centro.120046","source_id":"sp_geosampa_saude_ubs","name":"AMA/UBS JARDIM DAS LARANJEIRAS","name_derived":false,"category":"health_ubs","subcategory":null,"geometry_type":"Point","address":"R. BENTO GUELFI, 1100, JD DA LARANJEIRAS, 08381-001","equipment_type":"Unidade Básica de Saúde","administrative_sphere":"Municipal","included_in_metrics":true,"exclusion_reason":null,"override_reason":null,"outside_boundary":false}},{"type":"Feature","geometry":{"type":"Point","coordinates":[-46.380446,-23.49521502]},"properties":{"id":"sp_geosampa_saude_ubs:equipamento_saude_ubs_posto_centro.120047","source_id":"sp_geosampa_saude_ubs","name":"AMA/UBS JARDIM DAS OLIVEIRAS","name_derived":false,"category":"health_ubs","subcategory":null,"geometry_type":"Point","address":"R. JOSÉ DA CRUZ CAMARGO, 174, ITAIM PAULISTA, 08122-100","equipment_type":"Unidade Básica de Saúde","administrative_sphere":"Municipal","included_in_metrics":true,"exclusion_reason":null,"override_reason":null,"outside_boundary":false}},{"type":"Feature","geometry":{"type":"Point","coordinates":[-46.509238,-23.62125101]},"properties":{"id":"sp_geosampa_saude_ubs:equipamento_saude_ubs_posto_centro.120048","source_id":"sp_geosampa_saude_ubs","name":"AMA/UBS JARDIM ELBA - HUMBERTO GASTÃO BODRA","name_derived":false,"category":"health_ubs","subcategory":null,"geometry_type":"Point","address":"R. BATISTA FERGUSIO, 1016, VILA CARDOSO FRANCO, 03978-180","equipment_type":"Unidade Básica de Saúde","administrative_sphere":"Municipal","included_in_metrics":true,"exclusion_reason":null,"override_reason":null,"outside_boundary":false}},{"type":"Feature","geometry":{"type":"Point","coordinates":[-46.516349,-23.59197202]},"properties":{"id":"sp_geosampa_saude_ubs:equipamento_saude_ubs_posto_centro.120049","source_id":"sp_geosampa_saude_ubs","name":"AMA/UBS JARDIM GRIMALDI","name_derived":false,"category":"health_ubs","subcategory":null,"geometry_type":"Point","address":"R. PEDRO DE CASTRO VELHO, 523, VILA BANCÁRIA, 03921-000","equipment_type":"Unidade Básica de Saúde","administrative_sphere":"Municipal","included_in_metrics":true,"exclusion_reason":null,"override_reason":null,"outside_boundary":false}},{"type":"Feature","geometry":{"type":"Point","coordinates":[-46.560206,-23.58861302]},"properties":{"id":"sp_geosampa_saude_ubs:equipamento_saude_ubs_posto_centro.120050","source_id":"sp_geosampa_saude_ubs","name":"AMA/UBS JARDIM INDEPENDÊNCIA - HERMENEGILDO MORBIN JR","name_derived":false,"category":"health_ubs","subcategory":null,"geometry_type":"Point","address":"R. PLANALTO DE CONQUISTA, 80, JD INDEPENDÊNCIA, 03223-170","equipment_type":"Unidade Básica de Saúde","administrative_sphere":"Municipal","included_in_metrics":true,"exclusion_reason":null,"override_reason":null,"outside_boundary":false}},{"type":"Feature","geometry":{"type":"Point","coordinates":[-46.749058,-23.44634101]},"properties":{"id":"sp_geosampa_saude_ubs:equipamento_saude_ubs_posto_centro.120051","source_id":"sp_geosampa_saude_ubs","name":"AMA/UBS JARDIM IPANEMA","name_derived":false,"category":"health_ubs","subcategory":null,"geometry_type":"Point","address":"R. PEDRO RAVARA, 11, JARDIM IPANEMA, 05187-300","equipment_type":"Unidade Básica de Saúde","administrative_sphere":"Municipal","included_in_metrics":true,"exclusion_reason":null,"override_reason":null,"outside_boundary":false}},{"type":"Feature","geometry":{"type":"Point","coordinates":[-46.59601224,-23.44883844]},"properties":{"id":"sp_geosampa_saude_ubs:equipamento_saude_ubs_posto_centro.120052","source_id":"sp_geosampa_saude_ubs","name":"AMA/UBS JARDIM JOAMAR","name_derived":false,"category":"health_ubs","subcategory":null,"geometry_type":"Point","address":"R. ADAUTO BEZERRA DELGADO, 230, JD JOAMAR, 02320-110","equipment_type":"Unidade Básica de Saúde","administrative_sphere":"Municipal","included_in_metrics":true,"exclusion_reason":null,"override_reason":null,"outside_boundary":false}},{"type":"Feature","geometry":{"type":"Point","coordinates":[-46.673366,-23.46080901]},"properties":{"id":"sp_geosampa_saude_ubs:equipamento_saude_ubs_posto_centro.120053","source_id":"sp_geosampa_saude_ubs","name":"AMA/UBS JARDIM LADEIRA ROSA","name_derived":false,"category":"health_ubs","subcategory":null,"geometry_type":"Point","address":"R. JOSÉ DA COSTA GAVIÃO, 150, PARQUE TIETÊ, 02872-000","equipment_type":"Unidade Básica de Saúde","administrative_sphere":"Municipal","included_in_metrics":true,"exclusion_reason":null,"override_reason":null,"outside_boundary":false}},{"type":"Feature","geometry":{"type":"Point","coordinates":[-46.644494,-23.67856501]},"properties":{"id":"sp_geosampa_saude_ubs:equipamento_saude_ubs_posto_centro.120054","source_id":"sp_geosampa_saude_ubs","name":"AMA/UBS JARDIM MIRIAM - MANOEL SOARES DE OLIVEIRA","name_derived":false,"category":"health_ubs","subcategory":null,"geometry_type":"Point","address":"AV. SANTO AFONSO, 419, AMERICANOPOLIS, 04426-000","equipment_type":"Unidade Básica de Saúde","administrative_sphere":"Municipal","included_in_metrics":true,"exclusion_reason":null,"override_reason":null,"outside_boundary":false}},{"type":"Feature","geometry":{"type":"Point","coordinates":[-46.696391,-23.77147401]},"properties":{"id":"sp_geosampa_saude_ubs:equipamento_saude_ubs_posto_centro.120055","source_id":"sp_geosampa_saude_ubs","name":"AMA/UBS JARDIM MIRNA","name_derived":false,"category":"health_ubs","subcategory":null,"geometry_type":"Point","address":"R. DR JUVENAL HUDSON FERREIRA, 13, JARDIM MIRNA, 04856-140","equipment_type":"Unidade Básica de Saúde","administrative_sphere":"Municipal","included_in_metrics":true,"exclusion_reason":null,"override_reason":null,"outside_boundary":false}},{"type":"Feature","geometry":{"type":"Point","coordinates":[-46.7090157,-23.46148932]},"properties":{"id":"sp_geosampa_saude_ubs:equipamento_saude_ubs_posto_centro.120056","source_id":"sp_geosampa_saude_ubs","name":"AMA/UBS JARDIM PAULISTANO","name_derived":false,"category":"health_ubs","subcategory":null,"geometry_type":"Point","address":"R. ENCRUZILHADA DO SUL, 946, JARDIM PAULISTANO, 02816-010","equipment_type":"Unidade Básica de Saúde","administrative_sphere":"Municipal","included_in_metrics":true,"exclusion_reason":null,"override_reason":null,"outside_boundary":false}},{"type":"Feature","geometry":{"type":"Point","coordinates":[-46.443448,-23.63097502]},"properties":{"id":"sp_geosampa_saude_ubs:equipamento_saude_ubs_posto_centro.120057","source_id":"sp_geosampa_saude_ubs","name":"AMA/UBS JARDIM SANTO ANDRÉ","name_derived":false,"category":"health_ubs","subcategory":null,"geometry_type":"Point","address":"R. MIGUEL FERREIRA DE MELO, 497, JARDIM SANTO ANDRE, 08390-000","equipment_type":"Unidade Básica de Saúde","administrative_sphere":"Municipal","included_in_metrics":true,"exclusion_reason":null,"override_reason":null,"outside_boundary":false}},{"type":"Feature","geometry":{"type":"Point","coordinates":[-46.458069,-23.63122402]},"properties":{"id":"sp_geosampa_saude_ubs:equipamento_saude_ubs_posto_centro.120058","source_id":"sp_geosampa_saude_ubs","name":"AMA/UBS JARDIM SAO FRANCISCO II","name_derived":false,"category":"health_ubs","subcategory":null,"geometry_type":"Point","address":"R. BANDEIRA DE ARACAMBI, 704, JARDIM RODOLFO PIRANI, 08310-010","equipment_type":"Unidade Básica de Saúde","administrative_sphere":"Municipal","included_in_metrics":true,"exclusion_reason":null,"override_reason":null,"outside_boundary":false}},{"type":"Feature","geometry":{"type":"Point","coordinates":[-46.78377,-23.59262202]},"properties":{"id":"sp_geosampa_saude_ubs:equipamento_saude_ubs_posto_centro.120059","source_id":"sp_geosampa_saude_ubs","name":"AMA/UBS JARDIM SÃO JORGE - DR. PAULO EDUARDO ELIAS","name_derived":false,"category":"health_ubs","subcategory":null,"geometry_type":"Point","address":"R. ANGELO APARECIDO DOS SANTOS DIAS, 331, JARDIM SÃO JORGE, 05568-090","equipment_type":"Unidade Básica de Saúde","administrative_sphere":"Municipal","included_in_metrics":true,"exclusion_reason":null,"override_reason":null,"outside_boundary":false}},{"type":"Feature","geometry":{"type":"Point","coordinates":[-46.494912,-23.59872801]},"properties":{"id":"sp_geosampa_saude_ubs:equipamento_saude_ubs_posto_centro.120060","source_id":"sp_geosampa_saude_ubs","name":"AMA/UBS JARDIM TIETE I - OSCAR PEREIRA DA SILVA","name_derived":false,"category":"health_ubs","subcategory":null,"geometry_type":"Point","address":"AV. ENGENHO NOVO, 120, JARDIM TIETÊ, 03943-020","equipment_type":"Unidade Básica de Saúde","administrative_sphere":"Municipal","included_in_metrics":true,"exclusion_reason":null,"override_reason":null,"outside_boundary":false}},{"type":"Feature","geometry":{"type":"Point","coordinates":[-46.492224,-23.51847602]},"properties":{"id":"sp_geosampa_saude_ubs:equipamento_saude_ubs_posto_centro.120061","source_id":"sp_geosampa_saude_ubs","name":"AMA/UBS JARDIM TRÊS MARIAS - DR. MAURICIO ZAMIJOVSKY","name_derived":false,"category":"health_ubs","subcategory":null,"geometry_type":"Point","address":"R. BRENO ACCIOLI, 19, VILA SÃO FRANCISCO, 03676-040","equipment_type":"Unidade Básica de Saúde","administrative_sphere":"Municipal","included_in_metrics":true,"exclusion_reason":null,"override_reason":null,"outside_boundary":false}},{"type":"Feature","geometry":{"type":"Point","coordinates":[-46.431168,-23.54283901]},"properties":{"id":"sp_geosampa_saude_ubs:equipamento_saude_ubs_posto_centro.120062","source_id":"sp_geosampa_saude_ubs","name":"AMA/UBS JOSÉ BONIFÁCIO I","name_derived":false,"category":"health_ubs","subcategory":null,"geometry_type":"Point","address":"AV. PROF. OSVALDO DE OLIVEIRA, 610, JD HELENA, 08420-280","equipment_type":"Unidade Básica de Saúde","administrative_sphere":"Municipal","included_in_metrics":true,"exclusion_reason":null,"override_reason":null,"outside_boundary":false}},{"type":"Feature","geometry":{"type":"Point","coordinates":[-46.641714,-23.47521901]},"properties":{"id":"sp_geosampa_saude_ubs:equipamento_saude_ubs_posto_centro.120063","source_id":"sp_geosampa_saude_ubs","name":"AMA/UBS LAUZANE PAULISTA","name_derived":false,"category":"health_ubs","subcategory":null,"geometry_type":"Point","address":"R. VALORBE, 80, LAUZANE PAULISTA, 02442-140","equipment_type":"Unidade Básica de Saúde","administrative_sphere":"Municipal","included_in_metrics":true,"exclusion_reason":null,"override_reason":null,"outside_boundary":false}},{"type":"Feature","geometry":{"type":"Point","coordinates":[-46.655573,-23.48669701]},"properties":{"id":"sp_geosampa_saude_ubs:equipamento_saude_ubs_posto_centro.120064","source_id":"sp_geosampa_saude_ubs","name":"AMA/UBS MASSAGISTA MÁRIO AMÉRICO","name_derived":false,"category":"health_ubs","subcategory":null,"geometry_type":"Point","address":"R. OSCAR DE MOURA LACERDA, 231, SITIO DO MANDAQUI, 02541-070","equipment_type":"Unidade Básica de Saúde","administrative_sphere":"Municipal","included_in_metrics":true,"exclusion_reason":null,"override_reason":null,"outside_boundary":false}},{"type":"Feature","geometry":{"type":"Point","coordinates":[-46.48699,-23.54495502]},"properties":{"id":"sp_geosampa_saude_ubs:equipamento_saude_ubs_posto_centro.120065","source_id":"sp_geosampa_saude_ubs","name":"AMA/UBS PADRE MANOEL DA NÓBREGA","name_derived":false,"category":"health_ubs","subcategory":null,"geometry_type":"Point","address":"AV. PADRE FRANCISCO DE TOLEDO, 545, ARTUR ALVIM, 03590-120","equipment_type":"Unidade Básica de Saúde","administrative_sphere":"Municipal","included_in_metrics":true,"exclusion_reason":null,"override_reason":null,"outside_boundary":false}},{"type":"Feature","geometry":{"type":"Point","coordinates":[-46.620973,-23.52599701]},"properties":{"id":"sp_geosampa_saude_ubs:equipamento_saude_ubs_posto_centro.120066","source_id":"sp_geosampa_saude_ubs","name":"AMA/UBS PARI","name_derived":false,"category":"health_ubs","subcategory":null,"geometry_type":"Point","address":"R. DAS OLARIAS, 503, CANINDÉ, 03030-020","equipment_type":"Unidade Básica de Saúde","administrative_sphere":"Municipal","included_in_metrics":true,"exclusion_reason":null,"override_reason":null,"outside_boundary":false}},{"type":"Feature","geometry":{"type":"Point","coordinates":[-46.787533,-23.43107502]},"properties":{"id":"sp_geosampa_saude_ubs:equipamento_saude_ubs_posto_centro.120067","source_id":"sp_geosampa_saude_ubs","name":"AMA/UBS PARQUE ANHANGUERA","name_derived":false,"category":"health_ubs","subcategory":null,"geometry_type":"Point","address":"AV. PIERRE RENOIR - VIA ANHANGUERA KM 24,5, 100, JARDIM BRITANIA, 05269-000","equipment_type":"Unidade Básica de Saúde","administrative_sphere":"Municipal","included_in_metrics":true,"exclusion_reason":null,"override_reason":null,"outside_boundary":false}},{"type":"Feature","geometry":{"type":"Point","coordinates":[-46.493748,-23.50217802]},"properties":{"id":"sp_geosampa_saude_ubs:equipamento_saude_ubs_posto_centro.120068","source_id":"sp_geosampa_saude_ubs","name":"AMA/UBS PARQUE BOTURUSSU PROF. DR. HUMBERTO CERRUTI","name_derived":false,"category":"health_ubs","subcategory":null,"geometry_type":"Point","address":"AV. OLAVO EGÍDIO DE SOUZA ARANHA, 704, VL CISPER, 03822-000","equipment_type":"Unidade Básica de Saúde","administrative_sphere":"Municipal","included_in_metrics":true,"exclusion_reason":null,"override_reason":null,"outside_boundary":false}},{"type":"Feature","geometry":{"type":"Point","coordinates":[-46.610337,-23.64922402]},"properties":{"id":"sp_geosampa_saude_ubs:equipamento_saude_ubs_posto_centro.120069","source_id":"sp_geosampa_saude_ubs","name":"AMA/UBS PARQUE BRISTOL","name_derived":false,"category":"health_ubs","subcategory":null,"geometry_type":"Point","address":"R. FRANCOIS BUNEL, 194, PARQUE BRISTOL, 04193-310","equipment_type":"Unidade Básica de Saúde","administrative_sphere":"Municipal","included_in_metrics":true,"exclusion_reason":null,"override_reason":null,"outside_boundary":false}},{"type":"Feature","geometry":{"type":"Point","coordinates":[-46.792143,-23.67586602]},"properties":{"id":"sp_geosampa_saude_ubs:equipamento_saude_ubs_posto_centro.120070","source_id":"sp_geosampa_saude_ubs","name":"AMA/UBS PARQUE FERNANDA","name_derived":false,"category":"health_ubs","subcategory":null,"geometry_type":"Point","address":"R. ERNESTO SOARES FILHO, 301, PARQUE FERNANDA, 05888-070","equipment_type":"Unidade Básica de Saúde","administrative_sphere":"Municipal","included_in_metrics":true,"exclusion_reason":null,"override_reason":null,"outside_boundary":false}},{"type":"Feature","geometry":{"type":"Point","coordinates":[-46.755887,-23.65719802]},"properties":{"id":"sp_geosampa_saude_ubs:equipamento_saude_ubs_posto_centro.120071","source_id":"sp_geosampa_saude_ubs","name":"AMA/UBS PARQUE SANTO ANTONIO","name_derived":false,"category":"health_ubs","subcategory":null,"geometry_type":"Point","address":"R. MANUEL BORDALO PINHEIRO, 100, PARQUE SANTO ANTONIO, 05850-230","equipment_type":"Unidade Básica de Saúde","administrative_sphere":"Municipal","included_in_metrics":true,"exclusion_reason":null,"override_reason":null,"outside_boundary":false}},{"type":"Feature","geometry":{"type":"Point","coordinates":[-46.795247,-23.60189002]},"properties":{"id":"sp_geosampa_saude_ubs:equipamento_saude_ubs_posto_centro.120072","source_id":"sp_geosampa_saude_ubs","name":"AMA/UBS PAULO VI","name_derived":false,"category":"health_ubs","subcategory":null,"geometry_type":"Point","address":"AV. VATICANO, 69, JARDIM JOÃO XXIII, 05569-120","equipment_type":"Unidade Básica de Saúde","administrative_sphere":"Municipal","included_in_metrics":true,"exclusion_reason":null,"override_reason":null,"outside_boundary":false}},{"type":"Feature","geometry":{"type":"Point","coordinates":[-46.757242,-23.40954602]},"properties":{"id":"sp_geosampa_saude_ubs:equipamento_saude_ubs_posto_centro.120073","source_id":"sp_geosampa_saude_ubs","name":"AMA/UBS PERUS","name_derived":false,"category":"health_ubs","subcategory":null,"geometry_type":"Point","address":"PRAÇA VIGARIO JOÃO GONÇALVES DE LIMA, 239, PERUS, 05208-260","equipment_type":"Unidade Básica de Saúde","administrative_sphere":"Municipal","included_in_metrics":true,"exclusion_reason":null,"override_reason":null,"outside_boundary":false}},{"type":"Feature","geometry":{"type":"Point","coordinates":[-46.608997,-23.59093702]},"properties":{"id":"sp_geosampa_saude_ubs:equipamento_saude_ubs_posto_centro.120074","source_id":"sp_geosampa_saude_ubs","name":"AMA/UBS SÃO VICENTE DE PAULA","name_derived":false,"category":"health_ubs","subcategory":null,"geometry_type":"Point","address":"R. VICENTE DA COSTA, 289, IPIRANGA, 04266-050","equipment_type":"Unidade Básica de Saúde","administrative_sphere":"Municipal","included_in_metrics":true,"exclusion_reason":null,"override_reason":null,"outside_boundary":false}},{"type":"Feature","geometry":{"type":"Point","coordinates":[-46.446568,-23.51004601]},"properties":{"id":"sp_geosampa_saude_ubs:equipamento_saude_ubs_posto_centro.120075","source_id":"sp_geosampa_saude_ubs","name":"AMA/UBS SÍTIO DA CASA PINTADA","name_derived":false,"category":"health_ubs","subcategory":null,"geometry_type":"Point","address":"AV. MARIA SANTANA, 1069, JARDIM CASA PINTADA, 08050-130","equipment_type":"Unidade Básica de Saúde","administrative_sphere":"Municipal","included_in_metrics":true,"exclusion_reason":null,"override_reason":null,"outside_boundary":false}},{"type":"Feature","geometry":{"type":"Point","coordinates":[-46.51582,-23.57337602]},"properties":{"id":"sp_geosampa_saude_ubs:equipamento_saude_ubs_posto_centro.120076","source_id":"sp_geosampa_saude_ubs","name":"AMA/UBS VILA ANTONIETA","name_derived":false,"category":"health_ubs","subcategory":null,"geometry_type":"Point","address":"R. CORONEL JOÃO DE OLIVEIRA MELO, 440, VILA ANTONIETA, 03474-020","equipment_type":"Unidade Básica de Saúde","administrative_sphere":"Municipal","included_in_metrics":true,"exclusion_reason":null,"override_reason":null,"outside_boundary":false}},{"type":"Feature","geometry":{"type":"Point","coordinates":[-46.670864,-23.50532801]},"properties":{"id":"sp_geosampa_saude_ubs:equipamento_saude_ubs_posto_centro.120077","source_id":"sp_geosampa_saude_ubs","name":"AMA/UBS VILA BARBOSA","name_derived":false,"category":"health_ubs","subcategory":null,"geometry_type":"Point","address":"AV. MANDAQUI, 197, LIMÃO, 02550-000","equipment_type":"Unidade Básica de Saúde","administrative_sphere":"Municipal","included_in_metrics":true,"exclusion_reason":null,"override_reason":null,"outside_boundary":false}},{"type":"Feature","geometry":{"type":"Point","coordinates":[-46.555188,-23.60516502]},"properties":{"id":"sp_geosampa_saude_ubs:equipamento_saude_ubs_posto_centro.120078","source_id":"sp_geosampa_saude_ubs","name":"AMA/UBS VILA CALIFORNIA - ZEILIVAL BRUSCAGIN","name_derived":false,"category":"health_ubs","subcategory":null,"geometry_type":"Point","address":"PRAÇA CONDE DE SÃO JANUÁRIO, 91, VILA CALIFORNIA, 03215-080","equipment_type":"Unidade Básica de Saúde","administrative_sphere":"Municipal","included_in_metrics":true,"exclusion_reason":null,"override_reason":null,"outside_boundary":false}},{"type":"Feature","geometry":{"type":"Point","coordinates":[-46.637515,-23.67235102]},"properties":{"id":"sp_geosampa_saude_ubs:equipamento_saude_ubs_posto_centro.120079","source_id":"sp_geosampa_saude_ubs","name":"AMA/UBS VILA CLARA","name_derived":false,"category":"health_ubs","subcategory":null,"geometry_type":"Point","address":"R. ROLANDO CURTI, 701, VL CLARA, 04414-000","equipment_type":"Unidade Básica de Saúde","administrative_sphere":"Municipal","included_in_metrics":true,"exclusion_reason":null,"override_reason":null,"outside_boundary":false}},{"type":"Feature","geometry":{"type":"Point","coordinates":[-46.649436,-23.67292301]},"properties":{"id":"sp_geosampa_saude_ubs:equipamento_saude_ubs_posto_centro.120080","source_id":"sp_geosampa_saude_ubs","name":"AMA/UBS VILA IMPÉRIO","name_derived":false,"category":"health_ubs","subcategory":null,"geometry_type":"Point","address":"R. CATARINA GABRIELLI, 236, AMERICANÓPOLIS, 04408-090","equipment_type":"Unidade Básica de Saúde","administrative_sphere":"Municipal","included_in_metrics":true,"exclusion_reason":null,"override_reason":null,"outside_boundary":false}},{"type":"Feature","geometry":{"type":"Point","coordinates":[-46.585349,-23.49249602]},"properties":{"id":"sp_geosampa_saude_ubs:equipamento_saude_ubs_posto_centro.120081","source_id":"sp_geosampa_saude_ubs","name":"AMA/UBS VILA MEDEIROS","name_derived":false,"category":"health_ubs","subcategory":null,"geometry_type":"Point","address":"R. EURICO SODRE, 353, VILA MEDEIROS, 02215-010","equipment_type":"Unidade Básica de Saúde","administrative_sphere":"Municipal","included_in_metrics":true,"exclusion_reason":null,"override_reason":null,"outside_boundary":false}},{"type":"Feature","geometry":{"type":"Point","coordinates":[-46.64963,-23.68898101]},"properties":{"id":"sp_geosampa_saude_ubs:equipamento_saude_ubs_posto_centro.120082","source_id":"sp_geosampa_saude_ubs","name":"AMA/UBS VILA MISSIONÁRIA","name_derived":false,"category":"health_ubs","subcategory":null,"geometry_type":"Point","address":"R. RAINHA DAS MISSOES, 515, VILA MISSIONARIA, 04430-010","equipment_type":"Unidade Básica de Saúde","administrative_sphere":"Municipal","included_in_metrics":true,"exclusion_reason":null,"override_reason":null,"outside_boundary":false}},{"type":"Feature","geometry":{"type":"Point","coordinates":[-46.744508,-23.54320402]},"properties":{"id":"sp_geosampa_saude_ubs:equipamento_saude_ubs_posto_centro.120083","source_id":"sp_geosampa_saude_ubs","name":"AMA/UBS VILA NOVA JAGUARÉ","name_derived":false,"category":"health_ubs","subcategory":null,"geometry_type":"Point","address":"R. SALATIEL DE CAMPOS, 222, JAGUARÉ, 05333-010","equipment_type":"Unidade Básica de Saúde","administrative_sphere":"Municipal","included_in_metrics":true,"exclusion_reason":null,"override_reason":null,"outside_boundary":false}},{"type":"Feature","geometry":{"type":"Point","coordinates":[-46.55899,-23.57409502]},"properties":{"id":"sp_geosampa_saude_ubs:equipamento_saude_ubs_posto_centro.120084","source_id":"sp_geosampa_saude_ubs","name":"AMA/UBS VILA ORATÓRIO - DR. TITO PEDRO MASCELANI","name_derived":false,"category":"health_ubs","subcategory":null,"geometry_type":"Point","address":"R. JOÃO FIALHO DE CARVALHO, 35, VL DIVA, 03345-010","equipment_type":"Unidade Básica de Saúde","administrative_sphere":"Municipal","included_in_metrics":true,"exclusion_reason":null,"override_reason":null,"outside_boundary":false}},{"type":"Feature","geometry":{"type":"Point","coordinates":[-46.713389,-23.48778902]},"properties":{"id":"sp_geosampa_saude_ubs:equipamento_saude_ubs_posto_centro.120085","source_id":"sp_geosampa_saude_ubs","name":"AMA/UBS VILA PEREIRA BARRETO","name_derived":false,"category":"health_ubs","subcategory":null,"geometry_type":"Point","address":"R. DOM MANOEL D ELBOUX, 76, JARDIM SÃO JOSE, 02932-110","equipment_type":"Unidade Básica de Saúde","administrative_sphere":"Municipal","included_in_metrics":true,"exclusion_reason":null,"override_reason":null,"outside_boundary":false}},{"type":"Feature","geometry":{"type":"Point","coordinates":[-46.761177,-23.50239202]},"properties":{"id":"sp_geosampa_saude_ubs:equipamento_saude_ubs_posto_centro.120086","source_id":"sp_geosampa_saude_ubs","name":"AMA/UBS VILA PIAUÍ","name_derived":false,"category":"health_ubs","subcategory":null,"geometry_type":"Point","address":"PRAÇA CAMILO CASTELO BRANCO, 10, VL PIAUÍ, 05109-270","equipment_type":"Unidade Básica de Saúde","administrative_sphere":"Municipal","included_in_metrics":true,"exclusion_reason":null,"override_reason":null,"outside_boundary":false}},{"type":"Feature","geometry":{"type":"Point","coordinates":[-46.754124,-23.64833702]},"properties":{"id":"sp_geosampa_saude_ubs:equipamento_saude_ubs_posto_centro.120087","source_id":"sp_geosampa_saude_ubs","name":"AMA/UBS VILA PREL - ANTONIO BERNARDES DE OLIVEIRA","name_derived":false,"category":"health_ubs","subcategory":null,"geometry_type":"Point","address":"R. TEREZA MAIA PINTO, 11, VILA PREL, 05780-390","equipment_type":"Unidade Básica de Saúde","administrative_sphere":"Municipal","included_in_metrics":true,"exclusion_reason":null,"override_reason":null,"outside_boundary":false}},{"type":"Feature","geometry":{"type":"Point","coordinates":[-46.50436,-23.49148601]},"properties":{"id":"sp_geosampa_saude_ubs:equipamento_saude_ubs_posto_centro.120088","source_id":"sp_geosampa_saude_ubs","name":"AMA/UBS VILA SILVIA","name_derived":false,"category":"health_ubs","subcategory":null,"geometry_type":"Point","address":"R. BELEM SANTOS, 222, VILA SILVIA, 03821-170","equipment_type":"Unidade Básica de Saúde","administrative_sphere":"Municipal","included_in_metrics":true,"exclusion_reason":null,"override_reason":null,"outside_boundary":false}},{"type":"Feature","geometry":{"type":"Point","coordinates":[-46.734804,-23.59763801]},"properties":{"id":"sp_geosampa_saude_ubs:equipamento_saude_ubs_posto_centro.120089","source_id":"sp_geosampa_saude_ubs","name":"AMA/UBS VILA SONIA","name_derived":false,"category":"health_ubs","subcategory":null,"geometry_type":"Point","address":"R. ABRAÃO CALIL REZEK, 91, VL SONIA, 05625-050","equipment_type":"Unidade Básica de Saúde","administrative_sphere":"Municipal","included_in_metrics":true,"exclusion_reason":null,"override_reason":null,"outside_boundary":false}},{"type":"Feature","geometry":{"type":"Point","coordinates":[-46.603249,-23.46886602]},"properties":{"id":"sp_geosampa_saude_ubs:equipamento_saude_ubs_posto_centro.120090","source_id":"sp_geosampa_saude_ubs","name":"AMA/UBS WAMBERTO DIAS DA COSTA","name_derived":false,"category":"health_ubs","subcategory":null,"geometry_type":"Point","address":"R. PAULO CESAR, 60, JARDIM TREMEMBE, 02311-240","equipment_type":"Unidade Básica de Saúde","administrative_sphere":"Municipal","included_in_metrics":true,"exclusion_reason":null,"override_reason":null,"outside_boundary":false}},{"type":"Feature","geometry":{"type":"Point","coordinates":[-46.65879045,-23.52153166]},"properties":{"id":"sp_geosampa_saude_ubs:equipamento_saude_ubs_posto_centro.120359","source_id":"sp_geosampa_saude_ubs","name":"CS ESCOLA BARRA FUNDA - ALEXANDRE VRANJAC","name_derived":false,"category":"health_ubs","subcategory":null,"geometry_type":"Point","address":"AV. DR ABRAAO RIBEIRO, 283, BARRA FUNDA, 01133-020","equipment_type":"SEM TIPO","administrative_sphere":"Privado","included_in_metrics":false,"exclusion_reason":"private provider; missing type, needs review","override_reason":null,"outside_boundary":false}},{"type":"Feature","geometry":{"type":"Point","coordinates":[-46.673569,-23.55332501]},"properties":{"id":"sp_geosampa_saude_ubs:equipamento_saude_ubs_posto_centro.120360","source_id":"sp_geosampa_saude_ubs","name":"CS ESCOLA GERALDO DE PAULA SOUZA","name_derived":false,"category":"health_ubs","subcategory":null,"geometry_type":"Point","address":"AV. DR ARNALDO, 925, PACAEMBU, 01255-000","equipment_type":"SEM TIPO","administrative_sphere":"Estadual","included_in_metrics":false,"exclusion_reason":"missing type, needs review","override_reason":null,"outside_boundary":false}},{"type":"Feature","geometry":{"type":"Point","coordinates":[-46.716809,-23.56833902]},"properties":{"id":"sp_geosampa_saude_ubs:equipamento_saude_ubs_posto_centro.120361","source_id":"sp_geosampa_saude_ubs","name":"CS ESCOLA SAMUEL BARNSLEY PESSOA","name_derived":false,"category":"health_ubs","subcategory":null,"geometry_type":"Point","address":"AV. VITAL BRASIL, 1490, BUTANTA, 05503-000","equipment_type":"SEM TIPO","administrative_sphere":"Estadual","included_in_metrics":false,"exclusion_reason":"missing type, needs review","override_reason":null,"outside_boundary":false}},{"type":"Feature","geometry":{"type":"Point","coordinates":[-46.71341686,-23.72993802]},"properties":{"id":"sp_geosampa_saude_ubs:equipamento_saude_ubs_posto_centro.120480","source_id":"sp_geosampa_saude_ubs","name":"OSEC","name_derived":false,"category":"health_ubs","subcategory":null,"geometry_type":"Point","address":"R. CASSIO DE CAMPOS NOGUEIRA, 365, JARDIM DAS IMBUIAS, 04829-310","equipment_type":"SEM TIPO","administrative_sphere":"Privado","included_in_metrics":false,"exclusion_reason":"private provider; missing type, needs review","override_reason":null,"outside_boundary":false}},{"type":"Feature","geometry":{"type":"Point","coordinates":[-46.626056,-23.63036302]},"properties":{"id":"sp_geosampa_saude_ubs:equipamento_saude_ubs_posto_centro.120561","source_id":"sp_geosampa_saude_ubs","name":"UBS ÁGUA FUNDA","name_derived":false,"category":"health_ubs","subcategory":null,"geometry_type":"Point","address":"R. ROSA DE MORAES, 91, VL ÁGUA FUNDA, 04155-000","equipment_type":"Unidade Básica de Saúde","administrative_sphere":"Municipal","included_in_metrics":true,"exclusion_reason":null,"override_reason":null,"outside_boundary":false}},{"type":"Feature","geometry":{"type":"Point","coordinates":[-46.649174,-23.76877501]},"properties":{"id":"sp_geosampa_saude_ubs:equipamento_saude_ubs_posto_centro.120562","source_id":"sp_geosampa_saude_ubs","name":"UBS ALCINA PIMENTEL PIZA","name_derived":false,"category":"health_ubs","subcategory":null,"geometry_type":"Point","address":"ESTRADA DE ITAQUAQUECETUBA, 8855, ILHA DO BORORÉ, 04846-010","equipment_type":"Unidade Básica de Saúde","administrative_sphere":"Municipal","included_in_metrics":true,"exclusion_reason":null,"override_reason":null,"outside_boundary":false}},{"type":"Feature","geometry":{"type":"Point","coordinates":[-46.596046,-23.60378402]},"properties":{"id":"sp_geosampa_saude_ubs:equipamento_saude_ubs_posto_centro.120563","source_id":"sp_geosampa_saude_ubs","name":"UBS ALMIRANTE DELLAMARE","name_derived":false,"category":"health_ubs","subcategory":null,"geometry_type":"Point","address":"R. ALM. MARIATH, 62, VL HELIÓPOLIS, 04218-040","equipment_type":"Unidade Básica de Saúde","administrative_sphere":"Municipal","included_in_metrics":true,"exclusion_reason":null,"override_reason":null,"outside_boundary":false}},{"type":"Feature","geometry":{"type":"Point","coordinates":[-46.753735,-23.44688402]},"properties":{"id":"sp_geosampa_saude_ubs:equipamento_saude_ubs_posto_centro.120564","source_id":"sp_geosampa_saude_ubs","name":"UBS ALPES DO JARAGUÁ","name_derived":false,"category":"health_ubs","subcategory":null,"geometry_type":"Point","address":"ALAMEDA DAS LIMEIRAS, 46, ALPES DO JARAGUA, 05187-634","equipment_type":"Unidade Básica de Saúde","administrative_sphere":"Municipal","included_in_metrics":true,"exclusion_reason":null,"override_reason":null,"outside_boundary":false}},{"type":"Feature","geometry":{"type":"Point","coordinates":[-46.767323,-23.69953102]},"properties":{"id":"sp_geosampa_saude_ubs:equipamento_saude_ubs_posto_centro.120565","source_id":"sp_geosampa_saude_ubs","name":"UBS ALTO DA RIVIERA","name_derived":false,"category":"health_ubs","subcategory":null,"geometry_type":"Point","address":"AV. PROF. MÁRIO MAZAGAO, 194, ALTO DA RIVIERA, 04929-080","equipment_type":"Unidade Básica de Saúde","administrative_sphere":"Municipal","included_in_metrics":true,"exclusion_reason":null,"override_reason":null,"outside_boundary":false}},{"type":"Feature","geometry":{"type":"Point","coordinates":[-46.721961,-23.53759601]},"properties":{"id":"sp_geosampa_saude_ubs:equipamento_saude_ubs_posto_centro.120566","source_id":"sp_geosampa_saude_ubs","name":"UBS ALTO DE PINHEIROS - DR SUEL ABUJAMRA","name_derived":false,"category":"health_ubs","subcategory":null,"geometry_type":"Point","address":"AV. QUEIROZ FILHO, 313, ALTO DE PINHEIROS, 05319-000","equipment_type":"Unidade Básica de Saúde","administrative_sphere":"Municipal","included_in_metrics":true,"exclusion_reason":null,"override_reason":null,"outside_boundary":false}},{"type":"Feature","geometry":{"type":"Point","coordinates":[-46.772443,-23.64615202]},"properties":{"id":"sp_geosampa_saude_ubs:equipamento_saude_ubs_posto_centro.120567","source_id":"sp_geosampa_saude_ubs","name":"UBS ALTO DO UMUARAMA","name_derived":false,"category":"health_ubs","subcategory":null,"geometry_type":"Point","address":"R. ODEMIS, 468, JD UMUARAMA, 05783-180","equipment_type":"Unidade Básica de Saúde","administrative_sphere":"Municipal","included_in_metrics":true,"exclusion_reason":null,"override_reason":null,"outside_boundary":false}},{"type":"Feature","geometry":{"type":"Point","coordinates":[-46.68407716,-23.76158483]},"properties":{"id":"sp_geosampa_saude_ubs:equipamento_saude_ubs_posto_centro.120568","source_id":"sp_geosampa_saude_ubs","name":"UBS ANCHIETA","name_derived":false,"category":"health_ubs","subcategory":null,"geometry_type":"Point","address":"R. ALZIRO PINHEIRO MAGALHAES, 638, PQ SÃO RAFAEL, 04855-000","equipment_type":"Unidade Básica de Saúde","administrative_sphere":"Municipal","included_in_metrics":true,"exclusion_reason":null,"override_reason":null,"outside_boundary":false}},{"type":"Feature","geometry":{"type":"Point","coordinates":[-46.476252,-23.53920601]},"properties":{"id":"sp_geosampa_saude_ubs:equipamento_saude_ubs_posto_centro.120569","source_id":"sp_geosampa_saude_ubs","name":"UBS ANTONIO ESTEVÃO DE CARVALHO","name_derived":false,"category":"health_ubs","subcategory":null,"geometry_type":"Point","address":"R. JAPANI, 7, CIDADE AE CARVALHO, 08220-130","equipment_type":"Unidade Básica de Saúde","administrative_sphere":"Municipal","included_in_metrics":true,"exclusion_reason":null,"override_reason":null,"outside_boundary":false}},{"type":"Feature","geometry":{"type":"Point","coordinates":[-46.776016,-23.63414602]},"properties":{"id":"sp_geosampa_saude_ubs:equipamento_saude_ubs_posto_centro.120570","source_id":"sp_geosampa_saude_ubs","name":"UBS ARRASTÃO - DR. FRANCISCO SCALAMANDRE SOBRINHO","name_derived":false,"category":"health_ubs","subcategory":null,"geometry_type":"Point","address":"R. DR JOVIANO PACHECO AGUIRRE, 255, CAMPO LIMPO, 05788-290","equipment_type":"Unidade Básica de Saúde","administrative_sphere":"Municipal","included_in_metrics":true,"exclusion_reason":null,"override_reason":null,"outside_boundary":false}},{"type":"Feature","geometry":{"type":"Point","coordinates":[-46.396219,-23.50683401]},"properties":{"id":"sp_geosampa_saude_ubs:equipamento_saude_ubs_posto_centro.120571","source_id":"sp_geosampa_saude_ubs","name":"UBS ATUALPA GIRÃO RABELO","name_derived":false,"category":"health_ubs","subcategory":null,"geometry_type":"Point","address":"R. AMBARÉ, 150, JARDIM CAMARGO NOVO, 08140-004","equipment_type":"Unidade Básica de Saúde","administrative_sphere":"Municipal","included_in_metrics":true,"exclusion_reason":null,"override_reason":null,"outside_boundary":false}},{"type":"Feature","geometry":{"type":"Point","coordinates":[-46.69213,-23.70069602]},"properties":{"id":"sp_geosampa_saude_ubs:equipamento_saude_ubs_posto_centro.120572","source_id":"sp_geosampa_saude_ubs","name":"UBS AUTÓDROMO - DR FAUZER SIMÃO ABRÃO","name_derived":false,"category":"health_ubs","subcategory":null,"geometry_type":"Point","address":"R. OSWALDO DINIZ, 51, JARDIM SATELITE, 04815-330","equipment_type":"Unidade Básica de Saúde","administrative_sphere":"Municipal","included_in_metrics":true,"exclusion_reason":null,"override_reason":null,"outside_boundary":false}},{"type":"Feature","geometry":{"type":"Point","coordinates":[-46.650946,-23.87755002]},"properties":{"id":"sp_geosampa_saude_ubs:equipamento_saude_ubs_posto_centro.120573","source_id":"sp_geosampa_saude_ubs","name":"UBS BARRAGEM","name_derived":false,"category":"health_ubs","subcategory":null,"geometry_type":"Point","address":"R. DOIS, 3, BARRAGEM, 04877-110","equipment_type":"Unidade Básica de Saúde","administrative_sphere":"Municipal","included_in_metrics":true,"exclusion_reason":null,"override_reason":null,"outside_boundary":false}},{"type":"Feature","geometry":{"type":"Point","coordinates":[-46.393162,-23.58378601]},"properties":{"id":"sp_geosampa_saude_ubs:equipamento_saude_ubs_posto_centro.120574","source_id":"sp_geosampa_saude_ubs","name":"UBS BARRO BRANCO","name_derived":false,"category":"health_ubs","subcategory":null,"geometry_type":"Point","address":"R. EDUARDO REUTER, 678, COHAB BARRO BRANCO I, 08473-533","equipment_type":"Unidade Básica de Saúde","administrative_sphere":"Municipal","included_in_metrics":true,"exclusion_reason":null,"override_reason":null,"outside_boundary":false}},{"type":"Feature","geometry":{"type":"Point","coordinates":[-46.59554,-23.53725101]},"properties":{"id":"sp_geosampa_saude_ubs:equipamento_saude_ubs_posto_centro.120575","source_id":"sp_geosampa_saude_ubs","name":"UBS BELENZINHO - MARCUS WOLOSKER","name_derived":false,"category":"health_ubs","subcategory":null,"geometry_type":"Point","address":"AV. CELSO GARCIA, 1749, BELENZINHO, 03015-000","equipment_type":"Unidade Básica de Saúde","administrative_sphere":"Municipal","included_in_metrics":true,"exclusion_reason":null,"override_reason":null,"outside_boundary":false}},{"type":"Feature","geometry":{"type":"Point","coordinates":[-46.641598,-23.52601602]},"properties":{"id":"sp_geosampa_saude_ubs:equipamento_saude_ubs_posto_centro.120576","source_id":"sp_geosampa_saude_ubs","name":"UBS BOM RETIRO - DR. OCTAVIO AUGUSTO RODOVALHO","name_derived":false,"category":"health_ubs","subcategory":null,"geometry_type":"Point","address":"R. TENENTE PENA, 8, BOM RETIRO, 01127-020","equipment_type":"Unidade Básica de Saúde","administrative_sphere":"Municipal","included_in_metrics":true,"exclusion_reason":null,"override_reason":null,"outside_boundary":false}},{"type":"Feature","geometry":{"type":"Point","coordinates":[-46.651443,-23.52514701]},"properties":{"id":"sp_geosampa_saude_ubs:equipamento_saude_ubs_posto_centro.120577","source_id":"sp_geosampa_saude_ubs","name":"UBS BORACEA","name_derived":false,"category":"health_ubs","subcategory":null,"geometry_type":"Point","address":"R. BORACEA, 270, BARRA FUNDA, 01135-010","equipment_type":"Unidade Básica de Saúde","administrative_sphere":"Municipal","included_in_metrics":true,"exclusion_reason":null,"override_reason":null,"outside_boundary":false}},{"type":"Feature","geometry":{"type":"Point","coordinates":[-46.614772,-23.54359402]},"properties":{"id":"sp_geosampa_saude_ubs:equipamento_saude_ubs_posto_centro.120578","source_id":"sp_geosampa_saude_ubs","name":"UBS BRAS - DR. MANOEL SALDIVA NETO","name_derived":false,"category":"health_ubs","subcategory":null,"geometry_type":"Point","address":"R. JOAQUIM NABUCO, 165, BRÁS, 03050-020","equipment_type":"Unidade Básica de Saúde","administrative_sphere":"Municipal","included_in_metrics":true,"exclusion_reason":null,"override_reason":null,"outside_boundary":false}},{"type":"Feature","geometry":{"type":"Point","coordinates":[-46.691981,-23.47078701]},"properties":{"id":"sp_geosampa_saude_ubs:equipamento_saude_ubs_posto_centro.120579","source_id":"sp_geosampa_saude_ubs","name":"UBS BRASILÂNDIA","name_derived":false,"category":"health_ubs","subcategory":null,"geometry_type":"Point","address":"R. PARAPUÃ, 1646, BRASILÂNDIA, 02831-001","equipment_type":"Unidade Básica de Saúde","administrative_sphere":"Municipal","included_in_metrics":true,"exclusion_reason":null,"override_reason":null,"outside_boundary":false}},{"type":"Feature","geometry":{"type":"Point","coordinates":[-46.745095,-23.65389302]},"properties":{"id":"sp_geosampa_saude_ubs:equipamento_saude_ubs_posto_centro.120580","source_id":"sp_geosampa_saude_ubs","name":"UBS BRASÍLIA - M BOI","name_derived":false,"category":"health_ubs","subcategory":null,"geometry_type":"Point","address":"R. MAPORÉ, 352, JD SÃO LUIZ, 05846-390","equipment_type":"Unidade Básica de Saúde","administrative_sphere":"Municipal","included_in_metrics":true,"exclusion_reason":null,"override_reason":null,"outside_boundary":false}},{"type":"Feature","geometry":{"type":"Point","coordinates":[-46.490492,-23.52328902]},"properties":{"id":"sp_geosampa_saude_ubs:equipamento_saude_ubs_posto_centro.120581","source_id":"sp_geosampa_saude_ubs","name":"UBS BURGO PAULISTA","name_derived":false,"category":"health_ubs","subcategory":null,"geometry_type":"Point","address":"R. JOSÉ SILVA ALCANTARA FILHO, 1031, BURGO PAULISTA, 03680-000","equipment_type":"Unidade Básica de Saúde","administrative_sphere":"Municipal","included_in_metrics":true,"exclusion_reason":null,"override_reason":null,"outside_boundary":false}},{"type":"Feature","geometry":{"type":"Point","coordinates":[-46.733989,-23.57700401]},"properties":{"id":"sp_geosampa_saude_ubs:equipamento_saude_ubs_posto_centro.120582","source_id":"sp_geosampa_saude_ubs","name":"UBS BUTANTÃ","name_derived":false,"category":"health_ubs","subcategory":null,"geometry_type":"Point","address":"R. CABRAL DE MENEZES, 51, VL GOMES, 05590-050","equipment_type":"Unidade Básica de Saúde","administrative_sphere":"Municipal","included_in_metrics":true,"exclusion_reason":null,"override_reason":null,"outside_boundary":false}},{"type":"Feature","geometry":{"type":"Point","coordinates":[-46.753424,-23.54479001]},"properties":{"id":"sp_geosampa_saude_ubs:equipamento_saude_ubs_posto_centro.120583","source_id":"sp_geosampa_saude_ubs","name":"UBS CAJU","name_derived":false,"category":"health_ubs","subcategory":null,"geometry_type":"Point","address":"R. FLORESTO BANDECCHI, 1000, JAGUARE, 05336-010","equipment_type":"Unidade Básica de Saúde","administrative_sphere":"Municipal","included_in_metrics":true,"exclusion_reason":null,"override_reason":null,"outside_boundary":false}},{"type":"Feature","geometry":{"type":"Point","coordinates":[-46.623117,-23.56975601]},"properties":{"id":"sp_geosampa_saude_ubs:equipamento_saude_ubs_posto_centro.120584","source_id":"sp_geosampa_saude_ubs","name":"UBS CAMBUCI","name_derived":false,"category":"health_ubs","subcategory":null,"geometry_type":"Point","address":"AV. LACERDA FRANCO, 791, CAMBUCI, 01536-000","equipment_type":"Unidade Básica de Saúde","administrative_sphere":"Municipal","included_in_metrics":true,"exclusion_reason":null,"override_reason":null,"outside_boundary":false}},{"type":"Feature","geometry":{"type":"Point","coordinates":[-46.685167,-23.67428302]},"properties":{"id":"sp_geosampa_saude_ubs:equipamento_saude_ubs_posto_centro.120585","source_id":"sp_geosampa_saude_ubs","name":"UBS CAMPO GRANDE","name_derived":false,"category":"health_ubs","subcategory":null,"geometry_type":"Point","address":"R. MONLEVADE, 195, VILA ROMANO, 04679-345","equipment_type":"Unidade Básica de Saúde","administrative_sphere":"Municipal","included_in_metrics":true,"exclusion_reason":null,"override_reason":null,"outside_boundary":false}},{"type":"Feature","geometry":{"type":"Point","coordinates":[-46.763805,-23.63695501]},"properties":{"id":"sp_geosampa_saude_ubs:equipamento_saude_ubs_posto_centro.120586","source_id":"sp_geosampa_saude_ubs","name":"UBS CAMPO LIMPO","name_derived":false,"category":"health_ubs","subcategory":null,"geometry_type":"Point","address":"R. JORGE OZZI, 211, JARDIM CATANDUVA, 05767-450","equipment_type":"Unidade Básica de Saúde","administrative_sphere":"Municipal","included_in_metrics":true,"exclusion_reason":null,"override_reason":null,"outside_boundary":false}},{"type":"Feature","geometry":{"type":"Point","coordinates":[-46.661664,-23.74330202]},"properties":{"id":"sp_geosampa_saude_ubs:equipamento_saude_ubs_posto_centro.120587","source_id":"sp_geosampa_saude_ubs","name":"UBS CANTINHO DO CÉU","name_derived":false,"category":"health_ubs","subcategory":null,"geometry_type":"Point","address":"R. DOS ACORDES, 200, CANTINHO DO CEU, 04849-558","equipment_type":"Unidade Básica de Saúde","administrative_sphere":"Municipal","included_in_metrics":true,"exclusion_reason":null,"override_reason":null,"outside_boundary":false}},{"type":"Feature","geometry":{"type":"Point","coordinates":[-46.610739,-23.50440801]},"properties":{"id":"sp_geosampa_saude_ubs:equipamento_saude_ubs_posto_centro.120588","source_id":"sp_geosampa_saude_ubs","name":"UBS CARANDIRU","name_derived":false,"category":"health_ubs","subcategory":null,"geometry_type":"Point","address":"R. JOSE PEREIRA JORGE, 305, CARANDIRU, 02067-020","equipment_type":"Unidade Básica de Saúde","administrative_sphere":"Municipal","included_in_metrics":true,"exclusion_reason":null,"override_reason":null,"outside_boundary":false}},{"type":"Feature","geometry":{"type":"Point","coordinates":[-46.396489,-23.58865701]},"properties":{"id":"sp_geosampa_saude_ubs:equipamento_saude_ubs_posto_centro.120589","source_id":"sp_geosampa_saude_ubs","name":"UBS CARLOS GENTILE DE MELO","name_derived":false,"category":"health_ubs","subcategory":null,"geometry_type":"Point","address":"R. DOS TÊXTEIS, 3765, CIDADE TIRADENTES, 08490-600","equipment_type":"Unidade Básica de Saúde","administrative_sphere":"Municipal","included_in_metrics":true,"exclusion_reason":null,"override_reason":null,"outside_boundary":false}},{"type":"Feature","geometry":{"type":"Point","coordinates":[-46.660066,-23.50447301]},"properties":{"id":"sp_geosampa_saude_ubs:equipamento_saude_ubs_posto_centro.120590","source_id":"sp_geosampa_saude_ubs","name":"UBS CASA VERDE","name_derived":false,"category":"health_ubs","subcategory":null,"geometry_type":"Point","address":"R. VICHY, 468, CASA VERDE, 02522-100","equipment_type":"Unidade Básica de Saúde","administrative_sphere":"Municipal","included_in_metrics":true,"exclusion_reason":null,"override_reason":null,"outside_boundary":false}},{"type":"Feature","geometry":{"type":"Point","coordinates":[-46.664617,-23.48923902]},"properties":{"id":"sp_geosampa_saude_ubs:equipamento_saude_ubs_posto_centro.120591","source_id":"sp_geosampa_saude_ubs","name":"UBS CASA VERDE ALTA","name_derived":false,"category":"health_ubs","subcategory":null,"geometry_type":"Point","address":"R. LAVINIO SALES ARCURI, 120, CASA VERDE ALTA, 02564-000","equipment_type":"Unidade Básica de Saúde","administrative_sphere":"Municipal","included_in_metrics":true,"exclusion_reason":null,"override_reason":null,"outside_boundary":false}},{"type":"Feature","geometry":{"type":"Point","coordinates":[-46.404444,-23.58050201]},"properties":{"id":"sp_geosampa_saude_ubs:equipamento_saude_ubs_posto_centro.120592","source_id":"sp_geosampa_saude_ubs","name":"UBS CASTRO ALVES","name_derived":false,"category":"health_ubs","subcategory":null,"geometry_type":"Point","address":"R. CADERNO DE VIAGEM, 55, CASTRO ALVES, 08474-170","equipment_type":"Unidade Básica de Saúde","administrative_sphere":"Municipal","included_in_metrics":true,"exclusion_reason":null,"override_reason":null,"outside_boundary":false}},{"type":"Feature","geometry":{"type":"Point","coordinates":[-46.714944,-23.57910501]},"properties":{"id":"sp_geosampa_saude_ubs:equipamento_saude_ubs_posto_centro.120593","source_id":"sp_geosampa_saude_ubs","name":"UBS CAXINGUI - NANCI ABRANCHES","name_derived":false,"category":"health_ubs","subcategory":null,"geometry_type":"Point","address":"R. LADISLAU ROMAN, 410, CAXINGUI, 05515-030","equipment_type":"Unidade Básica de Saúde","administrative_sphere":"Municipal","included_in_metrics":true,"exclusion_reason":null,"override_reason":null,"outside_boundary":false}},{"type":"Feature","geometry":{"type":"Point","coordinates":[-46.419265,-23.59466401]},"properties":{"id":"sp_geosampa_saude_ubs:equipamento_saude_ubs_posto_centro.120594","source_id":"sp_geosampa_saude_ubs","name":"UBS CDHU PALANQUE","name_derived":false,"category":"health_ubs","subcategory":null,"geometry_type":"Point","address":"R. PONTE DA AMIZADE (ALT. AV. RAGUEB CHOHFI, 7208), 2, JARDIM PALANQUE, 08375-000","equipment_type":"Unidade Básica de Saúde","administrative_sphere":"Municipal","included_in_metrics":true,"exclusion_reason":null,"override_reason":null,"outside_boundary":false}},{"type":"Feature","geometry":{"type":"Point","coordinates":[-46.705176,-23.77085002]},"properties":{"id":"sp_geosampa_saude_ubs:equipamento_saude_ubs_posto_centro.120595","source_id":"sp_geosampa_saude_ubs","name":"UBS CHÁCARA DO CONDE","name_derived":false,"category":"health_ubs","subcategory":null,"geometry_type":"Point","address":"R. CONSTELAÇÃO DO ESQUADRO, 5, JD CAMPINAS, 04858-010","equipment_type":"Unidade Básica de Saúde","administrative_sphere":"Municipal","included_in_metrics":true,"exclusion_reason":null,"override_reason":null,"outside_boundary":false}},{"type":"Feature","geometry":{"type":"Point","coordinates":[-46.674141,-23.77991301]},"properties":{"id":"sp_geosampa_saude_ubs:equipamento_saude_ubs_posto_centro.120596","source_id":"sp_geosampa_saude_ubs","name":"UBS CHACARA DO SOL","name_derived":false,"category":"health_ubs","subcategory":null,"geometry_type":"Point","address":"R. JOÃO CARLOS DE OLIVEIRA, 3, CHACARA DO SOL, 04855-515","equipment_type":"Unidade Básica de Saúde","administrative_sphere":"Municipal","included_in_metrics":true,"exclusion_reason":null,"override_reason":null,"outside_boundary":false}},{"type":"Feature","geometry":{"type":"Point","coordinates":[-46.725229,-23.49376201]},"properties":{"id":"sp_geosampa_saude_ubs:equipamento_saude_ubs_posto_centro.120597","source_id":"sp_geosampa_saude_ubs","name":"UBS CHÁCARA INGLESA","name_derived":false,"category":"health_ubs","subcategory":null,"geometry_type":"Point","address":"R. VALDIR PADOVAN, 95, CHACARA INGLESA, 05142-120","equipment_type":"Unidade Básica de Saúde","administrative_sphere":"Municipal","included_in_metrics":true,"exclusion_reason":null,"override_reason":null,"outside_boundary":false}},{"type":"Feature","geometry":{"type":"Point","coordinates":[-46.791137,-23.70052201]},"properties":{"id":"sp_geosampa_saude_ubs:equipamento_saude_ubs_posto_centro.120598","source_id":"sp_geosampa_saude_ubs","name":"UBS CHÁCARA SANTA MARIA","name_derived":false,"category":"health_ubs","subcategory":null,"geometry_type":"Point","address":"R. CICLADES, 250, CHÁCARA SANTA MARIA, 05876-040","equipment_type":"Unidade Básica de Saúde","administrative_sphere":"Municipal","included_in_metrics":true,"exclusion_reason":null,"override_reason":null,"outside_boundary":false}},{"type":"Feature","geometry":{"type":"Point","coordinates":[-46.747032,-23.67173502]},"properties":{"id":"sp_geosampa_saude_ubs:equipamento_saude_ubs_posto_centro.120599","source_id":"sp_geosampa_saude_ubs","name":"UBS CHÁCARA SANTANA","name_derived":false,"category":"health_ubs","subcategory":null,"geometry_type":"Point","address":"R. BALTAZAR DE SA, 383, CHÁCARA SANTANA, 05831-030","equipment_type":"Unidade Básica de Saúde","administrative_sphere":"Municipal","included_in_metrics":true,"exclusion_reason":null,"override_reason":null,"outside_boundary":false}},{"type":"Feature","geometry":{"type":"Point","coordinates":[-46.673331,-23.82152101]},"properties":{"id":"sp_geosampa_saude_ubs:equipamento_saude_ubs_posto_centro.120600","source_id":"sp_geosampa_saude_ubs","name":"UBS CHACARA SANTO AMARO","name_derived":false,"category":"health_ubs","subcategory":null,"geometry_type":"Point","address":"R. LUIZ CARLOS DE ALMEIDA, 51, CHACARA SANTO AMARO, 04875-120","equipment_type":"Unidade Básica de Saúde","administrative_sphere":"Municipal","included_in_metrics":true,"exclusion_reason":null,"override_reason":null,"outside_boundary":false}},{"type":"Feature","geometry":{"type":"Point","coordinates":[-46.699055,-23.63534702]},"properties":{"id":"sp_geosampa_saude_ubs:equipamento_saude_ubs_posto_centro.120601","source_id":"sp_geosampa_saude_ubs","name":"UBS CHÁCARA SANTO ANTONIO - DR. MARCILIO DE ARRUDA PENTEADO FILHO","name_derived":false,"category":"health_ubs","subcategory":null,"geometry_type":"Point","address":"R. ALEXANDRE DUMAS, 719, CHÁCARA SANTO ANTONIO, 04717-000","equipment_type":"Unidade Básica de Saúde","administrative_sphere":"Municipal","included_in_metrics":true,"exclusion_reason":null,"override_reason":null,"outside_boundary":false}},{"type":"Feature","geometry":{"type":"Point","coordinates":[-46.63771,-23.49449301]},"properties":{"id":"sp_geosampa_saude_ubs:equipamento_saude_ubs_posto_centro.120602","source_id":"sp_geosampa_saude_ubs","name":"UBS CHORA MENINO","name_derived":false,"category":"health_ubs","subcategory":null,"geometry_type":"Point","address":"R. COPACABANA, 185, SANTA TEREZINHA, 02461-000","equipment_type":"Unidade Básica de Saúde","administrative_sphere":"Municipal","included_in_metrics":true,"exclusion_reason":null,"override_reason":null,"outside_boundary":false}},{"type":"Feature","geometry":{"type":"Point","coordinates":[-46.764792,-23.72034302]},"properties":{"id":"sp_geosampa_saude_ubs:equipamento_saude_ubs_posto_centro.120603","source_id":"sp_geosampa_saude_ubs","name":"UBS CIDADE IPAVA","name_derived":false,"category":"health_ubs","subcategory":null,"geometry_type":"Point","address":"AV. TAQUANDAVA, 31, CIDADE IPAVA, 04950-000","equipment_type":"Unidade Básica de Saúde","administrative_sphere":"Municipal","included_in_metrics":true,"exclusion_reason":null,"override_reason":null,"outside_boundary":false}},{"type":"Feature","geometry":{"type":"Point","coordinates":[-46.64045,-23.69108402]},"properties":{"id":"sp_geosampa_saude_ubs:equipamento_saude_ubs_posto_centro.120604","source_id":"sp_geosampa_saude_ubs","name":"UBS CIDADE JULIA","name_derived":false,"category":"health_ubs","subcategory":null,"geometry_type":"Point","address":"R. PASCOAL GRIECO, 366, CIDADE JULIA, 04421-150","equipment_type":"Unidade Básica de Saúde","administrative_sphere":"Municipal","included_in_metrics":true,"exclusion_reason":null,"override_reason":null,"outside_boundary":false}},{"type":"Feature","geometry":{"type":"Point","coordinates":[-46.366966,-23.50419301]},"properties":{"id":"sp_geosampa_saude_ubs:equipamento_saude_ubs_posto_centro.120605","source_id":"sp_geosampa_saude_ubs","name":"UBS CIDADE KEMEL","name_derived":false,"category":"health_ubs","subcategory":null,"geometry_type":"Point","address":"AV. KEMEL ADDAS, 1031, CIDADE KEMEL, 08131-220","equipment_type":"Unidade Básica de Saúde","administrative_sphere":"Municipal","included_in_metrics":true,"exclusion_reason":null,"override_reason":null,"outside_boundary":false}},{"type":"Feature","geometry":{"type":"Point","coordinates":[-46.465023,-23.55418001]},"properties":{"id":"sp_geosampa_saude_ubs:equipamento_saude_ubs_posto_centro.120606","source_id":"sp_geosampa_saude_ubs","name":"UBS CIDADE LIDER","name_derived":false,"category":"health_ubs","subcategory":null,"geometry_type":"Point","address":"AV. DR FRANCISCO MUNHOZ FILHO, 379, CIDADE LIDER, 08280-000","equipment_type":"Unidade Básica de Saúde","administrative_sphere":"Municipal","included_in_metrics":true,"exclusion_reason":null,"override_reason":null,"outside_boundary":false}},{"type":"Feature","geometry":{"type":"Point","coordinates":[-46.431919,-23.50363902]},"properties":{"id":"sp_geosampa_saude_ubs:equipamento_saude_ubs_posto_centro.120607","source_id":"sp_geosampa_saude_ubs","name":"UBS CIDADE NOVA SÃO MIGUEL","name_derived":false,"category":"health_ubs","subcategory":null,"geometry_type":"Point","address":"R. MOHAMED IBRAHIN SALEH, 828, CIDADE NOVA SAO MIGU, 08042-130","equipment_type":"Unidade Básica de Saúde","administrative_sphere":"Municipal","included_in_metrics":true,"exclusion_reason":null,"override_reason":null,"outside_boundary":false}},{"type":"Feature","geometry":{"type":"Point","coordinates":[-46.503497,-23.53617401]},"properties":{"id":"sp_geosampa_saude_ubs:equipamento_saude_ubs_posto_centro.120608","source_id":"sp_geosampa_saude_ubs","name":"UBS CIDADE PATRIARCA - DR HERMENEGILDO MORBIN JUNIOR","name_derived":false,"category":"health_ubs","subcategory":null,"geometry_type":"Point","address":"R. DR FREDERICO BROTERO, 22, CIDADE PATRIARCA, 03552-080","equipment_type":"Unidade Básica de Saúde","administrative_sphere":"Municipal","included_in_metrics":true,"exclusion_reason":null,"override_reason":null,"outside_boundary":false}},{"type":"Feature","geometry":{"type":"Point","coordinates":[-46.462421,-23.50099002]},"properties":{"id":"sp_geosampa_saude_ubs:equipamento_saude_ubs_posto_centro.120609","source_id":"sp_geosampa_saude_ubs","name":"UBS CIDADE PEDRO JOSE NUNES","name_derived":false,"category":"health_ubs","subcategory":null,"geometry_type":"Point","address":"R. JOSE BARGAS, 143, JD PEDRO JOSE NUNES, 08061-020","equipment_type":"Unidade Básica de Saúde","administrative_sphere":"Municipal","included_in_metrics":true,"exclusion_reason":null,"override_reason":null,"outside_boundary":false}},{"type":"Feature","geometry":{"type":"Point","coordinates":[-46.463679,-23.61174202]},"properties":{"id":"sp_geosampa_saude_ubs:equipamento_saude_ubs_posto_centro.120610","source_id":"sp_geosampa_saude_ubs","name":"UBS CIDADE SATELITE - SANTA BARBARA","name_derived":false,"category":"health_ubs","subcategory":null,"geometry_type":"Point","address":"R. SOL, 45, CIDADE SATÉLITE STA. BARBARA, 08330-360","equipment_type":"Unidade Básica de Saúde","administrative_sphere":"Municipal","included_in_metrics":true,"exclusion_reason":null,"override_reason":null,"outside_boundary":false}},{"type":"Feature","geometry":{"type":"Point","coordinates":[-46.406914,-23.58691902]},"properties":{"id":"sp_geosampa_saude_ubs:equipamento_saude_ubs_posto_centro.120611","source_id":"sp_geosampa_saude_ubs","name":"UBS CIDADE TIRADENTES - LUIS MARANHÃO","name_derived":false,"category":"health_ubs","subcategory":null,"geometry_type":"Point","address":"R. DOS TÊXTEIS, 512, CIDADE TIRADENTES, 08490-600","equipment_type":"Unidade Básica de Saúde","administrative_sphere":"Municipal","included_in_metrics":true,"exclusion_reason":null,"override_reason":null,"outside_boundary":false}},{"type":"Feature","geometry":{"type":"Point","coordinates":[-46.734152,-23.44177102]},"properties":{"id":"sp_geosampa_saude_ubs:equipamento_saude_ubs_posto_centro.120612","source_id":"sp_geosampa_saude_ubs","name":"UBS CITY JARAGUA","name_derived":false,"category":"health_ubs","subcategory":null,"geometry_type":"Point","address":"ESTRADA DE TAIPAS (ESQ. RUA PAULO ARENTINO), 1648, JARAGUÁ, 02991-000","equipment_type":"Unidade Básica de Saúde","administrative_sphere":"Municipal","included_in_metrics":true,"exclusion_reason":null,"override_reason":null,"outside_boundary":false}},{"type":"Feature","geometry":{"type":"Point","coordinates":[-46.695318,-23.85037802]},"properties":{"id":"sp_geosampa_saude_ubs:equipamento_saude_ubs_posto_centro.120613","source_id":"sp_geosampa_saude_ubs","name":"UBS COLONIA","name_derived":false,"category":"health_ubs","subcategory":null,"geometry_type":"Point","address":"R. NOSSA SENHORA APARECIDA, 342, COLONIA PAULISTA, 04892-230","equipment_type":"Unidade Básica de Saúde","administrative_sphere":"Municipal","included_in_metrics":true,"exclusion_reason":null,"override_reason":null,"outside_boundary":false}},{"type":"Feature","geometry":{"type":"Point","coordinates":[-46.459708,-23.52615902]},"properties":{"id":"sp_geosampa_saude_ubs:equipamento_saude_ubs_posto_centro.120614","source_id":"sp_geosampa_saude_ubs","name":"UBS CONJUNTO AE CARVALHO","name_derived":false,"category":"health_ubs","subcategory":null,"geometry_type":"Point","address":"R. CORRE CORRE, 30, ITAQUERA, 08225-550","equipment_type":"Unidade Básica de Saúde","administrative_sphere":"Municipal","included_in_metrics":true,"exclusion_reason":null,"override_reason":null,"outside_boundary":false}},{"type":"Feature","geometry":{"type":"Point","coordinates":[-46.605088,-23.46501301]},"properties":{"id":"sp_geosampa_saude_ubs:equipamento_saude_ubs_posto_centro.120615","source_id":"sp_geosampa_saude_ubs","name":"UBS CONJUNTO DO IPESP","name_derived":false,"category":"health_ubs","subcategory":null,"geometry_type":"Point","address":"AV. PROFª. VIRGILIA RODRIGUES A. C. PINTO, 555, JARDIM LEONOR MENDES DE BARROS, 02346-000","equipment_type":"Unidade Básica de Saúde","administrative_sphere":"Municipal","included_in_metrics":true,"exclusion_reason":null,"override_reason":null,"outside_boundary":false}},{"type":"Feature","geometry":{"type":"Point","coordinates":[-46.514019,-23.51263502]},"properties":{"id":"sp_geosampa_saude_ubs:equipamento_saude_ubs_posto_centro.120616","source_id":"sp_geosampa_saude_ubs","name":"UBS COSTA MELO","name_derived":false,"category":"health_ubs","subcategory":null,"geometry_type":"Point","address":"R. LUIS ASSON, 165, VL MONTEVIDEO, 03624-010","equipment_type":"Unidade Básica de Saúde","administrative_sphere":"Municipal","included_in_metrics":true,"exclusion_reason":null,"override_reason":null,"outside_boundary":false}},{"type":"Feature","geometry":{"type":"Point","coordinates":[-46.703152,-23.48367902]},"properties":{"id":"sp_geosampa_saude_ubs:equipamento_saude_ubs_posto_centro.120617","source_id":"sp_geosampa_saude_ubs","name":"UBS CRUZ DAS ALMAS","name_derived":false,"category":"health_ubs","subcategory":null,"geometry_type":"Point","address":"R. PADRE FELICIANO DOMINGOS, 90, FREGUESIA DO Ó, 02965-140","equipment_type":"Unidade Básica de Saúde","administrative_sphere":"Municipal","included_in_metrics":true,"exclusion_reason":null,"override_reason":null,"outside_boundary":false}},{"type":"Feature","geometry":{"type":"Point","coordinates":[-46.662108,-23.64811102]},"properties":{"id":"sp_geosampa_saude_ubs:equipamento_saude_ubs_posto_centro.120618","source_id":"sp_geosampa_saude_ubs","name":"UBS CUPECÊ - DR. WALDOMIRO PREGNOLATTO","name_derived":false,"category":"health_ubs","subcategory":null,"geometry_type":"Point","address":"AV. SANTA CATARINA, 1523, VL SANTA CATARINA, 04378-300","equipment_type":"Unidade Básica de Saúde","administrative_sphere":"Municipal","included_in_metrics":true,"exclusion_reason":null,"override_reason":null,"outside_boundary":false}},{"type":"Feature","geometry":{"type":"Point","coordinates":[-46.383071,-23.58044502]},"properties":{"id":"sp_geosampa_saude_ubs:equipamento_saude_ubs_posto_centro.120619","source_id":"sp_geosampa_saude_ubs","name":"UBS DOM ANGELICO","name_derived":false,"category":"health_ubs","subcategory":null,"geometry_type":"Point","address":"ESTRADA MANOEL OLIVEIRA RAMOS, 1, CIDADE TIRADENTES, 08473-000","equipment_type":"Unidade Básica de Saúde","administrative_sphere":"Municipal","included_in_metrics":true,"exclusion_reason":null,"override_reason":null,"outside_boundary":false}},{"type":"Feature","geometry":{"type":"Point","coordinates":[-46.399815,-23.52279501]},"properties":{"id":"sp_geosampa_saude_ubs:equipamento_saude_ubs_posto_centro.120620","source_id":"sp_geosampa_saude_ubs","name":"UBS DOM JOÃO NERY","name_derived":false,"category":"health_ubs","subcategory":null,"geometry_type":"Point","address":"ESTRADA DOM JOAO NERY, 3462, JD NAZARE, 08151-000","equipment_type":"Unidade Básica de Saúde","administrative_sphere":"Municipal","included_in_metrics":true,"exclusion_reason":null,"override_reason":null,"outside_boundary":false}},{"type":"Feature","geometry":{"type":"Point","coordinates":[-46.721269,-23.47031001]},"properties":{"id":"sp_geosampa_saude_ubs:equipamento_saude_ubs_posto_centro.120621","source_id":"sp_geosampa_saude_ubs","name":"UBS DOMINGOS MANTELLI","name_derived":false,"category":"health_ubs","subcategory":null,"geometry_type":"Point","address":"R. POVOADO DO RIO NOVO, 1778, PIRITUBA, 02956-020","equipment_type":"Unidade Básica de Saúde","administrative_sphere":"Municipal","included_in_metrics":true,"exclusion_reason":null,"override_reason":null,"outside_boundary":false}},{"type":"Feature","geometry":{"type":"Point","coordinates":[-46.677682,-23.49822802]},"properties":{"id":"sp_geosampa_saude_ubs:equipamento_saude_ubs_posto_centro.120622","source_id":"sp_geosampa_saude_ubs","name":"UBS DONA ADELAIDE LOPES","name_derived":false,"category":"health_ubs","subcategory":null,"geometry_type":"Point","address":"AV. CLAVÁSIO ALVES DA SILVA, 683, VILA SIQUEIRA, 02722-030","equipment_type":"Unidade Básica de Saúde","administrative_sphere":"Municipal","included_in_metrics":true,"exclusion_reason":null,"override_reason":null,"outside_boundary":false}},{"type":"Feature","geometry":{"type":"Point","coordinates":[-46.622647,-23.46098402]},"properties":{"id":"sp_geosampa_saude_ubs:equipamento_saude_ubs_posto_centro.120623","source_id":"sp_geosampa_saude_ubs","name":"UBS DONA MARIQUINHA SCIASCIA","name_derived":false,"category":"health_ubs","subcategory":null,"geometry_type":"Point","address":"R. DR JOSÉ VICENTE, 39, TREMEMBÉ, 02370-080","equipment_type":"Unidade Básica de Saúde","administrative_sphere":"Municipal","included_in_metrics":true,"exclusion_reason":null,"override_reason":null,"outside_boundary":false}},{"type":"Feature","geometry":{"type":"Point","coordinates":[-46.500242,-23.54727002]},"properties":{"id":"sp_geosampa_saude_ubs:equipamento_saude_ubs_posto_centro.120624","source_id":"sp_geosampa_saude_ubs","name":"UBS DR ANTONIO PIRES FERREIRA VILLALOBO","name_derived":false,"category":"health_ubs","subcategory":null,"geometry_type":"Point","address":"R. COELHO DE CASTRO, 95, VILA NHOCUNE, 03560-030","equipment_type":"Unidade Básica de Saúde","administrative_sphere":"Municipal","included_in_metrics":true,"exclusion_reason":null,"override_reason":null,"outside_boundary":false}},{"type":"Feature","geometry":{"type":"Point","coordinates":[-46.673908,-23.47033102]},"properties":{"id":"sp_geosampa_saude_ubs:equipamento_saude_ubs_posto_centro.120625","source_id":"sp_geosampa_saude_ubs","name":"UBS DR. AUGUSTO LEOPOLDO AYROSA GALVÃO","name_derived":false,"category":"health_ubs","subcategory":null,"geometry_type":"Point","address":"R. JOAQUINA MARIA DOS SANTOS, 198, VL RICA, 02860-110","equipment_type":"Unidade Básica de Saúde","administrative_sphere":"Municipal","included_in_metrics":true,"exclusion_reason":null,"override_reason":null,"outside_boundary":false}},{"type":"Feature","geometry":{"type":"Point","coordinates":[-46.606148,-23.63862901]},"properties":{"id":"sp_geosampa_saude_ubs:equipamento_saude_ubs_posto_centro.120626","source_id":"sp_geosampa_saude_ubs","name":"UBS DR. EDUARDO ROMANO RESCHILIAN","name_derived":false,"category":"health_ubs","subcategory":null,"geometry_type":"Point","address":"R. DR LAFAIETE DE SOUZA CAMARGO, 40, JARDIM CLIMAX, 04177-380","equipment_type":"Unidade Básica de Saúde","administrative_sphere":"Municipal","included_in_metrics":true,"exclusion_reason":null,"override_reason":null,"outside_boundary":false}},{"type":"Feature","geometry":{"type":"Point","coordinates":[-46.685298,-23.58742502]},"properties":{"id":"sp_geosampa_saude_ubs:equipamento_saude_ubs_posto_centro.120627","source_id":"sp_geosampa_saude_ubs","name":"UBS DR. JOSÉ DE BARROS MAGALDI","name_derived":false,"category":"health_ubs","subcategory":null,"geometry_type":"Point","address":"R. SALVADOR CARDOSO, 177, ITAIM BIBI, 04533-050","equipment_type":"Unidade Básica de Saúde","administrative_sphere":"Municipal","included_in_metrics":true,"exclusion_reason":null,"override_reason":null,"outside_boundary":false}},{"type":"Feature","geometry":{"type":"Point","coordinates":[-46.583222,-23.46103502]},"properties":{"id":"sp_geosampa_saude_ubs:equipamento_saude_ubs_posto_centro.120628","source_id":"sp_geosampa_saude_ubs","name":"UBS DR. JOSÉ TOLEDO PIZA","name_derived":false,"category":"health_ubs","subcategory":null,"geometry_type":"Point","address":"AV. ANTONIO CÉSAR NETO, 387, JAÇANÃ, 02276-000","equipment_type":"Unidade Básica de Saúde","administrative_sphere":"Municipal","included_in_metrics":true,"exclusion_reason":null,"override_reason":null,"outside_boundary":false}},{"type":"Feature","geometry":{"type":"Point","coordinates":[-46.691135,-23.55371601]},"properties":{"id":"sp_geosampa_saude_ubs:equipamento_saude_ubs_posto_centro.120629","source_id":"sp_geosampa_saude_ubs","name":"UBS DR. MANOEL JOAQUIM PÊRA","name_derived":false,"category":"health_ubs","subcategory":null,"geometry_type":"Point","address":"R. PURPURINA, 280, VILA MADALENA, 05435-030","equipment_type":"Unidade Básica de Saúde","administrative_sphere":"Municipal","included_in_metrics":true,"exclusion_reason":null,"override_reason":null,"outside_boundary":false}},{"type":"Feature","geometry":{"type":"Point","coordinates":[-46.611415,-23.57053201]},"properties":{"id":"sp_geosampa_saude_ubs:equipamento_saude_ubs_posto_centro.120630","source_id":"sp_geosampa_saude_ubs","name":"UBS DR. OSWALDO MARASCA JUNIOR","name_derived":false,"category":"health_ubs","subcategory":null,"geometry_type":"Point","address":"AV. DOM PEDRO I, 594, IPIRANGA, 01552-000","equipment_type":"Unidade Básica de Saúde","administrative_sphere":"Municipal","included_in_metrics":true,"exclusion_reason":null,"override_reason":null,"outside_boundary":false}},{"type":"Feature","geometry":{"type":"Point","coordinates":[-46.711162,-23.74316402]},"properties":{"id":"sp_geosampa_saude_ubs:equipamento_saude_ubs_posto_centro.120631","source_id":"sp_geosampa_saude_ubs","name":"UBS DR. SÉRGIO CHADDAD","name_derived":false,"category":"health_ubs","subcategory":null,"geometry_type":"Point","address":"AV. CARLOS OBERHUBER, 659, VILA SÃO JOSE, 04836-130","equipment_type":"Unidade Básica de Saúde","administrative_sphere":"Municipal","included_in_metrics":true,"exclusion_reason":null,"override_reason":null,"outside_boundary":false}},{"type":"Feature","geometry":{"type":"Point","coordinates":[-46.663986,-23.50942801]},"properties":{"id":"sp_geosampa_saude_ubs:equipamento_saude_ubs_posto_centro.120632","source_id":"sp_geosampa_saude_ubs","name":"UBS DR. WALTER ELIAS - CASA VERDE BAIXA","name_derived":false,"category":"health_ubs","subcategory":null,"geometry_type":"Point","address":"R. MOURÃO VIEIRA, 11, CASA VERDE, 02518-020","equipment_type":"Unidade Básica de Saúde","administrative_sphere":"Municipal","included_in_metrics":true,"exclusion_reason":null,"override_reason":null,"outside_boundary":false}},{"type":"Feature","geometry":{"type":"Point","coordinates":[-46.659038,-23.47666701]},"properties":{"id":"sp_geosampa_saude_ubs:equipamento_saude_ubs_posto_centro.120633","source_id":"sp_geosampa_saude_ubs","name":"UBS DRA. ILZA WELTMAN HUTZLER","name_derived":false,"category":"health_ubs","subcategory":null,"geometry_type":"Point","address":"R. CORONEL WALFRIDO DE CARVALHO, 14, VILA ROQUE, 02472-190","equipment_type":"Unidade Básica de Saúde","administrative_sphere":"Municipal","included_in_metrics":true,"exclusion_reason":null,"override_reason":null,"outside_boundary":false}},{"type":"Feature","geometry":{"type":"Point","coordinates":[-46.67615476,-23.45183693]},"properties":{"id":"sp_geosampa_saude_ubs:equipamento_saude_ubs_posto_centro.120634","source_id":"sp_geosampa_saude_ubs","name":"UBS ELISA MARIA II - DR CAMILO CRISTOFARO MARTINS","name_derived":false,"category":"health_ubs","subcategory":null,"geometry_type":"Point","address":"AV. GENERAL PENHA BRASIL, 2651, JARDIM DOS FRANCOS, 02673-000","equipment_type":"Unidade Básica de Saúde","administrative_sphere":"Municipal","included_in_metrics":true,"exclusion_reason":null,"override_reason":null,"outside_boundary":false}},{"type":"Feature","geometry":{"type":"Point","coordinates":[-46.380366,-23.50248602]},"properties":{"id":"sp_geosampa_saude_ubs:equipamento_saude_ubs_posto_centro.120635","source_id":"sp_geosampa_saude_ubs","name":"UBS ENCOSTA NORTE - LUIZ JOSE SANTOS","name_derived":false,"category":"health_ubs","subcategory":null,"geometry_type":"Point","address":"R. RENATA AGONDI, 238, ITAIM PAULISTA, 08131-320","equipment_type":"Unidade Básica de Saúde","administrative_sphere":"Municipal","included_in_metrics":true,"exclusion_reason":null,"override_reason":null,"outside_boundary":false}},{"type":"Feature","geometry":{"type":"Point","coordinates":[-46.5172,-23.50031502]},"properties":{"id":"sp_geosampa_saude_ubs:equipamento_saude_ubs_posto_centro.120636","source_id":"sp_geosampa_saude_ubs","name":"UBS ENGENHEIRO GOULART - DR. JOSÉ PIRES","name_derived":false,"category":"health_ubs","subcategory":null,"geometry_type":"Point","address":"R. AUGUSTO CORREIA LEITE, 538, ENG. GOULART, 03726-100","equipment_type":"Unidade Básica de Saúde","administrative_sphere":"Municipal","included_in_metrics":true,"exclusion_reason":null,"override_reason":null,"outside_boundary":false}},{"type":"Feature","geometry":{"type":"Point","coordinates":[-46.550718,-23.51103802]},"properties":{"id":"sp_geosampa_saude_ubs:equipamento_saude_ubs_posto_centro.120637","source_id":"sp_geosampa_saude_ubs","name":"UBS ENGENHEIRO TRINDADE","name_derived":false,"category":"health_ubs","subcategory":null,"geometry_type":"Point","address":"AV. GABRIELA MISTRAL, 1168, ENG. TRINDADE, 03701-000","equipment_type":"Unidade Básica de Saúde","administrative_sphere":"Municipal","included_in_metrics":true,"exclusion_reason":null,"override_reason":null,"outside_boundary":false}},{"type":"Feature","geometry":{"type":"Point","coordinates":[-46.476551,-23.48897601]},"properties":{"id":"sp_geosampa_saude_ubs:equipamento_saude_ubs_posto_centro.120638","source_id":"sp_geosampa_saude_ubs","name":"UBS ERMELINO MATARAZZO","name_derived":false,"category":"health_ubs","subcategory":null,"geometry_type":"Point","address":"R. ANTONIO DE FREITAS TOLEDO, 185, ERMELINO MATARAZZO, 03809-060","equipment_type":"Unidade Básica de Saúde","administrative_sphere":"Municipal","included_in_metrics":true,"exclusion_reason":null,"override_reason":null,"outside_boundary":false}},{"type":"Feature","geometry":{"type":"Point","coordinates":[-46.493077,-23.62358702]},"properties":{"id":"sp_geosampa_saude_ubs:equipamento_saude_ubs_posto_centro.120639","source_id":"sp_geosampa_saude_ubs","name":"UBS FAZENDA DA JUTA I","name_derived":false,"category":"health_ubs","subcategory":null,"geometry_type":"Point","address":"TRAVESSA LEV LANDAU, 135, FAZENDA DA JUTA, 03977-740","equipment_type":"Unidade Básica de Saúde","administrative_sphere":"Municipal","included_in_metrics":true,"exclusion_reason":null,"override_reason":null,"outside_boundary":false}},{"type":"Feature","geometry":{"type":"Point","coordinates":[-46.487678,-23.62253602]},"properties":{"id":"sp_geosampa_saude_ubs:equipamento_saude_ubs_posto_centro.120640","source_id":"sp_geosampa_saude_ubs","name":"UBS FAZENDA DA JUTA II","name_derived":false,"category":"health_ubs","subcategory":null,"geometry_type":"Point","address":"R. AUGUSTIN LUBERTI, 1102, FAZENDA DA JUTA, 03977-409","equipment_type":"Unidade Básica de Saúde","administrative_sphere":"Municipal","included_in_metrics":true,"exclusion_reason":null,"override_reason":null,"outside_boundary":false}},{"type":"Feature","geometry":{"type":"Point","coordinates":[-46.391658,-23.59794402]},"properties":{"id":"sp_geosampa_saude_ubs:equipamento_saude_ubs_posto_centro.120641","source_id":"sp_geosampa_saude_ubs","name":"UBS FERROVIÁRIOS","name_derived":false,"category":"health_ubs","subcategory":null,"geometry_type":"Point","address":"R. GONÇALVES NINA, 58, CIDADE TIRADENTES, 08470-610","equipment_type":"Unidade Básica de Saúde","administrative_sphere":"Municipal","included_in_metrics":true,"exclusion_reason":null,"override_reason":null,"outside_boundary":false}},{"type":"Feature","geometry":{"type":"Point","coordinates":[-46.666909,-23.73214502]},"properties":{"id":"sp_geosampa_saude_ubs:equipamento_saude_ubs_posto_centro.120642","source_id":"sp_geosampa_saude_ubs","name":"UBS GAIVOTAS","name_derived":false,"category":"health_ubs","subcategory":null,"geometry_type":"Point","address":"PASSAGEM D, S/N, JARDIM GAIVOTAS, 04849-345","equipment_type":"Unidade Básica de Saúde","administrative_sphere":"Municipal","included_in_metrics":true,"exclusion_reason":null,"override_reason":null,"outside_boundary":false}},{"type":"Feature","geometry":{"type":"Point","coordinates":[-46.448888,-23.58411002]},"properties":{"id":"sp_geosampa_saude_ubs:equipamento_saude_ubs_posto_centro.120643","source_id":"sp_geosampa_saude_ubs","name":"UBS GLEBA DO PÊSSEGO - VICENTE FIUZA DA COSTA","name_derived":false,"category":"health_ubs","subcategory":null,"geometry_type":"Point","address":"R. CONFISSÃO, 786, GLEBA DO PESSEGO, 08265-230","equipment_type":"Unidade Básica de Saúde","administrative_sphere":"Municipal","included_in_metrics":true,"exclusion_reason":null,"override_reason":null,"outside_boundary":false}},{"type":"Feature","geometry":{"type":"Point","coordinates":[-46.398901,-23.60890802]},"properties":{"id":"sp_geosampa_saude_ubs:equipamento_saude_ubs_posto_centro.120644","source_id":"sp_geosampa_saude_ubs","name":"UBS GRÁFICOS","name_derived":false,"category":"health_ubs","subcategory":null,"geometry_type":"Point","address":"R. FRANCISCO JOSE VIANA, 708, CIDADE TIRADENTES, 08471-530","equipment_type":"Unidade Básica de Saúde","administrative_sphere":"Municipal","included_in_metrics":true,"exclusion_reason":null,"override_reason":null,"outside_boundary":false}},{"type":"Feature","geometry":{"type":"Point","coordinates":[-46.41555,-23.54566602]},"properties":{"id":"sp_geosampa_saude_ubs:equipamento_saude_ubs_posto_centro.120645","source_id":"sp_geosampa_saude_ubs","name":"UBS GUAIANASES II","name_derived":false,"category":"health_ubs","subcategory":null,"geometry_type":"Point","address":"R. COMANDANTE CARLOS RUHL, 189, GUAIANASES, 08410-120","equipment_type":"Unidade Básica de Saúde","administrative_sphere":"Municipal","included_in_metrics":true,"exclusion_reason":null,"override_reason":null,"outside_boundary":false}},{"type":"Feature","geometry":{"type":"Point","coordinates":[-46.409432,-23.54353802]},"properties":{"id":"sp_geosampa_saude_ubs:equipamento_saude_ubs_posto_centro.120646","source_id":"sp_geosampa_saude_ubs","name":"UBS GUAIANAZES","name_derived":false,"category":"health_ubs","subcategory":null,"geometry_type":"Point","address":"R. PROFESSOR COSME DEODATO TADEU, 90, GUAIANASES, 08450-380","equipment_type":"Unidade Básica de Saúde","administrative_sphere":"Municipal","included_in_metrics":true,"exclusion_reason":null,"override_reason":null,"outside_boundary":false}},{"type":"Feature","geometry":{"type":"Point","coordinates":[-46.636674,-23.63374201]},"properties":{"id":"sp_geosampa_saude_ubs:equipamento_saude_ubs_posto_centro.120647","source_id":"sp_geosampa_saude_ubs","name":"UBS GUARANI VARGAS - ARNALDO FARIA DE SÁ","name_derived":false,"category":"health_ubs","subcategory":null,"geometry_type":"Point","address":"AV. DIEDERICHSEN, 1338, CIDADE VARGAS, 04310-000","equipment_type":"Unidade Básica de Saúde","administrative_sphere":"Municipal","included_in_metrics":true,"exclusion_reason":null,"override_reason":null,"outside_boundary":false}},{"type":"Feature","geometry":{"type":"Point","coordinates":[-46.582401,-23.61094202]},"properties":{"id":"sp_geosampa_saude_ubs:equipamento_saude_ubs_posto_centro.120648","source_id":"sp_geosampa_saude_ubs","name":"UBS HELIOPOLIS","name_derived":false,"category":"health_ubs","subcategory":null,"geometry_type":"Point","address":"AV. ALMIRANTE DELAMARE, 3033, CIDADE NOVA HELIOPOLIS, 04230-040","equipment_type":"Unidade Básica de Saúde","administrative_sphere":"Municipal","included_in_metrics":true,"exclusion_reason":null,"override_reason":null,"outside_boundary":false}},{"type":"Feature","geometry":{"type":"Point","coordinates":[-46.779172,-23.74636902]},"properties":{"id":"sp_geosampa_saude_ubs:equipamento_saude_ubs_posto_centro.120649","source_id":"sp_geosampa_saude_ubs","name":"UBS HORIZONTE AZUL","name_derived":false,"category":"health_ubs","subcategory":null,"geometry_type":"Point","address":"R. ALBERGATI CAPACELLI, 2200, HORIZONTE AZUL, 04963-000","equipment_type":"Unidade Básica de Saúde","administrative_sphere":"Municipal","included_in_metrics":true,"exclusion_reason":null,"override_reason":null,"outside_boundary":false}},{"type":"Feature","geometry":{"type":"Point","coordinates":[-46.629735,-23.46181701]},"properties":{"id":"sp_geosampa_saude_ubs:equipamento_saude_ubs_posto_centro.120650","source_id":"sp_geosampa_saude_ubs","name":"UBS HORTO FLORESTAL","name_derived":false,"category":"health_ubs","subcategory":null,"geometry_type":"Point","address":"R. LUIS CARLOS GENTILE DE LAET X R. DO HORTO, 603, HORTO FLORESTAL, 02378-000","equipment_type":"Unidade Básica de Saúde","administrative_sphere":"Municipal","included_in_metrics":true,"exclusion_reason":null,"override_reason":null,"outside_boundary":false}},{"type":"Feature","geometry":{"type":"Point","coordinates":[-46.641943,-23.55722302]},"properties":{"id":"sp_geosampa_saude_ubs:equipamento_saude_ubs_posto_centro.120651","source_id":"sp_geosampa_saude_ubs","name":"UBS HUMAITÁ - DR. JOÃO DE AZEVEDO LAGE","name_derived":false,"category":"health_ubs","subcategory":null,"geometry_type":"Point","address":"R. HUMAITÁ, 520, BELA VISTA, 01321-010","equipment_type":"Unidade Básica de Saúde","administrative_sphere":"Municipal","included_in_metrics":true,"exclusion_reason":null,"override_reason":null,"outside_boundary":false}},{"type":"Feature","geometry":{"type":"Point","coordinates":[-46.509843,-23.61048901]},"properties":{"id":"sp_geosampa_saude_ubs:equipamento_saude_ubs_posto_centro.120652","source_id":"sp_geosampa_saude_ubs","name":"UBS IAÇAPE - JARDIM PLANALTO","name_derived":false,"category":"health_ubs","subcategory":null,"geometry_type":"Point","address":"R. IAÇAPÉ, 302, PARQUE SANTA MADALENA, 03983-090","equipment_type":"Unidade Básica de Saúde","administrative_sphere":"Municipal","included_in_metrics":true,"exclusion_reason":null,"override_reason":null,"outside_boundary":false}},{"type":"Feature","geometry":{"type":"Point","coordinates":[-46.522875,-23.61297101]},"properties":{"id":"sp_geosampa_saude_ubs:equipamento_saude_ubs_posto_centro.120653","source_id":"sp_geosampa_saude_ubs","name":"UBS IGUAÇU - MARIA JOSE MARIANO DA SILVA","name_derived":false,"category":"health_ubs","subcategory":null,"geometry_type":"Point","address":"AV. DO ORATÓRIO, 6557, VL INDUSTRIAL, 03221-300","equipment_type":"Unidade Básica de Saúde","administrative_sphere":"Municipal","included_in_metrics":true,"exclusion_reason":null,"override_reason":null,"outside_boundary":false}},{"type":"Feature","geometry":{"type":"Point","coordinates":[-46.391778,-23.57650201]},"properties":{"id":"sp_geosampa_saude_ubs:equipamento_saude_ubs_posto_centro.120654","source_id":"sp_geosampa_saude_ubs","name":"UBS INACIO MONTEIRO","name_derived":false,"category":"health_ubs","subcategory":null,"geometry_type":"Point","address":"R. INÁCIO MONTEIRO, 3002, CIDADE TIRADENTES, 08490-000","equipment_type":"Unidade Básica de Saúde","administrative_sphere":"Municipal","included_in_metrics":true,"exclusion_reason":null,"override_reason":null,"outside_boundary":false}},{"type":"Feature","geometry":{"type":"Point","coordinates":[-46.6654,-23.61421201]},"properties":{"id":"sp_geosampa_saude_ubs:equipamento_saude_ubs_posto_centro.120655","source_id":"sp_geosampa_saude_ubs","name":"UBS INDIANÓPOLIS - SIGMUND FREUD","name_derived":false,"category":"health_ubs","subcategory":null,"geometry_type":"Point","address":"AV. DOS CARINÁS, 525, MOEMA, 04086-011","equipment_type":"Unidade Básica de Saúde","administrative_sphere":"Municipal","included_in_metrics":true,"exclusion_reason":null,"override_reason":null,"outside_boundary":false}},{"type":"Feature","geometry":{"type":"Point","coordinates":[-46.709725,-23.44660401]},"properties":{"id":"sp_geosampa_saude_ubs:equipamento_saude_ubs_posto_centro.120656","source_id":"sp_geosampa_saude_ubs","name":"UBS INTERATIVA","name_derived":false,"category":"health_ubs","subcategory":null,"geometry_type":"Point","address":"R. INTERATIVA, 105, VILA BRASILÂNDIA, 02820-020","equipment_type":"Unidade Básica de Saúde","administrative_sphere":"Municipal","included_in_metrics":true,"exclusion_reason":null,"override_reason":null,"outside_boundary":false}},{"type":"Feature","geometry":{"type":"Point","coordinates":[-46.400608,-23.49455701]},"properties":{"id":"sp_geosampa_saude_ubs:equipamento_saude_ubs_posto_centro.120657","source_id":"sp_geosampa_saude_ubs","name":"UBS ITAIM PAULISTA - DR. JÚLIO DE GOUVEIA","name_derived":false,"category":"health_ubs","subcategory":null,"geometry_type":"Point","address":"PRAÇA MAJOR JOSE LEVY SOBRINHO, 139, ITAIM PAULISTA, 08110-460","equipment_type":"Unidade Básica de Saúde","administrative_sphere":"Municipal","included_in_metrics":true,"exclusion_reason":null,"override_reason":null,"outside_boundary":false}},{"type":"Feature","geometry":{"type":"Point","coordinates":[-46.455397,-23.53945602]},"properties":{"id":"sp_geosampa_saude_ubs:equipamento_saude_ubs_posto_centro.120658","source_id":"sp_geosampa_saude_ubs","name":"UBS ITAQUERA","name_derived":false,"category":"health_ubs","subcategory":null,"geometry_type":"Point","address":"R. AMÉRICO SALVADOR NOVELLI, 265, ITAQUERA, 08210-090","equipment_type":"Unidade Básica de Saúde","administrative_sphere":"Municipal","included_in_metrics":true,"exclusion_reason":null,"override_reason":null,"outside_boundary":false}},{"type":"Feature","geometry":{"type":"Point","coordinates":[-46.583072,-23.47582501]},"properties":{"id":"sp_geosampa_saude_ubs:equipamento_saude_ubs_posto_centro.120659","source_id":"sp_geosampa_saude_ubs","name":"UBS JAÇANÃ - DR. SEBASTIÃO GABRIEL SAYAGO DE LAET","name_derived":false,"category":"health_ubs","subcategory":null,"geometry_type":"Point","address":"R. SÃO GERALDINO, 222, VILA CONSTÂNÇA, 02258-220","equipment_type":"Unidade Básica de Saúde","administrative_sphere":"Municipal","included_in_metrics":true,"exclusion_reason":null,"override_reason":null,"outside_boundary":false}},{"type":"Feature","geometry":{"type":"Point","coordinates":[-46.410341,-23.50475602]},"properties":{"id":"sp_geosampa_saude_ubs:equipamento_saude_ubs_posto_centro.120660","source_id":"sp_geosampa_saude_ubs","name":"UBS JARAGUÁ","name_derived":false,"category":"health_ubs","subcategory":null,"geometry_type":"Point","address":"R. DOMINGUES VIDIGAL, 97, VILA CURUÇÁ, 08160-350","equipment_type":"Unidade Básica de Saúde","administrative_sphere":"Municipal","included_in_metrics":true,"exclusion_reason":null,"override_reason":null,"outside_boundary":false}},{"type":"Feature","geometry":{"type":"Point","coordinates":[-46.67007416,-23.63132657]},"properties":{"id":"sp_geosampa_saude_ubs:equipamento_saude_ubs_posto_centro.120661","source_id":"sp_geosampa_saude_ubs","name":"UBS JARDIM AEROPORTO - DR. MASSAKI UDIHARA","name_derived":false,"category":"health_ubs","subcategory":null,"geometry_type":"Point","address":"R. VIAZA, 45, JARDIM AEROPORTO, 04633-050","equipment_type":"Unidade Básica de Saúde","administrative_sphere":"Municipal","included_in_metrics":true,"exclusion_reason":null,"override_reason":null,"outside_boundary":false}},{"type":"Feature","geometry":{"type":"Point","coordinates":[-46.65709325,-23.45458439]},"properties":{"id":"sp_geosampa_saude_ubs:equipamento_saude_ubs_posto_centro.120662","source_id":"sp_geosampa_saude_ubs","name":"UBS JARDIM ANTARTICA","name_derived":false,"category":"health_ubs","subcategory":null,"geometry_type":"Point","address":"R. SOLAR, 400, JARDIM PERI, 02652-160","equipment_type":"Unidade Básica de Saúde","administrative_sphere":"Municipal","included_in_metrics":true,"exclusion_reason":null,"override_reason":null,"outside_boundary":false}},{"type":"Feature","geometry":{"type":"Point","coordinates":[-46.585677,-23.45261702]},"properties":{"id":"sp_geosampa_saude_ubs:equipamento_saude_ubs_posto_centro.120663","source_id":"sp_geosampa_saude_ubs","name":"UBS JARDIM APUANÃ - JOÃO KOCH","name_derived":false,"category":"health_ubs","subcategory":null,"geometry_type":"Point","address":"R. HUM (REF.:R.FILHOS DA TERRA), 19, JARDIM APUANA, 02325-530","equipment_type":"Unidade Básica de Saúde","administrative_sphere":"Municipal","included_in_metrics":true,"exclusion_reason":null,"override_reason":null,"outside_boundary":false}},{"type":"Feature","geometry":{"type":"Point","coordinates":[-46.653086,-23.71072702]},"properties":{"id":"sp_geosampa_saude_ubs:equipamento_saude_ubs_posto_centro.120664","source_id":"sp_geosampa_saude_ubs","name":"UBS JARDIM APURÁ","name_derived":false,"category":"health_ubs","subcategory":null,"geometry_type":"Point","address":"R. DR DARI BARCELOS, 37, JARDIM APURA, 04470-170","equipment_type":"Unidade Básica de Saúde","administrative_sphere":"Municipal","included_in_metrics":true,"exclusion_reason":null,"override_reason":null,"outside_boundary":false}},{"type":"Feature","geometry":{"type":"Point","coordinates":[-46.768048,-23.71977902]},"properties":{"id":"sp_geosampa_saude_ubs:equipamento_saude_ubs_posto_centro.120665","source_id":"sp_geosampa_saude_ubs","name":"UBS JARDIM ARACATI","name_derived":false,"category":"health_ubs","subcategory":null,"geometry_type":"Point","address":"R. FANCISCO HOMEM DEL REI, 87, JD ARACATI, 04949-070","equipment_type":"Unidade Básica de Saúde","administrative_sphere":"Municipal","included_in_metrics":true,"exclusion_reason":null,"override_reason":null,"outside_boundary":false}},{"type":"Feature","geometry":{"type":"Point","coordinates":[-46.417627,-23.53643301]},"properties":{"id":"sp_geosampa_saude_ubs:equipamento_saude_ubs_posto_centro.120666","source_id":"sp_geosampa_saude_ubs","name":"UBS JARDIM AURORA","name_derived":false,"category":"health_ubs","subcategory":null,"geometry_type":"Point","address":"AV. CLAUDIO DA COSTA, 54, GUAIANASES, 08431-160","equipment_type":"Unidade Básica de Saúde","administrative_sphere":"Municipal","included_in_metrics":true,"exclusion_reason":null,"override_reason":null,"outside_boundary":false}},{"type":"Feature","geometry":{"type":"Point","coordinates":[-46.392748,-23.54244201]},"properties":{"id":"sp_geosampa_saude_ubs:equipamento_saude_ubs_posto_centro.120667","source_id":"sp_geosampa_saude_ubs","name":"UBS JARDIM BANDEIRANTES","name_derived":false,"category":"health_ubs","subcategory":null,"geometry_type":"Point","address":"R. PACHECO ARANHA, 4, GUAIANASES, 08451-410","equipment_type":"Unidade Básica de Saúde","administrative_sphere":"Municipal","included_in_metrics":true,"exclusion_reason":null,"override_reason":null,"outside_boundary":false}},{"type":"Feature","geometry":{"type":"Point","coordinates":[-46.791236,-23.58411601]},"properties":{"id":"sp_geosampa_saude_ubs:equipamento_saude_ubs_posto_centro.120668","source_id":"sp_geosampa_saude_ubs","name":"UBS JARDIM BOA VISTA","name_derived":false,"category":"health_ubs","subcategory":null,"geometry_type":"Point","address":"R. CANDIDO FONTOURA, 620, JD BOA VISTA, 05583-070","equipment_type":"Unidade Básica de Saúde","administrative_sphere":"Municipal","included_in_metrics":true,"exclusion_reason":null,"override_reason":null,"outside_boundary":false}},{"type":"Feature","geometry":{"type":"Point","coordinates":[-46.775536,-23.68343001]},"properties":{"id":"sp_geosampa_saude_ubs:equipamento_saude_ubs_posto_centro.120669","source_id":"sp_geosampa_saude_ubs","name":"UBS JARDIM CAIÇARA","name_derived":false,"category":"health_ubs","subcategory":null,"geometry_type":"Point","address":"R. SERAFIM ALVARES, 46, JD CAIÇARA, 05871-370","equipment_type":"Unidade Básica de Saúde","administrative_sphere":"Municipal","included_in_metrics":true,"exclusion_reason":null,"override_reason":null,"outside_boundary":false}},{"type":"Feature","geometry":{"type":"Point","coordinates":[-46.385765,-23.50299101]},"properties":{"id":"sp_geosampa_saude_ubs:equipamento_saude_ubs_posto_centro.120670","source_id":"sp_geosampa_saude_ubs","name":"UBS JARDIM CAMARGO NOVO","name_derived":false,"category":"health_ubs","subcategory":null,"geometry_type":"Point","address":"R. BOIGUAÇU, 51, JARDIM CAMARGO NOVO, 08121-270","equipment_type":"Unidade Básica de Saúde","administrative_sphere":"Municipal","included_in_metrics":true,"exclusion_reason":null,"override_reason":null,"outside_boundary":false}},{"type":"Feature","geometry":{"type":"Point","coordinates":[-46.712544,-23.77160602]},"properties":{"id":"sp_geosampa_saude_ubs:equipamento_saude_ubs_posto_centro.120671","source_id":"sp_geosampa_saude_ubs","name":"UBS JARDIM CAMPINAS","name_derived":false,"category":"health_ubs","subcategory":null,"geometry_type":"Point","address":"R. DAS PLEIADES, 35, JD MARIA AMALIA, 04858-550","equipment_type":"Unidade Básica de Saúde","administrative_sphere":"Municipal","included_in_metrics":true,"exclusion_reason":null,"override_reason":null,"outside_boundary":false}},{"type":"Feature","geometry":{"type":"Point","coordinates":[-46.408978,-23.51234702]},"properties":{"id":"sp_geosampa_saude_ubs:equipamento_saude_ubs_posto_centro.120672","source_id":"sp_geosampa_saude_ubs","name":"UBS JARDIM CAMPOS","name_derived":false,"category":"health_ubs","subcategory":null,"geometry_type":"Point","address":"R. CRESCENTE, 97, ITAIM PAULISTA, 08160-080","equipment_type":"Unidade Básica de Saúde","administrative_sphere":"Municipal","included_in_metrics":true,"exclusion_reason":null,"override_reason":null,"outside_boundary":false}},{"type":"Feature","geometry":{"type":"Point","coordinates":[-46.456856,-23.61689702]},"properties":{"id":"sp_geosampa_saude_ubs:equipamento_saude_ubs_posto_centro.120673","source_id":"sp_geosampa_saude_ubs","name":"UBS JARDIM CARRÃOZINHO","name_derived":false,"category":"health_ubs","subcategory":null,"geometry_type":"Point","address":"R. MARCOS GONCALVES CORREIA, 25, JD VILA CARRÃO, 08340-320","equipment_type":"Unidade Básica de Saúde","administrative_sphere":"Municipal","included_in_metrics":true,"exclusion_reason":null,"override_reason":null,"outside_boundary":false}},{"type":"Feature","geometry":{"type":"Point","coordinates":[-46.741376,-23.65672602]},"properties":{"id":"sp_geosampa_saude_ubs:equipamento_saude_ubs_posto_centro.120674","source_id":"sp_geosampa_saude_ubs","name":"UBS JARDIM CELESTE","name_derived":false,"category":"health_ubs","subcategory":null,"geometry_type":"Point","address":"R. JOÃO FERNANDES CAMISA NOVA JR., 865, JD CELESTE, 05844-000","equipment_type":"Unidade Básica de Saúde","administrative_sphere":"Municipal","included_in_metrics":true,"exclusion_reason":null,"override_reason":null,"outside_boundary":false}},{"type":"Feature","geometry":{"type":"Point","coordinates":[-46.72098,-23.47762602]},"properties":{"id":"sp_geosampa_saude_ubs:equipamento_saude_ubs_posto_centro.120675","source_id":"sp_geosampa_saude_ubs","name":"UBS JARDIM CIDADE PIRITUBA","name_derived":false,"category":"health_ubs","subcategory":null,"geometry_type":"Point","address":"R. COMENDADOR FEIZ ZARZUR, 640, JARDIM CIDADE PIRITUBA, 02942-000","equipment_type":"Unidade Básica de Saúde","administrative_sphere":"Municipal","included_in_metrics":true,"exclusion_reason":null,"override_reason":null,"outside_boundary":false}},{"type":"Feature","geometry":{"type":"Point","coordinates":[-46.70575,-23.72351802]},"properties":{"id":"sp_geosampa_saude_ubs:equipamento_saude_ubs_posto_centro.120676","source_id":"sp_geosampa_saude_ubs","name":"UBS JARDIM CLIPER - ROCILDA SOARES ALVES SILVA","name_derived":false,"category":"health_ubs","subcategory":null,"geometry_type":"Point","address":"R. DR CARLOS PEZZOLO, S/N, PARQUE ESMERALDA, 04828-070","equipment_type":"Unidade Básica de Saúde","administrative_sphere":"Municipal","included_in_metrics":true,"exclusion_reason":null,"override_reason":null,"outside_boundary":false}},{"type":"Feature","geometry":{"type":"Point","coordinates":[-46.762626,-23.67867502]},"properties":{"id":"sp_geosampa_saude_ubs:equipamento_saude_ubs_posto_centro.120677","source_id":"sp_geosampa_saude_ubs","name":"UBS JARDIM COIMBRA","name_derived":false,"category":"health_ubs","subcategory":null,"geometry_type":"Point","address":"ESTRADA DO M BOI MIRIM, 3301, JD COIMBRA, 04905-023","equipment_type":"Unidade Básica de Saúde","administrative_sphere":"Municipal","included_in_metrics":true,"exclusion_reason":null,"override_reason":null,"outside_boundary":false}},{"type":"Feature","geometry":{"type":"Point","coordinates":[-46.727934,-23.60179702]},"properties":{"id":"sp_geosampa_saude_ubs:equipamento_saude_ubs_posto_centro.120678","source_id":"sp_geosampa_saude_ubs","name":"UBS JARDIM COLOMBO","name_derived":false,"category":"health_ubs","subcategory":null,"geometry_type":"Point","address":"R. FREI BONIFACIO DUX, 40, JARDIM COLOMBO, 05629-000","equipment_type":"Unidade Básica de Saúde","administrative_sphere":"Municipal","included_in_metrics":true,"exclusion_reason":null,"override_reason":null,"outside_boundary":false}},{"type":"Feature","geometry":{"type":"Point","coordinates":[-46.472024,-23.60190502]},"properties":{"id":"sp_geosampa_saude_ubs:equipamento_saude_ubs_posto_centro.120679","source_id":"sp_geosampa_saude_ubs","name":"UBS JARDIM COLONIAL","name_derived":false,"category":"health_ubs","subcategory":null,"geometry_type":"Point","address":"AV. JOSÉ RODRIGUES SANTARÉM, 464, JD COLONIAL, 03968-010","equipment_type":"Unidade Básica de Saúde","administrative_sphere":"Municipal","included_in_metrics":true,"exclusion_reason":null,"override_reason":null,"outside_boundary":false}},{"type":"Feature","geometry":{"type":"Point","coordinates":[-46.46371,-23.62649101]},"properties":{"id":"sp_geosampa_saude_ubs:equipamento_saude_ubs_posto_centro.120680","source_id":"sp_geosampa_saude_ubs","name":"UBS JARDIM COLORADO - DR. JOSÉ PIRES","name_derived":false,"category":"health_ubs","subcategory":null,"geometry_type":"Point","address":"R. DR JOSÉ DE ARAÚJO VIEIRA, 61, JARDIM RODOLFO PIRANI, 08310-240","equipment_type":"Unidade Básica de Saúde","administrative_sphere":"Municipal","included_in_metrics":true,"exclusion_reason":null,"override_reason":null,"outside_boundary":false}},{"type":"Feature","geometry":{"type":"Point","coordinates":[-46.77954,-23.67160801]},"properties":{"id":"sp_geosampa_saude_ubs:equipamento_saude_ubs_posto_centro.120681","source_id":"sp_geosampa_saude_ubs","name":"UBS JARDIM COMERCIAL","name_derived":false,"category":"health_ubs","subcategory":null,"geometry_type":"Point","address":"R. COSTA NOVA DO PRADO, 92, JARDIM COMERCIAL, 05885-190","equipment_type":"Unidade Básica de Saúde","administrative_sphere":"Municipal","included_in_metrics":true,"exclusion_reason":null,"override_reason":null,"outside_boundary":false}},{"type":"Feature","geometry":{"type":"Point","coordinates":[-46.457392,-23.56238002]},"properties":{"id":"sp_geosampa_saude_ubs:equipamento_saude_ubs_posto_centro.120682","source_id":"sp_geosampa_saude_ubs","name":"UBS JARDIM COPA - MATHILDE DE AQUINO DINIZ","name_derived":false,"category":"health_ubs","subcategory":null,"geometry_type":"Point","address":"R. PONTA DE LUCENA, 330, JARDIM MARABA, 08270-340","equipment_type":"Unidade Básica de Saúde","administrative_sphere":"Municipal","included_in_metrics":true,"exclusion_reason":null,"override_reason":null,"outside_boundary":false}},{"type":"Feature","geometry":{"type":"Point","coordinates":[-46.775112,-23.57601002]},"properties":{"id":"sp_geosampa_saude_ubs:equipamento_saude_ubs_posto_centro.120683","source_id":"sp_geosampa_saude_ubs","name":"UBS JARDIM D ABRIL","name_derived":false,"category":"health_ubs","subcategory":null,"geometry_type":"Point","address":"R. PAULO MARANHÃO, 444, JD D ABRIL, 05398-130","equipment_type":"Unidade Básica de Saúde","administrative_sphere":"Municipal","included_in_metrics":true,"exclusion_reason":null,"override_reason":null,"outside_boundary":false}},{"type":"Feature","geometry":{"type":"Point","coordinates":[-46.453102,-23.61289502]},"properties":{"id":"sp_geosampa_saude_ubs:equipamento_saude_ubs_posto_centro.120684","source_id":"sp_geosampa_saude_ubs","name":"UBS JARDIM DA CONQUISTA I","name_derived":false,"category":"health_ubs","subcategory":null,"geometry_type":"Point","address":"R. PERAMIRIM (ESQ. R. MARCOS GONÇALVES CORREIA), 1, VL BELA, 08340-500","equipment_type":"Unidade Básica de Saúde","administrative_sphere":"Municipal","included_in_metrics":true,"exclusion_reason":null,"override_reason":null,"outside_boundary":false}},{"type":"Feature","geometry":{"type":"Point","coordinates":[-46.444663,-23.60701002]},"properties":{"id":"sp_geosampa_saude_ubs:equipamento_saude_ubs_posto_centro.120685","source_id":"sp_geosampa_saude_ubs","name":"UBS JARDIM DA CONQUISTA II","name_derived":false,"category":"health_ubs","subcategory":null,"geometry_type":"Point","address":"TRAVESSA SOMOS TODOS IGUAIS, 915, JARDIM DA CONQUISTA, 08343-000","equipment_type":"Unidade Básica de Saúde","administrative_sphere":"Municipal","included_in_metrics":true,"exclusion_reason":null,"override_reason":null,"outside_boundary":false}},{"type":"Feature","geometry":{"type":"Point","coordinates":[-46.616326,-23.61282602]},"properties":{"id":"sp_geosampa_saude_ubs:equipamento_saude_ubs_posto_centro.120686","source_id":"sp_geosampa_saude_ubs","name":"UBS JARDIM DA SAÚDE - NEUSA ROSALIA MORALES","name_derived":false,"category":"health_ubs","subcategory":null,"geometry_type":"Point","address":"R. DOMINGOS DE ROGATIS, 187, JARDIM DA SAUDE, 04290-080","equipment_type":"Unidade Básica de Saúde","administrative_sphere":"Municipal","included_in_metrics":true,"exclusion_reason":null,"override_reason":null,"outside_boundary":false}},{"type":"Feature","geometry":{"type":"Point","coordinates":[-46.698773,-23.45147602]},"properties":{"id":"sp_geosampa_saude_ubs:equipamento_saude_ubs_posto_centro.120687","source_id":"sp_geosampa_saude_ubs","name":"UBS JARDIM DAMASCENO","name_derived":false,"category":"health_ubs","subcategory":null,"geometry_type":"Point","address":"R. GRUMIXA, 129, JARDIM DAMASCENO, 02879-200","equipment_type":"Unidade Básica de Saúde","administrative_sphere":"Municipal","included_in_metrics":true,"exclusion_reason":null,"override_reason":null,"outside_boundary":false}},{"type":"Feature","geometry":{"type":"Point","coordinates":[-46.462508,-23.51290601]},"properties":{"id":"sp_geosampa_saude_ubs:equipamento_saude_ubs_posto_centro.120688","source_id":"sp_geosampa_saude_ubs","name":"UBS JARDIM DAS CAMÉLIAS","name_derived":false,"category":"health_ubs","subcategory":null,"geometry_type":"Point","address":"AV. TRÊVO DE SANTA MARIA, 79, SÃO MIGUEL PAULISTA, 08050-570","equipment_type":"Unidade Básica de Saúde","administrative_sphere":"Municipal","included_in_metrics":true,"exclusion_reason":null,"override_reason":null,"outside_boundary":false}},{"type":"Feature","geometry":{"type":"Point","coordinates":[-46.755391,-23.86871102]},"properties":{"id":"sp_geosampa_saude_ubs:equipamento_saude_ubs_posto_centro.120689","source_id":"sp_geosampa_saude_ubs","name":"UBS JARDIM DAS FONTES","name_derived":false,"category":"health_ubs","subcategory":null,"geometry_type":"Point","address":"R. MABEL NORMANDO, 122, JD FONTES, 04891-000","equipment_type":"Unidade Básica de Saúde","administrative_sphere":"Municipal","included_in_metrics":true,"exclusion_reason":null,"override_reason":null,"outside_boundary":false}},{"type":"Feature","geometry":{"type":"Point","coordinates":[-46.746445,-23.62720302]},"properties":{"id":"sp_geosampa_saude_ubs:equipamento_saude_ubs_posto_centro.120690","source_id":"sp_geosampa_saude_ubs","name":"UBS JARDIM DAS PALMAS","name_derived":false,"category":"health_ubs","subcategory":null,"geometry_type":"Point","address":"R. CELSO RAMOS, S/N, VILA ANDRADE, 05734-080","equipment_type":"Unidade Básica de Saúde","administrative_sphere":"Municipal","included_in_metrics":true,"exclusion_reason":null,"override_reason":null,"outside_boundary":false}},{"type":"Feature","geometry":{"type":"Point","coordinates":[-46.590344,-23.41915302]},"properties":{"id":"sp_geosampa_saude_ubs:equipamento_saude_ubs_posto_centro.120691","source_id":"sp_geosampa_saude_ubs","name":"UBS JARDIM DAS PEDRAS","name_derived":false,"category":"health_ubs","subcategory":null,"geometry_type":"Point","address":"R. CLÓVIS SALGADO, 220, JD DAS PEDRAS, 02267-020","equipment_type":"Unidade Básica de Saúde","administrative_sphere":"Municipal","included_in_metrics":true,"exclusion_reason":null,"override_reason":null,"outside_boundary":false}},{"type":"Feature","geometry":{"type":"Point","coordinates":[-46.507991,-23.60096801]},"properties":{"id":"sp_geosampa_saude_ubs:equipamento_saude_ubs_posto_centro.120692","source_id":"sp_geosampa_saude_ubs","name":"UBS JARDIM DOS EUCALÍPTOS - HELIO MOREIRA SALLES","name_derived":false,"category":"health_ubs","subcategory":null,"geometry_type":"Point","address":"R. POEMA DAS AMERICAS, 12, JD DOS EUCALIPTOS, 03924-240","equipment_type":"Unidade Básica de Saúde","administrative_sphere":"Municipal","included_in_metrics":true,"exclusion_reason":null,"override_reason":null,"outside_boundary":false}},{"type":"Feature","geometry":{"type":"Point","coordinates":[-46.694129,-23.61322802]},"properties":{"id":"sp_geosampa_saude_ubs:equipamento_saude_ubs_posto_centro.120693","source_id":"sp_geosampa_saude_ubs","name":"UBS JARDIM EDITE - GERONCIO HENRIQUE NETO","name_derived":false,"category":"health_ubs","subcategory":null,"geometry_type":"Point","address":"R. CHARLES COULOMB, 80, CIDADE MONÇÕES, 04576-030","equipment_type":"Unidade Básica de Saúde","administrative_sphere":"Municipal","included_in_metrics":true,"exclusion_reason":null,"override_reason":null,"outside_boundary":false}},{"type":"Feature","geometry":{"type":"Point","coordinates":[-46.784546,-23.65476302]},"properties":{"id":"sp_geosampa_saude_ubs:equipamento_saude_ubs_posto_centro.120694","source_id":"sp_geosampa_saude_ubs","name":"UBS JARDIM ELEDY","name_derived":false,"category":"health_ubs","subcategory":null,"geometry_type":"Point","address":"R. SEBASTIAO ADVINCULA CUNHA, 470, JARDIM ELEDY, 05856-140","equipment_type":"Unidade Básica de Saúde","administrative_sphere":"Municipal","included_in_metrics":true,"exclusion_reason":null,"override_reason":null,"outside_boundary":false}},{"type":"Feature","geometry":{"type":"Point","coordinates":[-46.670675,-23.75398002]},"properties":{"id":"sp_geosampa_saude_ubs:equipamento_saude_ubs_posto_centro.120695","source_id":"sp_geosampa_saude_ubs","name":"UBS JARDIM ELIANE","name_derived":false,"category":"health_ubs","subcategory":null,"geometry_type":"Point","address":"R. HENRY ARTHUR JONES, 201, JD ELIANA, 04851-002","equipment_type":"Unidade Básica de Saúde","administrative_sphere":"Municipal","included_in_metrics":true,"exclusion_reason":null,"override_reason":null,"outside_boundary":false}},{"type":"Feature","geometry":{"type":"Point","coordinates":[-46.68549,-23.45615802]},"properties":{"id":"sp_geosampa_saude_ubs:equipamento_saude_ubs_posto_centro.120696","source_id":"sp_geosampa_saude_ubs","name":"UBS JARDIM ELISA MARIA I","name_derived":false,"category":"health_ubs","subcategory":null,"geometry_type":"Point","address":"R.ROMULO NALDI, 57, JARDIM ELISA MARIA, 02873-250","equipment_type":"Unidade Básica de Saúde","administrative_sphere":"Municipal","included_in_metrics":true,"exclusion_reason":null,"override_reason":null,"outside_boundary":false}},{"type":"Feature","geometry":{"type":"Point","coordinates":[-46.741822,-23.88057702]},"properties":{"id":"sp_geosampa_saude_ubs:equipamento_saude_ubs_posto_centro.120697","source_id":"sp_geosampa_saude_ubs","name":"UBS JARDIM EMBURA","name_derived":false,"category":"health_ubs","subcategory":null,"geometry_type":"Point","address":"ESTRADA BENEDITO SCHUNCK, 8, JD EMBURA, 04893-050","equipment_type":"Unidade Básica de Saúde","administrative_sphere":"Municipal","included_in_metrics":true,"exclusion_reason":null,"override_reason":null,"outside_boundary":false}},{"type":"Feature","geometry":{"type":"Point","coordinates":[-46.421666,-23.53037702]},"properties":{"id":"sp_geosampa_saude_ubs:equipamento_saude_ubs_posto_centro.120698","source_id":"sp_geosampa_saude_ubs","name":"UBS JARDIM ETELVINA","name_derived":false,"category":"health_ubs","subcategory":null,"geometry_type":"Point","address":"R. MANUEL TEODORO XAVIER, 138, GUAIANASES, 08430-570","equipment_type":"Unidade Básica de Saúde","administrative_sphere":"Municipal","included_in_metrics":true,"exclusion_reason":null,"override_reason":null,"outside_boundary":false}},{"type":"Feature","geometry":{"type":"Point","coordinates":[-46.395999,-23.54718402]},"properties":{"id":"sp_geosampa_saude_ubs:equipamento_saude_ubs_posto_centro.120699","source_id":"sp_geosampa_saude_ubs","name":"UBS JARDIM FANGANIELLO","name_derived":false,"category":"health_ubs","subcategory":null,"geometry_type":"Point","address":"R. FRANCISCO NUNES CUBAS, 60, LAJEADO, 08450-460","equipment_type":"Unidade Básica de Saúde","administrative_sphere":"Municipal","included_in_metrics":true,"exclusion_reason":null,"override_reason":null,"outside_boundary":false}},{"type":"Feature","geometry":{"type":"Point","coordinates":[-46.574924,-23.43113802]},"properties":{"id":"sp_geosampa_saude_ubs:equipamento_saude_ubs_posto_centro.120700","source_id":"sp_geosampa_saude_ubs","name":"UBS JARDIM FLOR DE MAIO","name_derived":false,"category":"health_ubs","subcategory":null,"geometry_type":"Point","address":"AV. NOVA PAULISTA, 561, JARDIM FLOR DE MAIO, 02363-000","equipment_type":"Unidade Básica de Saúde","administrative_sphere":"Municipal","included_in_metrics":true,"exclusion_reason":null,"override_reason":null,"outside_boundary":false}},{"type":"Feature","geometry":{"type":"Point","coordinates":[-46.57138,-23.43895802]},"properties":{"id":"sp_geosampa_saude_ubs:equipamento_saude_ubs_posto_centro.120701","source_id":"sp_geosampa_saude_ubs","name":"UBS JARDIM FONTALIS","name_derived":false,"category":"health_ubs","subcategory":null,"geometry_type":"Point","address":"R. MOTA, 5, JARDIM MARTINS SILVA, 02323-035","equipment_type":"Unidade Básica de Saúde","administrative_sphere":"Municipal","included_in_metrics":true,"exclusion_reason":null,"override_reason":null,"outside_boundary":false}},{"type":"Feature","geometry":{"type":"Point","coordinates":[-46.759758,-23.65421201]},"properties":{"id":"sp_geosampa_saude_ubs:equipamento_saude_ubs_posto_centro.120702","source_id":"sp_geosampa_saude_ubs","name":"UBS JARDIM GERMANIA","name_derived":false,"category":"health_ubs","subcategory":null,"geometry_type":"Point","address":"ESTRADA DE ITAPECERICA, 3025, VILA MARACANÃ, 05835-005","equipment_type":"Unidade Básica de Saúde","administrative_sphere":"Municipal","included_in_metrics":true,"exclusion_reason":null,"override_reason":null,"outside_boundary":false}},{"type":"Feature","geometry":{"type":"Point","coordinates":[-46.539917,-23.59976501]},"properties":{"id":"sp_geosampa_saude_ubs:equipamento_saude_ubs_posto_centro.120703","source_id":"sp_geosampa_saude_ubs","name":"UBS JARDIM GUAIRACÁ","name_derived":false,"category":"health_ubs","subcategory":null,"geometry_type":"Point","address":"R. ERVA IMPERIAL, 501, JD GUAIRACÁ, 03244-030","equipment_type":"Unidade Básica de Saúde","administrative_sphere":"Municipal","included_in_metrics":true,"exclusion_reason":null,"override_reason":null,"outside_boundary":false}},{"type":"Feature","geometry":{"type":"Point","coordinates":[-46.700979,-23.49332102]},"properties":{"id":"sp_geosampa_saude_ubs:equipamento_saude_ubs_posto_centro.120704","source_id":"sp_geosampa_saude_ubs","name":"UBS JARDIM GUANABARA","name_derived":false,"category":"health_ubs","subcategory":null,"geometry_type":"Point","address":"AV. MINISTRO PETRÔNIO PORTELA, 663, FREGUESIA DO Ó, 02959-000","equipment_type":"Unidade Básica de Saúde","administrative_sphere":"Municipal","included_in_metrics":true,"exclusion_reason":null,"override_reason":null,"outside_boundary":false}},{"type":"Feature","geometry":{"type":"Point","coordinates":[-46.69132,-23.46246901]},"properties":{"id":"sp_geosampa_saude_ubs:equipamento_saude_ubs_posto_centro.120705","source_id":"sp_geosampa_saude_ubs","name":"UBS JARDIM GUARANI","name_derived":false,"category":"health_ubs","subcategory":null,"geometry_type":"Point","address":"R. SANTANA DO ARAÇUAÍ, 160, BRASILÂNDIA, 02849-130","equipment_type":"Unidade Básica de Saúde","administrative_sphere":"Municipal","included_in_metrics":true,"exclusion_reason":null,"override_reason":null,"outside_boundary":false}},{"type":"Feature","geometry":{"type":"Point","coordinates":[-46.787996,-23.69247702]},"properties":{"id":"sp_geosampa_saude_ubs:equipamento_saude_ubs_posto_centro.120706","source_id":"sp_geosampa_saude_ubs","name":"UBS JARDIM GUARUJÁ","name_derived":false,"category":"health_ubs","subcategory":null,"geometry_type":"Point","address":"R. JOÃO DE ALMADA, 25, JARDIM GUARUJA, 05875-300","equipment_type":"Unidade Básica de Saúde","administrative_sphere":"Municipal","included_in_metrics":true,"exclusion_reason":null,"override_reason":null,"outside_boundary":false}},{"type":"Feature","geometry":{"type":"Point","coordinates":[-46.414694,-23.47927201]},"properties":{"id":"sp_geosampa_saude_ubs:equipamento_saude_ubs_posto_centro.120707","source_id":"sp_geosampa_saude_ubs","name":"UBS JARDIM HELENA","name_derived":false,"category":"health_ubs","subcategory":null,"geometry_type":"Point","address":"R. KUMAKI AOKI, 1390, JARDIM HELENA, 08090-370","equipment_type":"Unidade Básica de Saúde","administrative_sphere":"Municipal","included_in_metrics":true,"exclusion_reason":null,"override_reason":null,"outside_boundary":false}},{"type":"Feature","geometry":{"type":"Point","coordinates":[-46.771444,-23.64130602]},"properties":{"id":"sp_geosampa_saude_ubs:equipamento_saude_ubs_posto_centro.120708","source_id":"sp_geosampa_saude_ubs","name":"UBS JARDIM HELGA","name_derived":false,"category":"health_ubs","subcategory":null,"geometry_type":"Point","address":"R. THOMAS DE ARAUJO, 53, JARDIM HELGA, 05794-380","equipment_type":"Unidade Básica de Saúde","administrative_sphere":"Municipal","included_in_metrics":true,"exclusion_reason":null,"override_reason":null,"outside_boundary":false}},{"type":"Feature","geometry":{"type":"Point","coordinates":[-46.456351,-23.57696901]},"properties":{"id":"sp_geosampa_saude_ubs:equipamento_saude_ubs_posto_centro.120709","source_id":"sp_geosampa_saude_ubs","name":"UBS JARDIM HELIAN","name_derived":false,"category":"health_ubs","subcategory":null,"geometry_type":"Point","address":"R. JOÃO BARREIROS, 22, JARDIM HELIAN, 08265-130","equipment_type":"Unidade Básica de Saúde","administrative_sphere":"Municipal","included_in_metrics":true,"exclusion_reason":null,"override_reason":null,"outside_boundary":false}},{"type":"Feature","geometry":{"type":"Point","coordinates":[-46.757648,-23.69232502]},"properties":{"id":"sp_geosampa_saude_ubs:equipamento_saude_ubs_posto_centro.120710","source_id":"sp_geosampa_saude_ubs","name":"UBS JARDIM HERCULANO","name_derived":false,"category":"health_ubs","subcategory":null,"geometry_type":"Point","address":"R. INACIO LIMAS, 11, JD HERCULANO, 04920-050","equipment_type":"Unidade Básica de Saúde","administrative_sphere":"Municipal","included_in_metrics":true,"exclusion_reason":null,"override_reason":null,"outside_boundary":false}},{"type":"Feature","geometry":{"type":"Point","coordinates":[-46.696403,-23.46596902]},"properties":{"id":"sp_geosampa_saude_ubs:equipamento_saude_ubs_posto_centro.120711","source_id":"sp_geosampa_saude_ubs","name":"UBS JARDIM ICARAÍ BRASILÂNDIA - DR DANIEL ALVES GRANGEIRO","name_derived":false,"category":"health_ubs","subcategory":null,"geometry_type":"Point","address":"R. ALMIR DEHAR, 201, BRASILÂNDIA, 02846-000","equipment_type":"Unidade Básica de Saúde","administrative_sphere":"Municipal","included_in_metrics":true,"exclusion_reason":null,"override_reason":null,"outside_boundary":false}},{"type":"Feature","geometry":{"type":"Point","coordinates":[-46.70569,-23.74615702]},"properties":{"id":"sp_geosampa_saude_ubs:equipamento_saude_ubs_posto_centro.120712","source_id":"sp_geosampa_saude_ubs","name":"UBS JARDIM ICARAI QUINTANA","name_derived":false,"category":"health_ubs","subcategory":null,"geometry_type":"Point","address":"R. GERMANO DE MAGALHAES, 41, JARDIM ICARAI, 04837-200","equipment_type":"Unidade Básica de Saúde","administrative_sphere":"Municipal","included_in_metrics":true,"exclusion_reason":null,"override_reason":null,"outside_boundary":false}},{"type":"Feature","geometry":{"type":"Point","coordinates":[-46.397985,-23.51559602]},"properties":{"id":"sp_geosampa_saude_ubs:equipamento_saude_ubs_posto_centro.120713","source_id":"sp_geosampa_saude_ubs","name":"UBS JARDIM INDAIÁ","name_derived":false,"category":"health_ubs","subcategory":null,"geometry_type":"Point","address":"R. ANTONIO LEME DA GUERRA, 182, ITAIM PAULISTA, 08141-130","equipment_type":"Unidade Básica de Saúde","administrative_sphere":"Municipal","included_in_metrics":true,"exclusion_reason":null,"override_reason":null,"outside_boundary":false}},{"type":"Feature","geometry":{"type":"Point","coordinates":[-46.7125378,-23.78326881]},"properties":{"id":"sp_geosampa_saude_ubs:equipamento_saude_ubs_posto_centro.120714","source_id":"sp_geosampa_saude_ubs","name":"UBS JARDIM IPORÃ","name_derived":false,"category":"health_ubs","subcategory":null,"geometry_type":"Point","address":"R. FORTE DE VILA BELA, 29, JARDIM IPORÃ, 04865-170","equipment_type":"Unidade Básica de Saúde","administrative_sphere":"Municipal","included_in_metrics":true,"exclusion_reason":null,"override_reason":null,"outside_boundary":false}},{"type":"Feature","geometry":{"type":"Point","coordinates":[-46.499921,-23.59009501]},"properties":{"id":"sp_geosampa_saude_ubs:equipamento_saude_ubs_posto_centro.120715","source_id":"sp_geosampa_saude_ubs","name":"UBS JARDIM IV CENTENÁRIO","name_derived":false,"category":"health_ubs","subcategory":null,"geometry_type":"Point","address":"R. CAMPO FLORIDO, 482, JD IMPERADOR, 03940-060","equipment_type":"Unidade Básica de Saúde","administrative_sphere":"Municipal","included_in_metrics":true,"exclusion_reason":null,"override_reason":null,"outside_boundary":false}},{"type":"Feature","geometry":{"type":"Point","coordinates":[-46.516647,-23.58421801]},"properties":{"id":"sp_geosampa_saude_ubs:equipamento_saude_ubs_posto_centro.120716","source_id":"sp_geosampa_saude_ubs","name":"UBS JARDIM IVA","name_derived":false,"category":"health_ubs","subcategory":null,"geometry_type":"Point","address":"R. MIGUEL BASTOS SOARES, 55, JD IVA, 03910-000","equipment_type":"Unidade Básica de Saúde","administrative_sphere":"Municipal","included_in_metrics":true,"exclusion_reason":null,"override_reason":null,"outside_boundary":false}},{"type":"Feature","geometry":{"type":"Point","coordinates":[-46.588065,-23.50584401]},"properties":{"id":"sp_geosampa_saude_ubs:equipamento_saude_ubs_posto_centro.120717","source_id":"sp_geosampa_saude_ubs","name":"UBS JARDIM JAPÃO","name_derived":false,"category":"health_ubs","subcategory":null,"geometry_type":"Point","address":"R. SOBRAL JUNIOR, 452, VILA MARIA ALTA, 02130-020","equipment_type":"Unidade Básica de Saúde","administrative_sphere":"Municipal","included_in_metrics":true,"exclusion_reason":null,"override_reason":null,"outside_boundary":false}},{"type":"Feature","geometry":{"type":"Point","coordinates":[-46.75181,-23.59488402]},"properties":{"id":"sp_geosampa_saude_ubs:equipamento_saude_ubs_posto_centro.120718","source_id":"sp_geosampa_saude_ubs","name":"UBS JARDIM JAQUELINE","name_derived":false,"category":"health_ubs","subcategory":null,"geometry_type":"Point","address":"R. BONIFÁCIO VERONESE, 10, JARDIM JAQUELINE, 05529-060","equipment_type":"Unidade Básica de Saúde","administrative_sphere":"Municipal","included_in_metrics":true,"exclusion_reason":null,"override_reason":null,"outside_boundary":false}},{"type":"Feature","geometry":{"type":"Point","coordinates":[-46.568155,-23.49627602]},"properties":{"id":"sp_geosampa_saude_ubs:equipamento_saude_ubs_posto_centro.120719","source_id":"sp_geosampa_saude_ubs","name":"UBS JARDIM JULIETA","name_derived":false,"category":"health_ubs","subcategory":null,"geometry_type":"Point","address":"R. BALTHAZAR FIDELIS, 258, JARDIM GUANCÃ, 02151-080","equipment_type":"Unidade Básica de Saúde","administrative_sphere":"Municipal","included_in_metrics":true,"exclusion_reason":null,"override_reason":null,"outside_boundary":false}},{"type":"Feature","geometry":{"type":"Point","coordinates":[-46.498207,-23.48454802]},"properties":{"id":"sp_geosampa_saude_ubs:equipamento_saude_ubs_posto_centro.120720","source_id":"sp_geosampa_saude_ubs","name":"UBS JARDIM KERALUX","name_derived":false,"category":"health_ubs","subcategory":null,"geometry_type":"Point","address":"R. BATUIRA DO CAMPO, 51, JARDIM KERALUX, 03828-000","equipment_type":"Unidade Básica de Saúde","administrative_sphere":"Municipal","included_in_metrics":true,"exclusion_reason":null,"override_reason":null,"outside_boundary":false}},{"type":"Feature","geometry":{"type":"Point","coordinates":[-46.449255,-23.48729601]},"properties":{"id":"sp_geosampa_saude_ubs:equipamento_saude_ubs_posto_centro.120721","source_id":"sp_geosampa_saude_ubs","name":"UBS JARDIM LAPENNA","name_derived":false,"category":"health_ubs","subcategory":null,"geometry_type":"Point","address":"R. SERRA DA JURUOCA, 367, SÃO MIGUEL PAULISTA, 08071-180","equipment_type":"Unidade Básica de Saúde","administrative_sphere":"Municipal","included_in_metrics":true,"exclusion_reason":null,"override_reason":null,"outside_boundary":false}},{"type":"Feature","geometry":{"type":"Point","coordinates":[-46.762719,-23.66604102]},"properties":{"id":"sp_geosampa_saude_ubs:equipamento_saude_ubs_posto_centro.120722","source_id":"sp_geosampa_saude_ubs","name":"UBS JARDIM LIDIA","name_derived":false,"category":"health_ubs","subcategory":null,"geometry_type":"Point","address":"R. GUTEMBERG JOSÉ FERREIRA, 500, JARDIM LIDIA, 05860-070","equipment_type":"Unidade Básica de Saúde","administrative_sphere":"Municipal","included_in_metrics":true,"exclusion_reason":null,"override_reason":null,"outside_boundary":false}},{"type":"Feature","geometry":{"type":"Point","coordinates":[-46.637024,-23.66012202]},"properties":{"id":"sp_geosampa_saude_ubs:equipamento_saude_ubs_posto_centro.120723","source_id":"sp_geosampa_saude_ubs","name":"UBS JARDIM LOURDES","name_derived":false,"category":"health_ubs","subcategory":null,"geometry_type":"Point","address":"AV. ENG ARMANDO DE ARRUDA PEREIRA, 4004, JABAQUARA, 04325-000","equipment_type":"Unidade Básica de Saúde","administrative_sphere":"Municipal","included_in_metrics":true,"exclusion_reason":null,"override_reason":null,"outside_boundary":false}},{"type":"Feature","geometry":{"type":"Point","coordinates":[-46.672309,-23.76255701]},"properties":{"id":"sp_geosampa_saude_ubs:equipamento_saude_ubs_posto_centro.120724","source_id":"sp_geosampa_saude_ubs","name":"UBS JARDIM LUCELIA - SANDRA APARECIDA BARBOSA CORREIA LIMA","name_derived":false,"category":"health_ubs","subcategory":null,"geometry_type":"Point","address":"AV. CARLOS BARBOSA DOS SANTOS, 895, JD LUCELIA, 04852-220","equipment_type":"Unidade Básica de Saúde","administrative_sphere":"Municipal","included_in_metrics":true,"exclusion_reason":null,"override_reason":null,"outside_boundary":false}},{"type":"Feature","geometry":{"type":"Point","coordinates":[-46.789802,-23.65320602]},"properties":{"id":"sp_geosampa_saude_ubs:equipamento_saude_ubs_posto_centro.120725","source_id":"sp_geosampa_saude_ubs","name":"UBS JARDIM MACEDÔNIA","name_derived":false,"category":"health_ubs","subcategory":null,"geometry_type":"Point","address":"R. SORIANO DE ALBUQUERQUE, 77, JARDIM MACEDONIA, 05894-440","equipment_type":"Unidade Básica de Saúde","administrative_sphere":"Municipal","included_in_metrics":true,"exclusion_reason":null,"override_reason":null,"outside_boundary":false}},{"type":"Feature","geometry":{"type":"Point","coordinates":[-46.792481,-23.66701601]},"properties":{"id":"sp_geosampa_saude_ubs:equipamento_saude_ubs_posto_centro.120726","source_id":"sp_geosampa_saude_ubs","name":"UBS JARDIM MAGDALENA","name_derived":false,"category":"health_ubs","subcategory":null,"geometry_type":"Point","address":"R. VITORIANO PALHARES, 221, JD MAGDALENA, 05890-320","equipment_type":"Unidade Básica de Saúde","administrative_sphere":"Municipal","included_in_metrics":true,"exclusion_reason":null,"override_reason":null,"outside_boundary":false}},{"type":"Feature","geometry":{"type":"Point","coordinates":[-46.41572,-23.49231302]},"properties":{"id":"sp_geosampa_saude_ubs:equipamento_saude_ubs_posto_centro.120727","source_id":"sp_geosampa_saude_ubs","name":"UBS JARDIM MAIA","name_derived":false,"category":"health_ubs","subcategory":null,"geometry_type":"Point","address":"R. MARFIM VEGETAL, 108, JD MAIA, 08081-330","equipment_type":"Unidade Básica de Saúde","administrative_sphere":"Municipal","included_in_metrics":true,"exclusion_reason":null,"override_reason":null,"outside_boundary":false}},{"type":"Feature","geometry":{"type":"Point","coordinates":[-46.772677,-23.67171302]},"properties":{"id":"sp_geosampa_saude_ubs:equipamento_saude_ubs_posto_centro.120728","source_id":"sp_geosampa_saude_ubs","name":"UBS JARDIM MARACÁ","name_derived":false,"category":"health_ubs","subcategory":null,"geometry_type":"Point","address":"R. FERES BECHARA, 506, JARDIM MARACA, 05867-390","equipment_type":"Unidade Básica de Saúde","administrative_sphere":"Municipal","included_in_metrics":true,"exclusion_reason":null,"override_reason":null,"outside_boundary":false}},{"type":"Feature","geometry":{"type":"Point","coordinates":[-46.492422,-23.56266002]},"properties":{"id":"sp_geosampa_saude_ubs:equipamento_saude_ubs_posto_centro.120729","source_id":"sp_geosampa_saude_ubs","name":"UBS JARDIM MARILIA","name_derived":false,"category":"health_ubs","subcategory":null,"geometry_type":"Point","address":"R. ELZA DOS ANJOS NEVES, 100, CIDADE LIDER, 03585-100","equipment_type":"Unidade Básica de Saúde","administrative_sphere":"Municipal","included_in_metrics":true,"exclusion_reason":null,"override_reason":null,"outside_boundary":false}},{"type":"Feature","geometry":{"type":"Point","coordinates":[-46.515006,-23.55363402]},"properties":{"id":"sp_geosampa_saude_ubs:equipamento_saude_ubs_posto_centro.120730","source_id":"sp_geosampa_saude_ubs","name":"UBS JARDIM MARINGÁ - VILA TALARICO","name_derived":false,"category":"health_ubs","subcategory":null,"geometry_type":"Point","address":"R. MUANÁ, 214, JARDIM MARINGÁ, 03525-090","equipment_type":"Unidade Básica de Saúde","administrative_sphere":"Municipal","included_in_metrics":true,"exclusion_reason":null,"override_reason":null,"outside_boundary":false}},{"type":"Feature","geometry":{"type":"Point","coordinates":[-46.64006,-23.67894302]},"properties":{"id":"sp_geosampa_saude_ubs:equipamento_saude_ubs_posto_centro.120731","source_id":"sp_geosampa_saude_ubs","name":"UBS JARDIM MIRIAM II","name_derived":false,"category":"health_ubs","subcategory":null,"geometry_type":"Point","address":"AV. CUPECÊ, 5185, JARDIM PRUDÊNCIA, 04365-001","equipment_type":"Unidade Básica de Saúde","administrative_sphere":"Municipal","included_in_metrics":true,"exclusion_reason":null,"override_reason":null,"outside_boundary":false}},{"type":"Feature","geometry":{"type":"Point","coordinates":[-46.780537,-23.64433202]},"properties":{"id":"sp_geosampa_saude_ubs:equipamento_saude_ubs_posto_centro.120732","source_id":"sp_geosampa_saude_ubs","name":"UBS JARDIM MITSUTANI","name_derived":false,"category":"health_ubs","subcategory":null,"geometry_type":"Point","address":"R. FREI XISTO TEUBER, 50, JARDIM MITSUTANI, 05791-080","equipment_type":"Unidade Básica de Saúde","administrative_sphere":"Municipal","included_in_metrics":true,"exclusion_reason":null,"override_reason":null,"outside_boundary":false}},{"type":"Feature","geometry":{"type":"Point","coordinates":[-46.773577,-23.69896302]},"properties":{"id":"sp_geosampa_saude_ubs:equipamento_saude_ubs_posto_centro.120733","source_id":"sp_geosampa_saude_ubs","name":"UBS JARDIM NAKAMURA","name_derived":false,"category":"health_ubs","subcategory":null,"geometry_type":"Point","address":"R. MANUEL VITOR DE JESUS, 811, JARDIM NAKAMURA, 04942-100","equipment_type":"Unidade Básica de Saúde","administrative_sphere":"Municipal","included_in_metrics":true,"exclusion_reason":null,"override_reason":null,"outside_boundary":false}},{"type":"Feature","geometry":{"type":"Point","coordinates":[-46.384451,-23.51139402]},"properties":{"id":"sp_geosampa_saude_ubs:equipamento_saude_ubs_posto_centro.120734","source_id":"sp_geosampa_saude_ubs","name":"UBS JARDIM NÉLIA","name_derived":false,"category":"health_ubs","subcategory":null,"geometry_type":"Point","address":"R. ITAJUIBE, 1910, ITAIM PAULISTA, 08142-000","equipment_type":"Unidade Básica de Saúde","administrative_sphere":"Municipal","included_in_metrics":true,"exclusion_reason":null,"override_reason":null,"outside_boundary":false}},{"type":"Feature","geometry":{"type":"Point","coordinates":[-46.667903,-23.68260302]},"properties":{"id":"sp_geosampa_saude_ubs:equipamento_saude_ubs_posto_centro.120735","source_id":"sp_geosampa_saude_ubs","name":"UBS JARDIM NITERÓI","name_derived":false,"category":"health_ubs","subcategory":null,"geometry_type":"Point","address":"R. SAMUEL ARNOLD, 596, JARDIM NITEROI, 04434-000","equipment_type":"Unidade Básica de Saúde","administrative_sphere":"Municipal","included_in_metrics":true,"exclusion_reason":null,"override_reason":null,"outside_boundary":false}},{"type":"Feature","geometry":{"type":"Point","coordinates":[-46.48126,-23.57776602]},"properties":{"id":"sp_geosampa_saude_ubs:equipamento_saude_ubs_posto_centro.120736","source_id":"sp_geosampa_saude_ubs","name":"UBS JARDIM NOSSA SENHORA DO CARMO","name_derived":false,"category":"health_ubs","subcategory":null,"geometry_type":"Point","address":"R. VERÍSSIMO DA SILVA, 723, JARDIM NOSSA SENHORA DO CARMO, 08275-270","equipment_type":"Unidade Básica de Saúde","administrative_sphere":"Municipal","included_in_metrics":true,"exclusion_reason":null,"override_reason":null,"outside_boundary":false}},{"type":"Feature","geometry":{"type":"Point","coordinates":[-46.484677,-23.59207201]},"properties":{"id":"sp_geosampa_saude_ubs:equipamento_saude_ubs_posto_centro.120737","source_id":"sp_geosampa_saude_ubs","name":"UBS JARDIM NOVE DE JULHO","name_derived":false,"category":"health_ubs","subcategory":null,"geometry_type":"Point","address":"R. SIBALDO LINS, 146, SÃO MATEUS, 03953-100","equipment_type":"Unidade Básica de Saúde","administrative_sphere":"Municipal","included_in_metrics":true,"exclusion_reason":null,"override_reason":null,"outside_boundary":false}},{"type":"Feature","geometry":{"type":"Point","coordinates":[-46.701133,-23.77465901]},"properties":{"id":"sp_geosampa_saude_ubs:equipamento_saude_ubs_posto_centro.120738","source_id":"sp_geosampa_saude_ubs","name":"UBS JARDIM NOVO HORIZONTE","name_derived":false,"category":"health_ubs","subcategory":null,"geometry_type":"Point","address":"R. CARUANENSE, 186, JARDIM NOVO HORIZONTE, 04857-300","equipment_type":"Unidade Básica de Saúde","administrative_sphere":"Municipal","included_in_metrics":true,"exclusion_reason":null,"override_reason":null,"outside_boundary":false}},{"type":"Feature","geometry":{"type":"Point","coordinates":[-46.64017,-23.69950802]},"properties":{"id":"sp_geosampa_saude_ubs:equipamento_saude_ubs_posto_centro.120739","source_id":"sp_geosampa_saude_ubs","name":"UBS JARDIM NOVO PANTANAL - PEDREIRA","name_derived":false,"category":"health_ubs","subcategory":null,"geometry_type":"Point","address":"AV. PROF. CARDOZO DE MELLO NETO, 674, JARDIM SANTA TEREZINHA, 04474-180","equipment_type":"Unidade Básica de Saúde","administrative_sphere":"Municipal","included_in_metrics":true,"exclusion_reason":null,"override_reason":null,"outside_boundary":false}},{"type":"Feature","geometry":{"type":"Point","coordinates":[-46.754536,-23.62933502]},"properties":{"id":"sp_geosampa_saude_ubs:equipamento_saude_ubs_posto_centro.120740","source_id":"sp_geosampa_saude_ubs","name":"UBS JARDIM OLINDA - ZELIA PEREIRA SANTOS","name_derived":false,"category":"health_ubs","subcategory":null,"geometry_type":"Point","address":"R. CANORI, 190, JARDIM OLINDA, 05765-170","equipment_type":"Unidade Básica de Saúde","administrative_sphere":"Municipal","included_in_metrics":true,"exclusion_reason":null,"override_reason":null,"outside_boundary":false}},{"type":"Feature","geometry":{"type":"Point","coordinates":[-46.68573,-23.72722901]},"properties":{"id":"sp_geosampa_saude_ubs:equipamento_saude_ubs_posto_centro.120741","source_id":"sp_geosampa_saude_ubs","name":"UBS JARDIM ORION/GUANHEMBU","name_derived":false,"category":"health_ubs","subcategory":null,"geometry_type":"Point","address":"R. FERNANDO AMARO MIRANDA, 51, JARDIM COLONIAL, 04821-100","equipment_type":"Unidade Básica de Saúde","administrative_sphere":"Municipal","included_in_metrics":true,"exclusion_reason":null,"override_reason":null,"outside_boundary":false}},{"type":"Feature","geometry":{"type":"Point","coordinates":[-46.729575,-23.45066602]},"properties":{"id":"sp_geosampa_saude_ubs:equipamento_saude_ubs_posto_centro.120742","source_id":"sp_geosampa_saude_ubs","name":"UBS JARDIM PANAMERICANO","name_derived":false,"category":"health_ubs","subcategory":null,"geometry_type":"Point","address":"R. BARRA DA FORQUILHA, 38, JARDIM PANAMERICANO, 02993-060","equipment_type":"Unidade Básica de Saúde","administrative_sphere":"Municipal","included_in_metrics":true,"exclusion_reason":null,"override_reason":null,"outside_boundary":false}},{"type":"Feature","geometry":{"type":"Point","coordinates":[-46.500238,-23.59581702]},"properties":{"id":"sp_geosampa_saude_ubs:equipamento_saude_ubs_posto_centro.120743","source_id":"sp_geosampa_saude_ubs","name":"UBS JARDIM PARAGUAÇU - DR. GONÇALO FELICIANO ALVES","name_derived":false,"category":"health_ubs","subcategory":null,"geometry_type":"Point","address":"R. TAIOBEIRAS, 125, JD PARAGUACU, 03941-060","equipment_type":"Unidade Básica de Saúde","administrative_sphere":"Municipal","included_in_metrics":true,"exclusion_reason":null,"override_reason":null,"outside_boundary":false}},{"type":"Feature","geometry":{"type":"Point","coordinates":[-46.780739,-23.69334002]},"properties":{"id":"sp_geosampa_saude_ubs:equipamento_saude_ubs_posto_centro.120744","source_id":"sp_geosampa_saude_ubs","name":"UBS JARDIM PARANAPANEMA","name_derived":false,"category":"health_ubs","subcategory":null,"geometry_type":"Point","address":"R. PIETRO DA MILANO, 100, VILA SANTO AMARO, 05875-360","equipment_type":"Unidade Básica de Saúde","administrative_sphere":"Municipal","included_in_metrics":true,"exclusion_reason":null,"override_reason":null,"outside_boundary":false}},{"type":"Feature","geometry":{"type":"Point","coordinates":[-46.497103,-23.50931701]},"properties":{"id":"sp_geosampa_saude_ubs:equipamento_saude_ubs_posto_centro.120745","source_id":"sp_geosampa_saude_ubs","name":"UBS JARDIM PENHA","name_derived":false,"category":"health_ubs","subcategory":null,"geometry_type":"Point","address":"AV. SÃO MIGUEL, 3721, PONTE RASA, 03871-000","equipment_type":"Unidade Básica de Saúde","administrative_sphere":"Municipal","included_in_metrics":true,"exclusion_reason":null,"override_reason":null,"outside_boundary":false}},{"type":"Feature","geometry":{"type":"Point","coordinates":[-46.654818,-23.46422601]},"properties":{"id":"sp_geosampa_saude_ubs:equipamento_saude_ubs_posto_centro.120746","source_id":"sp_geosampa_saude_ubs","name":"UBS JARDIM PERI","name_derived":false,"category":"health_ubs","subcategory":null,"geometry_type":"Point","address":"AV. PERI RONCHETTI, 914, JARDIM PERI, 02633-000","equipment_type":"Unidade Básica de Saúde","administrative_sphere":"Municipal","included_in_metrics":true,"exclusion_reason":null,"override_reason":null,"outside_boundary":false}},{"type":"Feature","geometry":{"type":"Point","coordinates":[-46.506484,-23.51683202]},"properties":{"id":"sp_geosampa_saude_ubs:equipamento_saude_ubs_posto_centro.120747","source_id":"sp_geosampa_saude_ubs","name":"UBS JARDIM POPULAR - DR. MATHEUS SANTAMARIA","name_derived":false,"category":"health_ubs","subcategory":null,"geometry_type":"Point","address":"R. ILHA DE CASTILHOS, 271, JARDIM POPULAR, 03670-010","equipment_type":"Unidade Básica de Saúde","administrative_sphere":"Municipal","included_in_metrics":true,"exclusion_reason":null,"override_reason":null,"outside_boundary":false}},{"type":"Feature","geometry":{"type":"Point","coordinates":[-46.69754,-23.74966002]},"properties":{"id":"sp_geosampa_saude_ubs:equipamento_saude_ubs_posto_centro.120748","source_id":"sp_geosampa_saude_ubs","name":"UBS JARDIM REIMBERG - NAIR NUNES DA SILVA","name_derived":false,"category":"health_ubs","subcategory":null,"geometry_type":"Point","address":"R. ROGERIO FERNANDES, 468, JARDIM REIMBERG, 04845-230","equipment_type":"Unidade Básica de Saúde","administrative_sphere":"Municipal","included_in_metrics":true,"exclusion_reason":null,"override_reason":null,"outside_boundary":false}},{"type":"Feature","geometry":{"type":"Point","coordinates":[-46.687165,-23.71492402]},"properties":{"id":"sp_geosampa_saude_ubs:equipamento_saude_ubs_posto_centro.120749","source_id":"sp_geosampa_saude_ubs","name":"UBS JARDIM REPÚBLICA","name_derived":false,"category":"health_ubs","subcategory":null,"geometry_type":"Point","address":"AV. GONÇALO DE PAIVA GOMES, 285, JARDIM REPUBLICA, 04812-090","equipment_type":"Unidade Básica de Saúde","administrative_sphere":"Municipal","included_in_metrics":true,"exclusion_reason":null,"override_reason":null,"outside_boundary":false}},{"type":"Feature","geometry":{"type":"Point","coordinates":[-46.727753,-23.43514101]},"properties":{"id":"sp_geosampa_saude_ubs:equipamento_saude_ubs_posto_centro.120750","source_id":"sp_geosampa_saude_ubs","name":"UBS JARDIM RINCÃO","name_derived":false,"category":"health_ubs","subcategory":null,"geometry_type":"Point","address":"R. ARROIO DA PALMA, 67, JARDIM RINCÃO, 02991-050","equipment_type":"Unidade Básica de Saúde","administrative_sphere":"Municipal","included_in_metrics":true,"exclusion_reason":null,"override_reason":null,"outside_boundary":false}},{"type":"Feature","geometry":{"type":"Point","coordinates":[-46.418033,-23.52474201]},"properties":{"id":"sp_geosampa_saude_ubs:equipamento_saude_ubs_posto_centro.120751","source_id":"sp_geosampa_saude_ubs","name":"UBS JARDIM ROBRU - GUAIANAZES","name_derived":false,"category":"health_ubs","subcategory":null,"geometry_type":"Point","address":"AV. NORDESTINA, 5593, GUAIANASES, 08431-410","equipment_type":"Unidade Básica de Saúde","administrative_sphere":"Municipal","included_in_metrics":true,"exclusion_reason":null,"override_reason":null,"outside_boundary":false}},{"type":"Feature","geometry":{"type":"Point","coordinates":[-46.412409,-23.52125201]},"properties":{"id":"sp_geosampa_saude_ubs:equipamento_saude_ubs_posto_centro.120752","source_id":"sp_geosampa_saude_ubs","name":"UBS JARDIM ROBRU - MESSIAS JOSE DA SILVA","name_derived":false,"category":"health_ubs","subcategory":null,"geometry_type":"Point","address":"R. JOSÉ MARIA ALVES DE DEUS, 288, JARDIM ROBRU, 08150-290","equipment_type":"Unidade Básica de Saúde","administrative_sphere":"Municipal","included_in_metrics":true,"exclusion_reason":null,"override_reason":null,"outside_boundary":false}},{"type":"Feature","geometry":{"type":"Point","coordinates":[-46.392531,-23.48649402]},"properties":{"id":"sp_geosampa_saude_ubs:equipamento_saude_ubs_posto_centro.120753","source_id":"sp_geosampa_saude_ubs","name":"UBS JARDIM ROMANO VILA ITAIM","name_derived":false,"category":"health_ubs","subcategory":null,"geometry_type":"Point","address":"R. RIO MANUEL ALVES, 182, ITAIM PAULISTA, 08190-450","equipment_type":"Unidade Básica de Saúde","administrative_sphere":"Municipal","included_in_metrics":true,"exclusion_reason":null,"override_reason":null,"outside_boundary":false}},{"type":"Feature","geometry":{"type":"Point","coordinates":[-46.439499,-23.59732602]},"properties":{"id":"sp_geosampa_saude_ubs:equipamento_saude_ubs_posto_centro.120754","source_id":"sp_geosampa_saude_ubs","name":"UBS JARDIM ROSELI","name_derived":false,"category":"health_ubs","subcategory":null,"geometry_type":"Point","address":"R. SIMÃO NUNES, 31, JARDIM ROSELI, 08380-039","equipment_type":"Unidade Básica de Saúde","administrative_sphere":"Municipal","included_in_metrics":true,"exclusion_reason":null,"override_reason":null,"outside_boundary":false}},{"type":"Feature","geometry":{"type":"Point","coordinates":[-46.802059,-23.43901701]},"properties":{"id":"sp_geosampa_saude_ubs:equipamento_saude_ubs_posto_centro.120755","source_id":"sp_geosampa_saude_ubs","name":"UBS JARDIM ROSINHA","name_derived":false,"category":"health_ubs","subcategory":null,"geometry_type":"Point","address":"R. DALVA DE OLIVEIRA, 82, JARDIM ROSINHA, 05282-010","equipment_type":"Unidade Básica de Saúde","administrative_sphere":"Municipal","included_in_metrics":true,"exclusion_reason":null,"override_reason":null,"outside_boundary":false}},{"type":"Feature","geometry":{"type":"Point","coordinates":[-46.71276,-23.83250402]},"properties":{"id":"sp_geosampa_saude_ubs:equipamento_saude_ubs_posto_centro.120756","source_id":"sp_geosampa_saude_ubs","name":"UBS JARDIM SANTA FÉ","name_derived":false,"category":"health_ubs","subcategory":null,"geometry_type":"Point","address":"R. CONDE DE LANCASTRE, 214, JD SANTA FÉ, 04890-290","equipment_type":"Unidade Básica de Saúde","administrative_sphere":"Municipal","included_in_metrics":true,"exclusion_reason":null,"override_reason":null,"outside_boundary":false}},{"type":"Feature","geometry":{"type":"Point","coordinates":[-46.755539,-23.67870102]},"properties":{"id":"sp_geosampa_saude_ubs:equipamento_saude_ubs_posto_centro.120757","source_id":"sp_geosampa_saude_ubs","name":"UBS JARDIM SANTA MARGARIDA","name_derived":false,"category":"health_ubs","subcategory":null,"geometry_type":"Point","address":"R. CAPAO REDONDO, 175, JARDIM SANTA MARGARIDA, 04931-100","equipment_type":"Unidade Básica de Saúde","administrative_sphere":"Municipal","included_in_metrics":true,"exclusion_reason":null,"override_reason":null,"outside_boundary":false}},{"type":"Feature","geometry":{"type":"Point","coordinates":[-46.505823,-23.55079602]},"properties":{"id":"sp_geosampa_saude_ubs:equipamento_saude_ubs_posto_centro.120758","source_id":"sp_geosampa_saude_ubs","name":"UBS JARDIM SANTA MARIA","name_derived":false,"category":"health_ubs","subcategory":null,"geometry_type":"Point","address":"R. EMBIRATAÍ, 201, JD SANTA MARIA, 03576-000","equipment_type":"Unidade Básica de Saúde","administrative_sphere":"Municipal","included_in_metrics":true,"exclusion_reason":null,"override_reason":null,"outside_boundary":false}},{"type":"Feature","geometry":{"type":"Point","coordinates":[-46.503408,-23.57219701]},"properties":{"id":"sp_geosampa_saude_ubs:equipamento_saude_ubs_posto_centro.120759","source_id":"sp_geosampa_saude_ubs","name":"UBS JARDIM SANTA TEREZINHA","name_derived":false,"category":"health_ubs","subcategory":null,"geometry_type":"Point","address":"AV. DOS LATINOS, 205, JARDIM SANTA TEREZINHA, 03572-000","equipment_type":"Unidade Básica de Saúde","administrative_sphere":"Municipal","included_in_metrics":true,"exclusion_reason":null,"override_reason":null,"outside_boundary":false}},{"type":"Feature","geometry":{"type":"Point","coordinates":[-46.784452,-23.68557401]},"properties":{"id":"sp_geosampa_saude_ubs:equipamento_saude_ubs_posto_centro.120760","source_id":"sp_geosampa_saude_ubs","name":"UBS JARDIM SÃO BENTO","name_derived":false,"category":"health_ubs","subcategory":null,"geometry_type":"Point","address":"R. JOÃO ROBALO, 64, JARDIM SÃO BENTO, 05881-000","equipment_type":"Unidade Básica de Saúde","administrative_sphere":"Municipal","included_in_metrics":true,"exclusion_reason":null,"override_reason":null,"outside_boundary":false}},{"type":"Feature","geometry":{"type":"Point","coordinates":[-46.698509,-23.75387102]},"properties":{"id":"sp_geosampa_saude_ubs:equipamento_saude_ubs_posto_centro.120761","source_id":"sp_geosampa_saude_ubs","name":"UBS JARDIM SÃO BERNARDO","name_derived":false,"category":"health_ubs","subcategory":null,"geometry_type":"Point","address":"AV. ANTONIO CARLOS BENJAMIN DOS SANTOS, 1571, PARQUE NOVO GRAJAU, 04847-005","equipment_type":"Unidade Básica de Saúde","administrative_sphere":"Municipal","included_in_metrics":true,"exclusion_reason":null,"override_reason":null,"outside_boundary":false}},{"type":"Feature","geometry":{"type":"Point","coordinates":[-46.4728396,-23.50888282]},"properties":{"id":"sp_geosampa_saude_ubs:equipamento_saude_ubs_posto_centro.120762","source_id":"sp_geosampa_saude_ubs","name":"UBS JARDIM SAO CARLOS","name_derived":false,"category":"health_ubs","subcategory":null,"geometry_type":"Point","address":"AV. CESAR AUGUSTO ROMARO, 500, VILA NORMA, 08062-000","equipment_type":"Unidade Básica de Saúde","administrative_sphere":"Municipal","included_in_metrics":true,"exclusion_reason":null,"override_reason":null,"outside_boundary":false}},{"type":"Feature","geometry":{"type":"Point","coordinates":[-46.658693,-23.68211401]},"properties":{"id":"sp_geosampa_saude_ubs:equipamento_saude_ubs_posto_centro.120763","source_id":"sp_geosampa_saude_ubs","name":"UBS JARDIM SÃO CARLOS - CIDADE ADEMAR","name_derived":false,"category":"health_ubs","subcategory":null,"geometry_type":"Point","address":"R. CLAUDIA MUZIO, 163, JD SÃO CARLOS, 04429-280","equipment_type":"Unidade Básica de Saúde","administrative_sphere":"Municipal","included_in_metrics":true,"exclusion_reason":null,"override_reason":null,"outside_boundary":false}},{"type":"Feature","geometry":{"type":"Point","coordinates":[-46.530285,-23.49766402]},"properties":{"id":"sp_geosampa_saude_ubs:equipamento_saude_ubs_posto_centro.120764","source_id":"sp_geosampa_saude_ubs","name":"UBS JARDIM SÃO FRANCISCO I","name_derived":false,"category":"health_ubs","subcategory":null,"geometry_type":"Point","address":"R. JURITI PIRANGA, 195, CANGAÍBA, 03718-020","equipment_type":"Unidade Básica de Saúde","administrative_sphere":"Municipal","included_in_metrics":true,"exclusion_reason":null,"override_reason":null,"outside_boundary":false}},{"type":"Feature","geometry":{"type":"Point","coordinates":[-46.476227,-23.52945902]},"properties":{"id":"sp_geosampa_saude_ubs:equipamento_saude_ubs_posto_centro.120765","source_id":"sp_geosampa_saude_ubs","name":"UBS JARDIM SÃO NICOLAU","name_derived":false,"category":"health_ubs","subcategory":null,"geometry_type":"Point","address":"R. BROOK TAYLOR, 30, JARDIM NORDESTE, 03690-000","equipment_type":"Unidade Básica de Saúde","administrative_sphere":"Municipal","included_in_metrics":true,"exclusion_reason":null,"override_reason":null,"outside_boundary":false}},{"type":"Feature","geometry":{"type":"Point","coordinates":[-46.705326,-23.81755202]},"properties":{"id":"sp_geosampa_saude_ubs:equipamento_saude_ubs_posto_centro.120766","source_id":"sp_geosampa_saude_ubs","name":"UBS JARDIM SÃO NORBERTO","name_derived":false,"category":"health_ubs","subcategory":null,"geometry_type":"Point","address":"AV. DOMENICO LANZETTI, S/N, JARDIM SÃO NORBERTO, 04884-210","equipment_type":"Unidade Básica de Saúde","administrative_sphere":"Municipal","included_in_metrics":true,"exclusion_reason":null,"override_reason":null,"outside_boundary":false}},{"type":"Feature","geometry":{"type":"Point","coordinates":[-46.430032,-23.54796802]},"properties":{"id":"sp_geosampa_saude_ubs:equipamento_saude_ubs_posto_centro.120767","source_id":"sp_geosampa_saude_ubs","name":"UBS JARDIM SÃO PEDRO - FRANCISCO ANTONIO CESARONI","name_derived":false,"category":"health_ubs","subcategory":null,"geometry_type":"Point","address":"R. SILVIANOPOLIS, 370, JD SÃO PEDRO, 08420-680","equipment_type":"Unidade Básica de Saúde","administrative_sphere":"Municipal","included_in_metrics":true,"exclusion_reason":null,"override_reason":null,"outside_boundary":false}},{"type":"Feature","geometry":{"type":"Point","coordinates":[-46.614249,-23.65724402]},"properties":{"id":"sp_geosampa_saude_ubs:equipamento_saude_ubs_posto_centro.120768","source_id":"sp_geosampa_saude_ubs","name":"UBS JARDIM SÃO SAVÉRIO - AURELIO MELLONE","name_derived":false,"category":"health_ubs","subcategory":null,"geometry_type":"Point","address":"R. ATILIO SELVA, 10, JARDIM CELESTE, 04195-060","equipment_type":"Unidade Básica de Saúde","administrative_sphere":"Municipal","included_in_metrics":true,"exclusion_reason":null,"override_reason":null,"outside_boundary":false}},{"type":"Feature","geometry":{"type":"Point","coordinates":[-46.492935,-23.61164702]},"properties":{"id":"sp_geosampa_saude_ubs:equipamento_saude_ubs_posto_centro.120769","source_id":"sp_geosampa_saude_ubs","name":"UBS JARDIM SAPOPEMBA - PROF DR HUMBERTO DELBONI FILHO","name_derived":false,"category":"health_ubs","subcategory":null,"geometry_type":"Point","address":"R. JOÃO LOPES DE LIMA, 1151, JARDIM SAPOPEMBA, 03976-020","equipment_type":"Unidade Básica de Saúde","administrative_sphere":"Municipal","included_in_metrics":true,"exclusion_reason":null,"override_reason":null,"outside_boundary":false}},{"type":"Feature","geometry":{"type":"Point","coordinates":[-46.587004,-23.61930402]},"properties":{"id":"sp_geosampa_saude_ubs:equipamento_saude_ubs_posto_centro.120770","source_id":"sp_geosampa_saude_ubs","name":"UBS JARDIM SECKLER","name_derived":false,"category":"health_ubs","subcategory":null,"geometry_type":"Point","address":"R. CARLOS MAURO, 114, SÃO JOÃO CLIMACO, 04240-150","equipment_type":"Unidade Básica de Saúde","administrative_sphere":"Municipal","included_in_metrics":true,"exclusion_reason":null,"override_reason":null,"outside_boundary":false}},{"type":"Feature","geometry":{"type":"Point","coordinates":[-46.657098,-23.69020102]},"properties":{"id":"sp_geosampa_saude_ubs:equipamento_saude_ubs_posto_centro.120771","source_id":"sp_geosampa_saude_ubs","name":"UBS JARDIM SELMA - CIDADE ADEMAR","name_derived":false,"category":"health_ubs","subcategory":null,"geometry_type":"Point","address":"R. PEDRO FERNANDES ARAGÃO, 305, JARDIM SELMA, 04431-160","equipment_type":"Unidade Básica de Saúde","administrative_sphere":"Municipal","included_in_metrics":true,"exclusion_reason":null,"override_reason":null,"outside_boundary":false}},{"type":"Feature","geometry":{"type":"Point","coordinates":[-46.408706,-23.50038302]},"properties":{"id":"sp_geosampa_saude_ubs:equipamento_saude_ubs_posto_centro.120772","source_id":"sp_geosampa_saude_ubs","name":"UBS JARDIM SILVA TELLES","name_derived":false,"category":"health_ubs","subcategory":null,"geometry_type":"Point","address":"R. JOSÉ ALEXANDRE MACHADO, 541, ITAIM PAULISTA, 08160-460","equipment_type":"Unidade Básica de Saúde","administrative_sphere":"Municipal","included_in_metrics":true,"exclusion_reason":null,"override_reason":null,"outside_boundary":false}},{"type":"Feature","geometry":{"type":"Point","coordinates":[-46.712957,-23.85045902]},"properties":{"id":"sp_geosampa_saude_ubs:equipamento_saude_ubs_posto_centro.120773","source_id":"sp_geosampa_saude_ubs","name":"UBS JARDIM SILVEIRA","name_derived":false,"category":"health_ubs","subcategory":null,"geometry_type":"Point","address":"R. BONIFÁCIO ASIOLI, 162, JARDIM SILVEIRA, 04892-040","equipment_type":"Unidade Básica de Saúde","administrative_sphere":"Municipal","included_in_metrics":true,"exclusion_reason":null,"override_reason":null,"outside_boundary":false}},{"type":"Feature","geometry":{"type":"Point","coordinates":[-46.51162,-23.59361302]},"properties":{"id":"sp_geosampa_saude_ubs:equipamento_saude_ubs_posto_centro.120774","source_id":"sp_geosampa_saude_ubs","name":"UBS JARDIM SINHA","name_derived":false,"category":"health_ubs","subcategory":null,"geometry_type":"Point","address":"R. JIM CLARK, 10, JARDIM SINHA, 03923-165","equipment_type":"Unidade Básica de Saúde","administrative_sphere":"Municipal","included_in_metrics":true,"exclusion_reason":null,"override_reason":null,"outside_boundary":false}},{"type":"Feature","geometry":{"type":"Point","coordinates":[-46.398645,-23.55382101]},"properties":{"id":"sp_geosampa_saude_ubs:equipamento_saude_ubs_posto_centro.120775","source_id":"sp_geosampa_saude_ubs","name":"UBS JARDIM SOARES","name_derived":false,"category":"health_ubs","subcategory":null,"geometry_type":"Point","address":"R. FELICIANO DE MENDONÇA, 496, JD SOARES, 08460-365","equipment_type":"Unidade Básica de Saúde","administrative_sphere":"Municipal","included_in_metrics":true,"exclusion_reason":null,"override_reason":null,"outside_boundary":false}},{"type":"Feature","geometry":{"type":"Point","coordinates":[-46.748299,-23.68877602]},"properties":{"id":"sp_geosampa_saude_ubs:equipamento_saude_ubs_posto_centro.120776","source_id":"sp_geosampa_saude_ubs","name":"UBS JARDIM SOUZA","name_derived":false,"category":"health_ubs","subcategory":null,"geometry_type":"Point","address":"R. FRANCISCO DE ALMEIDA SOUZA, 481, JARDIM SOUZA, 04917-070","equipment_type":"Unidade Básica de Saúde","administrative_sphere":"Municipal","included_in_metrics":true,"exclusion_reason":null,"override_reason":null,"outside_boundary":false}},{"type":"Feature","geometry":{"type":"Point","coordinates":[-46.756184,-23.67388602]},"properties":{"id":"sp_geosampa_saude_ubs:equipamento_saude_ubs_posto_centro.120777","source_id":"sp_geosampa_saude_ubs","name":"UBS JARDIM THOMAS","name_derived":false,"category":"health_ubs","subcategory":null,"geometry_type":"Point","address":"R. AUDÁLIO GONÇALVES DOS SANTOS, 158, JD THOMAS, 05833-040","equipment_type":"Unidade Básica de Saúde","administrative_sphere":"Municipal","included_in_metrics":true,"exclusion_reason":null,"override_reason":null,"outside_boundary":false}},{"type":"Feature","geometry":{"type":"Point","coordinates":[-46.492151,-23.58724002]},"properties":{"id":"sp_geosampa_saude_ubs:equipamento_saude_ubs_posto_centro.120778","source_id":"sp_geosampa_saude_ubs","name":"UBS JARDIM TIETE II","name_derived":false,"category":"health_ubs","subcategory":null,"geometry_type":"Point","address":"R. SENADOR MAYNARD GOMES, S/N, JARDIM NOVE DE JULHO, 03948-000","equipment_type":"Unidade Básica de Saúde","administrative_sphere":"Municipal","included_in_metrics":true,"exclusion_reason":null,"override_reason":null,"outside_boundary":false}},{"type":"Feature","geometry":{"type":"Point","coordinates":[-46.68463,-23.76967302]},"properties":{"id":"sp_geosampa_saude_ubs:equipamento_saude_ubs_posto_centro.120779","source_id":"sp_geosampa_saude_ubs","name":"UBS JARDIM TRÊS CORAÇÕES","name_derived":false,"category":"health_ubs","subcategory":null,"geometry_type":"Point","address":"R. GENERAL JOSÉ DE OLIVEIRA RAMOS, 275, JARDIM TRÊS CORAÇÕES, 04855-330","equipment_type":"Unidade Básica de Saúde","administrative_sphere":"Municipal","included_in_metrics":true,"exclusion_reason":null,"override_reason":null,"outside_boundary":false}},{"type":"Feature","geometry":{"type":"Point","coordinates":[-46.669702,-23.66194302]},"properties":{"id":"sp_geosampa_saude_ubs:equipamento_saude_ubs_posto_centro.120780","source_id":"sp_geosampa_saude_ubs","name":"UBS JARDIM UMUARAMA","name_derived":false,"category":"health_ubs","subcategory":null,"geometry_type":"Point","address":"R. ANTONIO GIL, 721, VILA FILOMENA, 04655-000","equipment_type":"Unidade Básica de Saúde","administrative_sphere":"Municipal","included_in_metrics":true,"exclusion_reason":null,"override_reason":null,"outside_boundary":false}},{"type":"Feature","geometry":{"type":"Point","coordinates":[-46.775156,-23.65814301]},"properties":{"id":"sp_geosampa_saude_ubs:equipamento_saude_ubs_posto_centro.120781","source_id":"sp_geosampa_saude_ubs","name":"UBS JARDIM VALQUIRIA","name_derived":false,"category":"health_ubs","subcategory":null,"geometry_type":"Point","address":"AV. CARLOS LACERDA, 3093, JD VALQUIRIA, 05789-001","equipment_type":"Unidade Básica de Saúde","administrative_sphere":"Municipal","included_in_metrics":true,"exclusion_reason":null,"override_reason":null,"outside_boundary":false}},{"type":"Feature","geometry":{"type":"Point","coordinates":[-46.689125,-23.53854702]},"properties":{"id":"sp_geosampa_saude_ubs:equipamento_saude_ubs_posto_centro.120782","source_id":"sp_geosampa_saude_ubs","name":"UBS JARDIM VERA CRUZ - PERDIZES","name_derived":false,"category":"health_ubs","subcategory":null,"geometry_type":"Point","address":"R. SARAMENHA, 60, PERDIZES, 01259-030","equipment_type":"Unidade Básica de Saúde","administrative_sphere":"Municipal","included_in_metrics":true,"exclusion_reason":null,"override_reason":null,"outside_boundary":false}},{"type":"Feature","geometry":{"type":"Point","coordinates":[-46.688636,-23.45018102]},"properties":{"id":"sp_geosampa_saude_ubs:equipamento_saude_ubs_posto_centro.120783","source_id":"sp_geosampa_saude_ubs","name":"UBS JARDIM VISTA ALEGRE - VANDA APARECIDA DOS SANTOS","name_derived":false,"category":"health_ubs","subcategory":null,"geometry_type":"Point","address":"R. IBIRAIARAS, 21, BRASILÂNDIA, 02878-080","equipment_type":"Unidade Básica de Saúde","administrative_sphere":"Municipal","included_in_metrics":true,"exclusion_reason":null,"override_reason":null,"outside_boundary":false}},{"type":"Feature","geometry":{"type":"Point","coordinates":[-46.38685,-23.58740001]},"properties":{"id":"sp_geosampa_saude_ubs:equipamento_saude_ubs_posto_centro.120784","source_id":"sp_geosampa_saude_ubs","name":"UBS JARDIM VITÓRIA","name_derived":false,"category":"health_ubs","subcategory":null,"geometry_type":"Point","address":"R. LAGEDO, 123, CIDADE TIRADENTES, 04846-650","equipment_type":"Unidade Básica de Saúde","administrative_sphere":"Municipal","included_in_metrics":true,"exclusion_reason":null,"override_reason":null,"outside_boundary":false}},{"type":"Feature","geometry":{"type":"Point","coordinates":[-46.631657,-23.50355802]},"properties":{"id":"sp_geosampa_saude_ubs:equipamento_saude_ubs_posto_centro.120785","source_id":"sp_geosampa_saude_ubs","name":"UBS JOAQUIM ANTONIO EIRADO","name_derived":false,"category":"health_ubs","subcategory":null,"geometry_type":"Point","address":"AV. BRAZ LEME, 2945, SANTANA, 02022-011","equipment_type":"Unidade Básica de Saúde","administrative_sphere":"Municipal","included_in_metrics":true,"exclusion_reason":null,"override_reason":null,"outside_boundary":false}},{"type":"Feature","geometry":{"type":"Point","coordinates":[-46.592451,-23.59665501]},"properties":{"id":"sp_geosampa_saude_ubs:equipamento_saude_ubs_posto_centro.120786","source_id":"sp_geosampa_saude_ubs","name":"UBS JOAQUIM ROSSINI/ VILA CARIOCA DR MOACIR PARRA","name_derived":false,"category":"health_ubs","subcategory":null,"geometry_type":"Point","address":"R. ALVARO FRAGOSO, 480, VILA CARIOCA, 04223-000","equipment_type":"Unidade Básica de Saúde","administrative_sphere":"Municipal","included_in_metrics":true,"exclusion_reason":null,"override_reason":null,"outside_boundary":false}},{"type":"Feature","geometry":{"type":"Point","coordinates":[-46.7036377,-23.72976662]},"properties":{"id":"sp_geosampa_saude_ubs:equipamento_saude_ubs_posto_centro.120787","source_id":"sp_geosampa_saude_ubs","name":"UBS JORDANÓPOLIS","name_derived":false,"category":"health_ubs","subcategory":null,"geometry_type":"Point","address":"R. JANGADA NOVA, 75, JARDIM PRESIDENTE, 04830-200","equipment_type":"Unidade Básica de Saúde","administrative_sphere":"Municipal","included_in_metrics":true,"exclusion_reason":null,"override_reason":null,"outside_boundary":false}},{"type":"Feature","geometry":{"type":"Point","coordinates":[-46.444665,-23.55383502]},"properties":{"id":"sp_geosampa_saude_ubs:equipamento_saude_ubs_posto_centro.120788","source_id":"sp_geosampa_saude_ubs","name":"UBS JOSE BONIFACIO II - CELINA MARIA JOSE DE OLIVEIRA","name_derived":false,"category":"health_ubs","subcategory":null,"geometry_type":"Point","address":"R. MURMÚRIOS DA TARDE, 30, COHAB JOSE BONIFÁCIO, 08253-580","equipment_type":"Unidade Básica de Saúde","administrative_sphere":"Municipal","included_in_metrics":true,"exclusion_reason":null,"override_reason":null,"outside_boundary":false}},{"type":"Feature","geometry":{"type":"Point","coordinates":[-46.439289,-23.54046202]},"properties":{"id":"sp_geosampa_saude_ubs:equipamento_saude_ubs_posto_centro.120789","source_id":"sp_geosampa_saude_ubs","name":"UBS JOSE BONIFACIO III - DRA. LUCY MAYUMI UDAKIRI","name_derived":false,"category":"health_ubs","subcategory":null,"geometry_type":"Point","address":"R. SILVIO BARBINI, 40, JOSE BONIFACIO, 08250-650","equipment_type":"Unidade Básica de Saúde","administrative_sphere":"Municipal","included_in_metrics":true,"exclusion_reason":null,"override_reason":null,"outside_boundary":false}},{"type":"Feature","geometry":{"type":"Point","coordinates":[-46.760919,-23.57019302]},"properties":{"id":"sp_geosampa_saude_ubs:equipamento_saude_ubs_posto_centro.120790","source_id":"sp_geosampa_saude_ubs","name":"UBS JOSÉ MARCÍLIO MALTA CARDOSO","name_derived":false,"category":"health_ubs","subcategory":null,"geometry_type":"Point","address":"R. DESEMBARGADOR HOMERO PINHO, 105, JARDIM TROPICAL, 05379-240","equipment_type":"Unidade Básica de Saúde","administrative_sphere":"Municipal","included_in_metrics":true,"exclusion_reason":null,"override_reason":null,"outside_boundary":false}},{"type":"Feature","geometry":{"type":"Point","coordinates":[-46.579719,-23.45475202]},"properties":{"id":"sp_geosampa_saude_ubs:equipamento_saude_ubs_posto_centro.120791","source_id":"sp_geosampa_saude_ubs","name":"UBS JOVA RURAL","name_derived":false,"category":"health_ubs","subcategory":null,"geometry_type":"Point","address":"R. ALFEU DE ALCANTARA MONTEIRO, 280, CONJUNTO HABITACIONAL JOVA RURAL, 02281-200","equipment_type":"Unidade Básica de Saúde","administrative_sphere":"Municipal","included_in_metrics":true,"exclusion_reason":null,"override_reason":null,"outside_boundary":false}},{"type":"Feature","geometry":{"type":"Point","coordinates":[-46.628137,-23.70342702]},"properties":{"id":"sp_geosampa_saude_ubs:equipamento_saude_ubs_posto_centro.120792","source_id":"sp_geosampa_saude_ubs","name":"UBS LARANJEIRAS","name_derived":false,"category":"health_ubs","subcategory":null,"geometry_type":"Point","address":"R. DENIS FURTEL, 108, LARANJEIRAS, 04476-145","equipment_type":"Unidade Básica de Saúde","administrative_sphere":"Municipal","included_in_metrics":true,"exclusion_reason":null,"override_reason":null,"outside_boundary":false}},{"type":"Feature","geometry":{"type":"Point","coordinates":[-46.794364,-23.69275202]},"properties":{"id":"sp_geosampa_saude_ubs:equipamento_saude_ubs_posto_centro.120793","source_id":"sp_geosampa_saude_ubs","name":"UBS LUAR DO SERTÃO","name_derived":false,"category":"health_ubs","subcategory":null,"geometry_type":"Point","address":"R. LUAR DO SERTÃO, 980, CHÁCARA SANTA MARIA, 05879-450","equipment_type":"Unidade Básica de Saúde","administrative_sphere":"Municipal","included_in_metrics":true,"exclusion_reason":null,"override_reason":null,"outside_boundary":false}},{"type":"Feature","geometry":{"type":"Point","coordinates":[-46.593056,-23.64490401]},"properties":{"id":"sp_geosampa_saude_ubs:equipamento_saude_ubs_posto_centro.120794","source_id":"sp_geosampa_saude_ubs","name":"UBS LUIZ ERNESTO MAZZONI","name_derived":false,"category":"health_ubs","subcategory":null,"geometry_type":"Point","address":"AV. CARLOS LIVIERO, 566, VILA LIVIERO, 04186-100","equipment_type":"Unidade Básica de Saúde","administrative_sphere":"Municipal","included_in_metrics":true,"exclusion_reason":null,"override_reason":null,"outside_boundary":false}},{"type":"Feature","geometry":{"type":"Point","coordinates":[-46.662911,-23.69671702]},"properties":{"id":"sp_geosampa_saude_ubs:equipamento_saude_ubs_posto_centro.120795","source_id":"sp_geosampa_saude_ubs","name":"UBS MAR PAULISTA","name_derived":false,"category":"health_ubs","subcategory":null,"geometry_type":"Point","address":"R. MATSUICHI WADA, 393, BALNEÁRIO MAR PAULISTA, 04463-060","equipment_type":"Unidade Básica de Saúde","administrative_sphere":"Municipal","included_in_metrics":true,"exclusion_reason":null,"override_reason":null,"outside_boundary":false}},{"type":"Feature","geometry":{"type":"Point","coordinates":[-46.683952,-23.47344802]},"properties":{"id":"sp_geosampa_saude_ubs:equipamento_saude_ubs_posto_centro.120796","source_id":"sp_geosampa_saude_ubs","name":"UBS MARIA CECÍLIA FERRO DONNANGELO","name_derived":false,"category":"health_ubs","subcategory":null,"geometry_type":"Point","address":"R. RUI DE MORAES APOCALIPSE, 2, BRASILÂNDIA, 02842-260","equipment_type":"Unidade Básica de Saúde","administrative_sphere":"Municipal","included_in_metrics":true,"exclusion_reason":null,"override_reason":null,"outside_boundary":false}},{"type":"Feature","geometry":{"type":"Point","coordinates":[-46.70776,-23.90651002]},"properties":{"id":"sp_geosampa_saude_ubs:equipamento_saude_ubs_posto_centro.120797","source_id":"sp_geosampa_saude_ubs","name":"UBS MARSILAC","name_derived":false,"category":"health_ubs","subcategory":null,"geometry_type":"Point","address":"ESTRADA ENGENHEIRO MARSILAC, 14487, MARSILAC, 04891-000","equipment_type":"Unidade Básica de Saúde","administrative_sphere":"Municipal","included_in_metrics":true,"exclusion_reason":null,"override_reason":null,"outside_boundary":false}},{"type":"Feature","geometry":{"type":"Point","coordinates":[-46.495743,-23.61666502]},"properties":{"id":"sp_geosampa_saude_ubs:equipamento_saude_ubs_posto_centro.120798","source_id":"sp_geosampa_saude_ubs","name":"UBS MASCARENHAS DE MORAES","name_derived":false,"category":"health_ubs","subcategory":null,"geometry_type":"Point","address":"R. SARG. EDGAR LOURENÇO PINTO, 116, CJ. MAL. MASCARENHAS DE MORAES, 03977-180","equipment_type":"Unidade Básica de Saúde","administrative_sphere":"Municipal","included_in_metrics":true,"exclusion_reason":null,"override_reason":null,"outside_boundary":false}},{"type":"Feature","geometry":{"type":"Point","coordinates":[-46.62749,-23.71463602]},"properties":{"id":"sp_geosampa_saude_ubs:equipamento_saude_ubs_posto_centro.120799","source_id":"sp_geosampa_saude_ubs","name":"UBS MATA VIRGEM","name_derived":false,"category":"health_ubs","subcategory":null,"geometry_type":"Point","address":"ESTRADA DA SAUDE, 47, ELDORADO, 04476-320","equipment_type":"Unidade Básica de Saúde","administrative_sphere":"Municipal","included_in_metrics":true,"exclusion_reason":null,"override_reason":null,"outside_boundary":false}},{"type":"Feature","geometry":{"type":"Point","coordinates":[-46.687915,-23.62065802]},"properties":{"id":"sp_geosampa_saude_ubs:equipamento_saude_ubs_posto_centro.120800","source_id":"sp_geosampa_saude_ubs","name":"UBS MENINÓPOLIS - DR. MARIO FRANCISCO NAPOLITANO","name_derived":false,"category":"health_ubs","subcategory":null,"geometry_type":"Point","address":"R. OSCAR GOMES CARDIM, 142, VILA CORDEIRO, 04580-040","equipment_type":"Unidade Básica de Saúde","administrative_sphere":"Municipal","included_in_metrics":true,"exclusion_reason":null,"override_reason":null,"outside_boundary":false}},{"type":"Feature","geometry":{"type":"Point","coordinates":[-46.712601,-23.49501001]},"properties":{"id":"sp_geosampa_saude_ubs:equipamento_saude_ubs_posto_centro.120801","source_id":"sp_geosampa_saude_ubs","name":"UBS MOINHO VELHO","name_derived":false,"category":"health_ubs","subcategory":null,"geometry_type":"Point","address":"PRAÇA DOMINGOS COELHO, 5, PIRITUBA, 02933-180","equipment_type":"Unidade Básica de Saúde","administrative_sphere":"Municipal","included_in_metrics":true,"exclusion_reason":null,"override_reason":null,"outside_boundary":false}},{"type":"Feature","geometry":{"type":"Point","coordinates":[-46.603797,-23.61241702]},"properties":{"id":"sp_geosampa_saude_ubs:equipamento_saude_ubs_posto_centro.120802","source_id":"sp_geosampa_saude_ubs","name":"UBS MOINHO VELHO II","name_derived":false,"category":"health_ubs","subcategory":null,"geometry_type":"Point","address":"R. BELGRADO, 323, MOINHO VELHO, 04285-041","equipment_type":"Unidade Básica de Saúde","administrative_sphere":"Municipal","included_in_metrics":true,"exclusion_reason":null,"override_reason":null,"outside_boundary":false}},{"type":"Feature","geometry":{"type":"Point","coordinates":[-46.597862,-23.55138902]},"properties":{"id":"sp_geosampa_saude_ubs:equipamento_saude_ubs_posto_centro.120803","source_id":"sp_geosampa_saude_ubs","name":"UBS MOOCA I","name_derived":false,"category":"health_ubs","subcategory":null,"geometry_type":"Point","address":"R. TAQUARI, 549, MOOCA, 03166-000","equipment_type":"Unidade Básica de Saúde","administrative_sphere":"Municipal","included_in_metrics":true,"exclusion_reason":null,"override_reason":null,"outside_boundary":false}},{"type":"Feature","geometry":{"type":"Point","coordinates":[-46.781497,-23.43162801]},"properties":{"id":"sp_geosampa_saude_ubs:equipamento_saude_ubs_posto_centro.120804","source_id":"sp_geosampa_saude_ubs","name":"UBS MORADA DO SOL","name_derived":false,"category":"health_ubs","subcategory":null,"geometry_type":"Point","address":"R. ASSIS BRASIL X PÇA. LUIZ VAZ DE CAMÕES, 31, SOL NASCENTE, 05281-130","equipment_type":"Unidade Básica de Saúde","administrative_sphere":"Municipal","included_in_metrics":true,"exclusion_reason":null,"override_reason":null,"outside_boundary":false}},{"type":"Feature","geometry":{"type":"Point","coordinates":[-46.793473,-23.43863301]},"properties":{"id":"sp_geosampa_saude_ubs:equipamento_saude_ubs_posto_centro.120805","source_id":"sp_geosampa_saude_ubs","name":"UBS MORRO DOCE","name_derived":false,"category":"health_ubs","subcategory":null,"geometry_type":"Point","address":"R. DOM AGNELO ROSSI, 15, MORRO DOCE, 05267-060","equipment_type":"Unidade Básica de Saúde","administrative_sphere":"Municipal","included_in_metrics":true,"exclusion_reason":null,"override_reason":null,"outside_boundary":false}},{"type":"Feature","geometry":{"type":"Point","coordinates":[-46.406792,-23.58690202]},"properties":{"id":"sp_geosampa_saude_ubs:equipamento_saude_ubs_posto_centro.120806","source_id":"sp_geosampa_saude_ubs","name":"UBS NASCER DO SOL","name_derived":false,"category":"health_ubs","subcategory":null,"geometry_type":"Point","address":"R. SENADOR NELSON CARNEIRO, 617, CIDADE TIRADENTES, 08485-300","equipment_type":"Unidade Básica de Saúde","administrative_sphere":"Municipal","included_in_metrics":true,"exclusion_reason":null,"override_reason":null,"outside_boundary":false}},{"type":"Feature","geometry":{"type":"Point","coordinates":[-46.436474,-23.49423602]},"properties":{"id":"sp_geosampa_saude_ubs:equipamento_saude_ubs_posto_centro.120807","source_id":"sp_geosampa_saude_ubs","name":"UBS NITRO OPERÁRIA - PAULO FELDMAN","name_derived":false,"category":"health_ubs","subcategory":null,"geometry_type":"Point","address":"R. CUMARU, 14, SÃO MIGUEL PAULISTA, 08010-380","equipment_type":"Unidade Básica de Saúde","administrative_sphere":"Municipal","included_in_metrics":true,"exclusion_reason":null,"override_reason":null,"outside_boundary":false}},{"type":"Feature","geometry":{"type":"Point","coordinates":[-46.649258,-23.56248701]},"properties":{"id":"sp_geosampa_saude_ubs:equipamento_saude_ubs_posto_centro.120808","source_id":"sp_geosampa_saude_ubs","name":"UBS NOSSA SENHORA DO BRASIL - ARMANDO DARIENZO","name_derived":false,"category":"health_ubs","subcategory":null,"geometry_type":"Point","address":"R. ALMIRANTE MARQUES LEÃO, 684, BELA VISTA, 01330-010","equipment_type":"Unidade Básica de Saúde","administrative_sphere":"Municipal","included_in_metrics":true,"exclusion_reason":null,"override_reason":null,"outside_boundary":false}},{"type":"Feature","geometry":{"type":"Point","coordinates":[-46.678047,-23.86885602]},"properties":{"id":"sp_geosampa_saude_ubs:equipamento_saude_ubs_posto_centro.120809","source_id":"sp_geosampa_saude_ubs","name":"UBS NOVA AMÉRICA","name_derived":false,"category":"health_ubs","subcategory":null,"geometry_type":"Point","address":"R. EDUARDO COLLIER FILHO, 14, CIDADE NOVA AMERICA, 04895-020","equipment_type":"Unidade Básica de Saúde","administrative_sphere":"Municipal","included_in_metrics":true,"exclusion_reason":null,"override_reason":null,"outside_boundary":false}},{"type":"Feature","geometry":{"type":"Point","coordinates":[-46.710765,-23.45465402]},"properties":{"id":"sp_geosampa_saude_ubs:equipamento_saude_ubs_posto_centro.120810","source_id":"sp_geosampa_saude_ubs","name":"UBS NOVA ESPERANÇA PAULISTANO II","name_derived":false,"category":"health_ubs","subcategory":null,"geometry_type":"Point","address":"R. MIRACI, 94, JD. PAULISTANO II, 02812-220","equipment_type":"Unidade Básica de Saúde","administrative_sphere":"Municipal","included_in_metrics":true,"exclusion_reason":null,"override_reason":null,"outside_boundary":false}},{"type":"Feature","geometry":{"type":"Point","coordinates":[-46.735452,-23.65573402]},"properties":{"id":"sp_geosampa_saude_ubs:equipamento_saude_ubs_posto_centro.120811","source_id":"sp_geosampa_saude_ubs","name":"UBS NOVO CAMINHO","name_derived":false,"category":"health_ubs","subcategory":null,"geometry_type":"Point","address":"R. ANTONIO DA MATA JUNIOR, 943, JD SÃO LUIZ, 05812-030","equipment_type":"Unidade Básica de Saúde","administrative_sphere":"Municipal","included_in_metrics":true,"exclusion_reason":null,"override_reason":null,"outside_boundary":false}},{"type":"Feature","geometry":{"type":"Point","coordinates":[-46.736491,-23.66655301]},"properties":{"id":"sp_geosampa_saude_ubs:equipamento_saude_ubs_posto_centro.120812","source_id":"sp_geosampa_saude_ubs","name":"UBS NOVO JARDIM I","name_derived":false,"category":"health_ubs","subcategory":null,"geometry_type":"Point","address":"R. PHILIPPE DE VITRY, 282, JARDIM SANTA JOSEFINA, 05819-080","equipment_type":"Unidade Básica de Saúde","administrative_sphere":"Municipal","included_in_metrics":true,"exclusion_reason":null,"override_reason":null,"outside_boundary":false}},{"type":"Feature","geometry":{"type":"Point","coordinates":[-46.487562,-23.55242501]},"properties":{"id":"sp_geosampa_saude_ubs:equipamento_saude_ubs_posto_centro.120813","source_id":"sp_geosampa_saude_ubs","name":"UBS PADRE JOSE DE ANCHIETA","name_derived":false,"category":"health_ubs","subcategory":null,"geometry_type":"Point","address":"AV. SYLVIO TORRES, 313, ARTHUR ALVIM, 03589-010","equipment_type":"Unidade Básica de Saúde","administrative_sphere":"Municipal","included_in_metrics":true,"exclusion_reason":null,"override_reason":null,"outside_boundary":false}},{"type":"Feature","geometry":{"type":"Point","coordinates":[-46.435541,-23.52737402]},"properties":{"id":"sp_geosampa_saude_ubs:equipamento_saude_ubs_posto_centro.120814","source_id":"sp_geosampa_saude_ubs","name":"UBS PARADA XV DE NOVEMBRO","name_derived":false,"category":"health_ubs","subcategory":null,"geometry_type":"Point","address":"R. IBIAJARA, 804, PARADA XV DE NOVEMBRO, 08246-101","equipment_type":"Unidade Básica de Saúde","administrative_sphere":"Municipal","included_in_metrics":true,"exclusion_reason":null,"override_reason":null,"outside_boundary":false}},{"type":"Feature","geometry":{"type":"Point","coordinates":[-46.723311,-23.61668402]},"properties":{"id":"sp_geosampa_saude_ubs:equipamento_saude_ubs_posto_centro.120815","source_id":"sp_geosampa_saude_ubs","name":"UBS PARAISOPOLIS","name_derived":false,"category":"health_ubs","subcategory":null,"geometry_type":"Point","address":"R. MELCHIOR GIOLA, 80, PARAISOPOLIS, 05664-000","equipment_type":"Unidade Básica de Saúde","administrative_sphere":"Municipal","included_in_metrics":true,"exclusion_reason":null,"override_reason":null,"outside_boundary":false}},{"type":"Feature","geometry":{"type":"Point","coordinates":[-46.726194,-23.61209401]},"properties":{"id":"sp_geosampa_saude_ubs:equipamento_saude_ubs_posto_centro.120816","source_id":"sp_geosampa_saude_ubs","name":"UBS PARAISOPOLIS II","name_derived":false,"category":"health_ubs","subcategory":null,"geometry_type":"Point","address":"R. PASQUALE GUALUPPI, 951, PARAISÓPOLIS, 05660-000","equipment_type":"Unidade Básica de Saúde","administrative_sphere":"Municipal","included_in_metrics":true,"exclusion_reason":null,"override_reason":null,"outside_boundary":false}},{"type":"Feature","geometry":{"type":"Point","coordinates":[-46.719822,-23.61707302]},"properties":{"id":"sp_geosampa_saude_ubs:equipamento_saude_ubs_posto_centro.120817","source_id":"sp_geosampa_saude_ubs","name":"UBS PARAISOPOLIS III","name_derived":false,"category":"health_ubs","subcategory":null,"geometry_type":"Point","address":"R. SILVEIRA SAMPAIO, 660, JD MORUMBI, 05656-010","equipment_type":"Unidade Básica de Saúde","administrative_sphere":"Municipal","included_in_metrics":true,"exclusion_reason":null,"override_reason":null,"outside_boundary":false}},{"type":"Feature","geometry":{"type":"Point","coordinates":[-46.727018,-23.83011901]},"properties":{"id":"sp_geosampa_saude_ubs:equipamento_saude_ubs_posto_centro.120818","source_id":"sp_geosampa_saude_ubs","name":"UBS PARELHEIROS","name_derived":false,"category":"health_ubs","subcategory":null,"geometry_type":"Point","address":"R. MARIO TRAPE, 100, JARDIM NOVO PARELHEIROS, 04890-430","equipment_type":"Unidade Básica de Saúde","administrative_sphere":"Municipal","included_in_metrics":true,"exclusion_reason":null,"override_reason":null,"outside_boundary":false}},{"type":"Feature","geometry":{"type":"Point","coordinates":[-46.749938,-23.63794402]},"properties":{"id":"sp_geosampa_saude_ubs:equipamento_saude_ubs_posto_centro.120819","source_id":"sp_geosampa_saude_ubs","name":"UBS PARQUE ARARIBA","name_derived":false,"category":"health_ubs","subcategory":null,"geometry_type":"Point","address":"R. FRANCISCO SOARES, 81, JARDIM INGÁ, 05774-300","equipment_type":"Unidade Básica de Saúde","administrative_sphere":"Municipal","included_in_metrics":true,"exclusion_reason":null,"override_reason":null,"outside_boundary":false}},{"type":"Feature","geometry":{"type":"Point","coordinates":[-46.491876,-23.53776202]},"properties":{"id":"sp_geosampa_saude_ubs:equipamento_saude_ubs_posto_centro.120820","source_id":"sp_geosampa_saude_ubs","name":"UBS PARQUE ARTHUR ALVIM","name_derived":false,"category":"health_ubs","subcategory":null,"geometry_type":"Point","address":"R. HENRIQUE JACOBS, 269, ARTHUR ALVIM, 03566-010","equipment_type":"Unidade Básica de Saúde","administrative_sphere":"Municipal","included_in_metrics":true,"exclusion_reason":null,"override_reason":null,"outside_boundary":false}},{"type":"Feature","geometry":{"type":"Point","coordinates":[-46.448577,-23.59493801]},"properties":{"id":"sp_geosampa_saude_ubs:equipamento_saude_ubs_posto_centro.120821","source_id":"sp_geosampa_saude_ubs","name":"UBS PARQUE BOA ESPERANÇA","name_derived":false,"category":"health_ubs","subcategory":null,"geometry_type":"Point","address":"AV. RAGUEB CHOHFI, 3826, PARQUE BOA ESPERANÇA, 08341-410","equipment_type":"Unidade Básica de Saúde","administrative_sphere":"Municipal","included_in_metrics":true,"exclusion_reason":null,"override_reason":null,"outside_boundary":false}},{"type":"Feature","geometry":{"type":"Point","coordinates":[-46.720594,-23.53198002]},"properties":{"id":"sp_geosampa_saude_ubs:equipamento_saude_ubs_posto_centro.120822","source_id":"sp_geosampa_saude_ubs","name":"UBS PARQUE DA LAPA","name_derived":false,"category":"health_ubs","subcategory":null,"geometry_type":"Point","address":"R. BERGSON, 52, PQ DA LAPA, 05301-060","equipment_type":"Unidade Básica de Saúde","administrative_sphere":"Municipal","included_in_metrics":true,"exclusion_reason":null,"override_reason":null,"outside_boundary":false}},{"type":"Feature","geometry":{"type":"Point","coordinates":[-46.446134,-23.64030901]},"properties":{"id":"sp_geosampa_saude_ubs:equipamento_saude_ubs_posto_centro.120823","source_id":"sp_geosampa_saude_ubs","name":"UBS PARQUE DAS FLORES","name_derived":false,"category":"health_ubs","subcategory":null,"geometry_type":"Point","address":"R. DAS PETUNIAS, 31, PARQUE DAS FLORES, 08391-330","equipment_type":"Unidade Básica de Saúde","administrative_sphere":"Municipal","included_in_metrics":true,"exclusion_reason":null,"override_reason":null,"outside_boundary":false}},{"type":"Feature","geometry":{"type":"Point","coordinates":[-46.77759,-23.71669502]},"properties":{"id":"sp_geosampa_saude_ubs:equipamento_saude_ubs_posto_centro.120824","source_id":"sp_geosampa_saude_ubs","name":"UBS PARQUE DO LAGO","name_derived":false,"category":"health_ubs","subcategory":null,"geometry_type":"Point","address":"ESTRADA DA BARONESA, 1000, PARQUE DO LAGO, 04945-012","equipment_type":"Unidade Básica de Saúde","administrative_sphere":"Municipal","included_in_metrics":true,"exclusion_reason":null,"override_reason":null,"outside_boundary":false}},{"type":"Feature","geometry":{"type":"Point","coordinates":[-46.648234,-23.69736302]},"properties":{"id":"sp_geosampa_saude_ubs:equipamento_saude_ubs_posto_centro.120825","source_id":"sp_geosampa_saude_ubs","name":"UBS PARQUE DOROTEIA","name_derived":false,"category":"health_ubs","subcategory":null,"geometry_type":"Point","address":"R. DOS ANIQUIS, 3, JARDIM SANTA TEREZINHA, 04474-000","equipment_type":"Unidade Básica de Saúde","administrative_sphere":"Municipal","included_in_metrics":true,"exclusion_reason":null,"override_reason":null,"outside_boundary":false}},{"type":"Feature","geometry":{"type":"Point","coordinates":[-46.65476071,-23.70888929]},"properties":{"id":"sp_geosampa_saude_ubs:equipamento_saude_ubs_posto_centro.120826","source_id":"sp_geosampa_saude_ubs","name":"UBS PARQUE DOS BÚFALOS","name_derived":false,"category":"health_ubs","subcategory":null,"geometry_type":"Point","address":"R. PROJETADA 1, S/N, JARDIM APURÁ, 04470-181","equipment_type":"Unidade Básica de Saúde","administrative_sphere":"Municipal","included_in_metrics":true,"exclusion_reason":null,"override_reason":null,"outside_boundary":false}},{"type":"Feature","geometry":{"type":"Point","coordinates":[-46.568751,-23.47727202]},"properties":{"id":"sp_geosampa_saude_ubs:equipamento_saude_ubs_posto_centro.120827","source_id":"sp_geosampa_saude_ubs","name":"UBS PARQUE EDU CHAVES","name_derived":false,"category":"health_ubs","subcategory":null,"geometry_type":"Point","address":"AV. EDU CHAVES, 1197, PARQUE EDU CHAVES, 02229-001","equipment_type":"Unidade Básica de Saúde","administrative_sphere":"Municipal","included_in_metrics":true,"exclusion_reason":null,"override_reason":null,"outside_boundary":false}},{"type":"Feature","geometry":{"type":"Point","coordinates":[-46.785958,-23.66121101]},"properties":{"id":"sp_geosampa_saude_ubs:equipamento_saude_ubs_posto_centro.120828","source_id":"sp_geosampa_saude_ubs","name":"UBS PARQUE ENGENHO II","name_derived":false,"category":"health_ubs","subcategory":null,"geometry_type":"Point","address":"AV. DOM RODRIGO SANCHES, 700, PARQUE DO ENGENHO, 05892-360","equipment_type":"Unidade Básica de Saúde","administrative_sphere":"Municipal","included_in_metrics":true,"exclusion_reason":null,"override_reason":null,"outside_boundary":false}},{"type":"Feature","geometry":{"type":"Point","coordinates":[-46.749263,-23.67920301]},"properties":{"id":"sp_geosampa_saude_ubs:equipamento_saude_ubs_posto_centro.120829","source_id":"sp_geosampa_saude_ubs","name":"UBS PARQUE FIGUEIRA GRANDE","name_derived":false,"category":"health_ubs","subcategory":null,"geometry_type":"Point","address":"R. DANIEL KLEIN, 211, PQ FIGUEIRA GRANDE, 04915-170","equipment_type":"Unidade Básica de Saúde","administrative_sphere":"Municipal","included_in_metrics":true,"exclusion_reason":null,"override_reason":null,"outside_boundary":false}},{"type":"Feature","geometry":{"type":"Point","coordinates":[-46.635997,-23.62801401]},"properties":{"id":"sp_geosampa_saude_ubs:equipamento_saude_ubs_posto_centro.120830","source_id":"sp_geosampa_saude_ubs","name":"UBS PARQUE IMPERIAL - MANOEL ANTONIO DA SILVA SARAGOÇA","name_derived":false,"category":"health_ubs","subcategory":null,"geometry_type":"Point","address":"R. MAJOR FREIRE, 510, VILA MONTE ALEGRE, 04304-110","equipment_type":"Unidade Básica de Saúde","administrative_sphere":"Municipal","included_in_metrics":true,"exclusion_reason":null,"override_reason":null,"outside_boundary":false}},{"type":"Feature","geometry":{"type":"Point","coordinates":[-46.738275,-23.48862901]},"properties":{"id":"sp_geosampa_saude_ubs:equipamento_saude_ubs_posto_centro.120831","source_id":"sp_geosampa_saude_ubs","name":"UBS PARQUE MARIA DOMITILA","name_derived":false,"category":"health_ubs","subcategory":null,"geometry_type":"Point","address":"AV. DO ANASTÁCIO (ESQ. RUA WILLIS ROBERTO BANKS), 2421, CITY AMERICA, 05119-000","equipment_type":"Unidade Básica de Saúde","administrative_sphere":"Municipal","included_in_metrics":true,"exclusion_reason":null,"override_reason":null,"outside_boundary":false}},{"type":"Feature","geometry":{"type":"Point","coordinates":[-46.577016,-23.51789801]},"properties":{"id":"sp_geosampa_saude_ubs:equipamento_saude_ubs_posto_centro.120832","source_id":"sp_geosampa_saude_ubs","name":"UBS PARQUE NOVO MUNDO I","name_derived":false,"category":"health_ubs","subcategory":null,"geometry_type":"Point","address":"R. BENEDITA DORNELAS CLARO, 451, PARQUE NOVO MUNDO, 02168-020","equipment_type":"Unidade Básica de Saúde","administrative_sphere":"Municipal","included_in_metrics":true,"exclusion_reason":null,"override_reason":null,"outside_boundary":false}},{"type":"Feature","geometry":{"type":"Point","coordinates":[-46.565792,-23.51199901]},"properties":{"id":"sp_geosampa_saude_ubs:equipamento_saude_ubs_posto_centro.120833","source_id":"sp_geosampa_saude_ubs","name":"UBS PARQUE NOVO MUNDO II","name_derived":false,"category":"health_ubs","subcategory":null,"geometry_type":"Point","address":"R. SOLDADO ANTONIO MATIAS DE CAMARGO, 87, PARQUE NOVO MUNDO, 02188-050","equipment_type":"Unidade Básica de Saúde","administrative_sphere":"Municipal","included_in_metrics":true,"exclusion_reason":null,"override_reason":null,"outside_boundary":false}},{"type":"Feature","geometry":{"type":"Point","coordinates":[-46.782205,-23.70015102]},"properties":{"id":"sp_geosampa_saude_ubs:equipamento_saude_ubs_posto_centro.120834","source_id":"sp_geosampa_saude_ubs","name":"UBS PARQUE NOVO SANTO AMARO","name_derived":false,"category":"health_ubs","subcategory":null,"geometry_type":"Point","address":"R. PORTA DO PRADO, 18, PARQUE NOVO SANTO AMARO, 05874-130","equipment_type":"Unidade Básica de Saúde","administrative_sphere":"Municipal","included_in_metrics":true,"exclusion_reason":null,"override_reason":null,"outside_boundary":false}},{"type":"Feature","geometry":{"type":"Point","coordinates":[-46.432214,-23.48724101]},"properties":{"id":"sp_geosampa_saude_ubs:equipamento_saude_ubs_posto_centro.120835","source_id":"sp_geosampa_saude_ubs","name":"UBS PARQUE PAULISTANO","name_derived":false,"category":"health_ubs","subcategory":null,"geometry_type":"Point","address":"R. SILVEIRA PIRES, 265, PARQUE PAULISTANO, 08080-160","equipment_type":"Unidade Básica de Saúde","administrative_sphere":"Municipal","included_in_metrics":true,"exclusion_reason":null,"override_reason":null,"outside_boundary":false}},{"type":"Feature","geometry":{"type":"Point","coordinates":[-46.65475,-23.49766802]},"properties":{"id":"sp_geosampa_saude_ubs:equipamento_saude_ubs_posto_centro.120836","source_id":"sp_geosampa_saude_ubs","name":"UBS PARQUE PERUCHE","name_derived":false,"category":"health_ubs","subcategory":null,"geometry_type":"Point","address":"R. JOSÉ RANGEL DE CAMARGO, 500, PARQUE PERUCHE, 02538-010","equipment_type":"Unidade Básica de Saúde","administrative_sphere":"Municipal","included_in_metrics":true,"exclusion_reason":null,"override_reason":null,"outside_boundary":false}},{"type":"Feature","geometry":{"type":"Point","coordinates":[-46.755626,-23.63453302]},"properties":{"id":"sp_geosampa_saude_ubs:equipamento_saude_ubs_posto_centro.120837","source_id":"sp_geosampa_saude_ubs","name":"UBS PARQUE REGINA - PERINA ALVES TEIXEIRA","name_derived":false,"category":"health_ubs","subcategory":null,"geometry_type":"Point","address":"R. MELO COUTINHO, 260, PARQUE REGINA, 05775-230","equipment_type":"Unidade Básica de Saúde","administrative_sphere":"Municipal","included_in_metrics":true,"exclusion_reason":null,"override_reason":null,"outside_boundary":false}},{"type":"Feature","geometry":{"type":"Point","coordinates":[-46.668805,-23.74490901]},"properties":{"id":"sp_geosampa_saude_ubs:equipamento_saude_ubs_posto_centro.120838","source_id":"sp_geosampa_saude_ubs","name":"UBS PARQUE RESIDENCIAL COCAIA INDEPENDENTE","name_derived":false,"category":"health_ubs","subcategory":null,"geometry_type":"Point","address":"R. FELINTO MILANEZ, 26, PARQUE RESIDENCIAL COCAIA, 04849-040","equipment_type":"Unidade Básica de Saúde","administrative_sphere":"Municipal","included_in_metrics":true,"exclusion_reason":null,"override_reason":null,"outside_boundary":false}},{"type":"Feature","geometry":{"type":"Point","coordinates":[-46.413587,-23.51305601]},"properties":{"id":"sp_geosampa_saude_ubs:equipamento_saude_ubs_posto_centro.120839","source_id":"sp_geosampa_saude_ubs","name":"UBS PARQUE SANTA RITA","name_derived":false,"category":"health_ubs","subcategory":null,"geometry_type":"Point","address":"R. JOSÉ PESSOTA, 80, PARQUE SANTA RITA, 08150-020","equipment_type":"Unidade Básica de Saúde","administrative_sphere":"Municipal","included_in_metrics":true,"exclusion_reason":null,"override_reason":null,"outside_boundary":false}},{"type":"Feature","geometry":{"type":"Point","coordinates":[-46.749341,-23.66158202]},"properties":{"id":"sp_geosampa_saude_ubs:equipamento_saude_ubs_posto_centro.120840","source_id":"sp_geosampa_saude_ubs","name":"UBS PARQUE SANTO ANTONIO II","name_derived":false,"category":"health_ubs","subcategory":null,"geometry_type":"Point","address":"R. ANTONIO RAMOS ROSA, 898, PARQUE SANTO ANTONIO, 05822-010","equipment_type":"Unidade Básica de Saúde","administrative_sphere":"Municipal","included_in_metrics":true,"exclusion_reason":null,"override_reason":null,"outside_boundary":false}},{"type":"Feature","geometry":{"type":"Point","coordinates":[-46.546275,-23.59628302]},"properties":{"id":"sp_geosampa_saude_ubs:equipamento_saude_ubs_posto_centro.120841","source_id":"sp_geosampa_saude_ubs","name":"UBS PARQUE SÃO LUCAS","name_derived":false,"category":"health_ubs","subcategory":null,"geometry_type":"Point","address":"R. DR NOGUEIRA DE NORONHA, 322, PQ SÃO LUCAS, 03239-080","equipment_type":"Unidade Básica de Saúde","administrative_sphere":"Municipal","included_in_metrics":true,"exclusion_reason":null,"override_reason":null,"outside_boundary":false}},{"type":"Feature","geometry":{"type":"Point","coordinates":[-46.469475,-23.62543202]},"properties":{"id":"sp_geosampa_saude_ubs:equipamento_saude_ubs_posto_centro.120842","source_id":"sp_geosampa_saude_ubs","name":"UBS PARQUE SÃO RAFAEL - DRA. ORA ROSEN","name_derived":false,"category":"health_ubs","subcategory":null,"geometry_type":"Point","address":"R. DR ARISTIDES RICARDO, 313, PARQUE SÃO RAFAEL, 08311-270","equipment_type":"Unidade Básica de Saúde","administrative_sphere":"Municipal","included_in_metrics":true,"exclusion_reason":null,"override_reason":null,"outside_boundary":false}},{"type":"Feature","geometry":{"type":"Point","coordinates":[-46.51704677,-23.61398063]},"properties":{"id":"sp_geosampa_saude_ubs:equipamento_saude_ubs_posto_centro.120843","source_id":"sp_geosampa_saude_ubs","name":"UBS PASTORAL","name_derived":false,"category":"health_ubs","subcategory":null,"geometry_type":"Point","address":"R. NOVA RESENDE, 199, PQ SANTA MADALENA, 03981-090","equipment_type":"Unidade Básica de Saúde","administrative_sphere":"Municipal","included_in_metrics":true,"exclusion_reason":null,"override_reason":null,"outside_boundary":false}},{"type":"Feature","geometry":{"type":"Point","coordinates":[-46.483967,-23.50317401]},"properties":{"id":"sp_geosampa_saude_ubs:equipamento_saude_ubs_posto_centro.120844","source_id":"sp_geosampa_saude_ubs","name":"UBS PEDRO DE SOUZA CAMPOS","name_derived":false,"category":"health_ubs","subcategory":null,"geometry_type":"Point","address":"R. PAULO BIFANO ALVES, 764, PQ BOTURUSSU, 03801-000","equipment_type":"Unidade Básica de Saúde","administrative_sphere":"Municipal","included_in_metrics":true,"exclusion_reason":null,"override_reason":null,"outside_boundary":false}},{"type":"Feature","geometry":{"type":"Point","coordinates":[-46.48304,-23.51506902]},"properties":{"id":"sp_geosampa_saude_ubs:equipamento_saude_ubs_posto_centro.120845","source_id":"sp_geosampa_saude_ubs","name":"UBS PONTE RASA - DR. CARLOS OLIVALDO DE SOUZA LOPES MUNIZ","name_derived":false,"category":"health_ubs","subcategory":null,"geometry_type":"Point","address":"R. JACO BERTILLON, 22, ALTO DA PONTE RASA, 03894-000","equipment_type":"Unidade Básica de Saúde","administrative_sphere":"Municipal","included_in_metrics":true,"exclusion_reason":null,"override_reason":null,"outside_boundary":false}},{"type":"Feature","geometry":{"type":"Point","coordinates":[-46.74578778,-23.93427402]},"properties":{"id":"sp_geosampa_saude_ubs:equipamento_saude_ubs_posto_centro.120846","source_id":"sp_geosampa_saude_ubs","name":"UBS PONTE SECA - DOM LUCIANO BERGAMIN","name_derived":false,"category":"health_ubs","subcategory":null,"geometry_type":"Point","address":"ESTRADA DA LIGAÇAO, 1, MARSILAC - ZONA RURAL, 04891-360","equipment_type":"Unidade Básica de Saúde","administrative_sphere":"Municipal","included_in_metrics":true,"exclusion_reason":null,"override_reason":null,"outside_boundary":false}},{"type":"Feature","geometry":{"type":"Point","coordinates":[-46.396794,-23.56346102]},"properties":{"id":"sp_geosampa_saude_ubs:equipamento_saude_ubs_posto_centro.120847","source_id":"sp_geosampa_saude_ubs","name":"UBS PREFEITO CELSO AUGUSTO DANIEL","name_derived":false,"category":"health_ubs","subcategory":null,"geometry_type":"Point","address":"R. JORGE MARACCINI PONFILIO, 210, CJ. HAB JUSCELINO KUBITSCHEK, 08465-050","equipment_type":"Unidade Básica de Saúde","administrative_sphere":"Municipal","included_in_metrics":true,"exclusion_reason":null,"override_reason":null,"outside_boundary":false}},{"type":"Feature","geometry":{"type":"Point","coordinates":[-46.406947,-23.56664501]},"properties":{"id":"sp_geosampa_saude_ubs:equipamento_saude_ubs_posto_centro.120848","source_id":"sp_geosampa_saude_ubs","name":"UBS PREFEITO PRESTES MAIA","name_derived":false,"category":"health_ubs","subcategory":null,"geometry_type":"Point","address":"R. INACIO PINTO LIMA, 35, CIDADE TIRADENTES, 08490-020","equipment_type":"Unidade Básica de Saúde","administrative_sphere":"Municipal","included_in_metrics":true,"exclusion_reason":null,"override_reason":null,"outside_boundary":false}},{"type":"Feature","geometry":{"type":"Point","coordinates":[-46.397926,-23.53046301]},"properties":{"id":"sp_geosampa_saude_ubs:equipamento_saude_ubs_posto_centro.120849","source_id":"sp_geosampa_saude_ubs","name":"UBS PRIMEIRO DE OUTUBRO","name_derived":false,"category":"health_ubs","subcategory":null,"geometry_type":"Point","address":"TRAVESSA AÇUCENA DO BREJO, 16 B, JARDIM LOURDES, 08452-590","equipment_type":"Unidade Básica de Saúde","administrative_sphere":"Municipal","included_in_metrics":true,"exclusion_reason":null,"override_reason":null,"outside_boundary":false}},{"type":"Feature","geometry":{"type":"Point","coordinates":[-46.499356,-23.60422502]},"properties":{"id":"sp_geosampa_saude_ubs:equipamento_saude_ubs_posto_centro.120850","source_id":"sp_geosampa_saude_ubs","name":"UBS PRO MORAR","name_derived":false,"category":"health_ubs","subcategory":null,"geometry_type":"Point","address":"R. GIOVANNI NASCO, 535, CONJ HABITACIONAL TEOTONIO VILELA, 03928-090","equipment_type":"Unidade Básica de Saúde","administrative_sphere":"Municipal","included_in_metrics":true,"exclusion_reason":null,"override_reason":null,"outside_boundary":false}},{"type":"Feature","geometry":{"type":"Point","coordinates":[-46.646296,-23.62880201]},"properties":{"id":"sp_geosampa_saude_ubs:equipamento_saude_ubs_posto_centro.120851","source_id":"sp_geosampa_saude_ubs","name":"UBS PROF. MILTON SANTOS","name_derived":false,"category":"health_ubs","subcategory":null,"geometry_type":"Point","address":"AV. CECI, 2249, PLANALTO PAULISTA, 04065-004","equipment_type":"Unidade Básica de Saúde","administrative_sphere":"Municipal","included_in_metrics":true,"exclusion_reason":null,"override_reason":null,"outside_boundary":false}},{"type":"Feature","geometry":{"type":"Point","coordinates":[-46.403573,-23.60324601]},"properties":{"id":"sp_geosampa_saude_ubs:equipamento_saude_ubs_posto_centro.120852","source_id":"sp_geosampa_saude_ubs","name":"UBS PROFETA JEREMIAS","name_derived":false,"category":"health_ubs","subcategory":null,"geometry_type":"Point","address":"R. LUIS BORDESE, 63, CIDADE TIRADENTES, 08471-710","equipment_type":"Unidade Básica de Saúde","administrative_sphere":"Municipal","included_in_metrics":true,"exclusion_reason":null,"override_reason":null,"outside_boundary":false}},{"type":"Feature","geometry":{"type":"Point","coordinates":[-46.705585,-23.61011701]},"properties":{"id":"sp_geosampa_saude_ubs:equipamento_saude_ubs_posto_centro.120853","source_id":"sp_geosampa_saude_ubs","name":"UBS REAL PARQUE - PAULO MANGABEIRA ALBERNAZ FILHO","name_derived":false,"category":"health_ubs","subcategory":null,"geometry_type":"Point","address":"R. BARÃO DE MELGAÇO, 339, REAL PARQUE, 05684-030","equipment_type":"Unidade Básica de Saúde","administrative_sphere":"Municipal","included_in_metrics":true,"exclusion_reason":null,"override_reason":null,"outside_boundary":false}},{"type":"Feature","geometry":{"type":"Point","coordinates":[-46.738522,-23.79264202]},"properties":{"id":"sp_geosampa_saude_ubs:equipamento_saude_ubs_posto_centro.120854","source_id":"sp_geosampa_saude_ubs","name":"UBS RECANTO CAMPO BELO","name_derived":false,"category":"health_ubs","subcategory":null,"geometry_type":"Point","address":"R. VIRGINIA MODESTO, 800, RECANTO CAMPO BELO, 04880-035","equipment_type":"Unidade Básica de Saúde","administrative_sphere":"Municipal","included_in_metrics":true,"exclusion_reason":null,"override_reason":null,"outside_boundary":false}},{"type":"Feature","geometry":{"type":"Point","coordinates":[-46.751496,-23.41516001]},"properties":{"id":"sp_geosampa_saude_ubs:equipamento_saude_ubs_posto_centro.120855","source_id":"sp_geosampa_saude_ubs","name":"UBS RECANTO DOS HUMILDES","name_derived":false,"category":"health_ubs","subcategory":null,"geometry_type":"Point","address":"R. PAVÃO, 36, RECANTO DOS HUMILDES, 05210-000","equipment_type":"Unidade Básica de Saúde","administrative_sphere":"Municipal","included_in_metrics":true,"exclusion_reason":null,"override_reason":null,"outside_boundary":false}},{"type":"Feature","geometry":{"type":"Point","coordinates":[-46.422112,-23.61748801]},"properties":{"id":"sp_geosampa_saude_ubs:equipamento_saude_ubs_posto_centro.120856","source_id":"sp_geosampa_saude_ubs","name":"UBS RECANTO VERDE SOL","name_derived":false,"category":"health_ubs","subcategory":null,"geometry_type":"Point","address":"ESTRADA DOS FIDELIS, 10, RECANTO VERDE SOL, 08382-505","equipment_type":"Unidade Básica de Saúde","administrative_sphere":"Municipal","included_in_metrics":true,"exclusion_reason":null,"override_reason":null,"outside_boundary":false}},{"type":"Feature","geometry":{"type":"Point","coordinates":[-46.636719,-23.54716902]},"properties":{"id":"sp_geosampa_saude_ubs:equipamento_saude_ubs_posto_centro.120857","source_id":"sp_geosampa_saude_ubs","name":"UBS REPÚBLICA - FERNANDA SANTE LIMEIRA","name_derived":false,"category":"health_ubs","subcategory":null,"geometry_type":"Point","address":"R. LIBERO BADARÓ, 282, CENTRO, 01008-000","equipment_type":"Unidade Básica de Saúde","administrative_sphere":"Municipal","included_in_metrics":true,"exclusion_reason":null,"override_reason":null,"outside_boundary":false}},{"type":"Feature","geometry":{"type":"Point","coordinates":[-46.532643,-23.60418101]},"properties":{"id":"sp_geosampa_saude_ubs:equipamento_saude_ubs_posto_centro.120858","source_id":"sp_geosampa_saude_ubs","name":"UBS REUNIDAS I","name_derived":false,"category":"health_ubs","subcategory":null,"geometry_type":"Point","address":"R. SÃO JOSE DAS ESPINHARAS, 400, VILA INDUSTRIAL, 03249-030","equipment_type":"Unidade Básica de Saúde","administrative_sphere":"Municipal","included_in_metrics":true,"exclusion_reason":null,"override_reason":null,"outside_boundary":false}},{"type":"Feature","geometry":{"type":"Point","coordinates":[-46.520894,-23.60496101]},"properties":{"id":"sp_geosampa_saude_ubs:equipamento_saude_ubs_posto_centro.120859","source_id":"sp_geosampa_saude_ubs","name":"UBS REUNIDAS II","name_derived":false,"category":"health_ubs","subcategory":null,"geometry_type":"Point","address":"AV. DA CASA GRANDE, 1258, VILA UNIÃO, 03260-000","equipment_type":"Unidade Básica de Saúde","administrative_sphere":"Municipal","included_in_metrics":true,"exclusion_reason":null,"override_reason":null,"outside_boundary":false}},{"type":"Feature","geometry":{"type":"Point","coordinates":[-46.457305,-23.62150202]},"properties":{"id":"sp_geosampa_saude_ubs:equipamento_saude_ubs_posto_centro.120860","source_id":"sp_geosampa_saude_ubs","name":"UBS RIO CLARO","name_derived":false,"category":"health_ubs","subcategory":null,"geometry_type":"Point","address":"R. CINIRA POLÔNIO, 33, JD RIO CLARO, 08395-320","equipment_type":"Unidade Básica de Saúde","administrative_sphere":"Municipal","included_in_metrics":true,"exclusion_reason":null,"override_reason":null,"outside_boundary":false}},{"type":"Feature","geometry":{"type":"Point","coordinates":[-46.751566,-23.56268802]},"properties":{"id":"sp_geosampa_saude_ubs:equipamento_saude_ubs_posto_centro.120861","source_id":"sp_geosampa_saude_ubs","name":"UBS RIO PEQUENO - PAULO DE BARROS FRANÇA","name_derived":false,"category":"health_ubs","subcategory":null,"geometry_type":"Point","address":"R. PADRE FRANCISCO LIBERMANN, 318, RIO PEQUENO, 05353-160","equipment_type":"Unidade Básica de Saúde","administrative_sphere":"Municipal","included_in_metrics":true,"exclusion_reason":null,"override_reason":null,"outside_boundary":false}},{"type":"Feature","geometry":{"type":"Point","coordinates":[-46.593917,-23.61397002]},"properties":{"id":"sp_geosampa_saude_ubs:equipamento_saude_ubs_posto_centro.120862","source_id":"sp_geosampa_saude_ubs","name":"UBS SACOMA EDMUNDO SUSSUMU FUJITA","name_derived":false,"category":"health_ubs","subcategory":null,"geometry_type":"Point","address":"ESTRADA DAS LAGRIMAS, 1604, SACOMÃ, 04232-000","equipment_type":"Unidade Básica de Saúde","administrative_sphere":"Municipal","included_in_metrics":true,"exclusion_reason":null,"override_reason":null,"outside_boundary":false}},{"type":"Feature","geometry":{"type":"Point","coordinates":[-46.652206,-23.53181202]},"properties":{"id":"sp_geosampa_saude_ubs:equipamento_saude_ubs_posto_centro.120863","source_id":"sp_geosampa_saude_ubs","name":"UBS SANTA CECÍLIA - DR HUMBERTO PASCALE","name_derived":false,"category":"health_ubs","subcategory":null,"geometry_type":"Point","address":"R. VITORINO CARMILO, 599, CAMPOS ELÍSEOS, 01153-000","equipment_type":"Unidade Básica de Saúde","administrative_sphere":"Municipal","included_in_metrics":true,"exclusion_reason":null,"override_reason":null,"outside_boundary":false}},{"type":"Feature","geometry":{"type":"Point","coordinates":[-46.62404,-23.59906701]},"properties":{"id":"sp_geosampa_saude_ubs:equipamento_saude_ubs_posto_centro.120864","source_id":"sp_geosampa_saude_ubs","name":"UBS SANTA CRUZ","name_derived":false,"category":"health_ubs","subcategory":null,"geometry_type":"Point","address":"R. SANTA CRUZ, 1191, VILA MARIANA, 04121-001","equipment_type":"Unidade Básica de Saúde","administrative_sphere":"Municipal","included_in_metrics":true,"exclusion_reason":null,"override_reason":null,"outside_boundary":false}},{"type":"Feature","geometry":{"type":"Point","coordinates":[-46.462449,-23.49239402]},"properties":{"id":"sp_geosampa_saude_ubs:equipamento_saude_ubs_posto_centro.120865","source_id":"sp_geosampa_saude_ubs","name":"UBS SANTA INÊS","name_derived":false,"category":"health_ubs","subcategory":null,"geometry_type":"Point","address":"R. FREI FIDELIS MOTA, 1001, PARQUE CRUZEIRO DO SUL, 08070-130","equipment_type":"Unidade Básica de Saúde","administrative_sphere":"Municipal","included_in_metrics":true,"exclusion_reason":null,"override_reason":null,"outside_boundary":false}},{"type":"Feature","geometry":{"type":"Point","coordinates":[-46.766005,-23.68895802]},"properties":{"id":"sp_geosampa_saude_ubs:equipamento_saude_ubs_posto_centro.120866","source_id":"sp_geosampa_saude_ubs","name":"UBS SANTA LÚCIA","name_derived":false,"category":"health_ubs","subcategory":null,"geometry_type":"Point","address":"R. CARMELO CALI, 26, VILA SANTA LÚCIA, 04940-070","equipment_type":"Unidade Básica de Saúde","administrative_sphere":"Municipal","included_in_metrics":true,"exclusion_reason":null,"override_reason":null,"outside_boundary":false}},{"type":"Feature","geometry":{"type":"Point","coordinates":[-46.388762,-23.52124602]},"properties":{"id":"sp_geosampa_saude_ubs:equipamento_saude_ubs_posto_centro.120867","source_id":"sp_geosampa_saude_ubs","name":"UBS SANTA LUZIA","name_derived":false,"category":"health_ubs","subcategory":null,"geometry_type":"Point","address":"R. CONJUNTO DA PAZ, 39, JARDIM MIRIAM, 08142-360","equipment_type":"Unidade Básica de Saúde","administrative_sphere":"Municipal","included_in_metrics":true,"exclusion_reason":null,"override_reason":null,"outside_boundary":false}},{"type":"Feature","geometry":{"type":"Point","coordinates":[-46.510667,-23.61536601]},"properties":{"id":"sp_geosampa_saude_ubs:equipamento_saude_ubs_posto_centro.120868","source_id":"sp_geosampa_saude_ubs","name":"UBS SANTA MADALENA","name_derived":false,"category":"health_ubs","subcategory":null,"geometry_type":"Point","address":"R. PALMEIRA BACABA, 36, JARDIM ELBA, 03980-050","equipment_type":"Unidade Básica de Saúde","administrative_sphere":"Municipal","included_in_metrics":true,"exclusion_reason":null,"override_reason":null,"outside_boundary":false}},{"type":"Feature","geometry":{"type":"Point","coordinates":[-46.701792,-23.64769801]},"properties":{"id":"sp_geosampa_saude_ubs:equipamento_saude_ubs_posto_centro.120869","source_id":"sp_geosampa_saude_ubs","name":"UBS SANTO AMARO - DR. SÉRGIO VILLAÇA BRAGA","name_derived":false,"category":"health_ubs","subcategory":null,"geometry_type":"Point","address":"R. CONDE DE ITU, 359, SANTO AMARO, 04741-000","equipment_type":"Unidade Básica de Saúde","administrative_sphere":"Municipal","included_in_metrics":true,"exclusion_reason":null,"override_reason":null,"outside_boundary":false}},{"type":"Feature","geometry":{"type":"Point","coordinates":[-46.707362,-23.45364101]},"properties":{"id":"sp_geosampa_saude_ubs:equipamento_saude_ubs_posto_centro.120870","source_id":"sp_geosampa_saude_ubs","name":"UBS SANTO DIAS","name_derived":false,"category":"health_ubs","subcategory":null,"geometry_type":"Point","address":"R. SANTO DIAS, 8, VILA NOVA ESPERANCA, 02814-200","equipment_type":"Unidade Básica de Saúde","administrative_sphere":"Municipal","included_in_metrics":true,"exclusion_reason":null,"override_reason":null,"outside_boundary":false}},{"type":"Feature","geometry":{"type":"Point","coordinates":[-46.750013,-23.49594502]},"properties":{"id":"sp_geosampa_saude_ubs:equipamento_saude_ubs_posto_centro.120871","source_id":"sp_geosampa_saude_ubs","name":"UBS SANTO ELIAS","name_derived":false,"category":"health_ubs","subcategory":null,"geometry_type":"Point","address":"R. FABIO DE ALMEIDA MAGALHÃES, 494, JD SANTO ELIAS, 05135-370","equipment_type":"Unidade Básica de Saúde","administrative_sphere":"Municipal","included_in_metrics":true,"exclusion_reason":null,"override_reason":null,"outside_boundary":false}},{"type":"Feature","geometry":{"type":"Point","coordinates":[-46.460052,-23.55955702]},"properties":{"id":"sp_geosampa_saude_ubs:equipamento_saude_ubs_posto_centro.120872","source_id":"sp_geosampa_saude_ubs","name":"UBS SANTO ESTEVÃO","name_derived":false,"category":"health_ubs","subcategory":null,"geometry_type":"Point","address":"R. CACHOEIRA DA ILHA, 355, ITAQUERA, 08270-110","equipment_type":"Unidade Básica de Saúde","administrative_sphere":"Municipal","included_in_metrics":true,"exclusion_reason":null,"override_reason":null,"outside_boundary":false}},{"type":"Feature","geometry":{"type":"Point","coordinates":[-46.412888,-23.55789902]},"properties":{"id":"sp_geosampa_saude_ubs:equipamento_saude_ubs_posto_centro.120873","source_id":"sp_geosampa_saude_ubs","name":"UBS SÃO CARLOS - GUAIANASES","name_derived":false,"category":"health_ubs","subcategory":null,"geometry_type":"Point","address":"R. MACABU, 35, JD SAO CARLOS, 08411-470","equipment_type":"Unidade Básica de Saúde","administrative_sphere":"Municipal","included_in_metrics":true,"exclusion_reason":null,"override_reason":null,"outside_boundary":false}},{"type":"Feature","geometry":{"type":"Point","coordinates":[-46.661613,-23.68579302]},"properties":{"id":"sp_geosampa_saude_ubs:equipamento_saude_ubs_posto_centro.120874","source_id":"sp_geosampa_saude_ubs","name":"UBS SÃO JORGE - CIDADE ADEMAR","name_derived":false,"category":"health_ubs","subcategory":null,"geometry_type":"Point","address":"AV. EDUARDO PEREIRA RAMOS, 810, JARDIM SAO JORGE, 04432-000","equipment_type":"Unidade Básica de Saúde","administrative_sphere":"Municipal","included_in_metrics":true,"exclusion_reason":null,"override_reason":null,"outside_boundary":false}},{"type":"Feature","geometry":{"type":"Point","coordinates":[-46.483078,-23.59987001]},"properties":{"id":"sp_geosampa_saude_ubs:equipamento_saude_ubs_posto_centro.120875","source_id":"sp_geosampa_saude_ubs","name":"UBS SÃO MATEUS - NAIR ALVES DE REZENDE NORIMBENI","name_derived":false,"category":"health_ubs","subcategory":null,"geometry_type":"Point","address":"R. ANGELO DE CANDIA, 1058, SÃO MATEUS, 03958-000","equipment_type":"Unidade Básica de Saúde","administrative_sphere":"Municipal","included_in_metrics":true,"exclusion_reason":null,"override_reason":null,"outside_boundary":false}},{"type":"Feature","geometry":{"type":"Point","coordinates":[-46.743848,-23.56364302]},"properties":{"id":"sp_geosampa_saude_ubs:equipamento_saude_ubs_posto_centro.120876","source_id":"sp_geosampa_saude_ubs","name":"UBS SÃO REMO","name_derived":false,"category":"health_ubs","subcategory":null,"geometry_type":"Point","address":"R. BALTAZAR RABELO, 167, RIO PEQUENO, 05360-170","equipment_type":"Unidade Básica de Saúde","administrative_sphere":"Municipal","included_in_metrics":true,"exclusion_reason":null,"override_reason":null,"outside_boundary":false}},{"type":"Feature","geometry":{"type":"Point","coordinates":[-46.628102,-23.55124401]},"properties":{"id":"sp_geosampa_saude_ubs:equipamento_saude_ubs_posto_centro.120877","source_id":"sp_geosampa_saude_ubs","name":"UBS SÉ","name_derived":false,"category":"health_ubs","subcategory":null,"geometry_type":"Point","address":"R. FREDERICO ALVARENGA, 259, SE, 01020-030","equipment_type":"Unidade Básica de Saúde","administrative_sphere":"Municipal","included_in_metrics":true,"exclusion_reason":null,"override_reason":null,"outside_boundary":false}},{"type":"Feature","geometry":{"type":"Point","coordinates":[-46.745984,-23.44006402]},"properties":{"id":"sp_geosampa_saude_ubs:equipamento_saude_ubs_posto_centro.120878","source_id":"sp_geosampa_saude_ubs","name":"UBS SEM TERRA - PARQUE NAÇÕES UNIDAS","name_derived":false,"category":"health_ubs","subcategory":null,"geometry_type":"Point","address":"R. ARACY RONDON AMARANTE, 22, JARDIM SANTA LUCRECIA, 02996-180","equipment_type":"Unidade Básica de Saúde","administrative_sphere":"Municipal","included_in_metrics":true,"exclusion_reason":null,"override_reason":null,"outside_boundary":false}},{"type":"Feature","geometry":{"type":"Point","coordinates":[-46.667833,-23.76655201]},"properties":{"id":"sp_geosampa_saude_ubs:equipamento_saude_ubs_posto_centro.120879","source_id":"sp_geosampa_saude_ubs","name":"UBS SHANGRILA/ELLUS","name_derived":false,"category":"health_ubs","subcategory":null,"geometry_type":"Point","address":"R. SEM NOME, 16, JD SHANGRILA, 04852-032","equipment_type":"Unidade Básica de Saúde","administrative_sphere":"Municipal","included_in_metrics":true,"exclusion_reason":null,"override_reason":null,"outside_boundary":false}},{"type":"Feature","geometry":{"type":"Point","coordinates":[-46.699533,-23.45518601]},"properties":{"id":"sp_geosampa_saude_ubs:equipamento_saude_ubs_posto_centro.120880","source_id":"sp_geosampa_saude_ubs","name":"UBS SILMARYA REJANE M.DE SOUZA","name_derived":false,"category":"health_ubs","subcategory":null,"geometry_type":"Point","address":"R. EUVALDO AUGUSTO FREIRE, 20, BRASILÂNDIA, 02855-030","equipment_type":"Unidade Básica de Saúde","administrative_sphere":"Municipal","included_in_metrics":true,"exclusion_reason":null,"override_reason":null,"outside_boundary":false}},{"type":"Feature","geometry":{"type":"Point","coordinates":[-46.503437,-23.60591402]},"properties":{"id":"sp_geosampa_saude_ubs:equipamento_saude_ubs_posto_centro.120881","source_id":"sp_geosampa_saude_ubs","name":"UBS TEOTONIO VILELA","name_derived":false,"category":"health_ubs","subcategory":null,"geometry_type":"Point","address":"AV. ARQUITETO VILANOVA ARTIGAS, 1071, JD SAPOPEMBA, 03928-240","equipment_type":"Unidade Básica de Saúde","administrative_sphere":"Municipal","included_in_metrics":true,"exclusion_reason":null,"override_reason":null,"outside_boundary":false}},{"type":"Feature","geometry":{"type":"Point","coordinates":[-46.47097,-23.50352301]},"properties":{"id":"sp_geosampa_saude_ubs:equipamento_saude_ubs_posto_centro.120882","source_id":"sp_geosampa_saude_ubs","name":"UBS THÉRSIO VENTURA","name_derived":false,"category":"health_ubs","subcategory":null,"geometry_type":"Point","address":"R. ARRAIAL DE SANTA BARBARA, 996, CIDADE PEDRO J NUNES, 08061-360","equipment_type":"Unidade Básica de Saúde","administrative_sphere":"Municipal","included_in_metrics":true,"exclusion_reason":null,"override_reason":null,"outside_boundary":false}},{"type":"Feature","geometry":{"type":"Point","coordinates":[-46.380551,-23.48083602]},"properties":{"id":"sp_geosampa_saude_ubs:equipamento_saude_ubs_posto_centro.120883","source_id":"sp_geosampa_saude_ubs","name":"UBS TRÊS PONTES","name_derived":false,"category":"health_ubs","subcategory":null,"geometry_type":"Point","address":"R. CAPACHOS, 136, JARDIM CELIA, 08191-330","equipment_type":"Unidade Básica de Saúde","administrative_sphere":"Municipal","included_in_metrics":true,"exclusion_reason":null,"override_reason":null,"outside_boundary":false}},{"type":"Feature","geometry":{"type":"Point","coordinates":[-46.71802,-23.43598201]},"properties":{"id":"sp_geosampa_saude_ubs:equipamento_saude_ubs_posto_centro.120884","source_id":"sp_geosampa_saude_ubs","name":"UBS UNIÃO DAS VILAS DE TAIPAS","name_derived":false,"category":"health_ubs","subcategory":null,"geometry_type":"Point","address":"AV. ELISIO TEIXEIRA LEITE, 7703, PARADA DE TAIPAS, 02810-000","equipment_type":"Unidade Básica de Saúde","administrative_sphere":"Municipal","included_in_metrics":true,"exclusion_reason":null,"override_reason":null,"outside_boundary":false}},{"type":"Feature","geometry":{"type":"Point","coordinates":[-46.45933,-23.48344102]},"properties":{"id":"sp_geosampa_saude_ubs:equipamento_saude_ubs_posto_centro.120885","source_id":"sp_geosampa_saude_ubs","name":"UBS UNIÃO DE VILA NOVA","name_derived":false,"category":"health_ubs","subcategory":null,"geometry_type":"Point","address":"R. CATLEIAS, 205, SÃO MIGUEL PAULISTA, 08071-100","equipment_type":"Unidade Básica de Saúde","administrative_sphere":"Municipal","included_in_metrics":true,"exclusion_reason":null,"override_reason":null,"outside_boundary":false}},{"type":"Feature","geometry":{"type":"Point","coordinates":[-46.7079,-23.85419701]},"properties":{"id":"sp_geosampa_saude_ubs:equipamento_saude_ubs_posto_centro.120886","source_id":"sp_geosampa_saude_ubs","name":"UBS VARGEM GRANDE","name_derived":false,"category":"health_ubs","subcategory":null,"geometry_type":"Point","address":"R. DAS ARARAS, 49, VARGEM GRANDE, 04896-260","equipment_type":"Unidade Básica de Saúde","administrative_sphere":"Municipal","included_in_metrics":true,"exclusion_reason":null,"override_reason":null,"outside_boundary":false}},{"type":"Feature","geometry":{"type":"Point","coordinates":[-46.683916,-23.78522002]},"properties":{"id":"sp_geosampa_saude_ubs:equipamento_saude_ubs_posto_centro.120887","source_id":"sp_geosampa_saude_ubs","name":"UBS VARGINHA","name_derived":false,"category":"health_ubs","subcategory":null,"geometry_type":"Point","address":"R. HENRIQUE MUZZIO, 383, VARGINHA, 04857-040","equipment_type":"Unidade Básica de Saúde","administrative_sphere":"Municipal","included_in_metrics":true,"exclusion_reason":null,"override_reason":null,"outside_boundary":false}},{"type":"Feature","geometry":{"type":"Point","coordinates":[-46.711533,-23.68305102]},"properties":{"id":"sp_geosampa_saude_ubs:equipamento_saude_ubs_posto_centro.120888","source_id":"sp_geosampa_saude_ubs","name":"UBS VELEIROS","name_derived":false,"category":"health_ubs","subcategory":null,"geometry_type":"Point","address":"AV. CLARA MANTELLI, 185, VELEIROS, 04771-180","equipment_type":"Unidade Básica de Saúde","administrative_sphere":"Municipal","included_in_metrics":true,"exclusion_reason":null,"override_reason":null,"outside_boundary":false}},{"type":"Feature","geometry":{"type":"Point","coordinates":[-46.780848,-23.73705502]},"properties":{"id":"sp_geosampa_saude_ubs:equipamento_saude_ubs_posto_centro.120889","source_id":"sp_geosampa_saude_ubs","name":"UBS VERA CRUZ - DR FERNANDO PROENÇA DE GOUVEA","name_derived":false,"category":"health_ubs","subcategory":null,"geometry_type":"Point","address":"AV. FUNCIONÁRIOS PÚBLICOS (REF.:R.PABLO BRUNA), 379, JD VERA CRUZ, 04962-000","equipment_type":"Unidade Básica de Saúde","administrative_sphere":"Municipal","included_in_metrics":true,"exclusion_reason":null,"override_reason":null,"outside_boundary":false}},{"type":"Feature","geometry":{"type":"Point","coordinates":[-46.610174,-23.44916202]},"properties":{"id":"sp_geosampa_saude_ubs:equipamento_saude_ubs_posto_centro.120890","source_id":"sp_geosampa_saude_ubs","name":"UBS VILA ALBERTINA - DR OSVALDO MARÇAL","name_derived":false,"category":"health_ubs","subcategory":null,"geometry_type":"Point","address":"R. ANTONIO JOAQUIM DE OLIVEIRA, 224, VL ESMERALDA, 02356-020","equipment_type":"Unidade Básica de Saúde","administrative_sphere":"Municipal","included_in_metrics":true,"exclusion_reason":null,"override_reason":null,"outside_boundary":false}},{"type":"Feature","geometry":{"type":"Point","coordinates":[-46.567697,-23.59651602]},"properties":{"id":"sp_geosampa_saude_ubs:equipamento_saude_ubs_posto_centro.120891","source_id":"sp_geosampa_saude_ubs","name":"UBS VILA ALPINA - DR. HERMINIO MOREIRA","name_derived":false,"category":"health_ubs","subcategory":null,"geometry_type":"Point","address":"R. PARAMU, 398, VL ALPINA, 03147-100","equipment_type":"Unidade Básica de Saúde","administrative_sphere":"Municipal","included_in_metrics":true,"exclusion_reason":null,"override_reason":null,"outside_boundary":false}},{"type":"Feature","geometry":{"type":"Point","coordinates":[-46.722818,-23.51573201]},"properties":{"id":"sp_geosampa_saude_ubs:equipamento_saude_ubs_posto_centro.120892","source_id":"sp_geosampa_saude_ubs","name":"UBS VILA ANASTÁCIO","name_derived":false,"category":"health_ubs","subcategory":null,"geometry_type":"Point","address":"R. CONSELHEIRO OLEGARIO, 239, VILA ANASTACIO, 05093-040","equipment_type":"Unidade Básica de Saúde","administrative_sphere":"Municipal","included_in_metrics":true,"exclusion_reason":null,"override_reason":null,"outside_boundary":false}},{"type":"Feature","geometry":{"type":"Point","coordinates":[-46.677451,-23.53109601]},"properties":{"id":"sp_geosampa_saude_ubs:equipamento_saude_ubs_posto_centro.120893","source_id":"sp_geosampa_saude_ubs","name":"UBS VILA ANGLO - JOSÉ SERRA RIBEIRO","name_derived":false,"category":"health_ubs","subcategory":null,"geometry_type":"Point","address":"AV. SUMARÉ, 100, PERDIZES, 05016-090","equipment_type":"Unidade Básica de Saúde","administrative_sphere":"Municipal","included_in_metrics":true,"exclusion_reason":null,"override_reason":null,"outside_boundary":false}},{"type":"Feature","geometry":{"type":"Point","coordinates":[-46.670224,-23.69093702]},"properties":{"id":"sp_geosampa_saude_ubs:equipamento_saude_ubs_posto_centro.120894","source_id":"sp_geosampa_saude_ubs","name":"UBS VILA APARECIDA","name_derived":false,"category":"health_ubs","subcategory":null,"geometry_type":"Point","address":"AV. BATISTA MACIEL, 430, PEDREIRA, 04459-110","equipment_type":"Unidade Básica de Saúde","administrative_sphere":"Municipal","included_in_metrics":true,"exclusion_reason":null,"override_reason":null,"outside_boundary":false}},{"type":"Feature","geometry":{"type":"Point","coordinates":[-46.589026,-23.63366501]},"properties":{"id":"sp_geosampa_saude_ubs:equipamento_saude_ubs_posto_centro.120895","source_id":"sp_geosampa_saude_ubs","name":"UBS VILA ARAPUÃ - NELSON MORAES","name_derived":false,"category":"health_ubs","subcategory":null,"geometry_type":"Point","address":"R. COLOMBO FLORENCE, 235, VILA ARAPUA, 04257-045","equipment_type":"Unidade Básica de Saúde","administrative_sphere":"Municipal","included_in_metrics":true,"exclusion_reason":null,"override_reason":null,"outside_boundary":false}},{"type":"Feature","geometry":{"type":"Point","coordinates":[-46.536571,-23.53483102]},"properties":{"id":"sp_geosampa_saude_ubs:equipamento_saude_ubs_posto_centro.120896","source_id":"sp_geosampa_saude_ubs","name":"UBS VILA ARICANDUVA","name_derived":false,"category":"health_ubs","subcategory":null,"geometry_type":"Point","address":"R. ANTONIO LINDOURO DA SILVA, 284, VILA ARICANDUVA, 03506-000","equipment_type":"Unidade Básica de Saúde","administrative_sphere":"Municipal","included_in_metrics":true,"exclusion_reason":null,"override_reason":null,"outside_boundary":false}},{"type":"Feature","geometry":{"type":"Point","coordinates":[-46.686403,-23.68061702]},"properties":{"id":"sp_geosampa_saude_ubs:equipamento_saude_ubs_posto_centro.120897","source_id":"sp_geosampa_saude_ubs","name":"UBS VILA ARRIETE - DECIO PACHECO PEDROSO","name_derived":false,"category":"health_ubs","subcategory":null,"geometry_type":"Point","address":"R. JULIETA DE ARAUJO ALMEIDA, 44, VILA ARRIETE, 04445-010","equipment_type":"Unidade Básica de Saúde","administrative_sphere":"Municipal","included_in_metrics":true,"exclusion_reason":null,"override_reason":null,"outside_boundary":false}},{"type":"Feature","geometry":{"type":"Point","coordinates":[-46.626143,-23.47355201]},"properties":{"id":"sp_geosampa_saude_ubs:equipamento_saude_ubs_posto_centro.120898","source_id":"sp_geosampa_saude_ubs","name":"UBS VILA AURORA - DR DOMINGOS MAZZONETO DE CILO","name_derived":false,"category":"health_ubs","subcategory":null,"geometry_type":"Point","address":"AV. ENGENHEIRO CAETANO ALVARES, 7570, IMIRIM, 02413-200","equipment_type":"Unidade Básica de Saúde","administrative_sphere":"Municipal","included_in_metrics":true,"exclusion_reason":null,"override_reason":null,"outside_boundary":false}},{"type":"Feature","geometry":{"type":"Point","coordinates":[-46.575467,-23.57093002]},"properties":{"id":"sp_geosampa_saude_ubs:equipamento_saude_ubs_posto_centro.120899","source_id":"sp_geosampa_saude_ubs","name":"UBS VILA BERTIOGA - DOMINGOS DELASCIO","name_derived":false,"category":"health_ubs","subcategory":null,"geometry_type":"Point","address":"R. FAROL PAULISTANO, 410, ALTO DA MOOCA, 03192-060","equipment_type":"Unidade Básica de Saúde","administrative_sphere":"Municipal","included_in_metrics":true,"exclusion_reason":null,"override_reason":null,"outside_boundary":false}},{"type":"Feature","geometry":{"type":"Point","coordinates":[-46.770457,-23.58724102]},"properties":{"id":"sp_geosampa_saude_ubs:equipamento_saude_ubs_posto_centro.120900","source_id":"sp_geosampa_saude_ubs","name":"UBS VILA BORGES","name_derived":false,"category":"health_ubs","subcategory":null,"geometry_type":"Point","address":"R. JACINTO DE MORAES, 22, JARDIM CLAUDIA, 05546-040","equipment_type":"Unidade Básica de Saúde","administrative_sphere":"Municipal","included_in_metrics":true,"exclusion_reason":null,"override_reason":null,"outside_boundary":false}},{"type":"Feature","geometry":{"type":"Point","coordinates":[-46.751123,-23.39992801]},"properties":{"id":"sp_geosampa_saude_ubs:equipamento_saude_ubs_posto_centro.120901","source_id":"sp_geosampa_saude_ubs","name":"UBS VILA CAIÚBA","name_derived":false,"category":"health_ubs","subcategory":null,"geometry_type":"Point","address":"R. PRESIDENTE VARGAS, 540, PERUS, 05207-000","equipment_type":"Unidade Básica de Saúde","administrative_sphere":"Municipal","included_in_metrics":true,"exclusion_reason":null,"override_reason":null,"outside_boundary":false}},{"type":"Feature","geometry":{"type":"Point","coordinates":[-46.7931,-23.73920601]},"properties":{"id":"sp_geosampa_saude_ubs:equipamento_saude_ubs_posto_centro.120902","source_id":"sp_geosampa_saude_ubs","name":"UBS VILA CALU","name_derived":false,"category":"health_ubs","subcategory":null,"geometry_type":"Point","address":"ESTRADA DO M BOI MIRIM, 10416, VILA CALU, 04948-030","equipment_type":"Unidade Básica de Saúde","administrative_sphere":"Municipal","included_in_metrics":true,"exclusion_reason":null,"override_reason":null,"outside_boundary":false}},{"type":"Feature","geometry":{"type":"Point","coordinates":[-46.650388,-23.66032502]},"properties":{"id":"sp_geosampa_saude_ubs:equipamento_saude_ubs_posto_centro.120903","source_id":"sp_geosampa_saude_ubs","name":"UBS VILA CAMPESTRE","name_derived":false,"category":"health_ubs","subcategory":null,"geometry_type":"Point","address":"R. ARTUR NUNES DA SILVA, 206, VILA CAMPESTRE, 04332-080","equipment_type":"Unidade Básica de Saúde","administrative_sphere":"Municipal","included_in_metrics":true,"exclusion_reason":null,"override_reason":null,"outside_boundary":false}},{"type":"Feature","geometry":{"type":"Point","coordinates":[-46.664065,-23.65447802]},"properties":{"id":"sp_geosampa_saude_ubs:equipamento_saude_ubs_posto_centro.120904","source_id":"sp_geosampa_saude_ubs","name":"UBS VILA CANAÃ","name_derived":false,"category":"health_ubs","subcategory":null,"geometry_type":"Point","address":"R. CONTOS GAUCHESCOS, 630, VILA CANAÃ, 04369-000","equipment_type":"Unidade Básica de Saúde","administrative_sphere":"Municipal","included_in_metrics":true,"exclusion_reason":null,"override_reason":null,"outside_boundary":false}},{"type":"Feature","geometry":{"type":"Point","coordinates":[-46.448712,-23.54978802]},"properties":{"id":"sp_geosampa_saude_ubs:equipamento_saude_ubs_posto_centro.120905","source_id":"sp_geosampa_saude_ubs","name":"UBS VILA CARMOSINA","name_derived":false,"category":"health_ubs","subcategory":null,"geometry_type":"Point","address":"R. IPOPOCA, 61, ITAQUERA, 08290-330","equipment_type":"Unidade Básica de Saúde","administrative_sphere":"Municipal","included_in_metrics":true,"exclusion_reason":null,"override_reason":null,"outside_boundary":false}},{"type":"Feature","geometry":{"type":"Point","coordinates":[-46.52458,-23.55304101]},"properties":{"id":"sp_geosampa_saude_ubs:equipamento_saude_ubs_posto_centro.120906","source_id":"sp_geosampa_saude_ubs","name":"UBS VILA CARRÃO - DR. ADHEMAR MONTEIRO PACHECO","name_derived":false,"category":"health_ubs","subcategory":null,"geometry_type":"Point","address":"R. DR JACI BARBOSA, 280, VL CARRÃO, 03447-000","equipment_type":"Unidade Básica de Saúde","administrative_sphere":"Municipal","included_in_metrics":true,"exclusion_reason":null,"override_reason":null,"outside_boundary":false}},{"type":"Feature","geometry":{"type":"Point","coordinates":[-46.404899,-23.53740202]},"properties":{"id":"sp_geosampa_saude_ubs:equipamento_saude_ubs_posto_centro.120907","source_id":"sp_geosampa_saude_ubs","name":"UBS VILA CHABILÂNDIA","name_derived":false,"category":"health_ubs","subcategory":null,"geometry_type":"Point","address":"ESTRADA DO LAGEADO VELHO, 392, LAJEADO, 08451-000","equipment_type":"Unidade Básica de Saúde","administrative_sphere":"Municipal","included_in_metrics":true,"exclusion_reason":null,"override_reason":null,"outside_boundary":false}},{"type":"Feature","geometry":{"type":"Point","coordinates":[-46.491591,-23.48988802]},"properties":{"id":"sp_geosampa_saude_ubs:equipamento_saude_ubs_posto_centro.120908","source_id":"sp_geosampa_saude_ubs","name":"UBS VILA CISPER","name_derived":false,"category":"health_ubs","subcategory":null,"geometry_type":"Point","address":"R. CACULÉ, 79, VL CISPER, 03817-220","equipment_type":"Unidade Básica de Saúde","administrative_sphere":"Municipal","included_in_metrics":true,"exclusion_reason":null,"override_reason":null,"outside_boundary":false}},{"type":"Feature","geometry":{"type":"Point","coordinates":[-46.666318,-23.67372101]},"properties":{"id":"sp_geosampa_saude_ubs:equipamento_saude_ubs_posto_centro.120909","source_id":"sp_geosampa_saude_ubs","name":"UBS VILA CONSTÂNCIA - VICENTE OCTAVIO GUIDA","name_derived":false,"category":"health_ubs","subcategory":null,"geometry_type":"Point","address":"R. HERMENEGILDO MARTINI, S/Nº, VILA DO CASTELO, 04438-280","equipment_type":"Unidade Básica de Saúde","administrative_sphere":"Municipal","included_in_metrics":true,"exclusion_reason":null,"override_reason":null,"outside_boundary":false}},{"type":"Feature","geometry":{"type":"Point","coordinates":[-46.423261,-23.56515601]},"properties":{"id":"sp_geosampa_saude_ubs:equipamento_saude_ubs_posto_centro.120910","source_id":"sp_geosampa_saude_ubs","name":"UBS VILA COSMOPOLITA","name_derived":false,"category":"health_ubs","subcategory":null,"geometry_type":"Point","address":"R. CHUVAS DE VERAO, 250, GUAIANASES, 08421-570","equipment_type":"Unidade Básica de Saúde","administrative_sphere":"Municipal","included_in_metrics":true,"exclusion_reason":null,"override_reason":null,"outside_boundary":false}},{"type":"Feature","geometry":{"type":"Point","coordinates":[-46.422952,-23.50230002]},"properties":{"id":"sp_geosampa_saude_ubs:equipamento_saude_ubs_posto_centro.120911","source_id":"sp_geosampa_saude_ubs","name":"UBS VILA CURUÇÁ","name_derived":false,"category":"health_ubs","subcategory":null,"geometry_type":"Point","address":"R. PEDRO MEIRA, 1, VILA CURUÇÁ, 08030-500","equipment_type":"Unidade Básica de Saúde","administrative_sphere":"Municipal","included_in_metrics":true,"exclusion_reason":null,"override_reason":null,"outside_boundary":false}},{"type":"Feature","geometry":{"type":"Point","coordinates":[-46.765086,-23.56363902]},"properties":{"id":"sp_geosampa_saude_ubs:equipamento_saude_ubs_posto_centro.120912","source_id":"sp_geosampa_saude_ubs","name":"UBS VILA DALVA - ENG. GUILHERME HENRIQUE PINTO COELHO","name_derived":false,"category":"health_ubs","subcategory":null,"geometry_type":"Point","address":"R. GUSTAVO BERTHIER, 155, VILA DALVA, 05386-110","equipment_type":"Unidade Básica de Saúde","administrative_sphere":"Municipal","included_in_metrics":true,"exclusion_reason":null,"override_reason":null,"outside_boundary":false}},{"type":"Feature","geometry":{"type":"Point","coordinates":[-46.742868,-23.64375601]},"properties":{"id":"sp_geosampa_saude_ubs:equipamento_saude_ubs_posto_centro.120913","source_id":"sp_geosampa_saude_ubs","name":"UBS VILA DAS BELEZAS - DR. ALBERTO AMBRÓSIO","name_derived":false,"category":"health_ubs","subcategory":null,"geometry_type":"Point","address":"ESTRADA DE ITAPECERICA, 720, VILA PREL, 05835-002","equipment_type":"Unidade Básica de Saúde","administrative_sphere":"Municipal","included_in_metrics":true,"exclusion_reason":null,"override_reason":null,"outside_boundary":false}},{"type":"Feature","geometry":{"type":"Point","coordinates":[-46.604935,-23.62957501]},"properties":{"id":"sp_geosampa_saude_ubs:equipamento_saude_ubs_posto_centro.120914","source_id":"sp_geosampa_saude_ubs","name":"UBS VILA DAS MERCÊS","name_derived":false,"category":"health_ubs","subcategory":null,"geometry_type":"Point","address":"R. NOSSA SENHORA DAS MERCÊS, 1315, VILA DAS MERCÊS, 04165-001","equipment_type":"Unidade Básica de Saúde","administrative_sphere":"Municipal","included_in_metrics":true,"exclusion_reason":null,"override_reason":null,"outside_boundary":false}},{"type":"Feature","geometry":{"type":"Point","coordinates":[-46.661781,-23.46509002]},"properties":{"id":"sp_geosampa_saude_ubs:equipamento_saude_ubs_posto_centro.120915","source_id":"sp_geosampa_saude_ubs","name":"UBS VILA DIONISIA","name_derived":false,"category":"health_ubs","subcategory":null,"geometry_type":"Point","address":"R. CHEN FERRAZ FALCÃO, 50, VILA DIONISIA, 02670-040","equipment_type":"Unidade Básica de Saúde","administrative_sphere":"Municipal","included_in_metrics":true,"exclusion_reason":null,"override_reason":null,"outside_boundary":false}},{"type":"Feature","geometry":{"type":"Point","coordinates":[-46.658868,-23.46775201]},"properties":{"id":"sp_geosampa_saude_ubs:equipamento_saude_ubs_posto_centro.120916","source_id":"sp_geosampa_saude_ubs","name":"UBS VILA DIONISIA II","name_derived":false,"category":"health_ubs","subcategory":null,"geometry_type":"Point","address":"R. SETE DE DEZEMBRO, 73, VILA NOVA CACHOCHEIRINHA, 02617-080","equipment_type":"Unidade Básica de Saúde","administrative_sphere":"Municipal","included_in_metrics":true,"exclusion_reason":null,"override_reason":null,"outside_boundary":false}},{"type":"Feature","geometry":{"type":"Point","coordinates":[-46.591463,-23.49067501]},"properties":{"id":"sp_geosampa_saude_ubs:equipamento_saude_ubs_posto_centro.120917","source_id":"sp_geosampa_saude_ubs","name":"UBS VILA EDE","name_derived":false,"category":"health_ubs","subcategory":null,"geometry_type":"Point","address":"R. PADRE MARCOS SIMONI, 390, VILA EDE, 02203-010","equipment_type":"Unidade Básica de Saúde","administrative_sphere":"Municipal","included_in_metrics":true,"exclusion_reason":null,"override_reason":null,"outside_boundary":false}},{"type":"Feature","geometry":{"type":"Point","coordinates":[-46.5469837,-23.58182092]},"properties":{"id":"sp_geosampa_saude_ubs:equipamento_saude_ubs_posto_centro.120918","source_id":"sp_geosampa_saude_ubs","name":"UBS VILA EMA - DR FUAD KASSAB","name_derived":false,"category":"health_ubs","subcategory":null,"geometry_type":"Point","address":"R. GUSTAVO STACH, 140, VILA EMA, 03278-030","equipment_type":"Unidade Básica de Saúde","administrative_sphere":"Municipal","included_in_metrics":true,"exclusion_reason":null,"override_reason":null,"outside_boundary":false}},{"type":"Feature","geometry":{"type":"Point","coordinates":[-46.667834,-23.48143401]},"properties":{"id":"sp_geosampa_saude_ubs:equipamento_saude_ubs_posto_centro.120919","source_id":"sp_geosampa_saude_ubs","name":"UBS VILA ESPANHOLA","name_derived":false,"category":"health_ubs","subcategory":null,"geometry_type":"Point","address":"AV. JOÃO DOS SANTOS ABREU, 650, VILA ESPANHOLA, 02566-020","equipment_type":"Unidade Básica de Saúde","administrative_sphere":"Municipal","included_in_metrics":true,"exclusion_reason":null,"override_reason":null,"outside_boundary":false}},{"type":"Feature","geometry":{"type":"Point","coordinates":[-46.532094,-23.53102102]},"properties":{"id":"sp_geosampa_saude_ubs:equipamento_saude_ubs_posto_centro.120920","source_id":"sp_geosampa_saude_ubs","name":"UBS VILA ESPERANÇA - DR. CASSIO BITENCOURT FILHO","name_derived":false,"category":"health_ubs","subcategory":null,"geometry_type":"Point","address":"R. ALVINÓPOLIS, 1350, VILA BEATRIZ, 03644-070","equipment_type":"Unidade Básica de Saúde","administrative_sphere":"Municipal","included_in_metrics":true,"exclusion_reason":null,"override_reason":null,"outside_boundary":false}},{"type":"Feature","geometry":{"type":"Point","coordinates":[-46.526283,-23.52348401]},"properties":{"id":"sp_geosampa_saude_ubs:equipamento_saude_ubs_posto_centro.120921","source_id":"sp_geosampa_saude_ubs","name":"UBS VILA ESPERANÇA - DR. EMILIO SANTIAGO DE OLIVEIRA","name_derived":false,"category":"health_ubs","subcategory":null,"geometry_type":"Point","address":"R. COREMU, 163, VILA ESPERANÇA, 03647-030","equipment_type":"Unidade Básica de Saúde","administrative_sphere":"Municipal","included_in_metrics":true,"exclusion_reason":null,"override_reason":null,"outside_boundary":false}},{"type":"Feature","geometry":{"type":"Point","coordinates":[-46.534689,-23.57016802]},"properties":{"id":"sp_geosampa_saude_ubs:equipamento_saude_ubs_posto_centro.120922","source_id":"sp_geosampa_saude_ubs","name":"UBS VILA FORMOSA - COMENDADOR JOSÉ GONZALEZ","name_derived":false,"category":"health_ubs","subcategory":null,"geometry_type":"Point","address":"R. NOSSA SENHORA DAS DORES, 350, VL FORMOSA, 03367-040","equipment_type":"Unidade Básica de Saúde","administrative_sphere":"Municipal","included_in_metrics":true,"exclusion_reason":null,"override_reason":null,"outside_boundary":false}},{"type":"Feature","geometry":{"type":"Point","coordinates":[-46.552358,-23.56226502]},"properties":{"id":"sp_geosampa_saude_ubs:equipamento_saude_ubs_posto_centro.120923","source_id":"sp_geosampa_saude_ubs","name":"UBS VILA FORMOSA I - DR. ANTONIO DA SILVEIRA E OLIVEIRA","name_derived":false,"category":"health_ubs","subcategory":null,"geometry_type":"Point","address":"R. ACURUÍ, 720, VILA FORMOSA, 03355-000","equipment_type":"Unidade Básica de Saúde","administrative_sphere":"Municipal","included_in_metrics":true,"exclusion_reason":null,"override_reason":null,"outside_boundary":false}},{"type":"Feature","geometry":{"type":"Point","coordinates":[-46.539056,-23.56937801]},"properties":{"id":"sp_geosampa_saude_ubs:equipamento_saude_ubs_posto_centro.120924","source_id":"sp_geosampa_saude_ubs","name":"UBS VILA FORMOSA II","name_derived":false,"category":"health_ubs","subcategory":null,"geometry_type":"Point","address":"R. OURICURI, 455, VILA FORMOSA, 03365-000","equipment_type":"Unidade Básica de Saúde","administrative_sphere":"Municipal","included_in_metrics":true,"exclusion_reason":null,"override_reason":null,"outside_boundary":false}},{"type":"Feature","geometry":{"type":"Point","coordinates":[-46.508683,-23.52359201]},"properties":{"id":"sp_geosampa_saude_ubs:equipamento_saude_ubs_posto_centro.120925","source_id":"sp_geosampa_saude_ubs","name":"UBS VILA GRANADA - DR ALFREDO FERREIRA PAULINO FILHO","name_derived":false,"category":"health_ubs","subcategory":null,"geometry_type":"Point","address":"R. MADALENA JULIA, 60, VILA GRANADA, 03660-010","equipment_type":"Unidade Básica de Saúde","administrative_sphere":"Municipal","included_in_metrics":true,"exclusion_reason":null,"override_reason":null,"outside_boundary":false}},{"type":"Feature","geometry":{"type":"Point","coordinates":[-46.635888,-23.70271901]},"properties":{"id":"sp_geosampa_saude_ubs:equipamento_saude_ubs_posto_centro.120926","source_id":"sp_geosampa_saude_ubs","name":"UBS VILA GUACURI - CICERO SERGIO CAVALCANTE","name_derived":false,"category":"health_ubs","subcategory":null,"geometry_type":"Point","address":"R. VALENTINO FIORAVANTE, 416, JARDIM RUBILENE, 04475-380","equipment_type":"Unidade Básica de Saúde","administrative_sphere":"Municipal","included_in_metrics":true,"exclusion_reason":null,"override_reason":null,"outside_boundary":false}},{"type":"Feature","geometry":{"type":"Point","coordinates":[-46.528309,-23.57958101]},"properties":{"id":"sp_geosampa_saude_ubs:equipamento_saude_ubs_posto_centro.120927","source_id":"sp_geosampa_saude_ubs","name":"UBS VILA GUARANI","name_derived":false,"category":"health_ubs","subcategory":null,"geometry_type":"Point","address":"R. TERESINHA, 123, JARDIM MARINGÁ, 03382-180","equipment_type":"Unidade Básica de Saúde","administrative_sphere":"Municipal","included_in_metrics":true,"exclusion_reason":null,"override_reason":null,"outside_boundary":false}},{"type":"Feature","geometry":{"type":"Point","coordinates":[-46.605441,-23.51627101]},"properties":{"id":"sp_geosampa_saude_ubs:equipamento_saude_ubs_posto_centro.120928","source_id":"sp_geosampa_saude_ubs","name":"UBS VILA GUILHERME","name_derived":false,"category":"health_ubs","subcategory":null,"geometry_type":"Point","address":"R. JOÃO VENTURA BATISTA, 615, VILA GUILHERME, 02054-100","equipment_type":"Unidade Básica de Saúde","administrative_sphere":"Municipal","included_in_metrics":true,"exclusion_reason":null,"override_reason":null,"outside_boundary":false}},{"type":"Feature","geometry":{"type":"Point","coordinates":[-46.514362,-23.53773802]},"properties":{"id":"sp_geosampa_saude_ubs:equipamento_saude_ubs_posto_centro.120929","source_id":"sp_geosampa_saude_ubs","name":"UBS VILA GUILHERMINA - DR. AMERICO RASPA NETO","name_derived":false,"category":"health_ubs","subcategory":null,"geometry_type":"Point","address":"R. JOÃO MARCHIORI, 59, CIDADE PATRIARCA, 03547-020","equipment_type":"Unidade Básica de Saúde","administrative_sphere":"Municipal","included_in_metrics":true,"exclusion_reason":null,"override_reason":null,"outside_boundary":false}},{"type":"Feature","geometry":{"type":"Point","coordinates":[-46.62467437,-23.60232126]},"properties":{"id":"sp_geosampa_saude_ubs:equipamento_saude_ubs_posto_centro.120930","source_id":"sp_geosampa_saude_ubs","name":"UBS VILA GUMERCINDO - PROF JANDIRA MASSUR","name_derived":false,"category":"health_ubs","subcategory":null,"geometry_type":"Point","address":"AV. DR RICARDO JAFET, 3025, VILA FIRMIANO PINTO, 04123-030","equipment_type":"Unidade Básica de Saúde","administrative_sphere":"Municipal","included_in_metrics":true,"exclusion_reason":null,"override_reason":null,"outside_boundary":false}},{"type":"Feature","geometry":{"type":"Point","coordinates":[-46.534832,-23.58975002]},"properties":{"id":"sp_geosampa_saude_ubs:equipamento_saude_ubs_posto_centro.120931","source_id":"sp_geosampa_saude_ubs","name":"UBS VILA HELOISA","name_derived":false,"category":"health_ubs","subcategory":null,"geometry_type":"Point","address":"R. AIRES QUARESMA, 11, VILA HELOISA, 03286-095","equipment_type":"Unidade Básica de Saúde","administrative_sphere":"Municipal","included_in_metrics":true,"exclusion_reason":null,"override_reason":null,"outside_boundary":false}},{"type":"Feature","geometry":{"type":"Point","coordinates":[-46.650869,-23.67652002]},"properties":{"id":"sp_geosampa_saude_ubs:equipamento_saude_ubs_posto_centro.120932","source_id":"sp_geosampa_saude_ubs","name":"UBS VILA IMPERIO - DRA GILDA TERA TAHIRA","name_derived":false,"category":"health_ubs","subcategory":null,"geometry_type":"Point","address":"R. DR NESTOR SAMPAIO PENTEADO, 181, AMERICANÓPOLIS, 04409-060","equipment_type":"Unidade Básica de Saúde","administrative_sphere":"Municipal","included_in_metrics":true,"exclusion_reason":null,"override_reason":null,"outside_boundary":false}},{"type":"Feature","geometry":{"type":"Point","coordinates":[-46.701094,-23.53198501]},"properties":{"id":"sp_geosampa_saude_ubs:equipamento_saude_ubs_posto_centro.120933","source_id":"sp_geosampa_saude_ubs","name":"UBS VILA IPOJUCA - WANDA COELHO DE MORAES","name_derived":false,"category":"health_ubs","subcategory":null,"geometry_type":"Point","address":"R. CATÃO, 1266, VILA ROMANA, 05049-000","equipment_type":"Unidade Básica de Saúde","administrative_sphere":"Municipal","included_in_metrics":true,"exclusion_reason":null,"override_reason":null,"outside_boundary":false}},{"type":"Feature","geometry":{"type":"Point","coordinates":[-46.51011,-23.56049501]},"properties":{"id":"sp_geosampa_saude_ubs:equipamento_saude_ubs_posto_centro.120934","source_id":"sp_geosampa_saude_ubs","name":"UBS VILA ITAPEMA","name_derived":false,"category":"health_ubs","subcategory":null,"geometry_type":"Point","address":"R. COSTEIRA, 572, JD ARISI, 03573-010","equipment_type":"Unidade Básica de Saúde","administrative_sphere":"Municipal","included_in_metrics":true,"exclusion_reason":null,"override_reason":null,"outside_boundary":false}},{"type":"Feature","geometry":{"type":"Point","coordinates":[-46.600931,-23.49322502]},"properties":{"id":"sp_geosampa_saude_ubs:equipamento_saude_ubs_posto_centro.120935","source_id":"sp_geosampa_saude_ubs","name":"UBS VILA IZOLINA MAZZEI","name_derived":false,"category":"health_ubs","subcategory":null,"geometry_type":"Point","address":"R. ORLANDO RIBEIRO DANTAS, 154, VILA IZOLINA MAZZEI, 02083-010","equipment_type":"Unidade Básica de Saúde","administrative_sphere":"Municipal","included_in_metrics":true,"exclusion_reason":null,"override_reason":null,"outside_boundary":false}},{"type":"Feature","geometry":{"type":"Point","coordinates":[-46.449848,-23.50252301]},"properties":{"id":"sp_geosampa_saude_ubs:equipamento_saude_ubs_posto_centro.120936","source_id":"sp_geosampa_saude_ubs","name":"UBS VILA JACUÍ","name_derived":false,"category":"health_ubs","subcategory":null,"geometry_type":"Point","address":"R. EDIPO FELICIANO, 165, VILA JACUÍ, 08060-220","equipment_type":"Unidade Básica de Saúde","administrative_sphere":"Municipal","included_in_metrics":true,"exclusion_reason":null,"override_reason":null,"outside_boundary":false}},{"type":"Feature","geometry":{"type":"Point","coordinates":[-46.746483,-23.51367602]},"properties":{"id":"sp_geosampa_saude_ubs:equipamento_saude_ubs_posto_centro.120937","source_id":"sp_geosampa_saude_ubs","name":"UBS VILA JAGUARA","name_derived":false,"category":"health_ubs","subcategory":null,"geometry_type":"Point","address":"R. PAÚVA, 721, VILA JAGUARA, 05116-001","equipment_type":"Unidade Básica de Saúde","administrative_sphere":"Municipal","included_in_metrics":true,"exclusion_reason":null,"override_reason":null,"outside_boundary":false}},{"type":"Feature","geometry":{"type":"Point","coordinates":[-46.666297,-23.67360602]},"properties":{"id":"sp_geosampa_saude_ubs:equipamento_saude_ubs_posto_centro.120938","source_id":"sp_geosampa_saude_ubs","name":"UBS VILA JOANIZA - JOÃO YUNES","name_derived":false,"category":"health_ubs","subcategory":null,"geometry_type":"Point","address":"R. FERNANDO MELAO MARTINI, S/N, CIDADE ADEMAR, 04438-290","equipment_type":"Unidade Básica de Saúde","administrative_sphere":"Municipal","included_in_metrics":true,"exclusion_reason":null,"override_reason":null,"outside_boundary":false}},{"type":"Feature","geometry":{"type":"Point","coordinates":[-46.596791,-23.49867702]},"properties":{"id":"sp_geosampa_saude_ubs:equipamento_saude_ubs_posto_centro.120939","source_id":"sp_geosampa_saude_ubs","name":"UBS VILA LEONOR","name_derived":false,"category":"health_ubs","subcategory":null,"geometry_type":"Point","address":"AV. ANGELINA, 770, VL LEONOR, 02077-000","equipment_type":"Unidade Básica de Saúde","administrative_sphere":"Municipal","included_in_metrics":true,"exclusion_reason":null,"override_reason":null,"outside_boundary":false}},{"type":"Feature","geometry":{"type":"Point","coordinates":[-46.716436,-23.45551702]},"properties":{"id":"sp_geosampa_saude_ubs:equipamento_saude_ubs_posto_centro.120940","source_id":"sp_geosampa_saude_ubs","name":"UBS VILA MAGGI","name_derived":false,"category":"health_ubs","subcategory":null,"geometry_type":"Point","address":"R. CONDE MONTERONE, 40, PIRITUBA, 02982-190","equipment_type":"Unidade Básica de Saúde","administrative_sphere":"Municipal","included_in_metrics":true,"exclusion_reason":null,"override_reason":null,"outside_boundary":false}},{"type":"Feature","geometry":{"type":"Point","coordinates":[-46.745278,-23.49525202]},"properties":{"id":"sp_geosampa_saude_ubs:equipamento_saude_ubs_posto_centro.120941","source_id":"sp_geosampa_saude_ubs","name":"UBS VILA MANGALOT","name_derived":false,"category":"health_ubs","subcategory":null,"geometry_type":"Point","address":"R. PORTÃO PRETO, 220, SÃO DOMINGOS, 05131-120","equipment_type":"Unidade Básica de Saúde","administrative_sphere":"Municipal","included_in_metrics":true,"exclusion_reason":null,"override_reason":null,"outside_boundary":false}},{"type":"Feature","geometry":{"type":"Point","coordinates":[-46.722185,-23.78806601]},"properties":{"id":"sp_geosampa_saude_ubs:equipamento_saude_ubs_posto_centro.120942","source_id":"sp_geosampa_saude_ubs","name":"UBS VILA MARCELO","name_derived":false,"category":"health_ubs","subcategory":null,"geometry_type":"Point","address":"R. AMADO BENEDITO VILAS BOAS, 616, VL MARCELO, 04866-000","equipment_type":"Unidade Básica de Saúde","administrative_sphere":"Municipal","included_in_metrics":true,"exclusion_reason":null,"override_reason":null,"outside_boundary":false}},{"type":"Feature","geometry":{"type":"Point","coordinates":[-46.590546,-23.49999701]},"properties":{"id":"sp_geosampa_saude_ubs:equipamento_saude_ubs_posto_centro.120943","source_id":"sp_geosampa_saude_ubs","name":"UBS VILA MARIA - DR. LUIZ PAULO GNECCO","name_derived":false,"category":"health_ubs","subcategory":null,"geometry_type":"Point","address":"R. ANDRÉ DA FONSECA, 70, VILA MUNHOZ, 02135-010","equipment_type":"Unidade Básica de Saúde","administrative_sphere":"Municipal","included_in_metrics":true,"exclusion_reason":null,"override_reason":null,"outside_boundary":false}},{"type":"Feature","geometry":{"type":"Point","coordinates":[-46.643264,-23.59562601]},"properties":{"id":"sp_geosampa_saude_ubs:equipamento_saude_ubs_posto_centro.120944","source_id":"sp_geosampa_saude_ubs","name":"UBS VILA MARIANA - DIOGO NOMURA","name_derived":false,"category":"health_ubs","subcategory":null,"geometry_type":"Point","address":"R. DIOGO DE FARIA, 678, VILA CLEMENTINO, 04037-000","equipment_type":"Unidade Básica de Saúde","administrative_sphere":"Municipal","included_in_metrics":true,"exclusion_reason":null,"override_reason":null,"outside_boundary":false}},{"type":"Feature","geometry":{"type":"Point","coordinates":[-46.527774,-23.53928302]},"properties":{"id":"sp_geosampa_saude_ubs:equipamento_saude_ubs_posto_centro.120945","source_id":"sp_geosampa_saude_ubs","name":"UBS VILA MATILDE - DR. RUBENS DO VAL","name_derived":false,"category":"health_ubs","subcategory":null,"geometry_type":"Point","address":"R. MARCONDES DE BRITO, 1304, VILA MATILDE, 03509-000","equipment_type":"Unidade Básica de Saúde","administrative_sphere":"Municipal","included_in_metrics":true,"exclusion_reason":null,"override_reason":null,"outside_boundary":false}},{"type":"Feature","geometry":{"type":"Point","coordinates":[-46.612541,-23.63351801]},"properties":{"id":"sp_geosampa_saude_ubs:equipamento_saude_ubs_posto_centro.120946","source_id":"sp_geosampa_saude_ubs","name":"UBS VILA MORAES - JOÃO PAULO BOTELHO VIEIRA","name_derived":false,"category":"health_ubs","subcategory":null,"geometry_type":"Point","address":"R. GIOVANNI DI BALDUCCIO, 250, VILA MORAES, 04170-000","equipment_type":"Unidade Básica de Saúde","administrative_sphere":"Municipal","included_in_metrics":true,"exclusion_reason":null,"override_reason":null,"outside_boundary":false}},{"type":"Feature","geometry":{"type":"Point","coordinates":[-46.707403,-23.76395501]},"properties":{"id":"sp_geosampa_saude_ubs:equipamento_saude_ubs_posto_centro.120947","source_id":"sp_geosampa_saude_ubs","name":"UBS VILA NATAL","name_derived":false,"category":"health_ubs","subcategory":null,"geometry_type":"Point","address":"AV. PROFª. MARTA MARIA BERNARDES, 246, VILA NATAL, 04863-000","equipment_type":"Unidade Básica de Saúde","administrative_sphere":"Municipal","included_in_metrics":true,"exclusion_reason":null,"override_reason":null,"outside_boundary":false}},{"type":"Feature","geometry":{"type":"Point","coordinates":[-46.587933,-23.47784402]},"properties":{"id":"sp_geosampa_saude_ubs:equipamento_saude_ubs_posto_centro.120948","source_id":"sp_geosampa_saude_ubs","name":"UBS VILA NIVI","name_derived":false,"category":"health_ubs","subcategory":null,"geometry_type":"Point","address":"PRAÇA CAMPINÓPOLIS, 125, VILA NIVI, 02252-160","equipment_type":"Unidade Básica de Saúde","administrative_sphere":"Municipal","included_in_metrics":true,"exclusion_reason":null,"override_reason":null,"outside_boundary":false}},{"type":"Feature","geometry":{"type":"Point","coordinates":[-46.442818,-23.53434001]},"properties":{"id":"sp_geosampa_saude_ubs:equipamento_saude_ubs_posto_centro.120949","source_id":"sp_geosampa_saude_ubs","name":"UBS VILA NOSSA SENHORA APARECIDA","name_derived":false,"category":"health_ubs","subcategory":null,"geometry_type":"Point","address":"R. PAULINO SERQUEIRA X GUAIA GUAÇU, 1, ITAQUERA, 08215-160","equipment_type":"Unidade Básica de Saúde","administrative_sphere":"Municipal","included_in_metrics":true,"exclusion_reason":null,"override_reason":null,"outside_boundary":false}},{"type":"Feature","geometry":{"type":"Point","coordinates":[-46.426579,-23.51624602]},"properties":{"id":"sp_geosampa_saude_ubs:equipamento_saude_ubs_posto_centro.120950","source_id":"sp_geosampa_saude_ubs","name":"UBS VILA NOVA CURUÇÁ","name_derived":false,"category":"health_ubs","subcategory":null,"geometry_type":"Point","address":"R. NARCEJA, 51, SÃO MIGUEL PAULISTA, 08032-340","equipment_type":"Unidade Básica de Saúde","administrative_sphere":"Municipal","included_in_metrics":true,"exclusion_reason":null,"override_reason":null,"outside_boundary":false}},{"type":"Feature","geometry":{"type":"Point","coordinates":[-46.572609,-23.45146401]},"properties":{"id":"sp_geosampa_saude_ubs:equipamento_saude_ubs_posto_centro.120951","source_id":"sp_geosampa_saude_ubs","name":"UBS VILA NOVA GALVÃO - SÔNIA REGINA CAMPANELLI","name_derived":false,"category":"health_ubs","subcategory":null,"geometry_type":"Point","address":"R. ALFEU LUIS GASPARINI, 116, VILA NOVA GALVÃO, 02281-110","equipment_type":"Unidade Básica de Saúde","administrative_sphere":"Municipal","included_in_metrics":true,"exclusion_reason":null,"override_reason":null,"outside_boundary":false}},{"type":"Feature","geometry":{"type":"Point","coordinates":[-46.531881,-23.54651001]},"properties":{"id":"sp_geosampa_saude_ubs:equipamento_saude_ubs_posto_centro.120952","source_id":"sp_geosampa_saude_ubs","name":"UBS VILA NOVA MANCHESTER - DR. ARLINDO GENNARI","name_derived":false,"category":"health_ubs","subcategory":null,"geometry_type":"Point","address":"PRAÇA HAROLDO DALTRO, 461, VL NOVA MANCHESTER, 03444-090","equipment_type":"Unidade Básica de Saúde","administrative_sphere":"Municipal","included_in_metrics":true,"exclusion_reason":null,"override_reason":null,"outside_boundary":false}},{"type":"Feature","geometry":{"type":"Point","coordinates":[-46.509869,-23.57884901]},"properties":{"id":"sp_geosampa_saude_ubs:equipamento_saude_ubs_posto_centro.120953","source_id":"sp_geosampa_saude_ubs","name":"UBS VILA NOVA YORK","name_derived":false,"category":"health_ubs","subcategory":null,"geometry_type":"Point","address":"R. DR EDGARD MAGALHÃES NORONHA, 200, VL NOVA YORK, 03480-000","equipment_type":"Unidade Básica de Saúde","administrative_sphere":"Municipal","included_in_metrics":true,"exclusion_reason":null,"override_reason":null,"outside_boundary":false}},{"type":"Feature","geometry":{"type":"Point","coordinates":[-46.671278,-23.59268102]},"properties":{"id":"sp_geosampa_saude_ubs:equipamento_saude_ubs_posto_centro.120954","source_id":"sp_geosampa_saude_ubs","name":"UBS VILA OLIMPIA - MAX PERLMAN","name_derived":false,"category":"health_ubs","subcategory":null,"geometry_type":"Point","address":"R. JACQUES FELIX, 499, VL NOVA CONCEIÇÃO, 04509-001","equipment_type":"Unidade Básica de Saúde","administrative_sphere":"Municipal","included_in_metrics":true,"exclusion_reason":null,"override_reason":null,"outside_boundary":false}},{"type":"Feature","geometry":{"type":"Point","coordinates":[-46.700979,-23.49332102]},"properties":{"id":"sp_geosampa_saude_ubs:equipamento_saude_ubs_posto_centro.120955","source_id":"sp_geosampa_saude_ubs","name":"UBS VILA PALMEIRAS (PROVISORIAMENTE NA UBS GUANABARA)","name_derived":false,"category":"health_ubs","subcategory":null,"geometry_type":"Point","address":"AV. MINISTRO PETRÔNIO PORTELA, 663, FREGUESIA DO Ó, 02959-000","equipment_type":"Unidade Básica de Saúde","administrative_sphere":"Municipal","included_in_metrics":true,"exclusion_reason":null,"override_reason":null,"outside_boundary":false}},{"type":"Feature","geometry":{"type":"Point","coordinates":[-46.474236,-23.49493101]},"properties":{"id":"sp_geosampa_saude_ubs:equipamento_saude_ubs_posto_centro.120956","source_id":"sp_geosampa_saude_ubs","name":"UBS VILA PARANAGUÁ","name_derived":false,"category":"health_ubs","subcategory":null,"geometry_type":"Point","address":"R. JOSÉ GOES NOGUEIRA, 70, VL PARANAGUÁ, 03807-380","equipment_type":"Unidade Básica de Saúde","administrative_sphere":"Municipal","included_in_metrics":true,"exclusion_reason":null,"override_reason":null,"outside_boundary":false}},{"type":"Feature","geometry":{"type":"Point","coordinates":[-46.680762,-23.46689702]},"properties":{"id":"sp_geosampa_saude_ubs:equipamento_saude_ubs_posto_centro.120957","source_id":"sp_geosampa_saude_ubs","name":"UBS VILA PENTEADO - FATIMA DE JESUS VIANA ROSA","name_derived":false,"category":"health_ubs","subcategory":null,"geometry_type":"Point","address":"R. URUPEVA, 219, VILA PENTEADO, 02866-080","equipment_type":"Unidade Básica de Saúde","administrative_sphere":"Municipal","included_in_metrics":true,"exclusion_reason":null,"override_reason":null,"outside_boundary":false}},{"type":"Feature","geometry":{"type":"Point","coordinates":[-46.747013,-23.48259901]},"properties":{"id":"sp_geosampa_saude_ubs:equipamento_saude_ubs_posto_centro.120958","source_id":"sp_geosampa_saude_ubs","name":"UBS VILA PIRITUBA","name_derived":false,"category":"health_ubs","subcategory":null,"geometry_type":"Point","address":"R. RIBEIRÃO VERMELHO, 501, VILA PIRITUBA, 05170-000","equipment_type":"Unidade Básica de Saúde","administrative_sphere":"Municipal","included_in_metrics":true,"exclusion_reason":null,"override_reason":null,"outside_boundary":false}},{"type":"Feature","geometry":{"type":"Point","coordinates":[-46.745817,-23.61727701]},"properties":{"id":"sp_geosampa_saude_ubs:equipamento_saude_ubs_posto_centro.120959","source_id":"sp_geosampa_saude_ubs","name":"UBS VILA PRAIA -VITORIO ROLANDO BOCCALETTI","name_derived":false,"category":"health_ubs","subcategory":null,"geometry_type":"Point","address":"R. ANDRÉ DE ANDRADE, S/N, VILA PRAIA, 05749-240","equipment_type":"Unidade Básica de Saúde","administrative_sphere":"Municipal","included_in_metrics":true,"exclusion_reason":null,"override_reason":null,"outside_boundary":false}},{"type":"Feature","geometry":{"type":"Point","coordinates":[-46.433226,-23.51517102]},"properties":{"id":"sp_geosampa_saude_ubs:equipamento_saude_ubs_posto_centro.120960","source_id":"sp_geosampa_saude_ubs","name":"UBS VILA PROGRESSO","name_derived":false,"category":"health_ubs","subcategory":null,"geometry_type":"Point","address":"R. REAL HORTO, 115, VL PROGRESSO, 08245-260","equipment_type":"Unidade Básica de Saúde","administrative_sphere":"Municipal","included_in_metrics":true,"exclusion_reason":null,"override_reason":null,"outside_boundary":false}},{"type":"Feature","geometry":{"type":"Point","coordinates":[-46.702532,-23.47546801]},"properties":{"id":"sp_geosampa_saude_ubs:equipamento_saude_ubs_posto_centro.120961","source_id":"sp_geosampa_saude_ubs","name":"UBS VILA PROGRESSO - JD MONTE ALEGRE","name_derived":false,"category":"health_ubs","subcategory":null,"geometry_type":"Point","address":"R. ANTONIO GENELLE, 30, JD MONTE ALEGRE, 02811-020","equipment_type":"Unidade Básica de Saúde","administrative_sphere":"Municipal","included_in_metrics":true,"exclusion_reason":null,"override_reason":null,"outside_boundary":false}},{"type":"Feature","geometry":{"type":"Point","coordinates":[-46.582787,-23.58217302]},"properties":{"id":"sp_geosampa_saude_ubs:equipamento_saude_ubs_posto_centro.120962","source_id":"sp_geosampa_saude_ubs","name":"UBS VILA PRUDENTE","name_derived":false,"category":"health_ubs","subcategory":null,"geometry_type":"Point","address":"PRAÇA DO CENTENÁRIO DE VILA PRUDENTE - VEIGA CABRAL, 108, VILA PRUDENTE, 03132-050","equipment_type":"Unidade Básica de Saúde","administrative_sphere":"Municipal","included_in_metrics":true,"exclusion_reason":null,"override_reason":null,"outside_boundary":false}},{"type":"Feature","geometry":{"type":"Point","coordinates":[-46.46385,-23.52051701]},"properties":{"id":"sp_geosampa_saude_ubs:equipamento_saude_ubs_posto_centro.120963","source_id":"sp_geosampa_saude_ubs","name":"UBS VILA RAMOS - DR. LUIZ AUGUSTO DE CAMPOS","name_derived":false,"category":"health_ubs","subcategory":null,"geometry_type":"Point","address":"AV. AUGUSTO ANTUNES, 1631, LIMOEIRO, 08235-630","equipment_type":"Unidade Básica de Saúde","administrative_sphere":"Municipal","included_in_metrics":true,"exclusion_reason":null,"override_reason":null,"outside_boundary":false}},{"type":"Feature","geometry":{"type":"Point","coordinates":[-46.677918,-23.48255201]},"properties":{"id":"sp_geosampa_saude_ubs:equipamento_saude_ubs_posto_centro.120964","source_id":"sp_geosampa_saude_ubs","name":"UBS VILA RAMOS - FREGUESIA DO Ó","name_derived":false,"category":"health_ubs","subcategory":null,"geometry_type":"Point","address":"R. FERRAZ DE VASCONCELOS, 80, NOSSA SENHORA DO O, 02760-060","equipment_type":"Unidade Básica de Saúde","administrative_sphere":"Municipal","included_in_metrics":true,"exclusion_reason":null,"override_reason":null,"outside_boundary":false}},{"type":"Feature","geometry":{"type":"Point","coordinates":[-46.458847,-23.53031902]},"properties":{"id":"sp_geosampa_saude_ubs:equipamento_saude_ubs_posto_centro.120965","source_id":"sp_geosampa_saude_ubs","name":"UBS VILA REGINA","name_derived":false,"category":"health_ubs","subcategory":null,"geometry_type":"Point","address":"R. CATARINA LOPES, 450, VILA REGINA, 08225-000","equipment_type":"Unidade Básica de Saúde","administrative_sphere":"Municipal","included_in_metrics":true,"exclusion_reason":null,"override_reason":null,"outside_boundary":false}},{"type":"Feature","geometry":{"type":"Point","coordinates":[-46.506963,-23.61757202]},"properties":{"id":"sp_geosampa_saude_ubs:equipamento_saude_ubs_posto_centro.120966","source_id":"sp_geosampa_saude_ubs","name":"UBS VILA RENATO - MARIA DAS GRAÇAS DA SILVA","name_derived":false,"category":"health_ubs","subcategory":null,"geometry_type":"Point","address":"R. BERNARDINO FERRAZ, 54, VL RENATO, 03978-210","equipment_type":"Unidade Básica de Saúde","administrative_sphere":"Municipal","included_in_metrics":true,"exclusion_reason":null,"override_reason":null,"outside_boundary":false}},{"type":"Feature","geometry":{"type":"Point","coordinates":[-46.695299,-23.52868302]},"properties":{"id":"sp_geosampa_saude_ubs:equipamento_saude_ubs_posto_centro.120967","source_id":"sp_geosampa_saude_ubs","name":"UBS VILA ROMANA","name_derived":false,"category":"health_ubs","subcategory":null,"geometry_type":"Point","address":"R. VESPASIANO, 679, VL ROMANA, 05044-050","equipment_type":"Unidade Básica de Saúde","administrative_sphere":"Municipal","included_in_metrics":true,"exclusion_reason":null,"override_reason":null,"outside_boundary":false}},{"type":"Feature","geometry":{"type":"Point","coordinates":[-46.737013,-23.84144901]},"properties":{"id":"sp_geosampa_saude_ubs:equipamento_saude_ubs_posto_centro.120968","source_id":"sp_geosampa_saude_ubs","name":"UBS VILA ROSCHEL","name_derived":false,"category":"health_ubs","subcategory":null,"geometry_type":"Point","address":"R. ALICE BASTIDE, 290, VL ROSCHEL, 04891-140","equipment_type":"Unidade Básica de Saúde","administrative_sphere":"Municipal","included_in_metrics":true,"exclusion_reason":null,"override_reason":null,"outside_boundary":false}},{"type":"Feature","geometry":{"type":"Point","coordinates":[-46.572817,-23.49242501]},"properties":{"id":"sp_geosampa_saude_ubs:equipamento_saude_ubs_posto_centro.120969","source_id":"sp_geosampa_saude_ubs","name":"UBS VILA SABRINA - DR. CARLOS AUGUSTO AUTRAN PEDERNEIRAS LIMA","name_derived":false,"category":"health_ubs","subcategory":null,"geometry_type":"Point","address":"R. FRANCISCO FRANCO MACHADO, 150, VL. SABRINA, 02139-020","equipment_type":"Unidade Básica de Saúde","administrative_sphere":"Municipal","included_in_metrics":true,"exclusion_reason":null,"override_reason":null,"outside_boundary":false}},{"type":"Feature","geometry":{"type":"Point","coordinates":[-46.652384,-23.65333301]},"properties":{"id":"sp_geosampa_saude_ubs:equipamento_saude_ubs_posto_centro.120970","source_id":"sp_geosampa_saude_ubs","name":"UBS VILA SANTA CATARINA","name_derived":false,"category":"health_ubs","subcategory":null,"geometry_type":"Point","address":"R. BELMIRO ZANETTI ESTEVES, 181, VL SANTA CATARINA, 04377-060","equipment_type":"Unidade Básica de Saúde","administrative_sphere":"Municipal","included_in_metrics":true,"exclusion_reason":null,"override_reason":null,"outside_boundary":false}},{"type":"Feature","geometry":{"type":"Point","coordinates":[-46.67146,-23.49318601]},"properties":{"id":"sp_geosampa_saude_ubs:equipamento_saude_ubs_posto_centro.120971","source_id":"sp_geosampa_saude_ubs","name":"UBS VILA SANTA MARIA","name_derived":false,"category":"health_ubs","subcategory":null,"geometry_type":"Point","address":"R. PROFESSOR DARIO RIBEIRO, 670, LIMÃO, 02559-000","equipment_type":"Unidade Básica de Saúde","administrative_sphere":"Municipal","included_in_metrics":true,"exclusion_reason":null,"override_reason":null,"outside_boundary":false}},{"type":"Feature","geometry":{"type":"Point","coordinates":[-46.44572,-23.52528301]},"properties":{"id":"sp_geosampa_saude_ubs:equipamento_saude_ubs_posto_centro.120972","source_id":"sp_geosampa_saude_ubs","name":"UBS VILA SANTANA","name_derived":false,"category":"health_ubs","subcategory":null,"geometry_type":"Point","address":"R. VITOR JOSE DE CASTRO, 84, VL SANTANA, 08240-300","equipment_type":"Unidade Básica de Saúde","administrative_sphere":"Municipal","included_in_metrics":true,"exclusion_reason":null,"override_reason":null,"outside_boundary":false}},{"type":"Feature","geometry":{"type":"Point","coordinates":[-46.561071,-23.54913801]},"properties":{"id":"sp_geosampa_saude_ubs:equipamento_saude_ubs_posto_centro.120973","source_id":"sp_geosampa_saude_ubs","name":"UBS VILA SANTO ESTEVÃO - WOADY JORGE KALIL","name_derived":false,"category":"health_ubs","subcategory":null,"geometry_type":"Point","address":"R. ANTONIO CAMARDO, 678, VILA GOMES CARDIM, 03309-060","equipment_type":"Unidade Básica de Saúde","administrative_sphere":"Municipal","included_in_metrics":true,"exclusion_reason":null,"override_reason":null,"outside_boundary":false}},{"type":"Feature","geometry":{"type":"Point","coordinates":[-46.696421,-23.45876201]},"properties":{"id":"sp_geosampa_saude_ubs:equipamento_saude_ubs_posto_centro.120974","source_id":"sp_geosampa_saude_ubs","name":"UBS VILA TEREZINHA","name_derived":false,"category":"health_ubs","subcategory":null,"geometry_type":"Point","address":"R. DOMINGOS FRANCISCO DE MEDEIROS, 70, VILA TERESINHA, 02854-010","equipment_type":"Unidade Básica de Saúde","administrative_sphere":"Municipal","included_in_metrics":true,"exclusion_reason":null,"override_reason":null,"outside_boundary":false}},{"type":"Feature","geometry":{"type":"Point","coordinates":[-46.711275,-23.47693702]},"properties":{"id":"sp_geosampa_saude_ubs:equipamento_saude_ubs_posto_centro.120975","source_id":"sp_geosampa_saude_ubs","name":"UBS VILA ZATT","name_derived":false,"category":"health_ubs","subcategory":null,"geometry_type":"Point","address":"R. MONSENHOR MANUEL GOMES, 77, VILA ZATT, 02975-120","equipment_type":"Unidade Básica de Saúde","administrative_sphere":"Municipal","included_in_metrics":true,"exclusion_reason":null,"override_reason":null,"outside_boundary":false}},{"type":"Feature","geometry":{"type":"Point","coordinates":[-46.746016,-23.67207101]},"properties":{"id":"sp_geosampa_saude_ubs:equipamento_saude_ubs_posto_centro.120976","source_id":"sp_geosampa_saude_ubs","name":"UBS ZUMBI DOS PALMARES","name_derived":false,"category":"health_ubs","subcategory":null,"geometry_type":"Point","address":"R. HUMBERTO DE ALMEIDA, 279, CHÁCARA SANTANA, 05831-000","equipment_type":"Unidade Básica de Saúde","administrative_sphere":"Municipal","included_in_metrics":true,"exclusion_reason":null,"override_reason":null,"outside_boundary":false}},{"type":"Feature","geometry":{"type":"Point","coordinates":[-46.75377713,-23.46402919]},"properties":{"id":"sp_geosampa_saude_ubs:equipamento_saude_ubs_posto_centro.120977","source_id":"sp_geosampa_saude_ubs","name":"UBSI ALDEIA JARAGUA - KWARÃY DJEKUPÉ","name_derived":false,"category":"health_ubs","subcategory":null,"geometry_type":"Point","address":"ESTRADA TURÍSTICA DO JARAGUÁ, 3750, JARAGUÁ, 05161-000","equipment_type":"Unidade Básica de Saúde","administrative_sphere":"Municipal","included_in_metrics":true,"exclusion_reason":null,"override_reason":null,"outside_boundary":false}},{"type":"Feature","geometry":{"type":"Point","coordinates":[-46.621096,-23.86480502]},"properties":{"id":"sp_geosampa_saude_ubs:equipamento_saude_ubs_posto_centro.120978","source_id":"sp_geosampa_saude_ubs","name":"UBSI KRUKUTU","name_derived":false,"category":"health_ubs","subcategory":null,"geometry_type":"Point","address":"ESTRADA DO CURUCUTU, S/Nº, CIPO DO MEIO, 04895-090","equipment_type":"Unidade Básica de Saúde","administrative_sphere":"Municipal","included_in_metrics":true,"exclusion_reason":null,"override_reason":null,"outside_boundary":false}},{"type":"Feature","geometry":{"type":"Point","coordinates":[-46.651613,-23.86766302]},"properties":{"id":"sp_geosampa_saude_ubs:equipamento_saude_ubs_posto_centro.120979","source_id":"sp_geosampa_saude_ubs","name":"UBSI VERA POTY","name_derived":false,"category":"health_ubs","subcategory":null,"geometry_type":"Point","address":"ESTRADA JOÃO LANG, 153, BARRAGEM, 04895-070","equipment_type":"Unidade Básica de Saúde","administrative_sphere":"Municipal","included_in_metrics":true,"exclusion_reason":null,"override_reason":null,"outside_boundary":false}}]}
