{"type":"FeatureCollection","features":[{"type":"Feature","geometry":{"type":"Point","coordinates":[-46.67531135,-23.58409787]},"properties":{"id":"sp_geosampa_teatro_cinema_show:equipamento_cultura_teatro_cinema_show.40395","source_id":"sp_geosampa_teatro_cinema_show","name":"KINOPLEX ITAIM - SALA 01","name_derived":false,"category":"culture","subcategory":"theatre_cinema","geometry_type":"Point","address":"Rua Joaquim Floriano, 462, 04534-002","equipment_type":"Salas de Cinema","administrative_sphere":"Particular","included_in_metrics":false,"exclusion_reason":"private provider","override_reason":null,"outside_boundary":false,"venue_id":"sp_geosampa_teatro_cinema_show:venue:1"}},{"type":"Feature","geometry":{"type":"Point","coordinates":[-46.67531135,-23.58409787]},"properties":{"id":"sp_geosampa_teatro_cinema_show:equipamento_cultura_teatro_cinema_show.40396","source_id":"sp_geosampa_teatro_cinema_show","name":"KINOPLEX ITAIM - SALA 02","name_derived":false,"category":"culture","subcategory":"theatre_cinema","geometry_type":"Point","address":"Rua Joaquim Floriano, 462, 04534-002","equipment_type":"Salas de Cinema","administrative_sphere":"Particular","included_in_metrics":false,"exclusion_reason":"private provider","override_reason":null,"outside_boundary":false,"venue_id":"sp_geosampa_teatro_cinema_show:venue:1"}},{"type":"Feature","geometry":{"type":"Point","coordinates":[-46.67531135,-23.58409787]},"properties":{"id":"sp_geosampa_teatro_cinema_show:equipamento_cultura_teatro_cinema_show.40397","source_id":"sp_geosampa_teatro_cinema_show","name":"KINOPLEX ITAIM - SALA 03 (PLATINUM)","name_derived":false,"category":"culture","subcategory":"theatre_cinema","geometry_type":"Point","address":"Rua Joaquim Floriano, 462, 04534-002","equipment_type":"Salas de Cinema","administrative_sphere":"Particular","included_in_metrics":false,"exclusion_reason":"private provider","override_reason":null,"outside_boundary":false,"venue_id":"sp_geosampa_teatro_cinema_show:venue:1"}},{"type":"Feature","geometry":{"type":"Point","coordinates":[-46.67531135,-23.58409787]},"properties":{"id":"sp_geosampa_teatro_cinema_show:equipamento_cultura_teatro_cinema_show.40398","source_id":"sp_geosampa_teatro_cinema_show","name":"KINOPLEX ITAIM - SALA 04 (PLATINUM)","name_derived":false,"category":"culture","subcategory":"theatre_cinema","geometry_type":"Point","address":"Rua Joaquim Floriano, 462, 04534-002","equipment_type":"Salas de Cinema","administrative_sphere":"Particular","included_in_metrics":false,"exclusion_reason":"private provider","override_reason":null,"outside_boundary":false,"venue_id":"sp_geosampa_teatro_cinema_show:venue:1"}},{"type":"Feature","geometry":{"type":"Point","coordinates":[-46.67531135,-23.58409787]},"properties":{"id":"sp_geosampa_teatro_cinema_show:equipamento_cultura_teatro_cinema_show.40399","source_id":"sp_geosampa_teatro_cinema_show","name":"KINOPLEX ITAIM - SALA 05","name_derived":false,"category":"culture","subcategory":"theatre_cinema","geometry_type":"Point","address":"Rua Joaquim Floriano, 462, 04534-002","equipment_type":"Salas de Cinema","administrative_sphere":"Particular","included_in_metrics":false,"exclusion_reason":"private provider","override_reason":null,"outside_boundary":false,"venue_id":"sp_geosampa_teatro_cinema_show:venue:1"}},{"type":"Feature","geometry":{"type":"Point","coordinates":[-46.67531135,-23.58409787]},"properties":{"id":"sp_geosampa_teatro_cinema_show:equipamento_cultura_teatro_cinema_show.40400","source_id":"sp_geosampa_teatro_cinema_show","name":"KINOPLEX ITAIM - SALA 06","name_derived":false,"category":"culture","subcategory":"theatre_cinema","geometry_type":"Point","address":"Rua Joaquim Floriano, 462, 04534-002","equipment_type":"Salas de Cinema","administrative_sphere":"Particular","included_in_metrics":false,"exclusion_reason":"private provider","override_reason":null,"outside_boundary":false,"venue_id":"sp_geosampa_teatro_cinema_show:venue:1"}},{"type":"Feature","geometry":{"type":"Point","coordinates":[-46.63719975,-23.5990682]},"properties":{"id":"sp_geosampa_teatro_cinema_show:equipamento_cultura_teatro_cinema_show.40401","source_id":"sp_geosampa_teatro_cinema_show","name":"CINEMARK SANTA CRUZ - SALA 01","name_derived":false,"category":"culture","subcategory":"theatre_cinema","geometry_type":"Point","address":"Rua Domingos De Moraes,, 2564, 04036-100","equipment_type":"Salas de Cinema","administrative_sphere":"Particular","included_in_metrics":false,"exclusion_reason":"private provider","override_reason":null,"outside_boundary":false,"venue_id":"sp_geosampa_teatro_cinema_show:venue:2"}},{"type":"Feature","geometry":{"type":"Point","coordinates":[-46.63719975,-23.5990682]},"properties":{"id":"sp_geosampa_teatro_cinema_show:equipamento_cultura_teatro_cinema_show.40402","source_id":"sp_geosampa_teatro_cinema_show","name":"CINEMARK SANTA CRUZ - SALA 02","name_derived":false,"category":"culture","subcategory":"theatre_cinema","geometry_type":"Point","address":"Rua Domingos De Moraes,, 2564, 04036-100","equipment_type":"Salas de Cinema","administrative_sphere":"Particular","included_in_metrics":false,"exclusion_reason":"private provider","override_reason":null,"outside_boundary":false,"venue_id":"sp_geosampa_teatro_cinema_show:venue:2"}},{"type":"Feature","geometry":{"type":"Point","coordinates":[-46.63719975,-23.5990682]},"properties":{"id":"sp_geosampa_teatro_cinema_show:equipamento_cultura_teatro_cinema_show.40403","source_id":"sp_geosampa_teatro_cinema_show","name":"CINEMARK SANTA CRUZ - SALA 03","name_derived":false,"category":"culture","subcategory":"theatre_cinema","geometry_type":"Point","address":"Rua Domingos De Moraes,, 2564, 04036-100","equipment_type":"Salas de Cinema","administrative_sphere":"Particular","included_in_metrics":false,"exclusion_reason":"private provider","override_reason":null,"outside_boundary":false,"venue_id":"sp_geosampa_teatro_cinema_show:venue:2"}},{"type":"Feature","geometry":{"type":"Point","coordinates":[-46.63719975,-23.5990682]},"properties":{"id":"sp_geosampa_teatro_cinema_show:equipamento_cultura_teatro_cinema_show.40404","source_id":"sp_geosampa_teatro_cinema_show","name":"CINEMARK SANTA CRUZ - SALA 04","name_derived":false,"category":"culture","subcategory":"theatre_cinema","geometry_type":"Point","address":"Rua Domingos De Moraes,, 2564, 04036-100","equipment_type":"Salas de Cinema","administrative_sphere":"Particular","included_in_metrics":false,"exclusion_reason":"private provider","override_reason":null,"outside_boundary":false,"venue_id":"sp_geosampa_teatro_cinema_show:venue:2"}},{"type":"Feature","geometry":{"type":"Point","coordinates":[-46.63719975,-23.5990682]},"properties":{"id":"sp_geosampa_teatro_cinema_show:equipamento_cultura_teatro_cinema_show.40405","source_id":"sp_geosampa_teatro_cinema_show","name":"CINEMARK SANTA CRUZ - SALA 05","name_derived":false,"category":"culture","subcategory":"theatre_cinema","geometry_type":"Point","address":"Rua Domingos De Moraes,, 2564, 04036-100","equipment_type":"Salas de Cinema","administrative_sphere":"Particular","included_in_metrics":false,"exclusion_reason":"private provider","override_reason":null,"outside_boundary":false,"venue_id":"sp_geosampa_teatro_cinema_show:venue:2"}},{"type":"Feature","geometry":{"type":"Point","coordinates":[-46.63719975,-23.5990682]},"properties":{"id":"sp_geosampa_teatro_cinema_show:equipamento_cultura_teatro_cinema_show.40406","source_id":"sp_geosampa_teatro_cinema_show","name":"CINEMARK SANTA CRUZ - SALA 06","name_derived":false,"category":"culture","subcategory":"theatre_cinema","geometry_type":"Point","address":"Rua Domingos De Moraes,, 2564, 04036-100","equipment_type":"Salas de Cinema","administrative_sphere":"Particular","included_in_metrics":false,"exclusion_reason":"private provider","override_reason":null,"outside_boundary":false,"venue_id":"sp_geosampa_teatro_cinema_show:venue:2"}},{"type":"Feature","geometry":{"type":"Point","coordinates":[-46.63719975,-23.5990682]},"properties":{"id":"sp_geosampa_teatro_cinema_show:equipamento_cultura_teatro_cinema_show.40407","source_id":"sp_geosampa_teatro_cinema_show","name":"CINEMARK SANTA CRUZ - SALA 07","name_derived":false,"category":"culture","subcategory":"theatre_cinema","geometry_type":"Point","address":"Rua Domingos De Moraes,, 2564, 04036-100","equipment_type":"Salas de Cinema","administrative_sphere":"Particular","included_in_metrics":false,"exclusion_reason":"private provider","override_reason":null,"outside_boundary":false,"venue_id":"sp_geosampa_teatro_cinema_show:venue:2"}},{"type":"Feature","geometry":{"type":"Point","coordinates":[-46.63719975,-23.5990682]},"properties":{"id":"sp_geosampa_teatro_cinema_show:equipamento_cultura_teatro_cinema_show.40408","source_id":"sp_geosampa_teatro_cinema_show","name":"CINEMARK SANTA CRUZ - SALA 08","name_derived":false,"category":"culture","subcategory":"theatre_cinema","geometry_type":"Point","address":"Rua Domingos De Moraes,, 2564, 04036-100","equipment_type":"Salas de Cinema","administrative_sphere":"Particular","included_in_metrics":false,"exclusion_reason":"private provider","override_reason":null,"outside_boundary":false,"venue_id":"sp_geosampa_teatro_cinema_show:venue:2"}},{"type":"Feature","geometry":{"type":"Point","coordinates":[-46.63719975,-23.5990682]},"properties":{"id":"sp_geosampa_teatro_cinema_show:equipamento_cultura_teatro_cinema_show.40409","source_id":"sp_geosampa_teatro_cinema_show","name":"CINEMARK SANTA CRUZ - SALA 10","name_derived":false,"category":"culture","subcategory":"theatre_cinema","geometry_type":"Point","address":"Rua Domingos De Moraes,, 2564, 04036-100","equipment_type":"Salas de Cinema","administrative_sphere":"Particular","included_in_metrics":false,"exclusion_reason":"private provider","override_reason":null,"outside_boundary":false,"venue_id":"sp_geosampa_teatro_cinema_show:venue:2"}},{"type":"Feature","geometry":{"type":"Point","coordinates":[-46.67633922,-23.67597358]},"properties":{"id":"sp_geosampa_teatro_cinema_show:equipamento_cultura_teatro_cinema_show.40410","source_id":"sp_geosampa_teatro_cinema_show","name":"CINEMARK INTERLAGOS - SALA 01","name_derived":false,"category":"culture","subcategory":"theatre_cinema","geometry_type":"Point","address":"Av. Interlagos, 2255, 04661-200","equipment_type":"Salas de Cinema","administrative_sphere":"Particular","included_in_metrics":false,"exclusion_reason":"private provider","override_reason":null,"outside_boundary":false,"venue_id":"sp_geosampa_teatro_cinema_show:venue:3"}},{"type":"Feature","geometry":{"type":"Point","coordinates":[-46.67633922,-23.67597358]},"properties":{"id":"sp_geosampa_teatro_cinema_show:equipamento_cultura_teatro_cinema_show.40411","source_id":"sp_geosampa_teatro_cinema_show","name":"CINEMARK INTERLAGOS - SALA 02","name_derived":false,"category":"culture","subcategory":"theatre_cinema","geometry_type":"Point","address":"Av. Interlagos, 2255, 04661-200","equipment_type":"Salas de Cinema","administrative_sphere":"Particular","included_in_metrics":false,"exclusion_reason":"private provider","override_reason":null,"outside_boundary":false,"venue_id":"sp_geosampa_teatro_cinema_show:venue:3"}},{"type":"Feature","geometry":{"type":"Point","coordinates":[-46.67633922,-23.67597358]},"properties":{"id":"sp_geosampa_teatro_cinema_show:equipamento_cultura_teatro_cinema_show.40412","source_id":"sp_geosampa_teatro_cinema_show","name":"CINEMARK INTERLAGOS - SALA 03","name_derived":false,"category":"culture","subcategory":"theatre_cinema","geometry_type":"Point","address":"Av. Interlagos, 2255, 04661-200","equipment_type":"Salas de Cinema","administrative_sphere":"Particular","included_in_metrics":false,"exclusion_reason":"private provider","override_reason":null,"outside_boundary":false,"venue_id":"sp_geosampa_teatro_cinema_show:venue:3"}},{"type":"Feature","geometry":{"type":"Point","coordinates":[-46.67633922,-23.67597358]},"properties":{"id":"sp_geosampa_teatro_cinema_show:equipamento_cultura_teatro_cinema_show.40413","source_id":"sp_geosampa_teatro_cinema_show","name":"CINEMARK INTERLAGOS - SALA 04","name_derived":false,"category":"culture","subcategory":"theatre_cinema","geometry_type":"Point","address":"Av. Interlagos, 2255, 04661-200","equipment_type":"Salas de Cinema","administrative_sphere":"Particular","included_in_metrics":false,"exclusion_reason":"private provider","override_reason":null,"outside_boundary":false,"venue_id":"sp_geosampa_teatro_cinema_show:venue:3"}},{"type":"Feature","geometry":{"type":"Point","coordinates":[-46.67633922,-23.67597358]},"properties":{"id":"sp_geosampa_teatro_cinema_show:equipamento_cultura_teatro_cinema_show.40414","source_id":"sp_geosampa_teatro_cinema_show","name":"CINEMARK INTERLAGOS - SALA 05","name_derived":false,"category":"culture","subcategory":"theatre_cinema","geometry_type":"Point","address":"Av. Interlagos, 2255, 04661-200","equipment_type":"Salas de Cinema","administrative_sphere":"Particular","included_in_metrics":false,"exclusion_reason":"private provider","override_reason":null,"outside_boundary":false,"venue_id":"sp_geosampa_teatro_cinema_show:venue:3"}},{"type":"Feature","geometry":{"type":"Point","coordinates":[-46.67633922,-23.67597358]},"properties":{"id":"sp_geosampa_teatro_cinema_show:equipamento_cultura_teatro_cinema_show.40415","source_id":"sp_geosampa_teatro_cinema_show","name":"CINEMARK INTERLAGOS - SALA 06","name_derived":false,"category":"culture","subcategory":"theatre_cinema","geometry_type":"Point","address":"Av. Interlagos, 2255, 04661-200","equipment_type":"Salas de Cinema","administrative_sphere":"Particular","included_in_metrics":false,"exclusion_reason":"private provider","override_reason":null,"outside_boundary":false,"venue_id":"sp_geosampa_teatro_cinema_show:venue:3"}},{"type":"Feature","geometry":{"type":"Point","coordinates":[-46.67633922,-23.67597358]},"properties":{"id":"sp_geosampa_teatro_cinema_show:equipamento_cultura_teatro_cinema_show.40416","source_id":"sp_geosampa_teatro_cinema_show","name":"CINEMARK INTERLAGOS - SALA 07","name_derived":false,"category":"culture","subcategory":"theatre_cinema","geometry_type":"Point","address":"Av. Interlagos, 2255, 04661-200","equipment_type":"Salas de Cinema","administrative_sphere":"Particular","included_in_metrics":false,"exclusion_reason":"private provider","override_reason":null,"outside_boundary":false,"venue_id":"sp_geosampa_teatro_cinema_show:venue:3"}},{"type":"Feature","geometry":{"type":"Point","coordinates":[-46.67633922,-23.67597358]},"properties":{"id":"sp_geosampa_teatro_cinema_show:equipamento_cultura_teatro_cinema_show.40417","source_id":"sp_geosampa_teatro_cinema_show","name":"CINEMARK INTERLAGOS - SALA 08","name_derived":false,"category":"culture","subcategory":"theatre_cinema","geometry_type":"Point","address":"Av. Interlagos, 2255, 04661-200","equipment_type":"Salas de Cinema","administrative_sphere":"Particular","included_in_metrics":false,"exclusion_reason":"private provider","override_reason":null,"outside_boundary":false,"venue_id":"sp_geosampa_teatro_cinema_show:venue:3"}},{"type":"Feature","geometry":{"type":"Point","coordinates":[-46.67633922,-23.67597358]},"properties":{"id":"sp_geosampa_teatro_cinema_show:equipamento_cultura_teatro_cinema_show.40418","source_id":"sp_geosampa_teatro_cinema_show","name":"CINEMARK INTERLAGOS - SALA 09","name_derived":false,"category":"culture","subcategory":"theatre_cinema","geometry_type":"Point","address":"Av. Interlagos, 2255, 04661-200","equipment_type":"Salas de Cinema","administrative_sphere":"Particular","included_in_metrics":false,"exclusion_reason":"private provider","override_reason":null,"outside_boundary":false,"venue_id":"sp_geosampa_teatro_cinema_show:venue:3"}},{"type":"Feature","geometry":{"type":"Point","coordinates":[-46.67633922,-23.67597358]},"properties":{"id":"sp_geosampa_teatro_cinema_show:equipamento_cultura_teatro_cinema_show.40419","source_id":"sp_geosampa_teatro_cinema_show","name":"CINEMARK INTERLAGOS - SALA 10","name_derived":false,"category":"culture","subcategory":"theatre_cinema","geometry_type":"Point","address":"Av. Interlagos, 2255, 04661-200","equipment_type":"Salas de Cinema","administrative_sphere":"Particular","included_in_metrics":false,"exclusion_reason":"private provider","override_reason":null,"outside_boundary":false,"venue_id":"sp_geosampa_teatro_cinema_show:venue:3"}},{"type":"Feature","geometry":{"type":"Point","coordinates":[-46.6574028,-23.54257033]},"properties":{"id":"sp_geosampa_teatro_cinema_show:equipamento_cultura_teatro_cinema_show.40420","source_id":"sp_geosampa_teatro_cinema_show","name":"CINEMARK PÁTIO HIGIENÓPOLIS - SALA 01","name_derived":false,"category":"culture","subcategory":"theatre_cinema","geometry_type":"Point","address":"Av. Higienópolis, 646, 01238-000","equipment_type":"Salas de Cinema","administrative_sphere":"Particular","included_in_metrics":false,"exclusion_reason":"private provider","override_reason":null,"outside_boundary":false,"venue_id":"sp_geosampa_teatro_cinema_show:venue:4"}},{"type":"Feature","geometry":{"type":"Point","coordinates":[-46.6574028,-23.54257033]},"properties":{"id":"sp_geosampa_teatro_cinema_show:equipamento_cultura_teatro_cinema_show.40421","source_id":"sp_geosampa_teatro_cinema_show","name":"CINEMARK PÁTIO HIGIENÓPOLIS - SALA 02","name_derived":false,"category":"culture","subcategory":"theatre_cinema","geometry_type":"Point","address":"Av. Higienópolis, 646, 01238-000","equipment_type":"Salas de Cinema","administrative_sphere":"Particular","included_in_metrics":false,"exclusion_reason":"private provider","override_reason":null,"outside_boundary":false,"venue_id":"sp_geosampa_teatro_cinema_show:venue:4"}},{"type":"Feature","geometry":{"type":"Point","coordinates":[-46.6574028,-23.54257033]},"properties":{"id":"sp_geosampa_teatro_cinema_show:equipamento_cultura_teatro_cinema_show.40422","source_id":"sp_geosampa_teatro_cinema_show","name":"CINEMARK PÁTIO HIGIENÓPOLIS - SALA 03","name_derived":false,"category":"culture","subcategory":"theatre_cinema","geometry_type":"Point","address":"Av. Higienópolis, 646, 01238-000","equipment_type":"Salas de Cinema","administrative_sphere":"Particular","included_in_metrics":false,"exclusion_reason":"private provider","override_reason":null,"outside_boundary":false,"venue_id":"sp_geosampa_teatro_cinema_show:venue:4"}},{"type":"Feature","geometry":{"type":"Point","coordinates":[-46.6574028,-23.54257033]},"properties":{"id":"sp_geosampa_teatro_cinema_show:equipamento_cultura_teatro_cinema_show.40423","source_id":"sp_geosampa_teatro_cinema_show","name":"CINEMARK PÁTIO HIGIENÓPOLIS - SALA 04","name_derived":false,"category":"culture","subcategory":"theatre_cinema","geometry_type":"Point","address":"Av. Higienópolis, 646, 01238-000","equipment_type":"Salas de Cinema","administrative_sphere":"Particular","included_in_metrics":false,"exclusion_reason":"private provider","override_reason":null,"outside_boundary":false,"venue_id":"sp_geosampa_teatro_cinema_show:venue:4"}},{"type":"Feature","geometry":{"type":"Point","coordinates":[-46.6574028,-23.54257033]},"properties":{"id":"sp_geosampa_teatro_cinema_show:equipamento_cultura_teatro_cinema_show.40424","source_id":"sp_geosampa_teatro_cinema_show","name":"CINEMARK PÁTIO HIGIENÓPOLIS - SALA 05","name_derived":false,"category":"culture","subcategory":"theatre_cinema","geometry_type":"Point","address":"Av. Higienópolis, 646, 01238-000","equipment_type":"Salas de Cinema","administrative_sphere":"Particular","included_in_metrics":false,"exclusion_reason":"private provider","override_reason":null,"outside_boundary":false,"venue_id":"sp_geosampa_teatro_cinema_show:venue:4"}},{"type":"Feature","geometry":{"type":"Point","coordinates":[-46.6574028,-23.54257033]},"properties":{"id":"sp_geosampa_teatro_cinema_show:equipamento_cultura_teatro_cinema_show.40425","source_id":"sp_geosampa_teatro_cinema_show","name":"CINEMARK PÁTIO HIGIENÓPOLIS - SALA 06","name_derived":false,"category":"culture","subcategory":"theatre_cinema","geometry_type":"Point","address":"Av. Higienópolis, 646, 01238-000","equipment_type":"Salas de Cinema","administrative_sphere":"Particular","included_in_metrics":false,"exclusion_reason":"private provider","override_reason":null,"outside_boundary":false,"venue_id":"sp_geosampa_teatro_cinema_show:venue:4"}},{"type":"Feature","geometry":{"type":"Point","coordinates":[-46.72193002,-23.55088466]},"properties":{"id":"sp_geosampa_teatro_cinema_show:equipamento_cultura_teatro_cinema_show.40426","source_id":"sp_geosampa_teatro_cinema_show","name":"CINEMARK VILLA LOBOS - SALA 01","name_derived":false,"category":"culture","subcategory":"theatre_cinema","geometry_type":"Point","address":"Av. Das Nações Unidas,, 4777, 05477-000","equipment_type":"Salas de Cinema","administrative_sphere":"Particular","included_in_metrics":false,"exclusion_reason":"private provider","override_reason":null,"outside_boundary":false,"venue_id":"sp_geosampa_teatro_cinema_show:venue:5"}},{"type":"Feature","geometry":{"type":"Point","coordinates":[-46.72193002,-23.55088466]},"properties":{"id":"sp_geosampa_teatro_cinema_show:equipamento_cultura_teatro_cinema_show.40427","source_id":"sp_geosampa_teatro_cinema_show","name":"CINEMARK VILLA LOBOS - SALA 02","name_derived":false,"category":"culture","subcategory":"theatre_cinema","geometry_type":"Point","address":"Av. Das Nações Unidas,, 4777, 05477-000","equipment_type":"Salas de Cinema","administrative_sphere":"Particular","included_in_metrics":false,"exclusion_reason":"private provider","override_reason":null,"outside_boundary":false,"venue_id":"sp_geosampa_teatro_cinema_show:venue:5"}},{"type":"Feature","geometry":{"type":"Point","coordinates":[-46.72193002,-23.55088466]},"properties":{"id":"sp_geosampa_teatro_cinema_show:equipamento_cultura_teatro_cinema_show.40428","source_id":"sp_geosampa_teatro_cinema_show","name":"CINEMARK VILLA LOBOS - SALA 03","name_derived":false,"category":"culture","subcategory":"theatre_cinema","geometry_type":"Point","address":"Av. Das Nações Unidas,, 4777, 05477-000","equipment_type":"Salas de Cinema","administrative_sphere":"Particular","included_in_metrics":false,"exclusion_reason":"private provider","override_reason":null,"outside_boundary":false,"venue_id":"sp_geosampa_teatro_cinema_show:venue:5"}},{"type":"Feature","geometry":{"type":"Point","coordinates":[-46.72193002,-23.55088466]},"properties":{"id":"sp_geosampa_teatro_cinema_show:equipamento_cultura_teatro_cinema_show.40429","source_id":"sp_geosampa_teatro_cinema_show","name":"CINEMARK VILLA LOBOS - SALA 04","name_derived":false,"category":"culture","subcategory":"theatre_cinema","geometry_type":"Point","address":"Av. Das Nações Unidas,, 4777, 05477-000","equipment_type":"Salas de Cinema","administrative_sphere":"Particular","included_in_metrics":false,"exclusion_reason":"private provider","override_reason":null,"outside_boundary":false,"venue_id":"sp_geosampa_teatro_cinema_show:venue:5"}},{"type":"Feature","geometry":{"type":"Point","coordinates":[-46.72193002,-23.55088466]},"properties":{"id":"sp_geosampa_teatro_cinema_show:equipamento_cultura_teatro_cinema_show.40430","source_id":"sp_geosampa_teatro_cinema_show","name":"CINEMARK VILLA LOBOS - SALA 05","name_derived":false,"category":"culture","subcategory":"theatre_cinema","geometry_type":"Point","address":"Av. Das Nações Unidas,, 4777, 05477-000","equipment_type":"Salas de Cinema","administrative_sphere":"Particular","included_in_metrics":false,"exclusion_reason":"private provider","override_reason":null,"outside_boundary":false,"venue_id":"sp_geosampa_teatro_cinema_show:venue:5"}},{"type":"Feature","geometry":{"type":"Point","coordinates":[-46.72193002,-23.55088466]},"properties":{"id":"sp_geosampa_teatro_cinema_show:equipamento_cultura_teatro_cinema_show.40431","source_id":"sp_geosampa_teatro_cinema_show","name":"CINEMARK VILLA LOBOS - SALA 06","name_derived":false,"category":"culture","subcategory":"theatre_cinema","geometry_type":"Point","address":"Av. Das Nações Unidas,, 4777, 05477-000","equipment_type":"Salas de Cinema","administrative_sphere":"Particular","included_in_metrics":false,"exclusion_reason":"private provider","override_reason":null,"outside_boundary":false,"venue_id":"sp_geosampa_teatro_cinema_show:venue:5"}},{"type":"Feature","geometry":{"type":"Point","coordinates":[-46.72193002,-23.55088466]},"properties":{"id":"sp_geosampa_teatro_cinema_show:equipamento_cultura_teatro_cinema_show.40432","source_id":"sp_geosampa_teatro_cinema_show","name":"CINEMARK VILLA LOBOS - SALA 07","name_derived":false,"category":"culture","subcategory":"theatre_cinema","geometry_type":"Point","address":"Av. Das Nações Unidas,, 4777, 05477-000","equipment_type":"Salas de Cinema","administrative_sphere":"Particular","included_in_metrics":false,"exclusion_reason":"private provider","override_reason":null,"outside_boundary":false,"venue_id":"sp_geosampa_teatro_cinema_show:venue:5"}},{"type":"Feature","geometry":{"type":"Point","coordinates":[-46.63931035,-23.54366971]},"properties":{"id":"sp_geosampa_teatro_cinema_show:equipamento_cultura_teatro_cinema_show.40433","source_id":"sp_geosampa_teatro_cinema_show","name":"CINE DOM JOSÉ - SALA 01","name_derived":false,"category":"culture","subcategory":"theatre_cinema","geometry_type":"Point","address":"Rua Dom José De Barros, 306, 01038-000","equipment_type":"Salas de Cinema","administrative_sphere":"Particular","included_in_metrics":false,"exclusion_reason":"private provider","override_reason":null,"outside_boundary":false,"venue_id":"sp_geosampa_teatro_cinema_show:venue:6"}},{"type":"Feature","geometry":{"type":"Point","coordinates":[-46.61722761,-23.51573355]},"properties":{"id":"sp_geosampa_teatro_cinema_show:equipamento_cultura_teatro_cinema_show.40434","source_id":"sp_geosampa_teatro_cinema_show","name":"CINEMARK CENTER NORTE - SALA 01","name_derived":false,"category":"culture","subcategory":"theatre_cinema","geometry_type":"Point","address":"Travessa Casalbuono,, 127, 02047-050","equipment_type":"Salas de Cinema","administrative_sphere":"Particular","included_in_metrics":false,"exclusion_reason":"private provider","override_reason":null,"outside_boundary":false,"venue_id":"sp_geosampa_teatro_cinema_show:venue:7"}},{"type":"Feature","geometry":{"type":"Point","coordinates":[-46.61722761,-23.51573355]},"properties":{"id":"sp_geosampa_teatro_cinema_show:equipamento_cultura_teatro_cinema_show.40435","source_id":"sp_geosampa_teatro_cinema_show","name":"CINEMARK CENTER NORTE - SALA 02","name_derived":false,"category":"culture","subcategory":"theatre_cinema","geometry_type":"Point","address":"Travessa Casalbuono,, 127, 02047-050","equipment_type":"Salas de Cinema","administrative_sphere":"Particular","included_in_metrics":false,"exclusion_reason":"private provider","override_reason":null,"outside_boundary":false,"venue_id":"sp_geosampa_teatro_cinema_show:venue:7"}},{"type":"Feature","geometry":{"type":"Point","coordinates":[-46.61722761,-23.51573355]},"properties":{"id":"sp_geosampa_teatro_cinema_show:equipamento_cultura_teatro_cinema_show.40436","source_id":"sp_geosampa_teatro_cinema_show","name":"CINEMARK CENTER NORTE - SALA 03","name_derived":false,"category":"culture","subcategory":"theatre_cinema","geometry_type":"Point","address":"Travessa Casalbuono,, 127, 02047-050","equipment_type":"Salas de Cinema","administrative_sphere":"Particular","included_in_metrics":false,"exclusion_reason":"private provider","override_reason":null,"outside_boundary":false,"venue_id":"sp_geosampa_teatro_cinema_show:venue:7"}},{"type":"Feature","geometry":{"type":"Point","coordinates":[-46.61722761,-23.51573355]},"properties":{"id":"sp_geosampa_teatro_cinema_show:equipamento_cultura_teatro_cinema_show.40437","source_id":"sp_geosampa_teatro_cinema_show","name":"CINEMARK CENTER NORTE - SALA 04","name_derived":false,"category":"culture","subcategory":"theatre_cinema","geometry_type":"Point","address":"Travessa Casalbuono,, 127, 02047-050","equipment_type":"Salas de Cinema","administrative_sphere":"Particular","included_in_metrics":false,"exclusion_reason":"private provider","override_reason":null,"outside_boundary":false,"venue_id":"sp_geosampa_teatro_cinema_show:venue:7"}},{"type":"Feature","geometry":{"type":"Point","coordinates":[-46.61722761,-23.51573355]},"properties":{"id":"sp_geosampa_teatro_cinema_show:equipamento_cultura_teatro_cinema_show.40438","source_id":"sp_geosampa_teatro_cinema_show","name":"CINEMARK CENTER NORTE - SALA 05","name_derived":false,"category":"culture","subcategory":"theatre_cinema","geometry_type":"Point","address":"Travessa Casalbuono,, 127, 02047-050","equipment_type":"Salas de Cinema","administrative_sphere":"Particular","included_in_metrics":false,"exclusion_reason":"private provider","override_reason":null,"outside_boundary":false,"venue_id":"sp_geosampa_teatro_cinema_show:venue:7"}},{"type":"Feature","geometry":{"type":"Point","coordinates":[-46.62380904,-23.52149711]},"properties":{"id":"sp_geosampa_teatro_cinema_show:equipamento_cultura_teatro_cinema_show.40439","source_id":"sp_geosampa_teatro_cinema_show","name":"CINEMARK SHOPPING D - SALA 01","name_derived":false,"category":"culture","subcategory":"theatre_cinema","geometry_type":"Point","address":"Av. Cruzeiro Do Sul,, 1100, 03033-020","equipment_type":"Salas de Cinema","administrative_sphere":"Particular","included_in_metrics":false,"exclusion_reason":"private provider","override_reason":null,"outside_boundary":false,"venue_id":"sp_geosampa_teatro_cinema_show:venue:8"}},{"type":"Feature","geometry":{"type":"Point","coordinates":[-46.62380904,-23.52149711]},"properties":{"id":"sp_geosampa_teatro_cinema_show:equipamento_cultura_teatro_cinema_show.40440","source_id":"sp_geosampa_teatro_cinema_show","name":"CINEMARK SHOPPING D - SALA 02","name_derived":false,"category":"culture","subcategory":"theatre_cinema","geometry_type":"Point","address":"Av. Cruzeiro Do Sul,, 1100, 03033-020","equipment_type":"Salas de Cinema","administrative_sphere":"Particular","included_in_metrics":false,"exclusion_reason":"private provider","override_reason":null,"outside_boundary":false,"venue_id":"sp_geosampa_teatro_cinema_show:venue:8"}},{"type":"Feature","geometry":{"type":"Point","coordinates":[-46.62380904,-23.52149711]},"properties":{"id":"sp_geosampa_teatro_cinema_show:equipamento_cultura_teatro_cinema_show.40441","source_id":"sp_geosampa_teatro_cinema_show","name":"CINEMARK SHOPPING D - SALA 03","name_derived":false,"category":"culture","subcategory":"theatre_cinema","geometry_type":"Point","address":"Av. Cruzeiro Do Sul,, 1100, 03033-020","equipment_type":"Salas de Cinema","administrative_sphere":"Particular","included_in_metrics":false,"exclusion_reason":"private provider","override_reason":null,"outside_boundary":false,"venue_id":"sp_geosampa_teatro_cinema_show:venue:8"}},{"type":"Feature","geometry":{"type":"Point","coordinates":[-46.62380904,-23.52149711]},"properties":{"id":"sp_geosampa_teatro_cinema_show:equipamento_cultura_teatro_cinema_show.40442","source_id":"sp_geosampa_teatro_cinema_show","name":"CINEMARK SHOPPING D - SALA 04","name_derived":false,"category":"culture","subcategory":"theatre_cinema","geometry_type":"Point","address":"Av. Cruzeiro Do Sul,, 1100, 03033-020","equipment_type":"Salas de Cinema","administrative_sphere":"Particular","included_in_metrics":false,"exclusion_reason":"private provider","override_reason":null,"outside_boundary":false,"venue_id":"sp_geosampa_teatro_cinema_show:venue:8"}},{"type":"Feature","geometry":{"type":"Point","coordinates":[-46.62380904,-23.52149711]},"properties":{"id":"sp_geosampa_teatro_cinema_show:equipamento_cultura_teatro_cinema_show.40443","source_id":"sp_geosampa_teatro_cinema_show","name":"CINEMARK SHOPPING D - SALA 05","name_derived":false,"category":"culture","subcategory":"theatre_cinema","geometry_type":"Point","address":"Av. Cruzeiro Do Sul,, 1100, 03033-020","equipment_type":"Salas de Cinema","administrative_sphere":"Particular","included_in_metrics":false,"exclusion_reason":"private provider","override_reason":null,"outside_boundary":false,"venue_id":"sp_geosampa_teatro_cinema_show:venue:8"}},{"type":"Feature","geometry":{"type":"Point","coordinates":[-46.62380904,-23.52149711]},"properties":{"id":"sp_geosampa_teatro_cinema_show:equipamento_cultura_teatro_cinema_show.40444","source_id":"sp_geosampa_teatro_cinema_show","name":"CINEMARK SHOPPING D - SALA 06","name_derived":false,"category":"culture","subcategory":"theatre_cinema","geometry_type":"Point","address":"Av. Cruzeiro Do Sul,, 1100, 03033-020","equipment_type":"Salas de Cinema","administrative_sphere":"Particular","included_in_metrics":false,"exclusion_reason":"private provider","override_reason":null,"outside_boundary":false,"venue_id":"sp_geosampa_teatro_cinema_show:venue:8"}},{"type":"Feature","geometry":{"type":"Point","coordinates":[-46.62380904,-23.52149711]},"properties":{"id":"sp_geosampa_teatro_cinema_show:equipamento_cultura_teatro_cinema_show.40445","source_id":"sp_geosampa_teatro_cinema_show","name":"CINEMARK SHOPPING D - SALA 07","name_derived":false,"category":"culture","subcategory":"theatre_cinema","geometry_type":"Point","address":"Av. Cruzeiro Do Sul,, 1100, 03033-020","equipment_type":"Salas de Cinema","administrative_sphere":"Particular","included_in_metrics":false,"exclusion_reason":"private provider","override_reason":null,"outside_boundary":false,"venue_id":"sp_geosampa_teatro_cinema_show:venue:8"}},{"type":"Feature","geometry":{"type":"Point","coordinates":[-46.62380904,-23.52149711]},"properties":{"id":"sp_geosampa_teatro_cinema_show:equipamento_cultura_teatro_cinema_show.40446","source_id":"sp_geosampa_teatro_cinema_show","name":"CINEMARK SHOPPING D - SALA 08","name_derived":false,"category":"culture","subcategory":"theatre_cinema","geometry_type":"Point","address":"Av. Cruzeiro Do Sul,, 1100, 03033-020","equipment_type":"Salas de Cinema","administrative_sphere":"Particular","included_in_metrics":false,"exclusion_reason":"private provider","override_reason":null,"outside_boundary":false,"venue_id":"sp_geosampa_teatro_cinema_show:venue:8"}},{"type":"Feature","geometry":{"type":"Point","coordinates":[-46.62380904,-23.52149711]},"properties":{"id":"sp_geosampa_teatro_cinema_show:equipamento_cultura_teatro_cinema_show.40447","source_id":"sp_geosampa_teatro_cinema_show","name":"CINEMARK SHOPPING D - SALA 09","name_derived":false,"category":"culture","subcategory":"theatre_cinema","geometry_type":"Point","address":"Av. Cruzeiro Do Sul,, 1100, 03033-020","equipment_type":"Salas de Cinema","administrative_sphere":"Particular","included_in_metrics":false,"exclusion_reason":"private provider","override_reason":null,"outside_boundary":false,"venue_id":"sp_geosampa_teatro_cinema_show:venue:8"}},{"type":"Feature","geometry":{"type":"Point","coordinates":[-46.62380904,-23.52149711]},"properties":{"id":"sp_geosampa_teatro_cinema_show:equipamento_cultura_teatro_cinema_show.40448","source_id":"sp_geosampa_teatro_cinema_show","name":"CINEMARK SHOPPING D - SALA 10","name_derived":false,"category":"culture","subcategory":"theatre_cinema","geometry_type":"Point","address":"Av. Cruzeiro Do Sul,, 1100, 03033-020","equipment_type":"Salas de Cinema","administrative_sphere":"Particular","included_in_metrics":false,"exclusion_reason":"private provider","override_reason":null,"outside_boundary":false,"venue_id":"sp_geosampa_teatro_cinema_show:venue:8"}},{"type":"Feature","geometry":{"type":"Point","coordinates":[-46.69974932,-23.62200747]},"properties":{"id":"sp_geosampa_teatro_cinema_show:equipamento_cultura_teatro_cinema_show.40449","source_id":"sp_geosampa_teatro_cinema_show","name":"CINEMARK MARKET PLACE - SALA 01","name_derived":false,"category":"culture","subcategory":"theatre_cinema","geometry_type":"Point","address":"Av. Dr. Chucri Zaidan,, 902, 04583-110","equipment_type":"Salas de Cinema","administrative_sphere":"Particular","included_in_metrics":false,"exclusion_reason":"private provider","override_reason":null,"outside_boundary":false,"venue_id":"sp_geosampa_teatro_cinema_show:venue:9"}},{"type":"Feature","geometry":{"type":"Point","coordinates":[-46.69974932,-23.62200747]},"properties":{"id":"sp_geosampa_teatro_cinema_show:equipamento_cultura_teatro_cinema_show.40450","source_id":"sp_geosampa_teatro_cinema_show","name":"CINEMARK MARKET PLACE - SALA 02","name_derived":false,"category":"culture","subcategory":"theatre_cinema","geometry_type":"Point","address":"Av. Dr. Chucri Zaidan,, 902, 04583-110","equipment_type":"Salas de Cinema","administrative_sphere":"Particular","included_in_metrics":false,"exclusion_reason":"private provider","override_reason":null,"outside_boundary":false,"venue_id":"sp_geosampa_teatro_cinema_show:venue:9"}},{"type":"Feature","geometry":{"type":"Point","coordinates":[-46.69974932,-23.62200747]},"properties":{"id":"sp_geosampa_teatro_cinema_show:equipamento_cultura_teatro_cinema_show.40451","source_id":"sp_geosampa_teatro_cinema_show","name":"CINEMARK MARKET PLACE - SALA 03","name_derived":false,"category":"culture","subcategory":"theatre_cinema","geometry_type":"Point","address":"Av. Dr. Chucri Zaidan,, 902, 04583-110","equipment_type":"Salas de Cinema","administrative_sphere":"Particular","included_in_metrics":false,"exclusion_reason":"private provider","override_reason":null,"outside_boundary":false,"venue_id":"sp_geosampa_teatro_cinema_show:venue:9"}},{"type":"Feature","geometry":{"type":"Point","coordinates":[-46.69974932,-23.62200747]},"properties":{"id":"sp_geosampa_teatro_cinema_show:equipamento_cultura_teatro_cinema_show.40452","source_id":"sp_geosampa_teatro_cinema_show","name":"CINEMARK MARKET PLACE - SALA 04","name_derived":false,"category":"culture","subcategory":"theatre_cinema","geometry_type":"Point","address":"Av. Dr. Chucri Zaidan,, 902, 04583-110","equipment_type":"Salas de Cinema","administrative_sphere":"Particular","included_in_metrics":false,"exclusion_reason":"private provider","override_reason":null,"outside_boundary":false,"venue_id":"sp_geosampa_teatro_cinema_show:venue:9"}},{"type":"Feature","geometry":{"type":"Point","coordinates":[-46.69974932,-23.62200747]},"properties":{"id":"sp_geosampa_teatro_cinema_show:equipamento_cultura_teatro_cinema_show.40453","source_id":"sp_geosampa_teatro_cinema_show","name":"CINEMARK MARKET PLACE - SALA 05","name_derived":false,"category":"culture","subcategory":"theatre_cinema","geometry_type":"Point","address":"Av. Dr. Chucri Zaidan,, 902, 04583-110","equipment_type":"Salas de Cinema","administrative_sphere":"Particular","included_in_metrics":false,"exclusion_reason":"private provider","override_reason":null,"outside_boundary":false,"venue_id":"sp_geosampa_teatro_cinema_show:venue:9"}},{"type":"Feature","geometry":{"type":"Point","coordinates":[-46.69974932,-23.62200747]},"properties":{"id":"sp_geosampa_teatro_cinema_show:equipamento_cultura_teatro_cinema_show.40454","source_id":"sp_geosampa_teatro_cinema_show","name":"CINEMARK MARKET PLACE - SALA 06","name_derived":false,"category":"culture","subcategory":"theatre_cinema","geometry_type":"Point","address":"Av. Dr. Chucri Zaidan,, 902, 04583-110","equipment_type":"Salas de Cinema","administrative_sphere":"Particular","included_in_metrics":false,"exclusion_reason":"private provider","override_reason":null,"outside_boundary":false,"venue_id":"sp_geosampa_teatro_cinema_show:venue:9"}},{"type":"Feature","geometry":{"type":"Point","coordinates":[-46.69974932,-23.62200747]},"properties":{"id":"sp_geosampa_teatro_cinema_show:equipamento_cultura_teatro_cinema_show.40455","source_id":"sp_geosampa_teatro_cinema_show","name":"CINEMARK MARKET PLACE - SALA 07","name_derived":false,"category":"culture","subcategory":"theatre_cinema","geometry_type":"Point","address":"Av. Dr. Chucri Zaidan,, 902, 04583-110","equipment_type":"Salas de Cinema","administrative_sphere":"Particular","included_in_metrics":false,"exclusion_reason":"private provider","override_reason":null,"outside_boundary":false,"venue_id":"sp_geosampa_teatro_cinema_show:venue:9"}},{"type":"Feature","geometry":{"type":"Point","coordinates":[-46.69974932,-23.62200747]},"properties":{"id":"sp_geosampa_teatro_cinema_show:equipamento_cultura_teatro_cinema_show.40456","source_id":"sp_geosampa_teatro_cinema_show","name":"CINEMARK MARKET PLACE - SALA 08","name_derived":false,"category":"culture","subcategory":"theatre_cinema","geometry_type":"Point","address":"Av. Dr. Chucri Zaidan,, 902, 04583-110","equipment_type":"Salas de Cinema","administrative_sphere":"Particular","included_in_metrics":false,"exclusion_reason":"private provider","override_reason":null,"outside_boundary":false,"venue_id":"sp_geosampa_teatro_cinema_show:venue:9"}},{"type":"Feature","geometry":{"type":"Point","coordinates":[-46.58504006,-23.5943177]},"properties":{"id":"sp_geosampa_teatro_cinema_show:equipamento_cultura_teatro_cinema_show.40457","source_id":"sp_geosampa_teatro_cinema_show","name":"CINEMARK CENTRAL PLAZA - SALA 01","name_derived":false,"category":"culture","subcategory":"theatre_cinema","geometry_type":"Point","address":"Av. Dr. Francisco Mesquita,, 1000, 03153-001","equipment_type":"Salas de Cinema","administrative_sphere":"Particular","included_in_metrics":false,"exclusion_reason":"private provider","override_reason":null,"outside_boundary":false,"venue_id":"sp_geosampa_teatro_cinema_show:venue:10"}},{"type":"Feature","geometry":{"type":"Point","coordinates":[-46.58504006,-23.5943177]},"properties":{"id":"sp_geosampa_teatro_cinema_show:equipamento_cultura_teatro_cinema_show.40458","source_id":"sp_geosampa_teatro_cinema_show","name":"CINEMARK CENTRAL PLAZA - SALA 02","name_derived":false,"category":"culture","subcategory":"theatre_cinema","geometry_type":"Point","address":"Av. Dr. Francisco Mesquita,, 1000, 03153-001","equipment_type":"Salas de Cinema","administrative_sphere":"Particular","included_in_metrics":false,"exclusion_reason":"private provider","override_reason":null,"outside_boundary":false,"venue_id":"sp_geosampa_teatro_cinema_show:venue:10"}},{"type":"Feature","geometry":{"type":"Point","coordinates":[-46.58504006,-23.5943177]},"properties":{"id":"sp_geosampa_teatro_cinema_show:equipamento_cultura_teatro_cinema_show.40459","source_id":"sp_geosampa_teatro_cinema_show","name":"CINEMARK CENTRAL PLAZA - SALA 03","name_derived":false,"category":"culture","subcategory":"theatre_cinema","geometry_type":"Point","address":"Av. Dr. Francisco Mesquita,, 1000, 03153-001","equipment_type":"Salas de Cinema","administrative_sphere":"Particular","included_in_metrics":false,"exclusion_reason":"private provider","override_reason":null,"outside_boundary":false,"venue_id":"sp_geosampa_teatro_cinema_show:venue:10"}},{"type":"Feature","geometry":{"type":"Point","coordinates":[-46.58504006,-23.5943177]},"properties":{"id":"sp_geosampa_teatro_cinema_show:equipamento_cultura_teatro_cinema_show.40460","source_id":"sp_geosampa_teatro_cinema_show","name":"CINEMARK CENTRAL PLAZA - SALA 04","name_derived":false,"category":"culture","subcategory":"theatre_cinema","geometry_type":"Point","address":"Av. Dr. Francisco Mesquita,, 1000, 03153-001","equipment_type":"Salas de Cinema","administrative_sphere":"Particular","included_in_metrics":false,"exclusion_reason":"private provider","override_reason":null,"outside_boundary":false,"venue_id":"sp_geosampa_teatro_cinema_show:venue:10"}},{"type":"Feature","geometry":{"type":"Point","coordinates":[-46.58504006,-23.5943177]},"properties":{"id":"sp_geosampa_teatro_cinema_show:equipamento_cultura_teatro_cinema_show.40461","source_id":"sp_geosampa_teatro_cinema_show","name":"CINEMARK CENTRAL PLAZA - SALA 05","name_derived":false,"category":"culture","subcategory":"theatre_cinema","geometry_type":"Point","address":"Av. Dr. Francisco Mesquita,, 1000, 03153-001","equipment_type":"Salas de Cinema","administrative_sphere":"Particular","included_in_metrics":false,"exclusion_reason":"private provider","override_reason":null,"outside_boundary":false,"venue_id":"sp_geosampa_teatro_cinema_show:venue:10"}},{"type":"Feature","geometry":{"type":"Point","coordinates":[-46.58504006,-23.5943177]},"properties":{"id":"sp_geosampa_teatro_cinema_show:equipamento_cultura_teatro_cinema_show.40462","source_id":"sp_geosampa_teatro_cinema_show","name":"CINEMARK CENTRAL PLAZA - SALA 06","name_derived":false,"category":"culture","subcategory":"theatre_cinema","geometry_type":"Point","address":"Av. Dr. Francisco Mesquita,, 1000, 03153-001","equipment_type":"Salas de Cinema","administrative_sphere":"Particular","included_in_metrics":false,"exclusion_reason":"private provider","override_reason":null,"outside_boundary":false,"venue_id":"sp_geosampa_teatro_cinema_show:venue:10"}},{"type":"Feature","geometry":{"type":"Point","coordinates":[-46.58504006,-23.5943177]},"properties":{"id":"sp_geosampa_teatro_cinema_show:equipamento_cultura_teatro_cinema_show.40463","source_id":"sp_geosampa_teatro_cinema_show","name":"CINEMARK CENTRAL PLAZA - SALA 07","name_derived":false,"category":"culture","subcategory":"theatre_cinema","geometry_type":"Point","address":"Av. Dr. Francisco Mesquita,, 1000, 03153-001","equipment_type":"Salas de Cinema","administrative_sphere":"Particular","included_in_metrics":false,"exclusion_reason":"private provider","override_reason":null,"outside_boundary":false,"venue_id":"sp_geosampa_teatro_cinema_show:venue:10"}},{"type":"Feature","geometry":{"type":"Point","coordinates":[-46.58504006,-23.5943177]},"properties":{"id":"sp_geosampa_teatro_cinema_show:equipamento_cultura_teatro_cinema_show.40464","source_id":"sp_geosampa_teatro_cinema_show","name":"CINEMARK CENTRAL PLAZA - SALA 08","name_derived":false,"category":"culture","subcategory":"theatre_cinema","geometry_type":"Point","address":"Av. Dr. Francisco Mesquita,, 1000, 03153-001","equipment_type":"Salas de Cinema","administrative_sphere":"Particular","included_in_metrics":false,"exclusion_reason":"private provider","override_reason":null,"outside_boundary":false,"venue_id":"sp_geosampa_teatro_cinema_show:venue:10"}},{"type":"Feature","geometry":{"type":"Point","coordinates":[-46.58504006,-23.5943177]},"properties":{"id":"sp_geosampa_teatro_cinema_show:equipamento_cultura_teatro_cinema_show.40465","source_id":"sp_geosampa_teatro_cinema_show","name":"CINEMARK CENTRAL PLAZA - SALA 09","name_derived":false,"category":"culture","subcategory":"theatre_cinema","geometry_type":"Point","address":"Av. Dr. Francisco Mesquita,, 1000, 03153-001","equipment_type":"Salas de Cinema","administrative_sphere":"Particular","included_in_metrics":false,"exclusion_reason":"private provider","override_reason":null,"outside_boundary":false,"venue_id":"sp_geosampa_teatro_cinema_show:venue:10"}},{"type":"Feature","geometry":{"type":"Point","coordinates":[-46.58504006,-23.5943177]},"properties":{"id":"sp_geosampa_teatro_cinema_show:equipamento_cultura_teatro_cinema_show.40466","source_id":"sp_geosampa_teatro_cinema_show","name":"CINEMARK CENTRAL PLAZA - SALA 10","name_derived":false,"category":"culture","subcategory":"theatre_cinema","geometry_type":"Point","address":"Av. Dr. Francisco Mesquita,, 1000, 03153-001","equipment_type":"Salas de Cinema","administrative_sphere":"Particular","included_in_metrics":false,"exclusion_reason":"private provider","override_reason":null,"outside_boundary":false,"venue_id":"sp_geosampa_teatro_cinema_show:venue:10"}},{"type":"Feature","geometry":{"type":"Point","coordinates":[-46.69955738,-23.6780001]},"properties":{"id":"sp_geosampa_teatro_cinema_show:equipamento_cultura_teatro_cinema_show.40467","source_id":"sp_geosampa_teatro_cinema_show","name":"CINEMARK SP MARKET - SALA 01","name_derived":false,"category":"culture","subcategory":"theatre_cinema","geometry_type":"Point","address":"Av. Das Nações Unidas, 22540, 04795-000","equipment_type":"Salas de Cinema","administrative_sphere":"Particular","included_in_metrics":false,"exclusion_reason":"private provider","override_reason":null,"outside_boundary":false,"venue_id":"sp_geosampa_teatro_cinema_show:venue:11"}},{"type":"Feature","geometry":{"type":"Point","coordinates":[-46.69955738,-23.6780001]},"properties":{"id":"sp_geosampa_teatro_cinema_show:equipamento_cultura_teatro_cinema_show.40468","source_id":"sp_geosampa_teatro_cinema_show","name":"CINEMARK SP MARKET - SALA 02","name_derived":false,"category":"culture","subcategory":"theatre_cinema","geometry_type":"Point","address":"Av. Das Nações Unidas, 22540, 04795-000","equipment_type":"Salas de Cinema","administrative_sphere":"Particular","included_in_metrics":false,"exclusion_reason":"private provider","override_reason":null,"outside_boundary":false,"venue_id":"sp_geosampa_teatro_cinema_show:venue:11"}},{"type":"Feature","geometry":{"type":"Point","coordinates":[-46.69955738,-23.6780001]},"properties":{"id":"sp_geosampa_teatro_cinema_show:equipamento_cultura_teatro_cinema_show.40469","source_id":"sp_geosampa_teatro_cinema_show","name":"CINEMARK SP MARKET - SALA 03","name_derived":false,"category":"culture","subcategory":"theatre_cinema","geometry_type":"Point","address":"Av. Das Nações Unidas, 22540, 04795-000","equipment_type":"Salas de Cinema","administrative_sphere":"Particular","included_in_metrics":false,"exclusion_reason":"private provider","override_reason":null,"outside_boundary":false,"venue_id":"sp_geosampa_teatro_cinema_show:venue:11"}},{"type":"Feature","geometry":{"type":"Point","coordinates":[-46.69955738,-23.6780001]},"properties":{"id":"sp_geosampa_teatro_cinema_show:equipamento_cultura_teatro_cinema_show.40470","source_id":"sp_geosampa_teatro_cinema_show","name":"CINEMARK SP MARKET - SALA 04","name_derived":false,"category":"culture","subcategory":"theatre_cinema","geometry_type":"Point","address":"Av. Das Nações Unidas, 22540, 04795-000","equipment_type":"Salas de Cinema","administrative_sphere":"Particular","included_in_metrics":false,"exclusion_reason":"private provider","override_reason":null,"outside_boundary":false,"venue_id":"sp_geosampa_teatro_cinema_show:venue:11"}},{"type":"Feature","geometry":{"type":"Point","coordinates":[-46.69955738,-23.6780001]},"properties":{"id":"sp_geosampa_teatro_cinema_show:equipamento_cultura_teatro_cinema_show.40471","source_id":"sp_geosampa_teatro_cinema_show","name":"CINEMARK SP MARKET - SALA 05","name_derived":false,"category":"culture","subcategory":"theatre_cinema","geometry_type":"Point","address":"Av. Das Nações Unidas, 22540, 04795-000","equipment_type":"Salas de Cinema","administrative_sphere":"Particular","included_in_metrics":false,"exclusion_reason":"private provider","override_reason":null,"outside_boundary":false,"venue_id":"sp_geosampa_teatro_cinema_show:venue:11"}},{"type":"Feature","geometry":{"type":"Point","coordinates":[-46.69955738,-23.6780001]},"properties":{"id":"sp_geosampa_teatro_cinema_show:equipamento_cultura_teatro_cinema_show.40472","source_id":"sp_geosampa_teatro_cinema_show","name":"CINEMARK SP MARKET - SALA 06","name_derived":false,"category":"culture","subcategory":"theatre_cinema","geometry_type":"Point","address":"Av. Das Nações Unidas, 22540, 04795-000","equipment_type":"Salas de Cinema","administrative_sphere":"Particular","included_in_metrics":false,"exclusion_reason":"private provider","override_reason":null,"outside_boundary":false,"venue_id":"sp_geosampa_teatro_cinema_show:venue:11"}},{"type":"Feature","geometry":{"type":"Point","coordinates":[-46.69955738,-23.6780001]},"properties":{"id":"sp_geosampa_teatro_cinema_show:equipamento_cultura_teatro_cinema_show.40473","source_id":"sp_geosampa_teatro_cinema_show","name":"CINEMARK SP MARKET - SALA 07","name_derived":false,"category":"culture","subcategory":"theatre_cinema","geometry_type":"Point","address":"Av. Das Nações Unidas, 22540, 04795-000","equipment_type":"Salas de Cinema","administrative_sphere":"Particular","included_in_metrics":false,"exclusion_reason":"private provider","override_reason":null,"outside_boundary":false,"venue_id":"sp_geosampa_teatro_cinema_show:venue:11"}},{"type":"Feature","geometry":{"type":"Point","coordinates":[-46.69955738,-23.6780001]},"properties":{"id":"sp_geosampa_teatro_cinema_show:equipamento_cultura_teatro_cinema_show.40474","source_id":"sp_geosampa_teatro_cinema_show","name":"CINEMARK SP MARKET - SALA 08","name_derived":false,"category":"culture","subcategory":"theatre_cinema","geometry_type":"Point","address":"Av. Das Nações Unidas, 22540, 04795-000","equipment_type":"Salas de Cinema","administrative_sphere":"Particular","included_in_metrics":false,"exclusion_reason":"private provider","override_reason":null,"outside_boundary":false,"venue_id":"sp_geosampa_teatro_cinema_show:venue:11"}},{"type":"Feature","geometry":{"type":"Point","coordinates":[-46.69955738,-23.6780001]},"properties":{"id":"sp_geosampa_teatro_cinema_show:equipamento_cultura_teatro_cinema_show.40475","source_id":"sp_geosampa_teatro_cinema_show","name":"CINEMARK SP MARKET - SALA 09","name_derived":false,"category":"culture","subcategory":"theatre_cinema","geometry_type":"Point","address":"Av. Das Nações Unidas, 22540, 04795-000","equipment_type":"Salas de Cinema","administrative_sphere":"Particular","included_in_metrics":false,"exclusion_reason":"private provider","override_reason":null,"outside_boundary":false,"venue_id":"sp_geosampa_teatro_cinema_show:venue:11"}},{"type":"Feature","geometry":{"type":"Point","coordinates":[-46.69955738,-23.6780001]},"properties":{"id":"sp_geosampa_teatro_cinema_show:equipamento_cultura_teatro_cinema_show.40476","source_id":"sp_geosampa_teatro_cinema_show","name":"CINEMARK SP MARKET - SALA 10","name_derived":false,"category":"culture","subcategory":"theatre_cinema","geometry_type":"Point","address":"Av. Das Nações Unidas, 22540, 04795-000","equipment_type":"Salas de Cinema","administrative_sphere":"Particular","included_in_metrics":false,"exclusion_reason":"private provider","override_reason":null,"outside_boundary":false,"venue_id":"sp_geosampa_teatro_cinema_show:venue:11"}},{"type":"Feature","geometry":{"type":"Point","coordinates":[-46.69955738,-23.6780001]},"properties":{"id":"sp_geosampa_teatro_cinema_show:equipamento_cultura_teatro_cinema_show.40477","source_id":"sp_geosampa_teatro_cinema_show","name":"CINEMARK SP MARKET - SALA 11","name_derived":false,"category":"culture","subcategory":"theatre_cinema","geometry_type":"Point","address":"Av. Das Nações Unidas, 22540, 04795-000","equipment_type":"Salas de Cinema","administrative_sphere":"Particular","included_in_metrics":false,"exclusion_reason":"private provider","override_reason":null,"outside_boundary":false,"venue_id":"sp_geosampa_teatro_cinema_show:venue:11"}},{"type":"Feature","geometry":{"type":"Point","coordinates":[-46.57601183,-23.5414753]},"properties":{"id":"sp_geosampa_teatro_cinema_show:equipamento_cultura_teatro_cinema_show.40478","source_id":"sp_geosampa_teatro_cinema_show","name":"CINEMARK TATUAPÉ - SALA 01","name_derived":false,"category":"culture","subcategory":"theatre_cinema","geometry_type":"Point","address":"Rua Domingos Agostim,, 91, 03306-110","equipment_type":"Salas de Cinema","administrative_sphere":"Particular","included_in_metrics":false,"exclusion_reason":"private provider","override_reason":null,"outside_boundary":false,"venue_id":"sp_geosampa_teatro_cinema_show:venue:12"}},{"type":"Feature","geometry":{"type":"Point","coordinates":[-46.57601183,-23.5414753]},"properties":{"id":"sp_geosampa_teatro_cinema_show:equipamento_cultura_teatro_cinema_show.40479","source_id":"sp_geosampa_teatro_cinema_show","name":"CINEMARK TATUAPÉ - SALA 02","name_derived":false,"category":"culture","subcategory":"theatre_cinema","geometry_type":"Point","address":"Rua Domingos Agostim,, 91, 03306-110","equipment_type":"Salas de Cinema","administrative_sphere":"Particular","included_in_metrics":false,"exclusion_reason":"private provider","override_reason":null,"outside_boundary":false,"venue_id":"sp_geosampa_teatro_cinema_show:venue:12"}},{"type":"Feature","geometry":{"type":"Point","coordinates":[-46.57601183,-23.5414753]},"properties":{"id":"sp_geosampa_teatro_cinema_show:equipamento_cultura_teatro_cinema_show.40480","source_id":"sp_geosampa_teatro_cinema_show","name":"CINEMARK TATUAPÉ - SALA 03","name_derived":false,"category":"culture","subcategory":"theatre_cinema","geometry_type":"Point","address":"Rua Domingos Agostim,, 91, 03306-110","equipment_type":"Salas de Cinema","administrative_sphere":"Particular","included_in_metrics":false,"exclusion_reason":"private provider","override_reason":null,"outside_boundary":false,"venue_id":"sp_geosampa_teatro_cinema_show:venue:12"}},{"type":"Feature","geometry":{"type":"Point","coordinates":[-46.57601183,-23.5414753]},"properties":{"id":"sp_geosampa_teatro_cinema_show:equipamento_cultura_teatro_cinema_show.40481","source_id":"sp_geosampa_teatro_cinema_show","name":"CINEMARK TATUAPÉ - SALA 04","name_derived":false,"category":"culture","subcategory":"theatre_cinema","geometry_type":"Point","address":"Rua Domingos Agostim,, 91, 03306-110","equipment_type":"Salas de Cinema","administrative_sphere":"Particular","included_in_metrics":false,"exclusion_reason":"private provider","override_reason":null,"outside_boundary":false,"venue_id":"sp_geosampa_teatro_cinema_show:venue:12"}},{"type":"Feature","geometry":{"type":"Point","coordinates":[-46.57601183,-23.5414753]},"properties":{"id":"sp_geosampa_teatro_cinema_show:equipamento_cultura_teatro_cinema_show.40482","source_id":"sp_geosampa_teatro_cinema_show","name":"CINEMARK TATUAPÉ - SALA 05","name_derived":false,"category":"culture","subcategory":"theatre_cinema","geometry_type":"Point","address":"Rua Domingos Agostim,, 91, 03306-110","equipment_type":"Salas de Cinema","administrative_sphere":"Particular","included_in_metrics":false,"exclusion_reason":"private provider","override_reason":null,"outside_boundary":false,"venue_id":"sp_geosampa_teatro_cinema_show:venue:12"}},{"type":"Feature","geometry":{"type":"Point","coordinates":[-46.57601183,-23.5414753]},"properties":{"id":"sp_geosampa_teatro_cinema_show:equipamento_cultura_teatro_cinema_show.40483","source_id":"sp_geosampa_teatro_cinema_show","name":"CINEMARK TATUAPÉ - SALA 06","name_derived":false,"category":"culture","subcategory":"theatre_cinema","geometry_type":"Point","address":"Rua Domingos Agostim,, 91, 03306-110","equipment_type":"Salas de Cinema","administrative_sphere":"Particular","included_in_metrics":false,"exclusion_reason":"private provider","override_reason":null,"outside_boundary":false,"venue_id":"sp_geosampa_teatro_cinema_show:venue:12"}},{"type":"Feature","geometry":{"type":"Point","coordinates":[-46.57601183,-23.5414753]},"properties":{"id":"sp_geosampa_teatro_cinema_show:equipamento_cultura_teatro_cinema_show.40484","source_id":"sp_geosampa_teatro_cinema_show","name":"CINEMARK TATUAPÉ - SALA 07","name_derived":false,"category":"culture","subcategory":"theatre_cinema","geometry_type":"Point","address":"Rua Domingos Agostim,, 91, 03306-110","equipment_type":"Salas de Cinema","administrative_sphere":"Particular","included_in_metrics":false,"exclusion_reason":"private provider","override_reason":null,"outside_boundary":false,"venue_id":"sp_geosampa_teatro_cinema_show:venue:12"}},{"type":"Feature","geometry":{"type":"Point","coordinates":[-46.57601183,-23.5414753]},"properties":{"id":"sp_geosampa_teatro_cinema_show:equipamento_cultura_teatro_cinema_show.40485","source_id":"sp_geosampa_teatro_cinema_show","name":"CINEMARK TATUAPÉ - SALA 08","name_derived":false,"category":"culture","subcategory":"theatre_cinema","geometry_type":"Point","address":"Rua Domingos Agostim,, 91, 03306-110","equipment_type":"Salas de Cinema","administrative_sphere":"Particular","included_in_metrics":false,"exclusion_reason":"private provider","override_reason":null,"outside_boundary":false,"venue_id":"sp_geosampa_teatro_cinema_show:venue:12"}},{"type":"Feature","geometry":{"type":"Point","coordinates":[-46.50352636,-23.56447883]},"properties":{"id":"sp_geosampa_teatro_cinema_show:equipamento_cultura_teatro_cinema_show.40486","source_id":"sp_geosampa_teatro_cinema_show","name":"CINEMARK ARICANDUVA - SALA 01","name_derived":false,"category":"culture","subcategory":"theatre_cinema","geometry_type":"Point","address":"Av. Aricanduva,, 5555, 03527-000","equipment_type":"Salas de Cinema","administrative_sphere":"Particular","included_in_metrics":false,"exclusion_reason":"private provider","override_reason":null,"outside_boundary":false,"venue_id":"sp_geosampa_teatro_cinema_show:venue:13"}},{"type":"Feature","geometry":{"type":"Point","coordinates":[-46.50352636,-23.56447883]},"properties":{"id":"sp_geosampa_teatro_cinema_show:equipamento_cultura_teatro_cinema_show.40487","source_id":"sp_geosampa_teatro_cinema_show","name":"CINEMARK ARICANDUVA - SALA 02","name_derived":false,"category":"culture","subcategory":"theatre_cinema","geometry_type":"Point","address":"Av. Aricanduva,, 5555, 03527-000","equipment_type":"Salas de Cinema","administrative_sphere":"Particular","included_in_metrics":false,"exclusion_reason":"private provider","override_reason":null,"outside_boundary":false,"venue_id":"sp_geosampa_teatro_cinema_show:venue:13"}},{"type":"Feature","geometry":{"type":"Point","coordinates":[-46.50352636,-23.56447883]},"properties":{"id":"sp_geosampa_teatro_cinema_show:equipamento_cultura_teatro_cinema_show.40488","source_id":"sp_geosampa_teatro_cinema_show","name":"CINEMARK ARICANDUVA - SALA 03","name_derived":false,"category":"culture","subcategory":"theatre_cinema","geometry_type":"Point","address":"Av. Aricanduva,, 5555, 03527-000","equipment_type":"Salas de Cinema","administrative_sphere":"Particular","included_in_metrics":false,"exclusion_reason":"private provider","override_reason":null,"outside_boundary":false,"venue_id":"sp_geosampa_teatro_cinema_show:venue:13"}},{"type":"Feature","geometry":{"type":"Point","coordinates":[-46.50352636,-23.56447883]},"properties":{"id":"sp_geosampa_teatro_cinema_show:equipamento_cultura_teatro_cinema_show.40489","source_id":"sp_geosampa_teatro_cinema_show","name":"CINEMARK ARICANDUVA - SALA 04","name_derived":false,"category":"culture","subcategory":"theatre_cinema","geometry_type":"Point","address":"Av. Aricanduva,, 5555, 03527-000","equipment_type":"Salas de Cinema","administrative_sphere":"Particular","included_in_metrics":false,"exclusion_reason":"private provider","override_reason":null,"outside_boundary":false,"venue_id":"sp_geosampa_teatro_cinema_show:venue:13"}},{"type":"Feature","geometry":{"type":"Point","coordinates":[-46.50352636,-23.56447883]},"properties":{"id":"sp_geosampa_teatro_cinema_show:equipamento_cultura_teatro_cinema_show.40490","source_id":"sp_geosampa_teatro_cinema_show","name":"CINEMARK ARICANDUVA - SALA 05","name_derived":false,"category":"culture","subcategory":"theatre_cinema","geometry_type":"Point","address":"Av. Aricanduva,, 5555, 03527-000","equipment_type":"Salas de Cinema","administrative_sphere":"Particular","included_in_metrics":false,"exclusion_reason":"private provider","override_reason":null,"outside_boundary":false,"venue_id":"sp_geosampa_teatro_cinema_show:venue:13"}},{"type":"Feature","geometry":{"type":"Point","coordinates":[-46.50352636,-23.56447883]},"properties":{"id":"sp_geosampa_teatro_cinema_show:equipamento_cultura_teatro_cinema_show.40491","source_id":"sp_geosampa_teatro_cinema_show","name":"CINEMARK ARICANDUVA - SALA 06","name_derived":false,"category":"culture","subcategory":"theatre_cinema","geometry_type":"Point","address":"Av. Aricanduva,, 5555, 03527-000","equipment_type":"Salas de Cinema","administrative_sphere":"Particular","included_in_metrics":false,"exclusion_reason":"private provider","override_reason":null,"outside_boundary":false,"venue_id":"sp_geosampa_teatro_cinema_show:venue:13"}},{"type":"Feature","geometry":{"type":"Point","coordinates":[-46.50352636,-23.56447883]},"properties":{"id":"sp_geosampa_teatro_cinema_show:equipamento_cultura_teatro_cinema_show.40492","source_id":"sp_geosampa_teatro_cinema_show","name":"CINEMARK ARICANDUVA - SALA 07","name_derived":false,"category":"culture","subcategory":"theatre_cinema","geometry_type":"Point","address":"Av. Aricanduva,, 5555, 03527-000","equipment_type":"Salas de Cinema","administrative_sphere":"Particular","included_in_metrics":false,"exclusion_reason":"private provider","override_reason":null,"outside_boundary":false,"venue_id":"sp_geosampa_teatro_cinema_show:venue:13"}},{"type":"Feature","geometry":{"type":"Point","coordinates":[-46.50352636,-23.56447883]},"properties":{"id":"sp_geosampa_teatro_cinema_show:equipamento_cultura_teatro_cinema_show.40493","source_id":"sp_geosampa_teatro_cinema_show","name":"CINEMARK ARICANDUVA - SALA 08","name_derived":false,"category":"culture","subcategory":"theatre_cinema","geometry_type":"Point","address":"Av. Aricanduva,, 5555, 03527-000","equipment_type":"Salas de Cinema","administrative_sphere":"Particular","included_in_metrics":false,"exclusion_reason":"private provider","override_reason":null,"outside_boundary":false,"venue_id":"sp_geosampa_teatro_cinema_show:venue:13"}},{"type":"Feature","geometry":{"type":"Point","coordinates":[-46.50352636,-23.56447883]},"properties":{"id":"sp_geosampa_teatro_cinema_show:equipamento_cultura_teatro_cinema_show.40494","source_id":"sp_geosampa_teatro_cinema_show","name":"CINEMARK ARICANDUVA - SALA 09","name_derived":false,"category":"culture","subcategory":"theatre_cinema","geometry_type":"Point","address":"Av. Aricanduva,, 5555, 03527-000","equipment_type":"Salas de Cinema","administrative_sphere":"Particular","included_in_metrics":false,"exclusion_reason":"private provider","override_reason":null,"outside_boundary":false,"venue_id":"sp_geosampa_teatro_cinema_show:venue:13"}},{"type":"Feature","geometry":{"type":"Point","coordinates":[-46.50352636,-23.56447883]},"properties":{"id":"sp_geosampa_teatro_cinema_show:equipamento_cultura_teatro_cinema_show.40495","source_id":"sp_geosampa_teatro_cinema_show","name":"CINEMARK ARICANDUVA - SALA 10","name_derived":false,"category":"culture","subcategory":"theatre_cinema","geometry_type":"Point","address":"Av. Aricanduva,, 5555, 03527-000","equipment_type":"Salas de Cinema","administrative_sphere":"Particular","included_in_metrics":false,"exclusion_reason":"private provider","override_reason":null,"outside_boundary":false,"venue_id":"sp_geosampa_teatro_cinema_show:venue:13"}},{"type":"Feature","geometry":{"type":"Point","coordinates":[-46.50352636,-23.56447883]},"properties":{"id":"sp_geosampa_teatro_cinema_show:equipamento_cultura_teatro_cinema_show.40496","source_id":"sp_geosampa_teatro_cinema_show","name":"CINEMARK ARICANDUVA - SALA 11","name_derived":false,"category":"culture","subcategory":"theatre_cinema","geometry_type":"Point","address":"Av. Aricanduva,, 5555, 03527-000","equipment_type":"Salas de Cinema","administrative_sphere":"Particular","included_in_metrics":false,"exclusion_reason":"private provider","override_reason":null,"outside_boundary":false,"venue_id":"sp_geosampa_teatro_cinema_show:venue:13"}},{"type":"Feature","geometry":{"type":"Point","coordinates":[-46.50352636,-23.56447883]},"properties":{"id":"sp_geosampa_teatro_cinema_show:equipamento_cultura_teatro_cinema_show.40497","source_id":"sp_geosampa_teatro_cinema_show","name":"CINEMARK ARICANDUVA - SALA 12","name_derived":false,"category":"culture","subcategory":"theatre_cinema","geometry_type":"Point","address":"Av. Aricanduva,, 5555, 03527-000","equipment_type":"Salas de Cinema","administrative_sphere":"Particular","included_in_metrics":false,"exclusion_reason":"private provider","override_reason":null,"outside_boundary":false,"venue_id":"sp_geosampa_teatro_cinema_show:venue:13"}},{"type":"Feature","geometry":{"type":"Point","coordinates":[-46.50352636,-23.56447883]},"properties":{"id":"sp_geosampa_teatro_cinema_show:equipamento_cultura_teatro_cinema_show.40498","source_id":"sp_geosampa_teatro_cinema_show","name":"CINEMARK ARICANDUVA - SALA 13","name_derived":false,"category":"culture","subcategory":"theatre_cinema","geometry_type":"Point","address":"Av. Aricanduva,, 5555, 03527-000","equipment_type":"Salas de Cinema","administrative_sphere":"Particular","included_in_metrics":false,"exclusion_reason":"private provider","override_reason":null,"outside_boundary":false,"venue_id":"sp_geosampa_teatro_cinema_show:venue:13"}},{"type":"Feature","geometry":{"type":"Point","coordinates":[-46.73629594,-23.63064047]},"properties":{"id":"sp_geosampa_teatro_cinema_show:equipamento_cultura_teatro_cinema_show.40499","source_id":"sp_geosampa_teatro_cinema_show","name":"UCI SHOPPING JARDIM SUL - SALA 02","name_derived":false,"category":"culture","subcategory":"theatre_cinema","geometry_type":"Point","address":"Av. Giovanni Gronchi, 5819, 05724-003","equipment_type":"Salas de Cinema","administrative_sphere":"Particular","included_in_metrics":false,"exclusion_reason":"private provider","override_reason":null,"outside_boundary":false,"venue_id":"sp_geosampa_teatro_cinema_show:venue:14"}},{"type":"Feature","geometry":{"type":"Point","coordinates":[-46.73629594,-23.63064047]},"properties":{"id":"sp_geosampa_teatro_cinema_show:equipamento_cultura_teatro_cinema_show.40500","source_id":"sp_geosampa_teatro_cinema_show","name":"UCI SHOPPING JARDIM SUL - SALA 03","name_derived":false,"category":"culture","subcategory":"theatre_cinema","geometry_type":"Point","address":"Av. Giovanni Gronchi, 5819, 05724-003","equipment_type":"Salas de Cinema","administrative_sphere":"Particular","included_in_metrics":false,"exclusion_reason":"private provider","override_reason":null,"outside_boundary":false,"venue_id":"sp_geosampa_teatro_cinema_show:venue:14"}},{"type":"Feature","geometry":{"type":"Point","coordinates":[-46.73629594,-23.63064047]},"properties":{"id":"sp_geosampa_teatro_cinema_show:equipamento_cultura_teatro_cinema_show.40501","source_id":"sp_geosampa_teatro_cinema_show","name":"UCI SHOPPING JARDIM SUL - SALA 04","name_derived":false,"category":"culture","subcategory":"theatre_cinema","geometry_type":"Point","address":"Av. Giovanni Gronchi, 5819, 05724-003","equipment_type":"Salas de Cinema","administrative_sphere":"Particular","included_in_metrics":false,"exclusion_reason":"private provider","override_reason":null,"outside_boundary":false,"venue_id":"sp_geosampa_teatro_cinema_show:venue:14"}},{"type":"Feature","geometry":{"type":"Point","coordinates":[-46.73629594,-23.63064047]},"properties":{"id":"sp_geosampa_teatro_cinema_show:equipamento_cultura_teatro_cinema_show.40502","source_id":"sp_geosampa_teatro_cinema_show","name":"UCI SHOPPING JARDIM SUL - SALA 05","name_derived":false,"category":"culture","subcategory":"theatre_cinema","geometry_type":"Point","address":"Av. Giovanni Gronchi, 5819, 05724-003","equipment_type":"Salas de Cinema","administrative_sphere":"Particular","included_in_metrics":false,"exclusion_reason":"private provider","override_reason":null,"outside_boundary":false,"venue_id":"sp_geosampa_teatro_cinema_show:venue:14"}},{"type":"Feature","geometry":{"type":"Point","coordinates":[-46.73629594,-23.63064047]},"properties":{"id":"sp_geosampa_teatro_cinema_show:equipamento_cultura_teatro_cinema_show.40503","source_id":"sp_geosampa_teatro_cinema_show","name":"UCI SHOPPING JARDIM SUL - SALA 06","name_derived":false,"category":"culture","subcategory":"theatre_cinema","geometry_type":"Point","address":"Av. Giovanni Gronchi, 5819, 05724-003","equipment_type":"Salas de Cinema","administrative_sphere":"Particular","included_in_metrics":false,"exclusion_reason":"private provider","override_reason":null,"outside_boundary":false,"venue_id":"sp_geosampa_teatro_cinema_show:venue:14"}},{"type":"Feature","geometry":{"type":"Point","coordinates":[-46.73629594,-23.63064047]},"properties":{"id":"sp_geosampa_teatro_cinema_show:equipamento_cultura_teatro_cinema_show.40504","source_id":"sp_geosampa_teatro_cinema_show","name":"UCI SHOPPING JARDIM SUL - SALA 07","name_derived":false,"category":"culture","subcategory":"theatre_cinema","geometry_type":"Point","address":"Av. Giovanni Gronchi, 5819, 05724-003","equipment_type":"Salas de Cinema","administrative_sphere":"Particular","included_in_metrics":false,"exclusion_reason":"private provider","override_reason":null,"outside_boundary":false,"venue_id":"sp_geosampa_teatro_cinema_show:venue:14"}},{"type":"Feature","geometry":{"type":"Point","coordinates":[-46.73629594,-23.63064047]},"properties":{"id":"sp_geosampa_teatro_cinema_show:equipamento_cultura_teatro_cinema_show.40505","source_id":"sp_geosampa_teatro_cinema_show","name":"UCI SHOPPING JARDIM SUL - SALA 08","name_derived":false,"category":"culture","subcategory":"theatre_cinema","geometry_type":"Point","address":"Av. Giovanni Gronchi, 5819, 05724-003","equipment_type":"Salas de Cinema","administrative_sphere":"Particular","included_in_metrics":false,"exclusion_reason":"private provider","override_reason":null,"outside_boundary":false,"venue_id":"sp_geosampa_teatro_cinema_show:venue:14"}},{"type":"Feature","geometry":{"type":"Point","coordinates":[-46.73629594,-23.63064047]},"properties":{"id":"sp_geosampa_teatro_cinema_show:equipamento_cultura_teatro_cinema_show.40506","source_id":"sp_geosampa_teatro_cinema_show","name":"UCI SHOPPING JARDIM SUL - SALA 09","name_derived":false,"category":"culture","subcategory":"theatre_cinema","geometry_type":"Point","address":"Av. Giovanni Gronchi, 5819, 05724-003","equipment_type":"Salas de Cinema","administrative_sphere":"Particular","included_in_metrics":false,"exclusion_reason":"private provider","override_reason":null,"outside_boundary":false,"venue_id":"sp_geosampa_teatro_cinema_show:venue:14"}},{"type":"Feature","geometry":{"type":"Point","coordinates":[-46.56218976,-23.56116538]},"properties":{"id":"sp_geosampa_teatro_cinema_show:equipamento_cultura_teatro_cinema_show.40507","source_id":"sp_geosampa_teatro_cinema_show","name":"UCI ANÁLIA FRANCO - SALA 01","name_derived":false,"category":"culture","subcategory":"theatre_cinema","geometry_type":"Point","address":"Rua Regente Feijó, 1759, 03342-000","equipment_type":"Salas de Cinema","administrative_sphere":"Particular","included_in_metrics":false,"exclusion_reason":"private provider","override_reason":null,"outside_boundary":false,"venue_id":"sp_geosampa_teatro_cinema_show:venue:15"}},{"type":"Feature","geometry":{"type":"Point","coordinates":[-46.56218976,-23.56116538]},"properties":{"id":"sp_geosampa_teatro_cinema_show:equipamento_cultura_teatro_cinema_show.40508","source_id":"sp_geosampa_teatro_cinema_show","name":"UCI ANÁLIA FRANCO - SALA 02","name_derived":false,"category":"culture","subcategory":"theatre_cinema","geometry_type":"Point","address":"Rua Regente Feijó, 1759, 03342-000","equipment_type":"Salas de Cinema","administrative_sphere":"Particular","included_in_metrics":false,"exclusion_reason":"private provider","override_reason":null,"outside_boundary":false,"venue_id":"sp_geosampa_teatro_cinema_show:venue:15"}},{"type":"Feature","geometry":{"type":"Point","coordinates":[-46.56218976,-23.56116538]},"properties":{"id":"sp_geosampa_teatro_cinema_show:equipamento_cultura_teatro_cinema_show.40509","source_id":"sp_geosampa_teatro_cinema_show","name":"UCI ANÁLIA FRANCO - SALA 03","name_derived":false,"category":"culture","subcategory":"theatre_cinema","geometry_type":"Point","address":"Rua Regente Feijó, 1759, 03342-000","equipment_type":"Salas de Cinema","administrative_sphere":"Particular","included_in_metrics":false,"exclusion_reason":"private provider","override_reason":null,"outside_boundary":false,"venue_id":"sp_geosampa_teatro_cinema_show:venue:15"}},{"type":"Feature","geometry":{"type":"Point","coordinates":[-46.56218976,-23.56116538]},"properties":{"id":"sp_geosampa_teatro_cinema_show:equipamento_cultura_teatro_cinema_show.40510","source_id":"sp_geosampa_teatro_cinema_show","name":"UCI ANÁLIA FRANCO - SALA 04","name_derived":false,"category":"culture","subcategory":"theatre_cinema","geometry_type":"Point","address":"Rua Regente Feijó, 1759, 03342-000","equipment_type":"Salas de Cinema","administrative_sphere":"Particular","included_in_metrics":false,"exclusion_reason":"private provider","override_reason":null,"outside_boundary":false,"venue_id":"sp_geosampa_teatro_cinema_show:venue:15"}},{"type":"Feature","geometry":{"type":"Point","coordinates":[-46.56218976,-23.56116538]},"properties":{"id":"sp_geosampa_teatro_cinema_show:equipamento_cultura_teatro_cinema_show.40511","source_id":"sp_geosampa_teatro_cinema_show","name":"UCI ANÁLIA FRANCO - SALA 05","name_derived":false,"category":"culture","subcategory":"theatre_cinema","geometry_type":"Point","address":"Rua Regente Feijó, 1759, 03342-000","equipment_type":"Salas de Cinema","administrative_sphere":"Particular","included_in_metrics":false,"exclusion_reason":"private provider","override_reason":null,"outside_boundary":false,"venue_id":"sp_geosampa_teatro_cinema_show:venue:15"}},{"type":"Feature","geometry":{"type":"Point","coordinates":[-46.56218976,-23.56116538]},"properties":{"id":"sp_geosampa_teatro_cinema_show:equipamento_cultura_teatro_cinema_show.40512","source_id":"sp_geosampa_teatro_cinema_show","name":"UCI ANÁLIA FRANCO - SALA 06","name_derived":false,"category":"culture","subcategory":"theatre_cinema","geometry_type":"Point","address":"Rua Regente Feijó, 1759, 03342-000","equipment_type":"Salas de Cinema","administrative_sphere":"Particular","included_in_metrics":false,"exclusion_reason":"private provider","override_reason":null,"outside_boundary":false,"venue_id":"sp_geosampa_teatro_cinema_show:venue:15"}},{"type":"Feature","geometry":{"type":"Point","coordinates":[-46.56218976,-23.56116538]},"properties":{"id":"sp_geosampa_teatro_cinema_show:equipamento_cultura_teatro_cinema_show.40513","source_id":"sp_geosampa_teatro_cinema_show","name":"UCI ANÁLIA FRANCO - SALA 07","name_derived":false,"category":"culture","subcategory":"theatre_cinema","geometry_type":"Point","address":"Rua Regente Feijó, 1759, 03342-000","equipment_type":"Salas de Cinema","administrative_sphere":"Particular","included_in_metrics":false,"exclusion_reason":"private provider","override_reason":null,"outside_boundary":false,"venue_id":"sp_geosampa_teatro_cinema_show:venue:15"}},{"type":"Feature","geometry":{"type":"Point","coordinates":[-46.56218976,-23.56116538]},"properties":{"id":"sp_geosampa_teatro_cinema_show:equipamento_cultura_teatro_cinema_show.40514","source_id":"sp_geosampa_teatro_cinema_show","name":"UCI ANÁLIA FRANCO - SALA 08","name_derived":false,"category":"culture","subcategory":"theatre_cinema","geometry_type":"Point","address":"Rua Regente Feijó, 1759, 03342-000","equipment_type":"Salas de Cinema","administrative_sphere":"Particular","included_in_metrics":false,"exclusion_reason":"private provider","override_reason":null,"outside_boundary":false,"venue_id":"sp_geosampa_teatro_cinema_show:venue:15"}},{"type":"Feature","geometry":{"type":"Point","coordinates":[-46.56218976,-23.56116538]},"properties":{"id":"sp_geosampa_teatro_cinema_show:equipamento_cultura_teatro_cinema_show.40515","source_id":"sp_geosampa_teatro_cinema_show","name":"UCI ANÁLIA FRANCO - SALA 09","name_derived":false,"category":"culture","subcategory":"theatre_cinema","geometry_type":"Point","address":"Rua Regente Feijó, 1759, 03342-000","equipment_type":"Salas de Cinema","administrative_sphere":"Particular","included_in_metrics":false,"exclusion_reason":"private provider","override_reason":null,"outside_boundary":false,"venue_id":"sp_geosampa_teatro_cinema_show:venue:15"}},{"type":"Feature","geometry":{"type":"Point","coordinates":[-46.54662948,-23.52512432]},"properties":{"id":"sp_geosampa_teatro_cinema_show:equipamento_cultura_teatro_cinema_show.40516","source_id":"sp_geosampa_teatro_cinema_show","name":"MOVIECOM PENHA - SALA 01","name_derived":false,"category":"culture","subcategory":"theatre_cinema","geometry_type":"Point","address":"Rua Doutor João Ribeiro, 304, 03634-010","equipment_type":"Salas de Cinema","administrative_sphere":"Particular","included_in_metrics":false,"exclusion_reason":"private provider","override_reason":null,"outside_boundary":false,"venue_id":"sp_geosampa_teatro_cinema_show:venue:16"}},{"type":"Feature","geometry":{"type":"Point","coordinates":[-46.63778158,-23.54409037]},"properties":{"id":"sp_geosampa_teatro_cinema_show:equipamento_cultura_teatro_cinema_show.40517","source_id":"sp_geosampa_teatro_cinema_show","name":"AQUARIUS CINE AVENIDA","name_derived":false,"category":"culture","subcategory":"theatre_cinema","geometry_type":"Point","address":"Av São João, 335/341, 01035-000","equipment_type":"Salas de Cinema","administrative_sphere":"Particular","included_in_metrics":false,"exclusion_reason":"private provider","override_reason":null,"outside_boundary":false,"venue_id":"sp_geosampa_teatro_cinema_show:venue:17"}},{"type":"Feature","geometry":{"type":"Point","coordinates":[-46.63778158,-23.54409037]},"properties":{"id":"sp_geosampa_teatro_cinema_show:equipamento_cultura_teatro_cinema_show.40518","source_id":"sp_geosampa_teatro_cinema_show","name":"AQUARIUS CINE LAS VEGAS","name_derived":false,"category":"culture","subcategory":"theatre_cinema","geometry_type":"Point","address":"Av São João, 335/341, 01035-000","equipment_type":"Salas de Cinema","administrative_sphere":"Particular","included_in_metrics":false,"exclusion_reason":"private provider","override_reason":null,"outside_boundary":false,"venue_id":"sp_geosampa_teatro_cinema_show:venue:17"}},{"type":"Feature","geometry":{"type":"Point","coordinates":[-46.65247943,-23.55424799]},"properties":{"id":"sp_geosampa_teatro_cinema_show:equipamento_cultura_teatro_cinema_show.40519","source_id":"sp_geosampa_teatro_cinema_show","name":"ESPAÇO ITAU FREI CANECA - SALA 01","name_derived":false,"category":"culture","subcategory":"theatre_cinema","geometry_type":"Point","address":"Rua Frei Caneca,, 569, 01307-001","equipment_type":"Salas de Cinema","administrative_sphere":"Particular","included_in_metrics":false,"exclusion_reason":"private provider","override_reason":null,"outside_boundary":false,"venue_id":"sp_geosampa_teatro_cinema_show:venue:18"}},{"type":"Feature","geometry":{"type":"Point","coordinates":[-46.65247943,-23.55424799]},"properties":{"id":"sp_geosampa_teatro_cinema_show:equipamento_cultura_teatro_cinema_show.40520","source_id":"sp_geosampa_teatro_cinema_show","name":"ESPAÇO ITAU FREI CANECA - SALA 02","name_derived":false,"category":"culture","subcategory":"theatre_cinema","geometry_type":"Point","address":"Rua Frei Caneca,, 569, 01307-001","equipment_type":"Salas de Cinema","administrative_sphere":"Particular","included_in_metrics":false,"exclusion_reason":"private provider","override_reason":null,"outside_boundary":false,"venue_id":"sp_geosampa_teatro_cinema_show:venue:18"}},{"type":"Feature","geometry":{"type":"Point","coordinates":[-46.65247943,-23.55424799]},"properties":{"id":"sp_geosampa_teatro_cinema_show:equipamento_cultura_teatro_cinema_show.40521","source_id":"sp_geosampa_teatro_cinema_show","name":"ESPAÇO ITAU FREI CANECA - SALA 03","name_derived":false,"category":"culture","subcategory":"theatre_cinema","geometry_type":"Point","address":"Rua Frei Caneca,, 569, 01307-001","equipment_type":"Salas de Cinema","administrative_sphere":"Particular","included_in_metrics":false,"exclusion_reason":"private provider","override_reason":null,"outside_boundary":false,"venue_id":"sp_geosampa_teatro_cinema_show:venue:18"}},{"type":"Feature","geometry":{"type":"Point","coordinates":[-46.65247943,-23.55424799]},"properties":{"id":"sp_geosampa_teatro_cinema_show:equipamento_cultura_teatro_cinema_show.40522","source_id":"sp_geosampa_teatro_cinema_show","name":"ESPAÇO ITAU FREI CANECA - SALA 04","name_derived":false,"category":"culture","subcategory":"theatre_cinema","geometry_type":"Point","address":"Rua Frei Caneca,, 569, 01307-001","equipment_type":"Salas de Cinema","administrative_sphere":"Particular","included_in_metrics":false,"exclusion_reason":"private provider","override_reason":null,"outside_boundary":false,"venue_id":"sp_geosampa_teatro_cinema_show:venue:18"}},{"type":"Feature","geometry":{"type":"Point","coordinates":[-46.65247943,-23.55424799]},"properties":{"id":"sp_geosampa_teatro_cinema_show:equipamento_cultura_teatro_cinema_show.40523","source_id":"sp_geosampa_teatro_cinema_show","name":"ESPAÇO ITAU FREI CANECA - SALA 05","name_derived":false,"category":"culture","subcategory":"theatre_cinema","geometry_type":"Point","address":"Rua Frei Caneca,, 569, 01307-001","equipment_type":"Salas de Cinema","administrative_sphere":"Particular","included_in_metrics":false,"exclusion_reason":"private provider","override_reason":null,"outside_boundary":false,"venue_id":"sp_geosampa_teatro_cinema_show:venue:18"}},{"type":"Feature","geometry":{"type":"Point","coordinates":[-46.65247943,-23.55424799]},"properties":{"id":"sp_geosampa_teatro_cinema_show:equipamento_cultura_teatro_cinema_show.40524","source_id":"sp_geosampa_teatro_cinema_show","name":"ESPAÇO ITAU FREI CANECA - SALA 06","name_derived":false,"category":"culture","subcategory":"theatre_cinema","geometry_type":"Point","address":"Rua Frei Caneca,, 569, 01307-001","equipment_type":"Salas de Cinema","administrative_sphere":"Particular","included_in_metrics":false,"exclusion_reason":"private provider","override_reason":null,"outside_boundary":false,"venue_id":"sp_geosampa_teatro_cinema_show:venue:18"}},{"type":"Feature","geometry":{"type":"Point","coordinates":[-46.65247943,-23.55424799]},"properties":{"id":"sp_geosampa_teatro_cinema_show:equipamento_cultura_teatro_cinema_show.40525","source_id":"sp_geosampa_teatro_cinema_show","name":"ESPAÇO ITAU FREI CANECA - SALA 07","name_derived":false,"category":"culture","subcategory":"theatre_cinema","geometry_type":"Point","address":"Rua Frei Caneca,, 569, 01307-001","equipment_type":"Salas de Cinema","administrative_sphere":"Particular","included_in_metrics":false,"exclusion_reason":"private provider","override_reason":null,"outside_boundary":false,"venue_id":"sp_geosampa_teatro_cinema_show:venue:18"}},{"type":"Feature","geometry":{"type":"Point","coordinates":[-46.65247943,-23.55424799]},"properties":{"id":"sp_geosampa_teatro_cinema_show:equipamento_cultura_teatro_cinema_show.40526","source_id":"sp_geosampa_teatro_cinema_show","name":"ESPAÇO ITAU FREI CANECA - SALA 08","name_derived":false,"category":"culture","subcategory":"theatre_cinema","geometry_type":"Point","address":"Rua Frei Caneca,, 569, 01307-001","equipment_type":"Salas de Cinema","administrative_sphere":"Particular","included_in_metrics":false,"exclusion_reason":"private provider","override_reason":null,"outside_boundary":false,"venue_id":"sp_geosampa_teatro_cinema_show:venue:18"}},{"type":"Feature","geometry":{"type":"Point","coordinates":[-46.65247943,-23.55424799]},"properties":{"id":"sp_geosampa_teatro_cinema_show:equipamento_cultura_teatro_cinema_show.40527","source_id":"sp_geosampa_teatro_cinema_show","name":"ESPAÇO ITAU FREI CANECA - SALA 09","name_derived":false,"category":"culture","subcategory":"theatre_cinema","geometry_type":"Point","address":"Rua Frei Caneca,, 569, 01307-001","equipment_type":"Salas de Cinema","administrative_sphere":"Particular","included_in_metrics":false,"exclusion_reason":"private provider","override_reason":null,"outside_boundary":false,"venue_id":"sp_geosampa_teatro_cinema_show:venue:18"}},{"type":"Feature","geometry":{"type":"Point","coordinates":[-46.64068422,-23.54305414]},"properties":{"id":"sp_geosampa_teatro_cinema_show:equipamento_cultura_teatro_cinema_show.40528","source_id":"sp_geosampa_teatro_cinema_show","name":"CINE REPUBLICA","name_derived":false,"category":"culture","subcategory":"theatre_cinema","geometry_type":"Point","address":"Av. Ipiranga, 752, 01040-000","equipment_type":"Salas de Cinema","administrative_sphere":"Particular","included_in_metrics":false,"exclusion_reason":"private provider","override_reason":null,"outside_boundary":false,"venue_id":"sp_geosampa_teatro_cinema_show:venue:19"}},{"type":"Feature","geometry":{"type":"Point","coordinates":[-46.65109437,-23.56528783]},"properties":{"id":"sp_geosampa_teatro_cinema_show:equipamento_cultura_teatro_cinema_show.40529","source_id":"sp_geosampa_teatro_cinema_show","name":"RESERVA CULTURAL - SALA 01","name_derived":false,"category":"culture","subcategory":"theatre_cinema","geometry_type":"Point","address":"Av. Paulista, 900, 01310-100","equipment_type":"Salas de Cinema","administrative_sphere":"Particular","included_in_metrics":false,"exclusion_reason":"private provider","override_reason":null,"outside_boundary":false,"venue_id":"sp_geosampa_teatro_cinema_show:venue:20"}},{"type":"Feature","geometry":{"type":"Point","coordinates":[-46.65109437,-23.56528783]},"properties":{"id":"sp_geosampa_teatro_cinema_show:equipamento_cultura_teatro_cinema_show.40530","source_id":"sp_geosampa_teatro_cinema_show","name":"RESERVA CULTURAL - SALA 02","name_derived":false,"category":"culture","subcategory":"theatre_cinema","geometry_type":"Point","address":"Av. Paulista, 900, 01310-100","equipment_type":"Salas de Cinema","administrative_sphere":"Particular","included_in_metrics":false,"exclusion_reason":"private provider","override_reason":null,"outside_boundary":false,"venue_id":"sp_geosampa_teatro_cinema_show:venue:20"}},{"type":"Feature","geometry":{"type":"Point","coordinates":[-46.65109437,-23.56528783]},"properties":{"id":"sp_geosampa_teatro_cinema_show:equipamento_cultura_teatro_cinema_show.40531","source_id":"sp_geosampa_teatro_cinema_show","name":"RESERVA CULTURAL - SALA 03","name_derived":false,"category":"culture","subcategory":"theatre_cinema","geometry_type":"Point","address":"Av. Paulista, 900, 01310-100","equipment_type":"Salas de Cinema","administrative_sphere":"Particular","included_in_metrics":false,"exclusion_reason":"private provider","override_reason":null,"outside_boundary":false,"venue_id":"sp_geosampa_teatro_cinema_show:venue:20"}},{"type":"Feature","geometry":{"type":"Point","coordinates":[-46.65109437,-23.56528783]},"properties":{"id":"sp_geosampa_teatro_cinema_show:equipamento_cultura_teatro_cinema_show.40532","source_id":"sp_geosampa_teatro_cinema_show","name":"RESERVA CULTURAL - SALA 04","name_derived":false,"category":"culture","subcategory":"theatre_cinema","geometry_type":"Point","address":"Av. Paulista, 900, 01310-100","equipment_type":"Salas de Cinema","administrative_sphere":"Particular","included_in_metrics":false,"exclusion_reason":"private provider","override_reason":null,"outside_boundary":false,"venue_id":"sp_geosampa_teatro_cinema_show:venue:20"}},{"type":"Feature","geometry":{"type":"Point","coordinates":[-46.64033598,-23.54264801]},"properties":{"id":"sp_geosampa_teatro_cinema_show:equipamento_cultura_teatro_cinema_show.40533","source_id":"sp_geosampa_teatro_cinema_show","name":"SANTOS CINE PARIS","name_derived":false,"category":"culture","subcategory":"theatre_cinema","geometry_type":"Point","address":"Av. Ipiranga, 808, 01040-000","equipment_type":"Salas de Cinema","administrative_sphere":"Particular","included_in_metrics":false,"exclusion_reason":"private provider","override_reason":null,"outside_boundary":false,"venue_id":"sp_geosampa_teatro_cinema_show:venue:21"}},{"type":"Feature","geometry":{"type":"Point","coordinates":[-46.63968107,-23.54150411]},"properties":{"id":"sp_geosampa_teatro_cinema_show:equipamento_cultura_teatro_cinema_show.40534","source_id":"sp_geosampa_teatro_cinema_show","name":"EMPRESA SUPERCAP DE CINE GLOBO","name_derived":false,"category":"culture","subcategory":"theatre_cinema","geometry_type":"Point","address":"Av Ipiranga, 933, 01211-100","equipment_type":"Salas de Cinema","administrative_sphere":"Particular","included_in_metrics":false,"exclusion_reason":"private provider","override_reason":null,"outside_boundary":false,"venue_id":"sp_geosampa_teatro_cinema_show:venue:22"}},{"type":"Feature","geometry":{"type":"Point","coordinates":[-46.6621319,-23.56066494]},"properties":{"id":"sp_geosampa_teatro_cinema_show:equipamento_cultura_teatro_cinema_show.40535","source_id":"sp_geosampa_teatro_cinema_show","name":"CINESESC","name_derived":false,"category":"culture","subcategory":"theatre_cinema","geometry_type":"Point","address":"Rua Augusta, 2075, 01413-000","equipment_type":"Salas de Cinema","administrative_sphere":"Particular","included_in_metrics":false,"exclusion_reason":"private provider","override_reason":null,"outside_boundary":false,"venue_id":"sp_geosampa_teatro_cinema_show:venue:23"}},{"type":"Feature","geometry":{"type":"Point","coordinates":[-46.64432051,-23.54042386]},"properties":{"id":"sp_geosampa_teatro_cinema_show:equipamento_cultura_teatro_cinema_show.40536","source_id":"sp_geosampa_teatro_cinema_show","name":"PONTO ZEN SALA","name_derived":false,"category":"culture","subcategory":"theatre_cinema","geometry_type":"Point","address":"Av. São João, 1119, 01035-100","equipment_type":"Salas de Cinema","administrative_sphere":"Particular","included_in_metrics":false,"exclusion_reason":"private provider","override_reason":null,"outside_boundary":false,"venue_id":"sp_geosampa_teatro_cinema_show:venue:24"}},{"type":"Feature","geometry":{"type":"Point","coordinates":[-46.70096364,-23.65470691]},"properties":{"id":"sp_geosampa_teatro_cinema_show:equipamento_cultura_teatro_cinema_show.40537","source_id":"sp_geosampa_teatro_cinema_show","name":"MOVIECOM BOAVISTA - SALA 01","name_derived":false,"category":"culture","subcategory":"theatre_cinema","geometry_type":"Point","address":"Rua, Borba Gato, 59, 04747-030","equipment_type":"Salas de Cinema","administrative_sphere":"Particular","included_in_metrics":false,"exclusion_reason":"private provider","override_reason":null,"outside_boundary":false,"venue_id":"sp_geosampa_teatro_cinema_show:venue:25"}},{"type":"Feature","geometry":{"type":"Point","coordinates":[-46.70096364,-23.65470691]},"properties":{"id":"sp_geosampa_teatro_cinema_show:equipamento_cultura_teatro_cinema_show.40538","source_id":"sp_geosampa_teatro_cinema_show","name":"MOVIECOM BOAVISTA - SALA 02","name_derived":false,"category":"culture","subcategory":"theatre_cinema","geometry_type":"Point","address":"Rua, Borba Gato, 59, 04747-030","equipment_type":"Salas de Cinema","administrative_sphere":"Particular","included_in_metrics":false,"exclusion_reason":"private provider","override_reason":null,"outside_boundary":false,"venue_id":"sp_geosampa_teatro_cinema_show:venue:25"}},{"type":"Feature","geometry":{"type":"Point","coordinates":[-46.70096364,-23.65470691]},"properties":{"id":"sp_geosampa_teatro_cinema_show:equipamento_cultura_teatro_cinema_show.40539","source_id":"sp_geosampa_teatro_cinema_show","name":"MOVIECOM BOAVISTA - SALA 03","name_derived":false,"category":"culture","subcategory":"theatre_cinema","geometry_type":"Point","address":"Rua, Borba Gato, 59, 04747-030","equipment_type":"Salas de Cinema","administrative_sphere":"Particular","included_in_metrics":false,"exclusion_reason":"private provider","override_reason":null,"outside_boundary":false,"venue_id":"sp_geosampa_teatro_cinema_show:venue:25"}},{"type":"Feature","geometry":{"type":"Point","coordinates":[-46.70096364,-23.65470691]},"properties":{"id":"sp_geosampa_teatro_cinema_show:equipamento_cultura_teatro_cinema_show.40540","source_id":"sp_geosampa_teatro_cinema_show","name":"MOVIECOM BOAVISTA - SALA 04","name_derived":false,"category":"culture","subcategory":"theatre_cinema","geometry_type":"Point","address":"Rua, Borba Gato, 59, 04747-030","equipment_type":"Salas de Cinema","administrative_sphere":"Particular","included_in_metrics":false,"exclusion_reason":"private provider","override_reason":null,"outside_boundary":false,"venue_id":"sp_geosampa_teatro_cinema_show:venue:25"}},{"type":"Feature","geometry":{"type":"Point","coordinates":[-46.70096364,-23.65470691]},"properties":{"id":"sp_geosampa_teatro_cinema_show:equipamento_cultura_teatro_cinema_show.40541","source_id":"sp_geosampa_teatro_cinema_show","name":"MOVIECOM BOAVISTA - SALA 05","name_derived":false,"category":"culture","subcategory":"theatre_cinema","geometry_type":"Point","address":"Rua, Borba Gato, 59, 04747-030","equipment_type":"Salas de Cinema","administrative_sphere":"Particular","included_in_metrics":false,"exclusion_reason":"private provider","override_reason":null,"outside_boundary":false,"venue_id":"sp_geosampa_teatro_cinema_show:venue:25"}},{"type":"Feature","geometry":{"type":"Point","coordinates":[-46.54662948,-23.52512432]},"properties":{"id":"sp_geosampa_teatro_cinema_show:equipamento_cultura_teatro_cinema_show.40542","source_id":"sp_geosampa_teatro_cinema_show","name":"MOVIECOM PENHA - SALA 03","name_derived":false,"category":"culture","subcategory":"theatre_cinema","geometry_type":"Point","address":"Rua Doutor João Ribeiro, 304, 03634-010","equipment_type":"Salas de Cinema","administrative_sphere":"Particular","included_in_metrics":false,"exclusion_reason":"private provider","override_reason":null,"outside_boundary":false,"venue_id":"sp_geosampa_teatro_cinema_show:venue:16"}},{"type":"Feature","geometry":{"type":"Point","coordinates":[-46.54662948,-23.52512432]},"properties":{"id":"sp_geosampa_teatro_cinema_show:equipamento_cultura_teatro_cinema_show.40543","source_id":"sp_geosampa_teatro_cinema_show","name":"MOVIECOM PENHA - SALA 04","name_derived":false,"category":"culture","subcategory":"theatre_cinema","geometry_type":"Point","address":"Rua Doutor João Ribeiro, 304, 03634-010","equipment_type":"Salas de Cinema","administrative_sphere":"Particular","included_in_metrics":false,"exclusion_reason":"private provider","override_reason":null,"outside_boundary":false,"venue_id":"sp_geosampa_teatro_cinema_show:venue:16"}},{"type":"Feature","geometry":{"type":"Point","coordinates":[-46.54662948,-23.52512432]},"properties":{"id":"sp_geosampa_teatro_cinema_show:equipamento_cultura_teatro_cinema_show.40544","source_id":"sp_geosampa_teatro_cinema_show","name":"MOVIECOM PENHA - SALA 05","name_derived":false,"category":"culture","subcategory":"theatre_cinema","geometry_type":"Point","address":"Rua Doutor João Ribeiro, 304, 03634-010","equipment_type":"Salas de Cinema","administrative_sphere":"Particular","included_in_metrics":false,"exclusion_reason":"private provider","override_reason":null,"outside_boundary":false,"venue_id":"sp_geosampa_teatro_cinema_show:venue:16"}},{"type":"Feature","geometry":{"type":"Point","coordinates":[-46.54662948,-23.52512432]},"properties":{"id":"sp_geosampa_teatro_cinema_show:equipamento_cultura_teatro_cinema_show.40545","source_id":"sp_geosampa_teatro_cinema_show","name":"MOVIECOM PENHA - SALA 06","name_derived":false,"category":"culture","subcategory":"theatre_cinema","geometry_type":"Point","address":"Rua Doutor João Ribeiro, 304, 03634-010","equipment_type":"Salas de Cinema","administrative_sphere":"Particular","included_in_metrics":false,"exclusion_reason":"private provider","override_reason":null,"outside_boundary":false,"venue_id":"sp_geosampa_teatro_cinema_show:venue:16"}},{"type":"Feature","geometry":{"type":"Point","coordinates":[-46.54662948,-23.52512432]},"properties":{"id":"sp_geosampa_teatro_cinema_show:equipamento_cultura_teatro_cinema_show.40546","source_id":"sp_geosampa_teatro_cinema_show","name":"MOVIECOM PENHA - SALA 02","name_derived":false,"category":"culture","subcategory":"theatre_cinema","geometry_type":"Point","address":"Rua Doutor João Ribeiro, 304, 03634-010","equipment_type":"Salas de Cinema","administrative_sphere":"Particular","included_in_metrics":false,"exclusion_reason":"private provider","override_reason":null,"outside_boundary":false,"venue_id":"sp_geosampa_teatro_cinema_show:venue:16"}},{"type":"Feature","geometry":{"type":"Point","coordinates":[-46.73629594,-23.63064047]},"properties":{"id":"sp_geosampa_teatro_cinema_show:equipamento_cultura_teatro_cinema_show.40547","source_id":"sp_geosampa_teatro_cinema_show","name":"UCI SHOPPING JARDIM SUL - SALA 10","name_derived":false,"category":"culture","subcategory":"theatre_cinema","geometry_type":"Point","address":"Av. Giovanni Gronchi, 5819, 05724-003","equipment_type":"Salas de Cinema","administrative_sphere":"Particular","included_in_metrics":false,"exclusion_reason":"private provider","override_reason":null,"outside_boundary":false,"venue_id":"sp_geosampa_teatro_cinema_show:venue:14"}},{"type":"Feature","geometry":{"type":"Point","coordinates":[-46.72159415,-23.558501]},"properties":{"id":"sp_geosampa_teatro_cinema_show:equipamento_cultura_teatro_cinema_show.40548","source_id":"sp_geosampa_teatro_cinema_show","name":"CINUSP PAULO EMÍLIO","name_derived":false,"category":"culture","subcategory":"theatre_cinema","geometry_type":"Point","address":"Rua Do Anfiteatro, 181, 05508-060","equipment_type":"Salas de Cinema","administrative_sphere":"Estadual","included_in_metrics":true,"exclusion_reason":null,"override_reason":null,"outside_boundary":false,"venue_id":"sp_geosampa_teatro_cinema_show:venue:26"}},{"type":"Feature","geometry":{"type":"Point","coordinates":[-46.75749415,-23.64976056]},"properties":{"id":"sp_geosampa_teatro_cinema_show:equipamento_cultura_teatro_cinema_show.40549","source_id":"sp_geosampa_teatro_cinema_show","name":"MULTIPLEX SHOPPING CAMPO LIMPO - SALA I","name_derived":false,"category":"culture","subcategory":"theatre_cinema","geometry_type":"Point","address":"Estrada De Campo Limpo, 459, 05787-000","equipment_type":"Salas de Cinema","administrative_sphere":"Particular","included_in_metrics":false,"exclusion_reason":"private provider","override_reason":null,"outside_boundary":false,"venue_id":"sp_geosampa_teatro_cinema_show:venue:27"}},{"type":"Feature","geometry":{"type":"Point","coordinates":[-46.75749415,-23.64976056]},"properties":{"id":"sp_geosampa_teatro_cinema_show:equipamento_cultura_teatro_cinema_show.40550","source_id":"sp_geosampa_teatro_cinema_show","name":"MULTIPLEX SHOPPING CAMPO LIMPO - SALA II","name_derived":false,"category":"culture","subcategory":"theatre_cinema","geometry_type":"Point","address":"Estrada De Campo Limpo, 459, 05787-000","equipment_type":"Salas de Cinema","administrative_sphere":"Particular","included_in_metrics":false,"exclusion_reason":"private provider","override_reason":null,"outside_boundary":false,"venue_id":"sp_geosampa_teatro_cinema_show:venue:27"}},{"type":"Feature","geometry":{"type":"Point","coordinates":[-46.75749415,-23.64976056]},"properties":{"id":"sp_geosampa_teatro_cinema_show:equipamento_cultura_teatro_cinema_show.40551","source_id":"sp_geosampa_teatro_cinema_show","name":"MULTIPLEX SHOPPING CAMPO LIMPO - SALA III","name_derived":false,"category":"culture","subcategory":"theatre_cinema","geometry_type":"Point","address":"Estrada De Campo Limpo, 459, 05787-000","equipment_type":"Salas de Cinema","administrative_sphere":"Particular","included_in_metrics":false,"exclusion_reason":"private provider","override_reason":null,"outside_boundary":false,"venue_id":"sp_geosampa_teatro_cinema_show:venue:27"}},{"type":"Feature","geometry":{"type":"Point","coordinates":[-46.75749415,-23.64976056]},"properties":{"id":"sp_geosampa_teatro_cinema_show:equipamento_cultura_teatro_cinema_show.40552","source_id":"sp_geosampa_teatro_cinema_show","name":"MULTIPLEX SHOPPING CAMPO LIMPO - SALA IV","name_derived":false,"category":"culture","subcategory":"theatre_cinema","geometry_type":"Point","address":"Estrada De Campo Limpo, 459, 05787-000","equipment_type":"Salas de Cinema","administrative_sphere":"Particular","included_in_metrics":false,"exclusion_reason":"private provider","override_reason":null,"outside_boundary":false,"venue_id":"sp_geosampa_teatro_cinema_show:venue:27"}},{"type":"Feature","geometry":{"type":"Point","coordinates":[-46.75749415,-23.64976056]},"properties":{"id":"sp_geosampa_teatro_cinema_show:equipamento_cultura_teatro_cinema_show.40553","source_id":"sp_geosampa_teatro_cinema_show","name":"MULTIPLEX SHOPPING CAMPO LIMPO - SALA V","name_derived":false,"category":"culture","subcategory":"theatre_cinema","geometry_type":"Point","address":"Estrada De Campo Limpo, 459, 05787-000","equipment_type":"Salas de Cinema","administrative_sphere":"Particular","included_in_metrics":false,"exclusion_reason":"private provider","override_reason":null,"outside_boundary":false,"venue_id":"sp_geosampa_teatro_cinema_show:venue:27"}},{"type":"Feature","geometry":{"type":"Point","coordinates":[-46.69626803,-23.57275516]},"properties":{"id":"sp_geosampa_teatro_cinema_show:equipamento_cultura_teatro_cinema_show.40554","source_id":"sp_geosampa_teatro_cinema_show","name":"CINEMARK ELDORADO - SALA 09","name_derived":false,"category":"culture","subcategory":"theatre_cinema","geometry_type":"Point","address":"Av. Rebouças, 3970, 04583-110","equipment_type":"Salas de Cinema","administrative_sphere":"Particular","included_in_metrics":false,"exclusion_reason":"private provider","override_reason":null,"outside_boundary":false,"venue_id":"sp_geosampa_teatro_cinema_show:venue:28"}},{"type":"Feature","geometry":{"type":"Point","coordinates":[-46.69626803,-23.57275516]},"properties":{"id":"sp_geosampa_teatro_cinema_show:equipamento_cultura_teatro_cinema_show.40555","source_id":"sp_geosampa_teatro_cinema_show","name":"CINEMARK ELDORADO - SALA 04","name_derived":false,"category":"culture","subcategory":"theatre_cinema","geometry_type":"Point","address":"Av. Rebouças, 3970, 04583-110","equipment_type":"Salas de Cinema","administrative_sphere":"Particular","included_in_metrics":false,"exclusion_reason":"private provider","override_reason":null,"outside_boundary":false,"venue_id":"sp_geosampa_teatro_cinema_show:venue:28"}},{"type":"Feature","geometry":{"type":"Point","coordinates":[-46.69626803,-23.57275516]},"properties":{"id":"sp_geosampa_teatro_cinema_show:equipamento_cultura_teatro_cinema_show.40556","source_id":"sp_geosampa_teatro_cinema_show","name":"CINEMARK ELDORADO - SALA 06","name_derived":false,"category":"culture","subcategory":"theatre_cinema","geometry_type":"Point","address":"Av. Rebouças, 3970, 04583-110","equipment_type":"Salas de Cinema","administrative_sphere":"Particular","included_in_metrics":false,"exclusion_reason":"private provider","override_reason":null,"outside_boundary":false,"venue_id":"sp_geosampa_teatro_cinema_show:venue:28"}},{"type":"Feature","geometry":{"type":"Point","coordinates":[-46.69626803,-23.57275516]},"properties":{"id":"sp_geosampa_teatro_cinema_show:equipamento_cultura_teatro_cinema_show.40557","source_id":"sp_geosampa_teatro_cinema_show","name":"CINEMARK ELDORADO - SALA 02","name_derived":false,"category":"culture","subcategory":"theatre_cinema","geometry_type":"Point","address":"Av. Rebouças, 3970, 04583-110","equipment_type":"Salas de Cinema","administrative_sphere":"Particular","included_in_metrics":false,"exclusion_reason":"private provider","override_reason":null,"outside_boundary":false,"venue_id":"sp_geosampa_teatro_cinema_show:venue:28"}},{"type":"Feature","geometry":{"type":"Point","coordinates":[-46.69626803,-23.57275516]},"properties":{"id":"sp_geosampa_teatro_cinema_show:equipamento_cultura_teatro_cinema_show.40558","source_id":"sp_geosampa_teatro_cinema_show","name":"CINEMARK ELDORADO - SALA 08","name_derived":false,"category":"culture","subcategory":"theatre_cinema","geometry_type":"Point","address":"Av. Rebouças, 3970, 04583-110","equipment_type":"Salas de Cinema","administrative_sphere":"Particular","included_in_metrics":false,"exclusion_reason":"private provider","override_reason":null,"outside_boundary":false,"venue_id":"sp_geosampa_teatro_cinema_show:venue:28"}},{"type":"Feature","geometry":{"type":"Point","coordinates":[-46.69626803,-23.57275516]},"properties":{"id":"sp_geosampa_teatro_cinema_show:equipamento_cultura_teatro_cinema_show.40559","source_id":"sp_geosampa_teatro_cinema_show","name":"CINEMARK ELDORADO - SALA 05","name_derived":false,"category":"culture","subcategory":"theatre_cinema","geometry_type":"Point","address":"Av. Rebouças, 3970, 04583-110","equipment_type":"Salas de Cinema","administrative_sphere":"Particular","included_in_metrics":false,"exclusion_reason":"private provider","override_reason":null,"outside_boundary":false,"venue_id":"sp_geosampa_teatro_cinema_show:venue:28"}},{"type":"Feature","geometry":{"type":"Point","coordinates":[-46.69626803,-23.57275516]},"properties":{"id":"sp_geosampa_teatro_cinema_show:equipamento_cultura_teatro_cinema_show.40560","source_id":"sp_geosampa_teatro_cinema_show","name":"CINEMARK ELDORADO - SALA 01","name_derived":false,"category":"culture","subcategory":"theatre_cinema","geometry_type":"Point","address":"Av. Rebouças, 3970, 04583-110","equipment_type":"Salas de Cinema","administrative_sphere":"Particular","included_in_metrics":false,"exclusion_reason":"private provider","override_reason":null,"outside_boundary":false,"venue_id":"sp_geosampa_teatro_cinema_show:venue:28"}},{"type":"Feature","geometry":{"type":"Point","coordinates":[-46.69626803,-23.57275516]},"properties":{"id":"sp_geosampa_teatro_cinema_show:equipamento_cultura_teatro_cinema_show.40561","source_id":"sp_geosampa_teatro_cinema_show","name":"CINEMARK ELDORADO - SALA 03","name_derived":false,"category":"culture","subcategory":"theatre_cinema","geometry_type":"Point","address":"Av. Rebouças, 3970, 04583-110","equipment_type":"Salas de Cinema","administrative_sphere":"Particular","included_in_metrics":false,"exclusion_reason":"private provider","override_reason":null,"outside_boundary":false,"venue_id":"sp_geosampa_teatro_cinema_show:venue:28"}},{"type":"Feature","geometry":{"type":"Point","coordinates":[-46.69626803,-23.57275516]},"properties":{"id":"sp_geosampa_teatro_cinema_show:equipamento_cultura_teatro_cinema_show.40562","source_id":"sp_geosampa_teatro_cinema_show","name":"CINEMARK ELDORADO - SALA 07","name_derived":false,"category":"culture","subcategory":"theatre_cinema","geometry_type":"Point","address":"Av. Rebouças, 3970, 04583-110","equipment_type":"Salas de Cinema","administrative_sphere":"Particular","included_in_metrics":false,"exclusion_reason":"private provider","override_reason":null,"outside_boundary":false,"venue_id":"sp_geosampa_teatro_cinema_show:venue:28"}},{"type":"Feature","geometry":{"type":"Point","coordinates":[-46.61696552,-23.55042617]},"properties":{"id":"sp_geosampa_teatro_cinema_show:equipamento_cultura_teatro_cinema_show.40563","source_id":"sp_geosampa_teatro_cinema_show","name":"ASSOCIAÇÃO CULTURAL ARTÍSTICA DE HELIÓPOLIS E SACOMÃ - CINE FAVELA","name_derived":false,"category":"culture","subcategory":"theatre_cinema","geometry_type":"Point","address":"Rua Alegria, 34 A, 04235-020","equipment_type":"Salas de Cinema","administrative_sphere":"Particular","included_in_metrics":false,"exclusion_reason":"private provider","override_reason":null,"outside_boundary":false,"venue_id":"sp_geosampa_teatro_cinema_show:venue:29"}},{"type":"Feature","geometry":{"type":"Point","coordinates":[-46.57587338,-23.53898212]},"properties":{"id":"sp_geosampa_teatro_cinema_show:equipamento_cultura_teatro_cinema_show.40564","source_id":"sp_geosampa_teatro_cinema_show","name":"CINEMARK TATUAPÉ II / BOULEVARD II","name_derived":false,"category":"culture","subcategory":"theatre_cinema","geometry_type":"Point","address":"Rua Gonçalves Crespo, S/N, 420, 03066-030","equipment_type":"Salas de Cinema","administrative_sphere":"Particular","included_in_metrics":false,"exclusion_reason":"private provider","override_reason":null,"outside_boundary":false,"venue_id":"sp_geosampa_teatro_cinema_show:venue:30"}},{"type":"Feature","geometry":{"type":"Point","coordinates":[-46.57587338,-23.53898212]},"properties":{"id":"sp_geosampa_teatro_cinema_show:equipamento_cultura_teatro_cinema_show.40565","source_id":"sp_geosampa_teatro_cinema_show","name":"CINEMARK TATUAPÉ II / BOULEVARD V","name_derived":false,"category":"culture","subcategory":"theatre_cinema","geometry_type":"Point","address":"Rua Gonçalves Crespo, S/N, 420, 03066-030","equipment_type":"Salas de Cinema","administrative_sphere":"Particular","included_in_metrics":false,"exclusion_reason":"private provider","override_reason":null,"outside_boundary":false,"venue_id":"sp_geosampa_teatro_cinema_show:venue:30"}},{"type":"Feature","geometry":{"type":"Point","coordinates":[-46.57587338,-23.53898212]},"properties":{"id":"sp_geosampa_teatro_cinema_show:equipamento_cultura_teatro_cinema_show.40566","source_id":"sp_geosampa_teatro_cinema_show","name":"CINEMARK TATUAPÉ II / BOULEVARD IV","name_derived":false,"category":"culture","subcategory":"theatre_cinema","geometry_type":"Point","address":"Rua Gonçalves Crespo, S/N, 420, 03066-030","equipment_type":"Salas de Cinema","administrative_sphere":"Particular","included_in_metrics":false,"exclusion_reason":"private provider","override_reason":null,"outside_boundary":false,"venue_id":"sp_geosampa_teatro_cinema_show:venue:30"}},{"type":"Feature","geometry":{"type":"Point","coordinates":[-46.57587338,-23.53898212]},"properties":{"id":"sp_geosampa_teatro_cinema_show:equipamento_cultura_teatro_cinema_show.40567","source_id":"sp_geosampa_teatro_cinema_show","name":"CINEMARK TATUAPÉ II / BOULEVARD III","name_derived":false,"category":"culture","subcategory":"theatre_cinema","geometry_type":"Point","address":"Rua Gonçalves Crespo, S/N, 420, 03066-030","equipment_type":"Salas de Cinema","administrative_sphere":"Particular","included_in_metrics":false,"exclusion_reason":"private provider","override_reason":null,"outside_boundary":false,"venue_id":"sp_geosampa_teatro_cinema_show:venue:30"}},{"type":"Feature","geometry":{"type":"Point","coordinates":[-46.57587338,-23.53898212]},"properties":{"id":"sp_geosampa_teatro_cinema_show:equipamento_cultura_teatro_cinema_show.40568","source_id":"sp_geosampa_teatro_cinema_show","name":"CINEMARK TATUAPÉ II / BOULEVARD I","name_derived":false,"category":"culture","subcategory":"theatre_cinema","geometry_type":"Point","address":"Rua Gonçalves Crespo, S/N, 420, 03066-030","equipment_type":"Salas de Cinema","administrative_sphere":"Particular","included_in_metrics":false,"exclusion_reason":"private provider","override_reason":null,"outside_boundary":false,"venue_id":"sp_geosampa_teatro_cinema_show:venue:30"}},{"type":"Feature","geometry":{"type":"Point","coordinates":[-46.69757893,-23.59902711]},"properties":{"id":"sp_geosampa_teatro_cinema_show:equipamento_cultura_teatro_cinema_show.40569","source_id":"sp_geosampa_teatro_cinema_show","name":"CINEMARK CIDADE JARDIM - SALA 01","name_derived":false,"category":"culture","subcategory":"theatre_cinema","geometry_type":"Point","address":"Av. Magalhães De Castro, 12000, 05502-001","equipment_type":"Salas de Cinema","administrative_sphere":"Particular","included_in_metrics":false,"exclusion_reason":"private provider","override_reason":null,"outside_boundary":false,"venue_id":"sp_geosampa_teatro_cinema_show:venue:31"}},{"type":"Feature","geometry":{"type":"Point","coordinates":[-46.69757893,-23.59902711]},"properties":{"id":"sp_geosampa_teatro_cinema_show:equipamento_cultura_teatro_cinema_show.40570","source_id":"sp_geosampa_teatro_cinema_show","name":"CINEMARK CIDADE JARDIM - SALA 04","name_derived":false,"category":"culture","subcategory":"theatre_cinema","geometry_type":"Point","address":"Av. Magalhães De Castro, 12000, 05502-001","equipment_type":"Salas de Cinema","administrative_sphere":"Particular","included_in_metrics":false,"exclusion_reason":"private provider","override_reason":null,"outside_boundary":false,"venue_id":"sp_geosampa_teatro_cinema_show:venue:31"}},{"type":"Feature","geometry":{"type":"Point","coordinates":[-46.69757893,-23.59902711]},"properties":{"id":"sp_geosampa_teatro_cinema_show:equipamento_cultura_teatro_cinema_show.40571","source_id":"sp_geosampa_teatro_cinema_show","name":"CINEMARK CIDADE JARDIM - SALA 03","name_derived":false,"category":"culture","subcategory":"theatre_cinema","geometry_type":"Point","address":"Av. Magalhães De Castro, 12000, 05502-001","equipment_type":"Salas de Cinema","administrative_sphere":"Particular","included_in_metrics":false,"exclusion_reason":"private provider","override_reason":null,"outside_boundary":false,"venue_id":"sp_geosampa_teatro_cinema_show:venue:31"}},{"type":"Feature","geometry":{"type":"Point","coordinates":[-46.69757893,-23.59902711]},"properties":{"id":"sp_geosampa_teatro_cinema_show:equipamento_cultura_teatro_cinema_show.40572","source_id":"sp_geosampa_teatro_cinema_show","name":"CINEMARK CIDADE JARDIM - SALA 06","name_derived":false,"category":"culture","subcategory":"theatre_cinema","geometry_type":"Point","address":"Av. Magalhães De Castro, 12000, 05502-001","equipment_type":"Salas de Cinema","administrative_sphere":"Particular","included_in_metrics":false,"exclusion_reason":"private provider","override_reason":null,"outside_boundary":false,"venue_id":"sp_geosampa_teatro_cinema_show:venue:31"}},{"type":"Feature","geometry":{"type":"Point","coordinates":[-46.69757893,-23.59902711]},"properties":{"id":"sp_geosampa_teatro_cinema_show:equipamento_cultura_teatro_cinema_show.40573","source_id":"sp_geosampa_teatro_cinema_show","name":"CINEMARK CIDADE JARDIM - SALA 02","name_derived":false,"category":"culture","subcategory":"theatre_cinema","geometry_type":"Point","address":"Av. Magalhães De Castro, 12000, 05502-001","equipment_type":"Salas de Cinema","administrative_sphere":"Particular","included_in_metrics":false,"exclusion_reason":"private provider","override_reason":null,"outside_boundary":false,"venue_id":"sp_geosampa_teatro_cinema_show:venue:31"}},{"type":"Feature","geometry":{"type":"Point","coordinates":[-46.69757893,-23.59902711]},"properties":{"id":"sp_geosampa_teatro_cinema_show:equipamento_cultura_teatro_cinema_show.40574","source_id":"sp_geosampa_teatro_cinema_show","name":"CINEMARK CIDADE JARDIM - SALA 07","name_derived":false,"category":"culture","subcategory":"theatre_cinema","geometry_type":"Point","address":"Av. Magalhães De Castro, 12000, 05502-001","equipment_type":"Salas de Cinema","administrative_sphere":"Particular","included_in_metrics":false,"exclusion_reason":"private provider","override_reason":null,"outside_boundary":false,"venue_id":"sp_geosampa_teatro_cinema_show:venue:31"}},{"type":"Feature","geometry":{"type":"Point","coordinates":[-46.69757893,-23.59902711]},"properties":{"id":"sp_geosampa_teatro_cinema_show:equipamento_cultura_teatro_cinema_show.40575","source_id":"sp_geosampa_teatro_cinema_show","name":"CINEMARK CIDADE JARDIM - SALA 05","name_derived":false,"category":"culture","subcategory":"theatre_cinema","geometry_type":"Point","address":"Av. Magalhães De Castro, 12000, 05502-001","equipment_type":"Salas de Cinema","administrative_sphere":"Particular","included_in_metrics":false,"exclusion_reason":"private provider","override_reason":null,"outside_boundary":false,"venue_id":"sp_geosampa_teatro_cinema_show:venue:31"}},{"type":"Feature","geometry":{"type":"Point","coordinates":[-46.64482897,-23.48300861]},"properties":{"id":"sp_geosampa_teatro_cinema_show:equipamento_cultura_teatro_cinema_show.40576","source_id":"sp_geosampa_teatro_cinema_show","name":"UCI SANTANA - SALA 04","name_derived":false,"category":"culture","subcategory":"theatre_cinema","geometry_type":"Point","address":"Rua Conselheiro Moreira De Barros, 2780, 02430-001","equipment_type":"Salas de Cinema","administrative_sphere":"Particular","included_in_metrics":false,"exclusion_reason":"private provider","override_reason":null,"outside_boundary":false,"venue_id":"sp_geosampa_teatro_cinema_show:venue:32"}},{"type":"Feature","geometry":{"type":"Point","coordinates":[-46.64482897,-23.48300861]},"properties":{"id":"sp_geosampa_teatro_cinema_show:equipamento_cultura_teatro_cinema_show.40577","source_id":"sp_geosampa_teatro_cinema_show","name":"UCI SANTANA - SALA 01","name_derived":false,"category":"culture","subcategory":"theatre_cinema","geometry_type":"Point","address":"Rua Conselheiro Moreira De Barros, 2780, 02430-001","equipment_type":"Salas de Cinema","administrative_sphere":"Particular","included_in_metrics":false,"exclusion_reason":"private provider","override_reason":null,"outside_boundary":false,"venue_id":"sp_geosampa_teatro_cinema_show:venue:32"}},{"type":"Feature","geometry":{"type":"Point","coordinates":[-46.64482897,-23.48300861]},"properties":{"id":"sp_geosampa_teatro_cinema_show:equipamento_cultura_teatro_cinema_show.40578","source_id":"sp_geosampa_teatro_cinema_show","name":"UCI SANTANA - SALA 08","name_derived":false,"category":"culture","subcategory":"theatre_cinema","geometry_type":"Point","address":"Rua Conselheiro Moreira De Barros, 2780, 02430-001","equipment_type":"Salas de Cinema","administrative_sphere":"Particular","included_in_metrics":false,"exclusion_reason":"private provider","override_reason":null,"outside_boundary":false,"venue_id":"sp_geosampa_teatro_cinema_show:venue:32"}},{"type":"Feature","geometry":{"type":"Point","coordinates":[-46.64482897,-23.48300861]},"properties":{"id":"sp_geosampa_teatro_cinema_show:equipamento_cultura_teatro_cinema_show.40579","source_id":"sp_geosampa_teatro_cinema_show","name":"UCI SANTANA - SALA 06","name_derived":false,"category":"culture","subcategory":"theatre_cinema","geometry_type":"Point","address":"Rua Conselheiro Moreira De Barros, 2780, 02430-001","equipment_type":"Salas de Cinema","administrative_sphere":"Particular","included_in_metrics":false,"exclusion_reason":"private provider","override_reason":null,"outside_boundary":false,"venue_id":"sp_geosampa_teatro_cinema_show:venue:32"}},{"type":"Feature","geometry":{"type":"Point","coordinates":[-46.64482897,-23.48300861]},"properties":{"id":"sp_geosampa_teatro_cinema_show:equipamento_cultura_teatro_cinema_show.40580","source_id":"sp_geosampa_teatro_cinema_show","name":"UCI SANTANA - SALA 05","name_derived":false,"category":"culture","subcategory":"theatre_cinema","geometry_type":"Point","address":"Rua Conselheiro Moreira De Barros, 2780, 02430-001","equipment_type":"Salas de Cinema","administrative_sphere":"Particular","included_in_metrics":false,"exclusion_reason":"private provider","override_reason":null,"outside_boundary":false,"venue_id":"sp_geosampa_teatro_cinema_show:venue:32"}},{"type":"Feature","geometry":{"type":"Point","coordinates":[-46.64482897,-23.48300861]},"properties":{"id":"sp_geosampa_teatro_cinema_show:equipamento_cultura_teatro_cinema_show.40581","source_id":"sp_geosampa_teatro_cinema_show","name":"UCI SANTANA - SALA 03","name_derived":false,"category":"culture","subcategory":"theatre_cinema","geometry_type":"Point","address":"Rua Conselheiro Moreira De Barros, 2780, 02430-001","equipment_type":"Salas de Cinema","administrative_sphere":"Particular","included_in_metrics":false,"exclusion_reason":"private provider","override_reason":null,"outside_boundary":false,"venue_id":"sp_geosampa_teatro_cinema_show:venue:32"}},{"type":"Feature","geometry":{"type":"Point","coordinates":[-46.64482897,-23.48300861]},"properties":{"id":"sp_geosampa_teatro_cinema_show:equipamento_cultura_teatro_cinema_show.40582","source_id":"sp_geosampa_teatro_cinema_show","name":"UCI SANTANA - SALA 02","name_derived":false,"category":"culture","subcategory":"theatre_cinema","geometry_type":"Point","address":"Rua Conselheiro Moreira De Barros, 2780, 02430-001","equipment_type":"Salas de Cinema","administrative_sphere":"Particular","included_in_metrics":false,"exclusion_reason":"private provider","override_reason":null,"outside_boundary":false,"venue_id":"sp_geosampa_teatro_cinema_show:venue:32"}},{"type":"Feature","geometry":{"type":"Point","coordinates":[-46.64482897,-23.48300861]},"properties":{"id":"sp_geosampa_teatro_cinema_show:equipamento_cultura_teatro_cinema_show.40583","source_id":"sp_geosampa_teatro_cinema_show","name":"UCI SANTANA - SALA 07","name_derived":false,"category":"culture","subcategory":"theatre_cinema","geometry_type":"Point","address":"Rua Conselheiro Moreira De Barros, 2780, 02430-001","equipment_type":"Salas de Cinema","administrative_sphere":"Particular","included_in_metrics":false,"exclusion_reason":"private provider","override_reason":null,"outside_boundary":false,"venue_id":"sp_geosampa_teatro_cinema_show:venue:32"}},{"type":"Feature","geometry":{"type":"Point","coordinates":[-46.64082392,-23.54015038]},"properties":{"id":"sp_geosampa_teatro_cinema_show:equipamento_cultura_teatro_cinema_show.40584","source_id":"sp_geosampa_teatro_cinema_show","name":"CINE ÁUREA","name_derived":false,"category":"culture","subcategory":"theatre_cinema","geometry_type":"Point","address":"Rua Aurora, 522, 01203-000","equipment_type":"Salas de Cinema","administrative_sphere":"Particular","included_in_metrics":false,"exclusion_reason":"private provider","override_reason":null,"outside_boundary":false,"venue_id":"sp_geosampa_teatro_cinema_show:venue:33"}},{"type":"Feature","geometry":{"type":"Point","coordinates":[-46.64304128,-23.57085617]},"properties":{"id":"sp_geosampa_teatro_cinema_show:equipamento_cultura_teatro_cinema_show.40585","source_id":"sp_geosampa_teatro_cinema_show","name":"CINEMARK PARAÍSO - SALA 07","name_derived":false,"category":"culture","subcategory":"theatre_cinema","geometry_type":"Point","address":"Rua Treze De Maio, 1947, 01327-001","equipment_type":"Salas de Cinema","administrative_sphere":"Particular","included_in_metrics":false,"exclusion_reason":"private provider","override_reason":null,"outside_boundary":false,"venue_id":"sp_geosampa_teatro_cinema_show:venue:34"}},{"type":"Feature","geometry":{"type":"Point","coordinates":[-46.64304128,-23.57085617]},"properties":{"id":"sp_geosampa_teatro_cinema_show:equipamento_cultura_teatro_cinema_show.40586","source_id":"sp_geosampa_teatro_cinema_show","name":"CINEMARK PARAÍSO - SALA 02","name_derived":false,"category":"culture","subcategory":"theatre_cinema","geometry_type":"Point","address":"Rua Treze De Maio, 1947, 01327-001","equipment_type":"Salas de Cinema","administrative_sphere":"Particular","included_in_metrics":false,"exclusion_reason":"private provider","override_reason":null,"outside_boundary":false,"venue_id":"sp_geosampa_teatro_cinema_show:venue:34"}},{"type":"Feature","geometry":{"type":"Point","coordinates":[-46.64304128,-23.57085617]},"properties":{"id":"sp_geosampa_teatro_cinema_show:equipamento_cultura_teatro_cinema_show.40587","source_id":"sp_geosampa_teatro_cinema_show","name":"CINEMARK PARAÍSO - SALA 06","name_derived":false,"category":"culture","subcategory":"theatre_cinema","geometry_type":"Point","address":"Rua Treze De Maio, 1947, 01327-001","equipment_type":"Salas de Cinema","administrative_sphere":"Particular","included_in_metrics":false,"exclusion_reason":"private provider","override_reason":null,"outside_boundary":false,"venue_id":"sp_geosampa_teatro_cinema_show:venue:34"}},{"type":"Feature","geometry":{"type":"Point","coordinates":[-46.64304128,-23.57085617]},"properties":{"id":"sp_geosampa_teatro_cinema_show:equipamento_cultura_teatro_cinema_show.40588","source_id":"sp_geosampa_teatro_cinema_show","name":"CINEMARK PARAÍSO - SALA 04","name_derived":false,"category":"culture","subcategory":"theatre_cinema","geometry_type":"Point","address":"Rua Treze De Maio, 1947, 01327-001","equipment_type":"Salas de Cinema","administrative_sphere":"Particular","included_in_metrics":false,"exclusion_reason":"private provider","override_reason":null,"outside_boundary":false,"venue_id":"sp_geosampa_teatro_cinema_show:venue:34"}},{"type":"Feature","geometry":{"type":"Point","coordinates":[-46.64304128,-23.57085617]},"properties":{"id":"sp_geosampa_teatro_cinema_show:equipamento_cultura_teatro_cinema_show.40589","source_id":"sp_geosampa_teatro_cinema_show","name":"CINEMARK PARAÍSO - SALA 01","name_derived":false,"category":"culture","subcategory":"theatre_cinema","geometry_type":"Point","address":"Rua Treze De Maio, 1947, 01327-001","equipment_type":"Salas de Cinema","administrative_sphere":"Particular","included_in_metrics":false,"exclusion_reason":"private provider","override_reason":null,"outside_boundary":false,"venue_id":"sp_geosampa_teatro_cinema_show:venue:34"}},{"type":"Feature","geometry":{"type":"Point","coordinates":[-46.64304128,-23.57085617]},"properties":{"id":"sp_geosampa_teatro_cinema_show:equipamento_cultura_teatro_cinema_show.40590","source_id":"sp_geosampa_teatro_cinema_show","name":"CINEMARK PARAÍSO - SALA 03","name_derived":false,"category":"culture","subcategory":"theatre_cinema","geometry_type":"Point","address":"Rua Treze De Maio, 1947, 01327-001","equipment_type":"Salas de Cinema","administrative_sphere":"Particular","included_in_metrics":false,"exclusion_reason":"private provider","override_reason":null,"outside_boundary":false,"venue_id":"sp_geosampa_teatro_cinema_show:venue:34"}},{"type":"Feature","geometry":{"type":"Point","coordinates":[-46.64304128,-23.57085617]},"properties":{"id":"sp_geosampa_teatro_cinema_show:equipamento_cultura_teatro_cinema_show.40591","source_id":"sp_geosampa_teatro_cinema_show","name":"CINEMARK PARAÍSO - SALA 05","name_derived":false,"category":"culture","subcategory":"theatre_cinema","geometry_type":"Point","address":"Rua Treze De Maio, 1947, 01327-001","equipment_type":"Salas de Cinema","administrative_sphere":"Particular","included_in_metrics":false,"exclusion_reason":"private provider","override_reason":null,"outside_boundary":false,"venue_id":"sp_geosampa_teatro_cinema_show:venue:34"}},{"type":"Feature","geometry":{"type":"Point","coordinates":[-46.68677259,-23.5955322]},"properties":{"id":"sp_geosampa_teatro_cinema_show:equipamento_cultura_teatro_cinema_show.40592","source_id":"sp_geosampa_teatro_cinema_show","name":"KINOPLEX VILA OLÍMPIA - SALA 04","name_derived":false,"category":"culture","subcategory":"theatre_cinema","geometry_type":"Point","address":"Rua Olimpiadas, 360, 04551-000","equipment_type":"Salas de Cinema","administrative_sphere":"Particular","included_in_metrics":false,"exclusion_reason":"private provider","override_reason":null,"outside_boundary":false,"venue_id":"sp_geosampa_teatro_cinema_show:venue:35"}},{"type":"Feature","geometry":{"type":"Point","coordinates":[-46.68677259,-23.5955322]},"properties":{"id":"sp_geosampa_teatro_cinema_show:equipamento_cultura_teatro_cinema_show.40593","source_id":"sp_geosampa_teatro_cinema_show","name":"KINOPLEX VILA OLÍMPIA - SALA 02","name_derived":false,"category":"culture","subcategory":"theatre_cinema","geometry_type":"Point","address":"Rua Olimpiadas, 360, 04551-000","equipment_type":"Salas de Cinema","administrative_sphere":"Particular","included_in_metrics":false,"exclusion_reason":"private provider","override_reason":null,"outside_boundary":false,"venue_id":"sp_geosampa_teatro_cinema_show:venue:35"}},{"type":"Feature","geometry":{"type":"Point","coordinates":[-46.68677259,-23.5955322]},"properties":{"id":"sp_geosampa_teatro_cinema_show:equipamento_cultura_teatro_cinema_show.40594","source_id":"sp_geosampa_teatro_cinema_show","name":"KINOPLEX VILA OLÍMPIA - SALA 05","name_derived":false,"category":"culture","subcategory":"theatre_cinema","geometry_type":"Point","address":"Rua Olimpiadas, 360, 04551-000","equipment_type":"Salas de Cinema","administrative_sphere":"Particular","included_in_metrics":false,"exclusion_reason":"private provider","override_reason":null,"outside_boundary":false,"venue_id":"sp_geosampa_teatro_cinema_show:venue:35"}},{"type":"Feature","geometry":{"type":"Point","coordinates":[-46.68677259,-23.5955322]},"properties":{"id":"sp_geosampa_teatro_cinema_show:equipamento_cultura_teatro_cinema_show.40595","source_id":"sp_geosampa_teatro_cinema_show","name":"KINOPLEX VILA OLÍMPIA - SALA 06","name_derived":false,"category":"culture","subcategory":"theatre_cinema","geometry_type":"Point","address":"Rua Olimpiadas, 360, 04551-000","equipment_type":"Salas de Cinema","administrative_sphere":"Particular","included_in_metrics":false,"exclusion_reason":"private provider","override_reason":null,"outside_boundary":false,"venue_id":"sp_geosampa_teatro_cinema_show:venue:35"}},{"type":"Feature","geometry":{"type":"Point","coordinates":[-46.68677259,-23.5955322]},"properties":{"id":"sp_geosampa_teatro_cinema_show:equipamento_cultura_teatro_cinema_show.40596","source_id":"sp_geosampa_teatro_cinema_show","name":"KINOPLEX VILA OLÍMPIA - SALA 03","name_derived":false,"category":"culture","subcategory":"theatre_cinema","geometry_type":"Point","address":"Rua Olimpiadas, 360, 04551-000","equipment_type":"Salas de Cinema","administrative_sphere":"Particular","included_in_metrics":false,"exclusion_reason":"private provider","override_reason":null,"outside_boundary":false,"venue_id":"sp_geosampa_teatro_cinema_show:venue:35"}},{"type":"Feature","geometry":{"type":"Point","coordinates":[-46.68677259,-23.5955322]},"properties":{"id":"sp_geosampa_teatro_cinema_show:equipamento_cultura_teatro_cinema_show.40597","source_id":"sp_geosampa_teatro_cinema_show","name":"KINOPLEX VILA OLÍMPIA - SALA 07","name_derived":false,"category":"culture","subcategory":"theatre_cinema","geometry_type":"Point","address":"Rua Olimpiadas, 360, 04551-000","equipment_type":"Salas de Cinema","administrative_sphere":"Particular","included_in_metrics":false,"exclusion_reason":"private provider","override_reason":null,"outside_boundary":false,"venue_id":"sp_geosampa_teatro_cinema_show:venue:35"}},{"type":"Feature","geometry":{"type":"Point","coordinates":[-46.68677259,-23.5955322]},"properties":{"id":"sp_geosampa_teatro_cinema_show:equipamento_cultura_teatro_cinema_show.40598","source_id":"sp_geosampa_teatro_cinema_show","name":"KINOPLEX VILA OLÍMPIA - SALA 01","name_derived":false,"category":"culture","subcategory":"theatre_cinema","geometry_type":"Point","address":"Rua Olimpiadas, 360, 04551-000","equipment_type":"Salas de Cinema","administrative_sphere":"Particular","included_in_metrics":false,"exclusion_reason":"private provider","override_reason":null,"outside_boundary":false,"venue_id":"sp_geosampa_teatro_cinema_show:venue:35"}},{"type":"Feature","geometry":{"type":"Point","coordinates":[-46.71039001,-23.65296569]},"properties":{"id":"sp_geosampa_teatro_cinema_show:equipamento_cultura_teatro_cinema_show.40599","source_id":"sp_geosampa_teatro_cinema_show","name":"CINÉPOLIS LARGO XIII - SALA 05","name_derived":false,"category":"culture","subcategory":"theatre_cinema","geometry_type":"Point","address":"Rua Amador Bueno, 219, 04752-005","equipment_type":"Salas de Cinema","administrative_sphere":"Particular","included_in_metrics":false,"exclusion_reason":"private provider","override_reason":null,"outside_boundary":false,"venue_id":"sp_geosampa_teatro_cinema_show:venue:36"}},{"type":"Feature","geometry":{"type":"Point","coordinates":[-46.71039001,-23.65296569]},"properties":{"id":"sp_geosampa_teatro_cinema_show:equipamento_cultura_teatro_cinema_show.40600","source_id":"sp_geosampa_teatro_cinema_show","name":"CINÉPOLIS LARGO XIII - SALA 01","name_derived":false,"category":"culture","subcategory":"theatre_cinema","geometry_type":"Point","address":"Rua Amador Bueno, 219, 04752-005","equipment_type":"Salas de Cinema","administrative_sphere":"Particular","included_in_metrics":false,"exclusion_reason":"private provider","override_reason":null,"outside_boundary":false,"venue_id":"sp_geosampa_teatro_cinema_show:venue:36"}},{"type":"Feature","geometry":{"type":"Point","coordinates":[-46.71039001,-23.65296569]},"properties":{"id":"sp_geosampa_teatro_cinema_show:equipamento_cultura_teatro_cinema_show.40601","source_id":"sp_geosampa_teatro_cinema_show","name":"CINÉPOLIS LARGO XIII - SALA 07","name_derived":false,"category":"culture","subcategory":"theatre_cinema","geometry_type":"Point","address":"Rua Amador Bueno, 219, 04752-005","equipment_type":"Salas de Cinema","administrative_sphere":"Particular","included_in_metrics":false,"exclusion_reason":"private provider","override_reason":null,"outside_boundary":false,"venue_id":"sp_geosampa_teatro_cinema_show:venue:36"}},{"type":"Feature","geometry":{"type":"Point","coordinates":[-46.71039001,-23.65296569]},"properties":{"id":"sp_geosampa_teatro_cinema_show:equipamento_cultura_teatro_cinema_show.40602","source_id":"sp_geosampa_teatro_cinema_show","name":"CINÉPOLIS LARGO XIII - SALA 04","name_derived":false,"category":"culture","subcategory":"theatre_cinema","geometry_type":"Point","address":"Rua Amador Bueno, 219, 04752-005","equipment_type":"Salas de Cinema","administrative_sphere":"Particular","included_in_metrics":false,"exclusion_reason":"private provider","override_reason":null,"outside_boundary":false,"venue_id":"sp_geosampa_teatro_cinema_show:venue:36"}},{"type":"Feature","geometry":{"type":"Point","coordinates":[-46.71039001,-23.65296569]},"properties":{"id":"sp_geosampa_teatro_cinema_show:equipamento_cultura_teatro_cinema_show.40603","source_id":"sp_geosampa_teatro_cinema_show","name":"CINÉPOLIS LARGO XIII - SALA 02","name_derived":false,"category":"culture","subcategory":"theatre_cinema","geometry_type":"Point","address":"Rua Amador Bueno, 219, 04752-005","equipment_type":"Salas de Cinema","administrative_sphere":"Particular","included_in_metrics":false,"exclusion_reason":"private provider","override_reason":null,"outside_boundary":false,"venue_id":"sp_geosampa_teatro_cinema_show:venue:36"}},{"type":"Feature","geometry":{"type":"Point","coordinates":[-46.71039001,-23.65296569]},"properties":{"id":"sp_geosampa_teatro_cinema_show:equipamento_cultura_teatro_cinema_show.40604","source_id":"sp_geosampa_teatro_cinema_show","name":"CINÉPOLIS LARGO XIII - SALA 03","name_derived":false,"category":"culture","subcategory":"theatre_cinema","geometry_type":"Point","address":"Rua Amador Bueno, 219, 04752-005","equipment_type":"Salas de Cinema","administrative_sphere":"Particular","included_in_metrics":false,"exclusion_reason":"private provider","override_reason":null,"outside_boundary":false,"venue_id":"sp_geosampa_teatro_cinema_show:venue:36"}},{"type":"Feature","geometry":{"type":"Point","coordinates":[-46.71039001,-23.65296569]},"properties":{"id":"sp_geosampa_teatro_cinema_show:equipamento_cultura_teatro_cinema_show.40605","source_id":"sp_geosampa_teatro_cinema_show","name":"CINÉPOLIS LARGO XIII - SALA 06","name_derived":false,"category":"culture","subcategory":"theatre_cinema","geometry_type":"Point","address":"Rua Amador Bueno, 219, 04752-005","equipment_type":"Salas de Cinema","administrative_sphere":"Particular","included_in_metrics":false,"exclusion_reason":"private provider","override_reason":null,"outside_boundary":false,"venue_id":"sp_geosampa_teatro_cinema_show:venue:36"}},{"type":"Feature","geometry":{"type":"Point","coordinates":[-46.71039001,-23.65296569]},"properties":{"id":"sp_geosampa_teatro_cinema_show:equipamento_cultura_teatro_cinema_show.40606","source_id":"sp_geosampa_teatro_cinema_show","name":"CINÉPOLIS LARGO XIII - SALA 08","name_derived":false,"category":"culture","subcategory":"theatre_cinema","geometry_type":"Point","address":"Rua Amador Bueno, 219, 04752-005","equipment_type":"Salas de Cinema","administrative_sphere":"Particular","included_in_metrics":false,"exclusion_reason":"private provider","override_reason":null,"outside_boundary":false,"venue_id":"sp_geosampa_teatro_cinema_show:venue:36"}},{"type":"Feature","geometry":{"type":"Point","coordinates":[-46.75117412,-23.58785858]},"properties":{"id":"sp_geosampa_teatro_cinema_show:equipamento_cultura_teatro_cinema_show.40607","source_id":"sp_geosampa_teatro_cinema_show","name":"CINEMARK SHOPPING RAPOSO TAVARES - SALA 01","name_derived":false,"category":"culture","subcategory":"theatre_cinema","geometry_type":"Point","address":"Rod Raposo Tavares, 1002, 05577-200","equipment_type":"Salas de Cinema","administrative_sphere":"Particular","included_in_metrics":false,"exclusion_reason":"private provider","override_reason":null,"outside_boundary":false,"venue_id":"sp_geosampa_teatro_cinema_show:venue:37"}},{"type":"Feature","geometry":{"type":"Point","coordinates":[-46.75117412,-23.58785858]},"properties":{"id":"sp_geosampa_teatro_cinema_show:equipamento_cultura_teatro_cinema_show.40608","source_id":"sp_geosampa_teatro_cinema_show","name":"CINEMARK SHOPPING RAPOSO TAVARES - SALA 02","name_derived":false,"category":"culture","subcategory":"theatre_cinema","geometry_type":"Point","address":"Rod Raposo Tavares, 1002, 05577-200","equipment_type":"Salas de Cinema","administrative_sphere":"Particular","included_in_metrics":false,"exclusion_reason":"private provider","override_reason":null,"outside_boundary":false,"venue_id":"sp_geosampa_teatro_cinema_show:venue:37"}},{"type":"Feature","geometry":{"type":"Point","coordinates":[-46.75117412,-23.58785858]},"properties":{"id":"sp_geosampa_teatro_cinema_show:equipamento_cultura_teatro_cinema_show.40609","source_id":"sp_geosampa_teatro_cinema_show","name":"CINEMARK SHOPPING RAPOSO TAVARES - SALA 03","name_derived":false,"category":"culture","subcategory":"theatre_cinema","geometry_type":"Point","address":"Rod Raposo Tavares, 1002, 05577-200","equipment_type":"Salas de Cinema","administrative_sphere":"Particular","included_in_metrics":false,"exclusion_reason":"private provider","override_reason":null,"outside_boundary":false,"venue_id":"sp_geosampa_teatro_cinema_show:venue:37"}},{"type":"Feature","geometry":{"type":"Point","coordinates":[-46.75117412,-23.58785858]},"properties":{"id":"sp_geosampa_teatro_cinema_show:equipamento_cultura_teatro_cinema_show.40610","source_id":"sp_geosampa_teatro_cinema_show","name":"CINEMARK SHOPPING RAPOSO TAVARES - SALA 04","name_derived":false,"category":"culture","subcategory":"theatre_cinema","geometry_type":"Point","address":"Rod Raposo Tavares, 1002, 05577-200","equipment_type":"Salas de Cinema","administrative_sphere":"Particular","included_in_metrics":false,"exclusion_reason":"private provider","override_reason":null,"outside_boundary":false,"venue_id":"sp_geosampa_teatro_cinema_show:venue:37"}},{"type":"Feature","geometry":{"type":"Point","coordinates":[-46.75117412,-23.58785858]},"properties":{"id":"sp_geosampa_teatro_cinema_show:equipamento_cultura_teatro_cinema_show.40611","source_id":"sp_geosampa_teatro_cinema_show","name":"CINEMARK SHOPPING RAPOSO TAVARES - SALA 05","name_derived":false,"category":"culture","subcategory":"theatre_cinema","geometry_type":"Point","address":"Rod Raposo Tavares, 1002, 05577-200","equipment_type":"Salas de Cinema","administrative_sphere":"Particular","included_in_metrics":false,"exclusion_reason":"private provider","override_reason":null,"outside_boundary":false,"venue_id":"sp_geosampa_teatro_cinema_show:venue:37"}},{"type":"Feature","geometry":{"type":"Point","coordinates":[-46.75117412,-23.58785858]},"properties":{"id":"sp_geosampa_teatro_cinema_show:equipamento_cultura_teatro_cinema_show.40612","source_id":"sp_geosampa_teatro_cinema_show","name":"CINEMARK SHOPPING RAPOSO TAVARES - SALA 06","name_derived":false,"category":"culture","subcategory":"theatre_cinema","geometry_type":"Point","address":"Rod Raposo Tavares, 1002, 05577-200","equipment_type":"Salas de Cinema","administrative_sphere":"Particular","included_in_metrics":false,"exclusion_reason":"private provider","override_reason":null,"outside_boundary":false,"venue_id":"sp_geosampa_teatro_cinema_show:venue:37"}},{"type":"Feature","geometry":{"type":"Point","coordinates":[-46.75117412,-23.58785858]},"properties":{"id":"sp_geosampa_teatro_cinema_show:equipamento_cultura_teatro_cinema_show.40613","source_id":"sp_geosampa_teatro_cinema_show","name":"CINEMARK SHOPPING RAPOSO TAVARES - SALA 07","name_derived":false,"category":"culture","subcategory":"theatre_cinema","geometry_type":"Point","address":"Rod Raposo Tavares, 1002, 05577-200","equipment_type":"Salas de Cinema","administrative_sphere":"Particular","included_in_metrics":false,"exclusion_reason":"private provider","override_reason":null,"outside_boundary":false,"venue_id":"sp_geosampa_teatro_cinema_show:venue:37"}},{"type":"Feature","geometry":{"type":"Point","coordinates":[-46.59475257,-23.57928983]},"properties":{"id":"sp_geosampa_teatro_cinema_show:equipamento_cultura_teatro_cinema_show.40614","source_id":"sp_geosampa_teatro_cinema_show","name":"CINEMARK MOOCA PLAZA SHOPPING - SALA 01","name_derived":false,"category":"culture","subcategory":"theatre_cinema","geometry_type":"Point","address":"Rua Capitão Pacheco e Chaves, 313, 03126-000","equipment_type":"Salas de Cinema","administrative_sphere":"Particular","included_in_metrics":false,"exclusion_reason":"private provider","override_reason":null,"outside_boundary":false,"venue_id":"sp_geosampa_teatro_cinema_show:venue:38"}},{"type":"Feature","geometry":{"type":"Point","coordinates":[-46.59475257,-23.57928983]},"properties":{"id":"sp_geosampa_teatro_cinema_show:equipamento_cultura_teatro_cinema_show.40615","source_id":"sp_geosampa_teatro_cinema_show","name":"CINEMARK MOOCA PLAZA SHOPPING - SALA 02","name_derived":false,"category":"culture","subcategory":"theatre_cinema","geometry_type":"Point","address":"Rua Capitão Pacheco e Chaves, 313, 03126-000","equipment_type":"Salas de Cinema","administrative_sphere":"Particular","included_in_metrics":false,"exclusion_reason":"private provider","override_reason":null,"outside_boundary":false,"venue_id":"sp_geosampa_teatro_cinema_show:venue:38"}},{"type":"Feature","geometry":{"type":"Point","coordinates":[-46.59475257,-23.57928983]},"properties":{"id":"sp_geosampa_teatro_cinema_show:equipamento_cultura_teatro_cinema_show.40616","source_id":"sp_geosampa_teatro_cinema_show","name":"CINEMARK MOOCA PLAZA SHOPPING - SALA 03","name_derived":false,"category":"culture","subcategory":"theatre_cinema","geometry_type":"Point","address":"Rua Capitão Pacheco e Chaves, 313, 03126-000","equipment_type":"Salas de Cinema","administrative_sphere":"Particular","included_in_metrics":false,"exclusion_reason":"private provider","override_reason":null,"outside_boundary":false,"venue_id":"sp_geosampa_teatro_cinema_show:venue:38"}},{"type":"Feature","geometry":{"type":"Point","coordinates":[-46.59475257,-23.57928983]},"properties":{"id":"sp_geosampa_teatro_cinema_show:equipamento_cultura_teatro_cinema_show.40617","source_id":"sp_geosampa_teatro_cinema_show","name":"CINEMARK MOOCA PLAZA SHOPPING - SALA 04","name_derived":false,"category":"culture","subcategory":"theatre_cinema","geometry_type":"Point","address":"Rua Capitão Pacheco e Chaves, 313, 03126-000","equipment_type":"Salas de Cinema","administrative_sphere":"Particular","included_in_metrics":false,"exclusion_reason":"private provider","override_reason":null,"outside_boundary":false,"venue_id":"sp_geosampa_teatro_cinema_show:venue:38"}},{"type":"Feature","geometry":{"type":"Point","coordinates":[-46.59475257,-23.57928983]},"properties":{"id":"sp_geosampa_teatro_cinema_show:equipamento_cultura_teatro_cinema_show.40618","source_id":"sp_geosampa_teatro_cinema_show","name":"CINEMARK MOOCA PLAZA SHOPPING - SALA 05","name_derived":false,"category":"culture","subcategory":"theatre_cinema","geometry_type":"Point","address":"Rua Capitão Pacheco e Chaves, 313, 03126-000","equipment_type":"Salas de Cinema","administrative_sphere":"Particular","included_in_metrics":false,"exclusion_reason":"private provider","override_reason":null,"outside_boundary":false,"venue_id":"sp_geosampa_teatro_cinema_show:venue:38"}},{"type":"Feature","geometry":{"type":"Point","coordinates":[-46.59475257,-23.57928983]},"properties":{"id":"sp_geosampa_teatro_cinema_show:equipamento_cultura_teatro_cinema_show.40619","source_id":"sp_geosampa_teatro_cinema_show","name":"CINEMARK MOOCA PLAZA SHOPPING - SALA 06","name_derived":false,"category":"culture","subcategory":"theatre_cinema","geometry_type":"Point","address":"Rua Capitão Pacheco e Chaves, 313, 03126-000","equipment_type":"Salas de Cinema","administrative_sphere":"Particular","included_in_metrics":false,"exclusion_reason":"private provider","override_reason":null,"outside_boundary":false,"venue_id":"sp_geosampa_teatro_cinema_show:venue:38"}},{"type":"Feature","geometry":{"type":"Point","coordinates":[-46.68978185,-23.59133476]},"properties":{"id":"sp_geosampa_teatro_cinema_show:equipamento_cultura_teatro_cinema_show.40620","source_id":"sp_geosampa_teatro_cinema_show","name":"CINÉPOLIS JK VIP - SALA 01","name_derived":false,"category":"culture","subcategory":"theatre_cinema","geometry_type":"Point","address":"Av. Presidente Juscelino Kubitcheck, 2041, 04543-011","equipment_type":"Salas de Cinema","administrative_sphere":"Particular","included_in_metrics":false,"exclusion_reason":"private provider","override_reason":null,"outside_boundary":false,"venue_id":"sp_geosampa_teatro_cinema_show:venue:39"}},{"type":"Feature","geometry":{"type":"Point","coordinates":[-46.68978185,-23.59133476]},"properties":{"id":"sp_geosampa_teatro_cinema_show:equipamento_cultura_teatro_cinema_show.40621","source_id":"sp_geosampa_teatro_cinema_show","name":"CINÉPOLIS JK VIP - SALA 02","name_derived":false,"category":"culture","subcategory":"theatre_cinema","geometry_type":"Point","address":"Av. Presidente Juscelino Kubitcheck, 2041, 04543-011","equipment_type":"Salas de Cinema","administrative_sphere":"Particular","included_in_metrics":false,"exclusion_reason":"private provider","override_reason":null,"outside_boundary":false,"venue_id":"sp_geosampa_teatro_cinema_show:venue:39"}},{"type":"Feature","geometry":{"type":"Point","coordinates":[-46.68978185,-23.59133476]},"properties":{"id":"sp_geosampa_teatro_cinema_show:equipamento_cultura_teatro_cinema_show.40622","source_id":"sp_geosampa_teatro_cinema_show","name":"CINÉPOLIS JK VIP - SALA 03","name_derived":false,"category":"culture","subcategory":"theatre_cinema","geometry_type":"Point","address":"Av. Presidente Juscelino Kubitcheck, 2041, 04543-011","equipment_type":"Salas de Cinema","administrative_sphere":"Particular","included_in_metrics":false,"exclusion_reason":"private provider","override_reason":null,"outside_boundary":false,"venue_id":"sp_geosampa_teatro_cinema_show:venue:39"}},{"type":"Feature","geometry":{"type":"Point","coordinates":[-46.68978185,-23.59133476]},"properties":{"id":"sp_geosampa_teatro_cinema_show:equipamento_cultura_teatro_cinema_show.40623","source_id":"sp_geosampa_teatro_cinema_show","name":"CINÉPOLIS JK VIP - SALA 04","name_derived":false,"category":"culture","subcategory":"theatre_cinema","geometry_type":"Point","address":"Av. Presidente Juscelino Kubitcheck, 2041, 04543-011","equipment_type":"Salas de Cinema","administrative_sphere":"Particular","included_in_metrics":false,"exclusion_reason":"private provider","override_reason":null,"outside_boundary":false,"venue_id":"sp_geosampa_teatro_cinema_show:venue:39"}},{"type":"Feature","geometry":{"type":"Point","coordinates":[-46.68978185,-23.59133476]},"properties":{"id":"sp_geosampa_teatro_cinema_show:equipamento_cultura_teatro_cinema_show.40624","source_id":"sp_geosampa_teatro_cinema_show","name":"CINÉPOLIS JK VIP - SALA 05","name_derived":false,"category":"culture","subcategory":"theatre_cinema","geometry_type":"Point","address":"Av. Presidente Juscelino Kubitcheck, 2041, 04543-011","equipment_type":"Salas de Cinema","administrative_sphere":"Particular","included_in_metrics":false,"exclusion_reason":"private provider","override_reason":null,"outside_boundary":false,"venue_id":"sp_geosampa_teatro_cinema_show:venue:39"}},{"type":"Feature","geometry":{"type":"Point","coordinates":[-46.68978185,-23.59133476]},"properties":{"id":"sp_geosampa_teatro_cinema_show:equipamento_cultura_teatro_cinema_show.40625","source_id":"sp_geosampa_teatro_cinema_show","name":"CINÉPOLIS JK VIP - SALA 06","name_derived":false,"category":"culture","subcategory":"theatre_cinema","geometry_type":"Point","address":"Av. Presidente Juscelino Kubitcheck, 2041, 04543-011","equipment_type":"Salas de Cinema","administrative_sphere":"Particular","included_in_metrics":false,"exclusion_reason":"private provider","override_reason":null,"outside_boundary":false,"venue_id":"sp_geosampa_teatro_cinema_show:venue:39"}},{"type":"Feature","geometry":{"type":"Point","coordinates":[-46.68978185,-23.59133476]},"properties":{"id":"sp_geosampa_teatro_cinema_show:equipamento_cultura_teatro_cinema_show.40626","source_id":"sp_geosampa_teatro_cinema_show","name":"CINÉPOLIS JK VIP - SALA 07","name_derived":false,"category":"culture","subcategory":"theatre_cinema","geometry_type":"Point","address":"Av. Presidente Juscelino Kubitcheck, 2041, 04543-011","equipment_type":"Salas de Cinema","administrative_sphere":"Particular","included_in_metrics":false,"exclusion_reason":"private provider","override_reason":null,"outside_boundary":false,"venue_id":"sp_geosampa_teatro_cinema_show:venue:39"}},{"type":"Feature","geometry":{"type":"Point","coordinates":[-46.68978185,-23.59133476]},"properties":{"id":"sp_geosampa_teatro_cinema_show:equipamento_cultura_teatro_cinema_show.40627","source_id":"sp_geosampa_teatro_cinema_show","name":"CINÉPOLIS JK VIP - SALA 08","name_derived":false,"category":"culture","subcategory":"theatre_cinema","geometry_type":"Point","address":"Av. Presidente Juscelino Kubitcheck, 2041, 04543-011","equipment_type":"Salas de Cinema","administrative_sphere":"Particular","included_in_metrics":false,"exclusion_reason":"private provider","override_reason":null,"outside_boundary":false,"venue_id":"sp_geosampa_teatro_cinema_show:venue:39"}},{"type":"Feature","geometry":{"type":"Point","coordinates":[-46.60311148,-23.4802991]},"properties":{"id":"sp_geosampa_teatro_cinema_show:equipamento_cultura_teatro_cinema_show.40628","source_id":"sp_geosampa_teatro_cinema_show","name":"CINEMARK TUCURUVI - SALA 06","name_derived":false,"category":"culture","subcategory":"theatre_cinema","geometry_type":"Point","address":"Av. Dr. Antonio Maria Laet, 566, 02240-000","equipment_type":"Salas de Cinema","administrative_sphere":"Particular","included_in_metrics":false,"exclusion_reason":"private provider","override_reason":null,"outside_boundary":false,"venue_id":"sp_geosampa_teatro_cinema_show:venue:40"}},{"type":"Feature","geometry":{"type":"Point","coordinates":[-46.60311148,-23.4802991]},"properties":{"id":"sp_geosampa_teatro_cinema_show:equipamento_cultura_teatro_cinema_show.40629","source_id":"sp_geosampa_teatro_cinema_show","name":"CINEMARK TUCURUVI - SALA 05","name_derived":false,"category":"culture","subcategory":"theatre_cinema","geometry_type":"Point","address":"Av. Dr. Antonio Maria Laet, 566, 02240-000","equipment_type":"Salas de Cinema","administrative_sphere":"Particular","included_in_metrics":false,"exclusion_reason":"private provider","override_reason":null,"outside_boundary":false,"venue_id":"sp_geosampa_teatro_cinema_show:venue:40"}},{"type":"Feature","geometry":{"type":"Point","coordinates":[-46.60311148,-23.4802991]},"properties":{"id":"sp_geosampa_teatro_cinema_show:equipamento_cultura_teatro_cinema_show.40630","source_id":"sp_geosampa_teatro_cinema_show","name":"CINEMARK TUCURUVI - SALA 04","name_derived":false,"category":"culture","subcategory":"theatre_cinema","geometry_type":"Point","address":"Av. Dr. Antonio Maria Laet, 566, 02240-000","equipment_type":"Salas de Cinema","administrative_sphere":"Particular","included_in_metrics":false,"exclusion_reason":"private provider","override_reason":null,"outside_boundary":false,"venue_id":"sp_geosampa_teatro_cinema_show:venue:40"}},{"type":"Feature","geometry":{"type":"Point","coordinates":[-46.60311148,-23.4802991]},"properties":{"id":"sp_geosampa_teatro_cinema_show:equipamento_cultura_teatro_cinema_show.40631","source_id":"sp_geosampa_teatro_cinema_show","name":"CINEMARK TUCURUVI - SALA 03","name_derived":false,"category":"culture","subcategory":"theatre_cinema","geometry_type":"Point","address":"Av. Dr. Antonio Maria Laet, 566, 02240-000","equipment_type":"Salas de Cinema","administrative_sphere":"Particular","included_in_metrics":false,"exclusion_reason":"private provider","override_reason":null,"outside_boundary":false,"venue_id":"sp_geosampa_teatro_cinema_show:venue:40"}},{"type":"Feature","geometry":{"type":"Point","coordinates":[-46.60311148,-23.4802991]},"properties":{"id":"sp_geosampa_teatro_cinema_show:equipamento_cultura_teatro_cinema_show.40632","source_id":"sp_geosampa_teatro_cinema_show","name":"CINEMARK TUCURUVI - SALA 02","name_derived":false,"category":"culture","subcategory":"theatre_cinema","geometry_type":"Point","address":"Av. Dr. Antonio Maria Laet, 566, 02240-000","equipment_type":"Salas de Cinema","administrative_sphere":"Particular","included_in_metrics":false,"exclusion_reason":"private provider","override_reason":null,"outside_boundary":false,"venue_id":"sp_geosampa_teatro_cinema_show:venue:40"}},{"type":"Feature","geometry":{"type":"Point","coordinates":[-46.60311148,-23.4802991]},"properties":{"id":"sp_geosampa_teatro_cinema_show:equipamento_cultura_teatro_cinema_show.40633","source_id":"sp_geosampa_teatro_cinema_show","name":"CINEMARK TUCURUVI - SALA 01","name_derived":false,"category":"culture","subcategory":"theatre_cinema","geometry_type":"Point","address":"Av. Dr. Antonio Maria Laet, 566, 02240-000","equipment_type":"Salas de Cinema","administrative_sphere":"Particular","included_in_metrics":false,"exclusion_reason":"private provider","override_reason":null,"outside_boundary":false,"venue_id":"sp_geosampa_teatro_cinema_show:venue:40"}},{"type":"Feature","geometry":{"type":"Point","coordinates":[-46.64632463,-23.54123913]},"properties":{"id":"sp_geosampa_teatro_cinema_show:equipamento_cultura_teatro_cinema_show.40634","source_id":"sp_geosampa_teatro_cinema_show","name":"EMPRESA CINE AROUCHE","name_derived":false,"category":"culture","subcategory":"theatre_cinema","geometry_type":"Point","address":"Largo Do Arouche, 426, 01219-010","equipment_type":"Salas de Cinema","administrative_sphere":"Particular","included_in_metrics":false,"exclusion_reason":"private provider","override_reason":null,"outside_boundary":false,"venue_id":"sp_geosampa_teatro_cinema_show:venue:41"}},{"type":"Feature","geometry":{"type":"Point","coordinates":[-46.6355707,-23.59470592]},"properties":{"id":"sp_geosampa_teatro_cinema_show:equipamento_cultura_teatro_cinema_show.40635","source_id":"sp_geosampa_teatro_cinema_show","name":"CINE SEGALL","name_derived":false,"category":"culture","subcategory":"theatre_cinema","geometry_type":"Point","address":"Rua Berta, 111, 04120-040","equipment_type":"Salas de Cinema","administrative_sphere":"Particular","included_in_metrics":false,"exclusion_reason":"private provider","override_reason":null,"outside_boundary":false,"venue_id":"sp_geosampa_teatro_cinema_show:venue:42"}},{"type":"Feature","geometry":{"type":"Point","coordinates":[-46.65089242,-23.54611836]},"properties":{"id":"sp_geosampa_teatro_cinema_show:equipamento_cultura_teatro_cinema_show.40636","source_id":"sp_geosampa_teatro_cinema_show","name":"CINUSP MARIA ANTÔNIA","name_derived":false,"category":"culture","subcategory":"theatre_cinema","geometry_type":"Point","address":"Rua Maria Antônia, 294, 01222-010","equipment_type":"Salas de Cinema","administrative_sphere":"Estadual","included_in_metrics":true,"exclusion_reason":null,"override_reason":null,"outside_boundary":false,"venue_id":"sp_geosampa_teatro_cinema_show:venue:43"}},{"type":"Feature","geometry":{"type":"Point","coordinates":[-46.46881248,-23.54004647]},"properties":{"id":"sp_geosampa_teatro_cinema_show:equipamento_cultura_teatro_cinema_show.40637","source_id":"sp_geosampa_teatro_cinema_show","name":"CINÉPOLIS ITAQUERA - SALA 01","name_derived":false,"category":"culture","subcategory":"theatre_cinema","geometry_type":"Point","address":"Av. José Pinheiro Borges S/N, 0, 08220-900","equipment_type":"Salas de Cinema","administrative_sphere":"Particular","included_in_metrics":false,"exclusion_reason":"private provider","override_reason":null,"outside_boundary":false,"venue_id":"sp_geosampa_teatro_cinema_show:venue:44"}},{"type":"Feature","geometry":{"type":"Point","coordinates":[-46.46881248,-23.54004647]},"properties":{"id":"sp_geosampa_teatro_cinema_show:equipamento_cultura_teatro_cinema_show.40638","source_id":"sp_geosampa_teatro_cinema_show","name":"CINÉPOLIS ITAQUERA - SALA 02","name_derived":false,"category":"culture","subcategory":"theatre_cinema","geometry_type":"Point","address":"Av. José Pinheiro Borges S/N, 0, 08220-900","equipment_type":"Salas de Cinema","administrative_sphere":"Particular","included_in_metrics":false,"exclusion_reason":"private provider","override_reason":null,"outside_boundary":false,"venue_id":"sp_geosampa_teatro_cinema_show:venue:44"}},{"type":"Feature","geometry":{"type":"Point","coordinates":[-46.46881248,-23.54004647]},"properties":{"id":"sp_geosampa_teatro_cinema_show:equipamento_cultura_teatro_cinema_show.40639","source_id":"sp_geosampa_teatro_cinema_show","name":"CINÉPOLIS ITAQUERA - SALA 03","name_derived":false,"category":"culture","subcategory":"theatre_cinema","geometry_type":"Point","address":"Av. José Pinheiro Borges S/N, 0, 08220-900","equipment_type":"Salas de Cinema","administrative_sphere":"Particular","included_in_metrics":false,"exclusion_reason":"private provider","override_reason":null,"outside_boundary":false,"venue_id":"sp_geosampa_teatro_cinema_show:venue:44"}},{"type":"Feature","geometry":{"type":"Point","coordinates":[-46.46881248,-23.54004647]},"properties":{"id":"sp_geosampa_teatro_cinema_show:equipamento_cultura_teatro_cinema_show.40640","source_id":"sp_geosampa_teatro_cinema_show","name":"CINÉPOLIS ITAQUERA - SALA 04","name_derived":false,"category":"culture","subcategory":"theatre_cinema","geometry_type":"Point","address":"Av. José Pinheiro Borges S/N, 0, 08220-900","equipment_type":"Salas de Cinema","administrative_sphere":"Particular","included_in_metrics":false,"exclusion_reason":"private provider","override_reason":null,"outside_boundary":false,"venue_id":"sp_geosampa_teatro_cinema_show:venue:44"}},{"type":"Feature","geometry":{"type":"Point","coordinates":[-46.46881248,-23.54004647]},"properties":{"id":"sp_geosampa_teatro_cinema_show:equipamento_cultura_teatro_cinema_show.40641","source_id":"sp_geosampa_teatro_cinema_show","name":"CINÉPOLIS ITAQUERA - SALA 05","name_derived":false,"category":"culture","subcategory":"theatre_cinema","geometry_type":"Point","address":"Av. José Pinheiro Borges S/N, 0, 08220-900","equipment_type":"Salas de Cinema","administrative_sphere":"Particular","included_in_metrics":false,"exclusion_reason":"private provider","override_reason":null,"outside_boundary":false,"venue_id":"sp_geosampa_teatro_cinema_show:venue:44"}},{"type":"Feature","geometry":{"type":"Point","coordinates":[-46.46881248,-23.54004647]},"properties":{"id":"sp_geosampa_teatro_cinema_show:equipamento_cultura_teatro_cinema_show.40642","source_id":"sp_geosampa_teatro_cinema_show","name":"CINÉPOLIS ITAQUERA - SALA 06","name_derived":false,"category":"culture","subcategory":"theatre_cinema","geometry_type":"Point","address":"Av. José Pinheiro Borges S/N, 0, 08220-900","equipment_type":"Salas de Cinema","administrative_sphere":"Particular","included_in_metrics":false,"exclusion_reason":"private provider","override_reason":null,"outside_boundary":false,"venue_id":"sp_geosampa_teatro_cinema_show:venue:44"}},{"type":"Feature","geometry":{"type":"Point","coordinates":[-46.46881248,-23.54004647]},"properties":{"id":"sp_geosampa_teatro_cinema_show:equipamento_cultura_teatro_cinema_show.40643","source_id":"sp_geosampa_teatro_cinema_show","name":"CINÉPOLIS ITAQUERA - SALA 07","name_derived":false,"category":"culture","subcategory":"theatre_cinema","geometry_type":"Point","address":"Av. José Pinheiro Borges S/N, 0, 08220-900","equipment_type":"Salas de Cinema","administrative_sphere":"Particular","included_in_metrics":false,"exclusion_reason":"private provider","override_reason":null,"outside_boundary":false,"venue_id":"sp_geosampa_teatro_cinema_show:venue:44"}},{"type":"Feature","geometry":{"type":"Point","coordinates":[-46.46881248,-23.54004647]},"properties":{"id":"sp_geosampa_teatro_cinema_show:equipamento_cultura_teatro_cinema_show.40644","source_id":"sp_geosampa_teatro_cinema_show","name":"CINÉPOLIS ITAQUERA - SALA 08","name_derived":false,"category":"culture","subcategory":"theatre_cinema","geometry_type":"Point","address":"Av. José Pinheiro Borges S/N, 0, 08220-900","equipment_type":"Salas de Cinema","administrative_sphere":"Particular","included_in_metrics":false,"exclusion_reason":"private provider","override_reason":null,"outside_boundary":false,"venue_id":"sp_geosampa_teatro_cinema_show:venue:44"}},{"type":"Feature","geometry":{"type":"Point","coordinates":[-46.65277615,-23.5634802]},"properties":{"id":"sp_geosampa_teatro_cinema_show:equipamento_cultura_teatro_cinema_show.40645","source_id":"sp_geosampa_teatro_cinema_show","name":"CINEMARK CIDADE SÃO PAULO - SALA 01","name_derived":false,"category":"culture","subcategory":"theatre_cinema","geometry_type":"Point","address":"Av. Paulista, 1230, 01310-100","equipment_type":"Salas de Cinema","administrative_sphere":"Particular","included_in_metrics":false,"exclusion_reason":"private provider","override_reason":null,"outside_boundary":false,"venue_id":"sp_geosampa_teatro_cinema_show:venue:45"}},{"type":"Feature","geometry":{"type":"Point","coordinates":[-46.65277615,-23.5634802]},"properties":{"id":"sp_geosampa_teatro_cinema_show:equipamento_cultura_teatro_cinema_show.40646","source_id":"sp_geosampa_teatro_cinema_show","name":"CINEMARK CIDADE SÃO PAULO - SALA 02","name_derived":false,"category":"culture","subcategory":"theatre_cinema","geometry_type":"Point","address":"Av. Paulista, 1230, 01310-100","equipment_type":"Salas de Cinema","administrative_sphere":"Particular","included_in_metrics":false,"exclusion_reason":"private provider","override_reason":null,"outside_boundary":false,"venue_id":"sp_geosampa_teatro_cinema_show:venue:45"}},{"type":"Feature","geometry":{"type":"Point","coordinates":[-46.65277615,-23.5634802]},"properties":{"id":"sp_geosampa_teatro_cinema_show:equipamento_cultura_teatro_cinema_show.40647","source_id":"sp_geosampa_teatro_cinema_show","name":"CINEMARK CIDADE SÃO PAULO - SALA 03","name_derived":false,"category":"culture","subcategory":"theatre_cinema","geometry_type":"Point","address":"Av. Paulista, 1230, 01310-100","equipment_type":"Salas de Cinema","administrative_sphere":"Particular","included_in_metrics":false,"exclusion_reason":"private provider","override_reason":null,"outside_boundary":false,"venue_id":"sp_geosampa_teatro_cinema_show:venue:45"}},{"type":"Feature","geometry":{"type":"Point","coordinates":[-46.65277615,-23.5634802]},"properties":{"id":"sp_geosampa_teatro_cinema_show:equipamento_cultura_teatro_cinema_show.40648","source_id":"sp_geosampa_teatro_cinema_show","name":"CINEMARK CIDADE SÃO PAULO - SALA 04","name_derived":false,"category":"culture","subcategory":"theatre_cinema","geometry_type":"Point","address":"Av. Paulista, 1230, 01310-100","equipment_type":"Salas de Cinema","administrative_sphere":"Particular","included_in_metrics":false,"exclusion_reason":"private provider","override_reason":null,"outside_boundary":false,"venue_id":"sp_geosampa_teatro_cinema_show:venue:45"}},{"type":"Feature","geometry":{"type":"Point","coordinates":[-46.65277615,-23.5634802]},"properties":{"id":"sp_geosampa_teatro_cinema_show:equipamento_cultura_teatro_cinema_show.40649","source_id":"sp_geosampa_teatro_cinema_show","name":"CINEMARK CIDADE SÃO PAULO - SALA 05","name_derived":false,"category":"culture","subcategory":"theatre_cinema","geometry_type":"Point","address":"Av. Paulista, 1230, 01310-100","equipment_type":"Salas de Cinema","administrative_sphere":"Particular","included_in_metrics":false,"exclusion_reason":"private provider","override_reason":null,"outside_boundary":false,"venue_id":"sp_geosampa_teatro_cinema_show:venue:45"}},{"type":"Feature","geometry":{"type":"Point","coordinates":[-46.65277615,-23.5634802]},"properties":{"id":"sp_geosampa_teatro_cinema_show:equipamento_cultura_teatro_cinema_show.40650","source_id":"sp_geosampa_teatro_cinema_show","name":"CINEMARK CIDADE SÃO PAULO - SALA 06","name_derived":false,"category":"culture","subcategory":"theatre_cinema","geometry_type":"Point","address":"Av. Paulista, 1230, 01310-100","equipment_type":"Salas de Cinema","administrative_sphere":"Particular","included_in_metrics":false,"exclusion_reason":"private provider","override_reason":null,"outside_boundary":false,"venue_id":"sp_geosampa_teatro_cinema_show:venue:45"}},{"type":"Feature","geometry":{"type":"Point","coordinates":[-46.71828525,-23.50651408]},"properties":{"id":"sp_geosampa_teatro_cinema_show:equipamento_cultura_teatro_cinema_show.40651","source_id":"sp_geosampa_teatro_cinema_show","name":"CINEMARK TIETÊ PLAZA - SALA 01","name_derived":false,"category":"culture","subcategory":"theatre_cinema","geometry_type":"Point","address":"Av. Raimundo Pereira Magalhães, 1465, 05145-000","equipment_type":"Salas de Cinema","administrative_sphere":"Particular","included_in_metrics":false,"exclusion_reason":"private provider","override_reason":null,"outside_boundary":false,"venue_id":"sp_geosampa_teatro_cinema_show:venue:46"}},{"type":"Feature","geometry":{"type":"Point","coordinates":[-46.71828525,-23.50651408]},"properties":{"id":"sp_geosampa_teatro_cinema_show:equipamento_cultura_teatro_cinema_show.40652","source_id":"sp_geosampa_teatro_cinema_show","name":"CINEMARK TIETÊ PLAZA - SALA 02","name_derived":false,"category":"culture","subcategory":"theatre_cinema","geometry_type":"Point","address":"Av. Raimundo Pereira Magalhães, 1465, 05145-000","equipment_type":"Salas de Cinema","administrative_sphere":"Particular","included_in_metrics":false,"exclusion_reason":"private provider","override_reason":null,"outside_boundary":false,"venue_id":"sp_geosampa_teatro_cinema_show:venue:46"}},{"type":"Feature","geometry":{"type":"Point","coordinates":[-46.71828525,-23.50651408]},"properties":{"id":"sp_geosampa_teatro_cinema_show:equipamento_cultura_teatro_cinema_show.40653","source_id":"sp_geosampa_teatro_cinema_show","name":"CINEMARK TIETÊ PLAZA - SALA 03","name_derived":false,"category":"culture","subcategory":"theatre_cinema","geometry_type":"Point","address":"Av. Raimundo Pereira Magalhães, 1465, 05145-000","equipment_type":"Salas de Cinema","administrative_sphere":"Particular","included_in_metrics":false,"exclusion_reason":"private provider","override_reason":null,"outside_boundary":false,"venue_id":"sp_geosampa_teatro_cinema_show:venue:46"}},{"type":"Feature","geometry":{"type":"Point","coordinates":[-46.71828525,-23.50651408]},"properties":{"id":"sp_geosampa_teatro_cinema_show:equipamento_cultura_teatro_cinema_show.40654","source_id":"sp_geosampa_teatro_cinema_show","name":"CINEMARK TIETÊ PLAZA - SALA 04","name_derived":false,"category":"culture","subcategory":"theatre_cinema","geometry_type":"Point","address":"Av. Raimundo Pereira Magalhães, 1465, 05145-000","equipment_type":"Salas de Cinema","administrative_sphere":"Particular","included_in_metrics":false,"exclusion_reason":"private provider","override_reason":null,"outside_boundary":false,"venue_id":"sp_geosampa_teatro_cinema_show:venue:46"}},{"type":"Feature","geometry":{"type":"Point","coordinates":[-46.71828525,-23.50651408]},"properties":{"id":"sp_geosampa_teatro_cinema_show:equipamento_cultura_teatro_cinema_show.40655","source_id":"sp_geosampa_teatro_cinema_show","name":"CINEMARK TIETÊ PLAZA - SALA 05","name_derived":false,"category":"culture","subcategory":"theatre_cinema","geometry_type":"Point","address":"Av. Raimundo Pereira Magalhães, 1465, 05145-000","equipment_type":"Salas de Cinema","administrative_sphere":"Particular","included_in_metrics":false,"exclusion_reason":"private provider","override_reason":null,"outside_boundary":false,"venue_id":"sp_geosampa_teatro_cinema_show:venue:46"}},{"type":"Feature","geometry":{"type":"Point","coordinates":[-46.71828525,-23.50651408]},"properties":{"id":"sp_geosampa_teatro_cinema_show:equipamento_cultura_teatro_cinema_show.40656","source_id":"sp_geosampa_teatro_cinema_show","name":"CINEMARK TIETÊ PLAZA - SALA 06","name_derived":false,"category":"culture","subcategory":"theatre_cinema","geometry_type":"Point","address":"Av. Raimundo Pereira Magalhães, 1465, 05145-000","equipment_type":"Salas de Cinema","administrative_sphere":"Particular","included_in_metrics":false,"exclusion_reason":"private provider","override_reason":null,"outside_boundary":false,"venue_id":"sp_geosampa_teatro_cinema_show:venue:46"}},{"type":"Feature","geometry":{"type":"Point","coordinates":[-46.71828525,-23.50651408]},"properties":{"id":"sp_geosampa_teatro_cinema_show:equipamento_cultura_teatro_cinema_show.40657","source_id":"sp_geosampa_teatro_cinema_show","name":"CINEMARK TIETÊ PLAZA - SALA 07","name_derived":false,"category":"culture","subcategory":"theatre_cinema","geometry_type":"Point","address":"Av. Raimundo Pereira Magalhães, 1465, 05145-000","equipment_type":"Salas de Cinema","administrative_sphere":"Particular","included_in_metrics":false,"exclusion_reason":"private provider","override_reason":null,"outside_boundary":false,"venue_id":"sp_geosampa_teatro_cinema_show:venue:46"}},{"type":"Feature","geometry":{"type":"Point","coordinates":[-46.61592353,-23.51439589]},"properties":{"id":"sp_geosampa_teatro_cinema_show:equipamento_cultura_teatro_cinema_show.40658","source_id":"sp_geosampa_teatro_cinema_show","name":"CINEMARK LAR CENTER - SALA 01","name_derived":false,"category":"culture","subcategory":"theatre_cinema","geometry_type":"Point","address":"Av. Otto Baumgart, 500, 02049-900","equipment_type":"Salas de Cinema","administrative_sphere":"Particular","included_in_metrics":false,"exclusion_reason":"private provider","override_reason":null,"outside_boundary":false,"venue_id":"sp_geosampa_teatro_cinema_show:venue:47"}},{"type":"Feature","geometry":{"type":"Point","coordinates":[-46.61592353,-23.51439589]},"properties":{"id":"sp_geosampa_teatro_cinema_show:equipamento_cultura_teatro_cinema_show.40659","source_id":"sp_geosampa_teatro_cinema_show","name":"CINEMARK LAR CENTER - SALA 02","name_derived":false,"category":"culture","subcategory":"theatre_cinema","geometry_type":"Point","address":"Av. Otto Baumgart, 500, 02049-900","equipment_type":"Salas de Cinema","administrative_sphere":"Particular","included_in_metrics":false,"exclusion_reason":"private provider","override_reason":null,"outside_boundary":false,"venue_id":"sp_geosampa_teatro_cinema_show:venue:47"}},{"type":"Feature","geometry":{"type":"Point","coordinates":[-46.61592353,-23.51439589]},"properties":{"id":"sp_geosampa_teatro_cinema_show:equipamento_cultura_teatro_cinema_show.40660","source_id":"sp_geosampa_teatro_cinema_show","name":"CINEMARK LAR CENTER - SALA 03","name_derived":false,"category":"culture","subcategory":"theatre_cinema","geometry_type":"Point","address":"Av. Otto Baumgart, 500, 02049-900","equipment_type":"Salas de Cinema","administrative_sphere":"Particular","included_in_metrics":false,"exclusion_reason":"private provider","override_reason":null,"outside_boundary":false,"venue_id":"sp_geosampa_teatro_cinema_show:venue:47"}},{"type":"Feature","geometry":{"type":"Point","coordinates":[-46.65830304,-23.55671976]},"properties":{"id":"sp_geosampa_teatro_cinema_show:equipamento_cultura_teatro_cinema_show.40661","source_id":"sp_geosampa_teatro_cinema_show","name":"ESPAÇO ITAÚ AUGUSTA - SALA 01","name_derived":false,"category":"culture","subcategory":"theatre_cinema","geometry_type":"Point","address":"Rua Augusta, 1475, 01305-100","equipment_type":"Salas de Cinema","administrative_sphere":"Particular","included_in_metrics":false,"exclusion_reason":"private provider","override_reason":null,"outside_boundary":false,"venue_id":"sp_geosampa_teatro_cinema_show:venue:48"}},{"type":"Feature","geometry":{"type":"Point","coordinates":[-46.65830304,-23.55671976]},"properties":{"id":"sp_geosampa_teatro_cinema_show:equipamento_cultura_teatro_cinema_show.40662","source_id":"sp_geosampa_teatro_cinema_show","name":"ESPAÇO ITAÚ AUGUSTA - SALA 02","name_derived":false,"category":"culture","subcategory":"theatre_cinema","geometry_type":"Point","address":"Rua Augusta, 1475, 01305-100","equipment_type":"Salas de Cinema","administrative_sphere":"Particular","included_in_metrics":false,"exclusion_reason":"private provider","override_reason":null,"outside_boundary":false,"venue_id":"sp_geosampa_teatro_cinema_show:venue:48"}},{"type":"Feature","geometry":{"type":"Point","coordinates":[-46.65830304,-23.55671976]},"properties":{"id":"sp_geosampa_teatro_cinema_show:equipamento_cultura_teatro_cinema_show.40663","source_id":"sp_geosampa_teatro_cinema_show","name":"ESPAÇO ITAÚ AUGUSTA - SALA 03","name_derived":false,"category":"culture","subcategory":"theatre_cinema","geometry_type":"Point","address":"Rua Augusta, 1475, 01305-100","equipment_type":"Salas de Cinema","administrative_sphere":"Particular","included_in_metrics":false,"exclusion_reason":"private provider","override_reason":null,"outside_boundary":false,"venue_id":"sp_geosampa_teatro_cinema_show:venue:48"}},{"type":"Feature","geometry":{"type":"Point","coordinates":[-46.65830304,-23.55671976]},"properties":{"id":"sp_geosampa_teatro_cinema_show:equipamento_cultura_teatro_cinema_show.40664","source_id":"sp_geosampa_teatro_cinema_show","name":"ESPAÇO ITAÚ AUGUSTA - SALA 04 (ANEXO)","name_derived":false,"category":"culture","subcategory":"theatre_cinema","geometry_type":"Point","address":"Rua Augusta, 1475, 01305-100","equipment_type":"Salas de Cinema","administrative_sphere":"Particular","included_in_metrics":false,"exclusion_reason":"private provider","override_reason":null,"outside_boundary":false,"venue_id":"sp_geosampa_teatro_cinema_show:venue:48"}},{"type":"Feature","geometry":{"type":"Point","coordinates":[-46.65830304,-23.55671976]},"properties":{"id":"sp_geosampa_teatro_cinema_show:equipamento_cultura_teatro_cinema_show.40665","source_id":"sp_geosampa_teatro_cinema_show","name":"ESPAÇO ITAÚ AUGUSTA - SALA 05 (ANEXO)","name_derived":false,"category":"culture","subcategory":"theatre_cinema","geometry_type":"Point","address":"Rua Augusta, 1475, 01305-100","equipment_type":"Salas de Cinema","administrative_sphere":"Particular","included_in_metrics":false,"exclusion_reason":"private provider","override_reason":null,"outside_boundary":false,"venue_id":"sp_geosampa_teatro_cinema_show:venue:48"}},{"type":"Feature","geometry":{"type":"Point","coordinates":[-46.64702848,-23.54670024]},"properties":{"id":"sp_geosampa_teatro_cinema_show:equipamento_cultura_teatro_cinema_show.40666","source_id":"sp_geosampa_teatro_cinema_show","name":"MATILHA CULTURAL","name_derived":false,"category":"culture","subcategory":"theatre_cinema","geometry_type":"Point","address":"Rua Rego Freitas, 542, 01220-010","equipment_type":"Salas de Cinema","administrative_sphere":"Particular","included_in_metrics":false,"exclusion_reason":"private provider","override_reason":null,"outside_boundary":false,"venue_id":"sp_geosampa_teatro_cinema_show:venue:49"}},{"type":"Feature","geometry":{"type":"Point","coordinates":[-46.75014183,-23.58295516]},"properties":{"id":"sp_geosampa_teatro_cinema_show:equipamento_cultura_teatro_cinema_show.40667","source_id":"sp_geosampa_teatro_cinema_show","name":"Salas Especiais SPcine - CEU Butantã","name_derived":false,"category":"culture","subcategory":"theatre_cinema","geometry_type":"Point","address":"Avenida Engenheiro Heitor Antônio Eiras Garcia, 1700, 05588-001","equipment_type":"Salas de Cinema","administrative_sphere":"Municipal","included_in_metrics":true,"exclusion_reason":null,"override_reason":null,"outside_boundary":false,"venue_id":"sp_geosampa_teatro_cinema_show:venue:50"}},{"type":"Feature","geometry":{"type":"Point","coordinates":[-46.42313074,-23.53884053]},"properties":{"id":"sp_geosampa_teatro_cinema_show:equipamento_cultura_teatro_cinema_show.40668","source_id":"sp_geosampa_teatro_cinema_show","name":"Salas Especiais SPcine - CEU Jambeiro","name_derived":false,"category":"culture","subcategory":"theatre_cinema","geometry_type":"Point","address":"Avenida José Pinheiro Borges, 60, 08420-092","equipment_type":"Salas de Cinema","administrative_sphere":"Municipal","included_in_metrics":true,"exclusion_reason":null,"override_reason":null,"outside_boundary":false,"venue_id":"sp_geosampa_teatro_cinema_show:venue:51"}},{"type":"Feature","geometry":{"type":"Point","coordinates":[-46.58462297,-23.62133273]},"properties":{"id":"sp_geosampa_teatro_cinema_show:equipamento_cultura_teatro_cinema_show.40669","source_id":"sp_geosampa_teatro_cinema_show","name":"Salas Especiais Spcine - CEU Meninos","name_derived":false,"category":"culture","subcategory":"theatre_cinema","geometry_type":"Point","address":"Rua Barbinos, 111, 04240-110","equipment_type":"Salas de Cinema","administrative_sphere":"Municipal","included_in_metrics":true,"exclusion_reason":null,"override_reason":null,"outside_boundary":false,"venue_id":"sp_geosampa_teatro_cinema_show:venue:52"}},{"type":"Feature","geometry":{"type":"Point","coordinates":[-46.75278855,-23.40565249]},"properties":{"id":"sp_geosampa_teatro_cinema_show:equipamento_cultura_teatro_cinema_show.40670","source_id":"sp_geosampa_teatro_cinema_show","name":"Salas Especiais SPcine - CEU Perus","name_derived":false,"category":"culture","subcategory":"theatre_cinema","geometry_type":"Point","address":"Rua Bernardo José de Lorena, s/n, 05203-200","equipment_type":"Salas de Cinema","administrative_sphere":"Municipal","included_in_metrics":true,"exclusion_reason":null,"override_reason":null,"outside_boundary":false,"venue_id":"sp_geosampa_teatro_cinema_show:venue:53"}},{"type":"Feature","geometry":{"type":"Point","coordinates":[-46.78043199,-23.73481525]},"properties":{"id":"sp_geosampa_teatro_cinema_show:equipamento_cultura_teatro_cinema_show.40671","source_id":"sp_geosampa_teatro_cinema_show","name":"Salas Especiais SPcine - CEU Vila do Sol","name_derived":false,"category":"culture","subcategory":"theatre_cinema","geometry_type":"Point","address":"Avenida Dos Funcionários Públicos, 369, 04962-000","equipment_type":"Salas de Cinema","administrative_sphere":"Municipal","included_in_metrics":true,"exclusion_reason":null,"override_reason":null,"outside_boundary":false,"venue_id":"sp_geosampa_teatro_cinema_show:venue:54"}},{"type":"Feature","geometry":{"type":"Point","coordinates":[-46.72341434,-23.4448529]},"properties":{"id":"sp_geosampa_teatro_cinema_show:equipamento_cultura_teatro_cinema_show.40672","source_id":"sp_geosampa_teatro_cinema_show","name":"CINEFLIX CANTAREIRA - SALA 01","name_derived":false,"category":"culture","subcategory":"theatre_cinema","geometry_type":"Point","address":"Av. Raimundo Pereira De Magalhães, 11001, 02984-035","equipment_type":"Salas de Cinema","administrative_sphere":"Particular","included_in_metrics":false,"exclusion_reason":"private provider","override_reason":null,"outside_boundary":false,"venue_id":"sp_geosampa_teatro_cinema_show:venue:55"}},{"type":"Feature","geometry":{"type":"Point","coordinates":[-46.72341434,-23.4448529]},"properties":{"id":"sp_geosampa_teatro_cinema_show:equipamento_cultura_teatro_cinema_show.40673","source_id":"sp_geosampa_teatro_cinema_show","name":"CINEFLIX CANTAREIRA - SALA 02","name_derived":false,"category":"culture","subcategory":"theatre_cinema","geometry_type":"Point","address":"Av. Raimundo Pereira De Magalhães, 11001, 02984-035","equipment_type":"Salas de Cinema","administrative_sphere":"Particular","included_in_metrics":false,"exclusion_reason":"private provider","override_reason":null,"outside_boundary":false,"venue_id":"sp_geosampa_teatro_cinema_show:venue:55"}},{"type":"Feature","geometry":{"type":"Point","coordinates":[-46.72341434,-23.4448529]},"properties":{"id":"sp_geosampa_teatro_cinema_show:equipamento_cultura_teatro_cinema_show.40674","source_id":"sp_geosampa_teatro_cinema_show","name":"CINEFLIX CANTAREIRA - SALA 03","name_derived":false,"category":"culture","subcategory":"theatre_cinema","geometry_type":"Point","address":"Av. Raimundo Pereira De Magalhães, 11001, 02984-035","equipment_type":"Salas de Cinema","administrative_sphere":"Particular","included_in_metrics":false,"exclusion_reason":"private provider","override_reason":null,"outside_boundary":false,"venue_id":"sp_geosampa_teatro_cinema_show:venue:55"}},{"type":"Feature","geometry":{"type":"Point","coordinates":[-46.72341434,-23.4448529]},"properties":{"id":"sp_geosampa_teatro_cinema_show:equipamento_cultura_teatro_cinema_show.40675","source_id":"sp_geosampa_teatro_cinema_show","name":"CINEFLIX CANTAREIRA - SALA 04","name_derived":false,"category":"culture","subcategory":"theatre_cinema","geometry_type":"Point","address":"Av. Raimundo Pereira De Magalhães, 11001, 02984-035","equipment_type":"Salas de Cinema","administrative_sphere":"Particular","included_in_metrics":false,"exclusion_reason":"private provider","override_reason":null,"outside_boundary":false,"venue_id":"sp_geosampa_teatro_cinema_show:venue:55"}},{"type":"Feature","geometry":{"type":"Point","coordinates":[-46.72341434,-23.4448529]},"properties":{"id":"sp_geosampa_teatro_cinema_show:equipamento_cultura_teatro_cinema_show.40676","source_id":"sp_geosampa_teatro_cinema_show","name":"CINEFLIX CANTAREIRA - SALA 05","name_derived":false,"category":"culture","subcategory":"theatre_cinema","geometry_type":"Point","address":"Av. Raimundo Pereira De Magalhães, 11001, 02984-035","equipment_type":"Salas de Cinema","administrative_sphere":"Particular","included_in_metrics":false,"exclusion_reason":"private provider","override_reason":null,"outside_boundary":false,"venue_id":"sp_geosampa_teatro_cinema_show:venue:55"}},{"type":"Feature","geometry":{"type":"Point","coordinates":[-46.3802733,-23.48529636]},"properties":{"id":"sp_geosampa_teatro_cinema_show:equipamento_cultura_teatro_cinema_show.40677","source_id":"sp_geosampa_teatro_cinema_show","name":"CINE ITAIM PAULISTA - SALA 01","name_derived":false,"category":"culture","subcategory":"theatre_cinema","geometry_type":"Point","address":"Av. Marechal Tito, 7579, 08115-100","equipment_type":"Salas de Cinema","administrative_sphere":"Particular","included_in_metrics":false,"exclusion_reason":"private provider","override_reason":null,"outside_boundary":false,"venue_id":"sp_geosampa_teatro_cinema_show:venue:56"}},{"type":"Feature","geometry":{"type":"Point","coordinates":[-46.3802733,-23.48529636]},"properties":{"id":"sp_geosampa_teatro_cinema_show:equipamento_cultura_teatro_cinema_show.40678","source_id":"sp_geosampa_teatro_cinema_show","name":"CINE ITAIM PAULISTA - SALA 02","name_derived":false,"category":"culture","subcategory":"theatre_cinema","geometry_type":"Point","address":"Av. Marechal Tito, 7579, 08115-100","equipment_type":"Salas de Cinema","administrative_sphere":"Particular","included_in_metrics":false,"exclusion_reason":"private provider","override_reason":null,"outside_boundary":false,"venue_id":"sp_geosampa_teatro_cinema_show:venue:56"}},{"type":"Feature","geometry":{"type":"Point","coordinates":[-46.3802733,-23.48529636]},"properties":{"id":"sp_geosampa_teatro_cinema_show:equipamento_cultura_teatro_cinema_show.40679","source_id":"sp_geosampa_teatro_cinema_show","name":"CINE ITAIM PAULISTA - SALA 03","name_derived":false,"category":"culture","subcategory":"theatre_cinema","geometry_type":"Point","address":"Av. Marechal Tito, 7579, 08115-100","equipment_type":"Salas de Cinema","administrative_sphere":"Particular","included_in_metrics":false,"exclusion_reason":"private provider","override_reason":null,"outside_boundary":false,"venue_id":"sp_geosampa_teatro_cinema_show:venue:56"}},{"type":"Feature","geometry":{"type":"Point","coordinates":[-46.73781711,-23.63147604]},"properties":{"id":"sp_geosampa_teatro_cinema_show:equipamento_cultura_teatro_cinema_show.40680","source_id":"sp_geosampa_teatro_cinema_show","name":"CINESYSTEM MORUMBI TOWN - SALA 01","name_derived":false,"category":"culture","subcategory":"theatre_cinema","geometry_type":"Point","address":"Av Giovanni Gronchi, 5930, 05724-002","equipment_type":"Salas de Cinema","administrative_sphere":"Particular","included_in_metrics":false,"exclusion_reason":"private provider","override_reason":null,"outside_boundary":false,"venue_id":"sp_geosampa_teatro_cinema_show:venue:57"}},{"type":"Feature","geometry":{"type":"Point","coordinates":[-46.73781711,-23.63147604]},"properties":{"id":"sp_geosampa_teatro_cinema_show:equipamento_cultura_teatro_cinema_show.40681","source_id":"sp_geosampa_teatro_cinema_show","name":"CINESYSTEM MORUMBI TOWN - SALA 02","name_derived":false,"category":"culture","subcategory":"theatre_cinema","geometry_type":"Point","address":"Av Giovanni Gronchi, 5930, 05724-002","equipment_type":"Salas de Cinema","administrative_sphere":"Particular","included_in_metrics":false,"exclusion_reason":"private provider","override_reason":null,"outside_boundary":false,"venue_id":"sp_geosampa_teatro_cinema_show:venue:57"}},{"type":"Feature","geometry":{"type":"Point","coordinates":[-46.73781711,-23.63147604]},"properties":{"id":"sp_geosampa_teatro_cinema_show:equipamento_cultura_teatro_cinema_show.40682","source_id":"sp_geosampa_teatro_cinema_show","name":"CINESYSTEM MORUMBI TOWN - SALA 03","name_derived":false,"category":"culture","subcategory":"theatre_cinema","geometry_type":"Point","address":"Av Giovanni Gronchi, 5930, 05724-002","equipment_type":"Salas de Cinema","administrative_sphere":"Particular","included_in_metrics":false,"exclusion_reason":"private provider","override_reason":null,"outside_boundary":false,"venue_id":"sp_geosampa_teatro_cinema_show:venue:57"}},{"type":"Feature","geometry":{"type":"Point","coordinates":[-46.73781711,-23.63147604]},"properties":{"id":"sp_geosampa_teatro_cinema_show:equipamento_cultura_teatro_cinema_show.40683","source_id":"sp_geosampa_teatro_cinema_show","name":"CINESYSTEM MORUMBI TOWN - SALA 04","name_derived":false,"category":"culture","subcategory":"theatre_cinema","geometry_type":"Point","address":"Av Giovanni Gronchi, 5930, 05724-002","equipment_type":"Salas de Cinema","administrative_sphere":"Particular","included_in_metrics":false,"exclusion_reason":"private provider","override_reason":null,"outside_boundary":false,"venue_id":"sp_geosampa_teatro_cinema_show:venue:57"}},{"type":"Feature","geometry":{"type":"Point","coordinates":[-46.73781711,-23.63147604]},"properties":{"id":"sp_geosampa_teatro_cinema_show:equipamento_cultura_teatro_cinema_show.40684","source_id":"sp_geosampa_teatro_cinema_show","name":"CINESYSTEM MORUMBI TOWN - SALA 05","name_derived":false,"category":"culture","subcategory":"theatre_cinema","geometry_type":"Point","address":"Av Giovanni Gronchi, 5930, 05724-002","equipment_type":"Salas de Cinema","administrative_sphere":"Particular","included_in_metrics":false,"exclusion_reason":"private provider","override_reason":null,"outside_boundary":false,"venue_id":"sp_geosampa_teatro_cinema_show:venue:57"}},{"type":"Feature","geometry":{"type":"Point","coordinates":[-46.73781711,-23.63147604]},"properties":{"id":"sp_geosampa_teatro_cinema_show:equipamento_cultura_teatro_cinema_show.40685","source_id":"sp_geosampa_teatro_cinema_show","name":"CINESYSTEM MORUMBI TOWN - SALA 06","name_derived":false,"category":"culture","subcategory":"theatre_cinema","geometry_type":"Point","address":"Av Giovanni Gronchi, 5930, 05724-002","equipment_type":"Salas de Cinema","administrative_sphere":"Particular","included_in_metrics":false,"exclusion_reason":"private provider","override_reason":null,"outside_boundary":false,"venue_id":"sp_geosampa_teatro_cinema_show:venue:57"}},{"type":"Feature","geometry":{"type":"Point","coordinates":[-46.73781711,-23.63147604]},"properties":{"id":"sp_geosampa_teatro_cinema_show:equipamento_cultura_teatro_cinema_show.40686","source_id":"sp_geosampa_teatro_cinema_show","name":"CINESYSTEM MORUMBI TOWN - SALA 07","name_derived":false,"category":"culture","subcategory":"theatre_cinema","geometry_type":"Point","address":"Av Giovanni Gronchi, 5930, 05724-002","equipment_type":"Salas de Cinema","administrative_sphere":"Particular","included_in_metrics":false,"exclusion_reason":"private provider","override_reason":null,"outside_boundary":false,"venue_id":"sp_geosampa_teatro_cinema_show:venue:57"}},{"type":"Feature","geometry":{"type":"Point","coordinates":[-46.73781711,-23.63147604]},"properties":{"id":"sp_geosampa_teatro_cinema_show:equipamento_cultura_teatro_cinema_show.40687","source_id":"sp_geosampa_teatro_cinema_show","name":"CINESYSTEM MORUMBI TOWN - SALA 08","name_derived":false,"category":"culture","subcategory":"theatre_cinema","geometry_type":"Point","address":"Av Giovanni Gronchi, 5930, 05724-002","equipment_type":"Salas de Cinema","administrative_sphere":"Particular","included_in_metrics":false,"exclusion_reason":"private provider","override_reason":null,"outside_boundary":false,"venue_id":"sp_geosampa_teatro_cinema_show:venue:57"}},{"type":"Feature","geometry":{"type":"Point","coordinates":[-46.73781711,-23.63147604]},"properties":{"id":"sp_geosampa_teatro_cinema_show:equipamento_cultura_teatro_cinema_show.40688","source_id":"sp_geosampa_teatro_cinema_show","name":"CINESYSTEM MORUMBI TOWN - SALA 09","name_derived":false,"category":"culture","subcategory":"theatre_cinema","geometry_type":"Point","address":"Av Giovanni Gronchi, 5930, 05724-002","equipment_type":"Salas de Cinema","administrative_sphere":"Particular","included_in_metrics":false,"exclusion_reason":"private provider","override_reason":null,"outside_boundary":false,"venue_id":"sp_geosampa_teatro_cinema_show:venue:57"}},{"type":"Feature","geometry":{"type":"Point","coordinates":[-46.6621319,-23.56066494]},"properties":{"id":"sp_geosampa_teatro_cinema_show:equipamento_cultura_teatro_cinema_show.40689","source_id":"sp_geosampa_teatro_cinema_show","name":"CINESESC - AUDITÓRIO (fechado temporariamente)","name_derived":false,"category":"culture","subcategory":"theatre_cinema","geometry_type":"Point","address":"Rua Augusta, 2075, 01413-000","equipment_type":"Salas de Cinema","administrative_sphere":"Particular","included_in_metrics":false,"exclusion_reason":"private provider","override_reason":null,"outside_boundary":false,"venue_id":"sp_geosampa_teatro_cinema_show:venue:23"}},{"type":"Feature","geometry":{"type":"Point","coordinates":[-46.67419685,-23.52664102]},"properties":{"id":"sp_geosampa_teatro_cinema_show:equipamento_cultura_teatro_cinema_show.40690","source_id":"sp_geosampa_teatro_cinema_show","name":"CINEMARK WEST PLAZA - SALA 01","name_derived":false,"category":"culture","subcategory":"theatre_cinema","geometry_type":"Point","address":"Avenida Antartica, 408, 05003-020","equipment_type":"Salas de Cinema","administrative_sphere":"Particular","included_in_metrics":false,"exclusion_reason":"private provider","override_reason":null,"outside_boundary":false,"venue_id":"sp_geosampa_teatro_cinema_show:venue:58"}},{"type":"Feature","geometry":{"type":"Point","coordinates":[-46.67419685,-23.52664102]},"properties":{"id":"sp_geosampa_teatro_cinema_show:equipamento_cultura_teatro_cinema_show.40691","source_id":"sp_geosampa_teatro_cinema_show","name":"CINEMARK WEST PLAZA - SALA 02","name_derived":false,"category":"culture","subcategory":"theatre_cinema","geometry_type":"Point","address":"Avenida Antartica, 408, 05003-020","equipment_type":"Salas de Cinema","administrative_sphere":"Particular","included_in_metrics":false,"exclusion_reason":"private provider","override_reason":null,"outside_boundary":false,"venue_id":"sp_geosampa_teatro_cinema_show:venue:58"}},{"type":"Feature","geometry":{"type":"Point","coordinates":[-46.67419685,-23.52664102]},"properties":{"id":"sp_geosampa_teatro_cinema_show:equipamento_cultura_teatro_cinema_show.40692","source_id":"sp_geosampa_teatro_cinema_show","name":"CINEMARK WEST PLAZA - SALA 03","name_derived":false,"category":"culture","subcategory":"theatre_cinema","geometry_type":"Point","address":"Avenida Antartica, 408, 05003-020","equipment_type":"Salas de Cinema","administrative_sphere":"Particular","included_in_metrics":false,"exclusion_reason":"private provider","override_reason":null,"outside_boundary":false,"venue_id":"sp_geosampa_teatro_cinema_show:venue:58"}},{"type":"Feature","geometry":{"type":"Point","coordinates":[-46.67419685,-23.52664102]},"properties":{"id":"sp_geosampa_teatro_cinema_show:equipamento_cultura_teatro_cinema_show.40693","source_id":"sp_geosampa_teatro_cinema_show","name":"CINEMARK WEST PLAZA - SALA 04","name_derived":false,"category":"culture","subcategory":"theatre_cinema","geometry_type":"Point","address":"Avenida Antartica, 408, 05003-020","equipment_type":"Salas de Cinema","administrative_sphere":"Particular","included_in_metrics":false,"exclusion_reason":"private provider","override_reason":null,"outside_boundary":false,"venue_id":"sp_geosampa_teatro_cinema_show:venue:58"}},{"type":"Feature","geometry":{"type":"Point","coordinates":[-46.67419685,-23.52664102]},"properties":{"id":"sp_geosampa_teatro_cinema_show:equipamento_cultura_teatro_cinema_show.40694","source_id":"sp_geosampa_teatro_cinema_show","name":"CINEMARK WEST PLAZA - SALA 05","name_derived":false,"category":"culture","subcategory":"theatre_cinema","geometry_type":"Point","address":"Avenida Antartica, 408, 05003-020","equipment_type":"Salas de Cinema","administrative_sphere":"Particular","included_in_metrics":false,"exclusion_reason":"private provider","override_reason":null,"outside_boundary":false,"venue_id":"sp_geosampa_teatro_cinema_show:venue:58"}},{"type":"Feature","geometry":{"type":"Point","coordinates":[-46.67419685,-23.52664102]},"properties":{"id":"sp_geosampa_teatro_cinema_show:equipamento_cultura_teatro_cinema_show.40695","source_id":"sp_geosampa_teatro_cinema_show","name":"CINEMARK WEST PLAZA - SALA 06","name_derived":false,"category":"culture","subcategory":"theatre_cinema","geometry_type":"Point","address":"Avenida Antartica, 408, 05003-020","equipment_type":"Salas de Cinema","administrative_sphere":"Particular","included_in_metrics":false,"exclusion_reason":"private provider","override_reason":null,"outside_boundary":false,"venue_id":"sp_geosampa_teatro_cinema_show:venue:58"}},{"type":"Feature","geometry":{"type":"Point","coordinates":[-46.67419685,-23.52664102]},"properties":{"id":"sp_geosampa_teatro_cinema_show:equipamento_cultura_teatro_cinema_show.40696","source_id":"sp_geosampa_teatro_cinema_show","name":"CINEMARK WEST PLAZA - SALA 07","name_derived":false,"category":"culture","subcategory":"theatre_cinema","geometry_type":"Point","address":"Avenida Antartica, 408, 05003-020","equipment_type":"Salas de Cinema","administrative_sphere":"Particular","included_in_metrics":false,"exclusion_reason":"private provider","override_reason":null,"outside_boundary":false,"venue_id":"sp_geosampa_teatro_cinema_show:venue:58"}},{"type":"Feature","geometry":{"type":"Point","coordinates":[-46.66171475,-23.55605883]},"properties":{"id":"sp_geosampa_teatro_cinema_show:equipamento_cultura_teatro_cinema_show.40697","source_id":"sp_geosampa_teatro_cinema_show","name":"INSTITUTO PAULISTA","name_derived":false,"category":"culture","subcategory":"theatre_cinema","geometry_type":"Point","address":"Avenida  Paulista, 2424, 01311-300","equipment_type":"Salas de Cinema","administrative_sphere":"Particular","included_in_metrics":false,"exclusion_reason":"private provider","override_reason":null,"outside_boundary":false,"venue_id":"sp_geosampa_teatro_cinema_show:venue:59"}},{"type":"Feature","geometry":{"type":"Point","coordinates":[-46.68755298,-23.57666942]},"properties":{"id":"sp_geosampa_teatro_cinema_show:equipamento_cultura_teatro_cinema_show.40698","source_id":"sp_geosampa_teatro_cinema_show","name":"CINEMARK SHOPPING IGUATEMI SP - SALA 01","name_derived":false,"category":"culture","subcategory":"theatre_cinema","geometry_type":"Point","address":"Avenida Brigadeiro Faria Lima, 2232, 01489-900","equipment_type":"Salas de Cinema","administrative_sphere":"Particular","included_in_metrics":false,"exclusion_reason":"private provider","override_reason":null,"outside_boundary":false,"venue_id":"sp_geosampa_teatro_cinema_show:venue:60"}},{"type":"Feature","geometry":{"type":"Point","coordinates":[-46.68755298,-23.57666942]},"properties":{"id":"sp_geosampa_teatro_cinema_show:equipamento_cultura_teatro_cinema_show.40699","source_id":"sp_geosampa_teatro_cinema_show","name":"CINEMARK SHOPPING IGUATEMI SP - SALA 02","name_derived":false,"category":"culture","subcategory":"theatre_cinema","geometry_type":"Point","address":"Avenida Brigadeiro Faria Lima, 2232, 01489-900","equipment_type":"Salas de Cinema","administrative_sphere":"Particular","included_in_metrics":false,"exclusion_reason":"private provider","override_reason":null,"outside_boundary":false,"venue_id":"sp_geosampa_teatro_cinema_show:venue:60"}},{"type":"Feature","geometry":{"type":"Point","coordinates":[-46.68755298,-23.57666942]},"properties":{"id":"sp_geosampa_teatro_cinema_show:equipamento_cultura_teatro_cinema_show.40700","source_id":"sp_geosampa_teatro_cinema_show","name":"CINEMARK SHOPPING IGUATEMI SP - SALA 03","name_derived":false,"category":"culture","subcategory":"theatre_cinema","geometry_type":"Point","address":"Avenida Brigadeiro Faria Lima, 2232, 01489-900","equipment_type":"Salas de Cinema","administrative_sphere":"Particular","included_in_metrics":false,"exclusion_reason":"private provider","override_reason":null,"outside_boundary":false,"venue_id":"sp_geosampa_teatro_cinema_show:venue:60"}},{"type":"Feature","geometry":{"type":"Point","coordinates":[-46.68755298,-23.57666942]},"properties":{"id":"sp_geosampa_teatro_cinema_show:equipamento_cultura_teatro_cinema_show.40701","source_id":"sp_geosampa_teatro_cinema_show","name":"CINEMARK SHOPPING IGUATEMI SP - SALA 04","name_derived":false,"category":"culture","subcategory":"theatre_cinema","geometry_type":"Point","address":"Avenida Brigadeiro Faria Lima, 2232, 01489-900","equipment_type":"Salas de Cinema","administrative_sphere":"Particular","included_in_metrics":false,"exclusion_reason":"private provider","override_reason":null,"outside_boundary":false,"venue_id":"sp_geosampa_teatro_cinema_show:venue:60"}},{"type":"Feature","geometry":{"type":"Point","coordinates":[-46.68755298,-23.57666942]},"properties":{"id":"sp_geosampa_teatro_cinema_show:equipamento_cultura_teatro_cinema_show.40702","source_id":"sp_geosampa_teatro_cinema_show","name":"CINEMARK SHOPPING IGUATEMI SP - SALA 05","name_derived":false,"category":"culture","subcategory":"theatre_cinema","geometry_type":"Point","address":"Avenida Brigadeiro Faria Lima, 2232, 01489-900","equipment_type":"Salas de Cinema","administrative_sphere":"Particular","included_in_metrics":false,"exclusion_reason":"private provider","override_reason":null,"outside_boundary":false,"venue_id":"sp_geosampa_teatro_cinema_show:venue:60"}},{"type":"Feature","geometry":{"type":"Point","coordinates":[-46.68755298,-23.57666942]},"properties":{"id":"sp_geosampa_teatro_cinema_show:equipamento_cultura_teatro_cinema_show.40703","source_id":"sp_geosampa_teatro_cinema_show","name":"CINEMARK SHOPPING IGUATEMI SP - SALA 06","name_derived":false,"category":"culture","subcategory":"theatre_cinema","geometry_type":"Point","address":"Avenida Brigadeiro Faria Lima, 2232, 01489-900","equipment_type":"Salas de Cinema","administrative_sphere":"Particular","included_in_metrics":false,"exclusion_reason":"private provider","override_reason":null,"outside_boundary":false,"venue_id":"sp_geosampa_teatro_cinema_show:venue:60"}},{"type":"Feature","geometry":{"type":"Point","coordinates":[-46.64102645,-23.54254235]},"properties":{"id":"sp_geosampa_teatro_cinema_show:equipamento_cultura_teatro_cinema_show.40704","source_id":"sp_geosampa_teatro_cinema_show","name":"COMPLEXO CINEMATOGRÁFICO MARABA MULTIPLEX - SALA 01","name_derived":false,"category":"culture","subcategory":"theatre_cinema","geometry_type":"Point","address":"Av Ipiranga, 757, 01039-000","equipment_type":"Salas de Cinema","administrative_sphere":"Particular","included_in_metrics":false,"exclusion_reason":"private provider","override_reason":null,"outside_boundary":false,"venue_id":"sp_geosampa_teatro_cinema_show:venue:61"}},{"type":"Feature","geometry":{"type":"Point","coordinates":[-46.64102645,-23.54254235]},"properties":{"id":"sp_geosampa_teatro_cinema_show:equipamento_cultura_teatro_cinema_show.40705","source_id":"sp_geosampa_teatro_cinema_show","name":"COMPLEXO CINEMATOGRÁFICO MARABA MULTIPLEX - SALA 02","name_derived":false,"category":"culture","subcategory":"theatre_cinema","geometry_type":"Point","address":"Av Ipiranga, 757, 01039-000","equipment_type":"Salas de Cinema","administrative_sphere":"Particular","included_in_metrics":false,"exclusion_reason":"private provider","override_reason":null,"outside_boundary":false,"venue_id":"sp_geosampa_teatro_cinema_show:venue:61"}},{"type":"Feature","geometry":{"type":"Point","coordinates":[-46.64102645,-23.54254235]},"properties":{"id":"sp_geosampa_teatro_cinema_show:equipamento_cultura_teatro_cinema_show.40706","source_id":"sp_geosampa_teatro_cinema_show","name":"COMPLEXO CINEMATOGRÁFICO MARABA MULTIPLEX - SALA 03","name_derived":false,"category":"culture","subcategory":"theatre_cinema","geometry_type":"Point","address":"Av Ipiranga, 757, 01039-000","equipment_type":"Salas de Cinema","administrative_sphere":"Particular","included_in_metrics":false,"exclusion_reason":"private provider","override_reason":null,"outside_boundary":false,"venue_id":"sp_geosampa_teatro_cinema_show:venue:61"}},{"type":"Feature","geometry":{"type":"Point","coordinates":[-46.64102645,-23.54254235]},"properties":{"id":"sp_geosampa_teatro_cinema_show:equipamento_cultura_teatro_cinema_show.40707","source_id":"sp_geosampa_teatro_cinema_show","name":"COMPLEXO CINEMATOGRÁFICO MARABA MULTIPLEX - SALA 04","name_derived":false,"category":"culture","subcategory":"theatre_cinema","geometry_type":"Point","address":"Av Ipiranga, 757, 01039-000","equipment_type":"Salas de Cinema","administrative_sphere":"Particular","included_in_metrics":false,"exclusion_reason":"private provider","override_reason":null,"outside_boundary":false,"venue_id":"sp_geosampa_teatro_cinema_show:venue:61"}},{"type":"Feature","geometry":{"type":"Point","coordinates":[-46.64102645,-23.54254235]},"properties":{"id":"sp_geosampa_teatro_cinema_show:equipamento_cultura_teatro_cinema_show.40708","source_id":"sp_geosampa_teatro_cinema_show","name":"COMPLEXO CINEMATOGRÁFICO MARABA MULTIPLEX - SALA 05","name_derived":false,"category":"culture","subcategory":"theatre_cinema","geometry_type":"Point","address":"Av Ipiranga, 757, 01039-000","equipment_type":"Salas de Cinema","administrative_sphere":"Particular","included_in_metrics":false,"exclusion_reason":"private provider","override_reason":null,"outside_boundary":false,"venue_id":"sp_geosampa_teatro_cinema_show:venue:61"}},{"type":"Feature","geometry":{"type":"Point","coordinates":[-46.68082489,-23.52648189]},"properties":{"id":"sp_geosampa_teatro_cinema_show:equipamento_cultura_teatro_cinema_show.40709","source_id":"sp_geosampa_teatro_cinema_show","name":"ESPAÇO ITAÚ POMPÉIA - SALA IMAX","name_derived":false,"category":"culture","subcategory":"theatre_cinema","geometry_type":"Point","address":"Rua Palestra Itália, 500, 05005-030","equipment_type":"Salas de Cinema","administrative_sphere":"Particular","included_in_metrics":false,"exclusion_reason":"private provider","override_reason":null,"outside_boundary":false,"venue_id":"sp_geosampa_teatro_cinema_show:venue:62"}},{"type":"Feature","geometry":{"type":"Point","coordinates":[-46.68082489,-23.52648189]},"properties":{"id":"sp_geosampa_teatro_cinema_show:equipamento_cultura_teatro_cinema_show.40710","source_id":"sp_geosampa_teatro_cinema_show","name":"ESPAÇO ITAÚ POMPÉIA - SALA 01","name_derived":false,"category":"culture","subcategory":"theatre_cinema","geometry_type":"Point","address":"Rua Palestra Itália, 500, 05005-030","equipment_type":"Salas de Cinema","administrative_sphere":"Particular","included_in_metrics":false,"exclusion_reason":"private provider","override_reason":null,"outside_boundary":false,"venue_id":"sp_geosampa_teatro_cinema_show:venue:62"}},{"type":"Feature","geometry":{"type":"Point","coordinates":[-46.68082489,-23.52648189]},"properties":{"id":"sp_geosampa_teatro_cinema_show:equipamento_cultura_teatro_cinema_show.40711","source_id":"sp_geosampa_teatro_cinema_show","name":"ESPAÇO ITAÚ POMPÉIA - SALA 02","name_derived":false,"category":"culture","subcategory":"theatre_cinema","geometry_type":"Point","address":"Rua Palestra Itália, 500, 05005-030","equipment_type":"Salas de Cinema","administrative_sphere":"Particular","included_in_metrics":false,"exclusion_reason":"private provider","override_reason":null,"outside_boundary":false,"venue_id":"sp_geosampa_teatro_cinema_show:venue:62"}},{"type":"Feature","geometry":{"type":"Point","coordinates":[-46.68082489,-23.52648189]},"properties":{"id":"sp_geosampa_teatro_cinema_show:equipamento_cultura_teatro_cinema_show.40712","source_id":"sp_geosampa_teatro_cinema_show","name":"ESPAÇO ITAÚ POMPÉIA - SALA 03","name_derived":false,"category":"culture","subcategory":"theatre_cinema","geometry_type":"Point","address":"Rua Palestra Itália, 500, 05005-030","equipment_type":"Salas de Cinema","administrative_sphere":"Particular","included_in_metrics":false,"exclusion_reason":"private provider","override_reason":null,"outside_boundary":false,"venue_id":"sp_geosampa_teatro_cinema_show:venue:62"}},{"type":"Feature","geometry":{"type":"Point","coordinates":[-46.68082489,-23.52648189]},"properties":{"id":"sp_geosampa_teatro_cinema_show:equipamento_cultura_teatro_cinema_show.40713","source_id":"sp_geosampa_teatro_cinema_show","name":"ESPAÇO ITAÚ POMPÉIA - SALA 04","name_derived":false,"category":"culture","subcategory":"theatre_cinema","geometry_type":"Point","address":"Rua Palestra Itália, 500, 05005-030","equipment_type":"Salas de Cinema","administrative_sphere":"Particular","included_in_metrics":false,"exclusion_reason":"private provider","override_reason":null,"outside_boundary":false,"venue_id":"sp_geosampa_teatro_cinema_show:venue:62"}},{"type":"Feature","geometry":{"type":"Point","coordinates":[-46.68082489,-23.52648189]},"properties":{"id":"sp_geosampa_teatro_cinema_show:equipamento_cultura_teatro_cinema_show.40714","source_id":"sp_geosampa_teatro_cinema_show","name":"ESPAÇO ITAÚ POMPÉIA - SALA 05","name_derived":false,"category":"culture","subcategory":"theatre_cinema","geometry_type":"Point","address":"Rua Palestra Itália, 500, 05005-030","equipment_type":"Salas de Cinema","administrative_sphere":"Particular","included_in_metrics":false,"exclusion_reason":"private provider","override_reason":null,"outside_boundary":false,"venue_id":"sp_geosampa_teatro_cinema_show:venue:62"}},{"type":"Feature","geometry":{"type":"Point","coordinates":[-46.68082489,-23.52648189]},"properties":{"id":"sp_geosampa_teatro_cinema_show:equipamento_cultura_teatro_cinema_show.40715","source_id":"sp_geosampa_teatro_cinema_show","name":"ESPAÇO ITAÚ POMPÉIA - SALA 06","name_derived":false,"category":"culture","subcategory":"theatre_cinema","geometry_type":"Point","address":"Rua Palestra Itália, 500, 05005-030","equipment_type":"Salas de Cinema","administrative_sphere":"Particular","included_in_metrics":false,"exclusion_reason":"private provider","override_reason":null,"outside_boundary":false,"venue_id":"sp_geosampa_teatro_cinema_show:venue:62"}},{"type":"Feature","geometry":{"type":"Point","coordinates":[-46.68082489,-23.52648189]},"properties":{"id":"sp_geosampa_teatro_cinema_show:equipamento_cultura_teatro_cinema_show.40716","source_id":"sp_geosampa_teatro_cinema_show","name":"ESPAÇO ITAÚ POMPÉIA - SALA 07","name_derived":false,"category":"culture","subcategory":"theatre_cinema","geometry_type":"Point","address":"Rua Palestra Itália, 500, 05005-030","equipment_type":"Salas de Cinema","administrative_sphere":"Particular","included_in_metrics":false,"exclusion_reason":"private provider","override_reason":null,"outside_boundary":false,"venue_id":"sp_geosampa_teatro_cinema_show:venue:62"}},{"type":"Feature","geometry":{"type":"Point","coordinates":[-46.68082489,-23.52648189]},"properties":{"id":"sp_geosampa_teatro_cinema_show:equipamento_cultura_teatro_cinema_show.40717","source_id":"sp_geosampa_teatro_cinema_show","name":"ESPAÇO ITAÚ POMPÉIA - SALA 08","name_derived":false,"category":"culture","subcategory":"theatre_cinema","geometry_type":"Point","address":"Rua Palestra Itália, 500, 05005-030","equipment_type":"Salas de Cinema","administrative_sphere":"Particular","included_in_metrics":false,"exclusion_reason":"private provider","override_reason":null,"outside_boundary":false,"venue_id":"sp_geosampa_teatro_cinema_show:venue:62"}},{"type":"Feature","geometry":{"type":"Point","coordinates":[-46.68082489,-23.52648189]},"properties":{"id":"sp_geosampa_teatro_cinema_show:equipamento_cultura_teatro_cinema_show.40718","source_id":"sp_geosampa_teatro_cinema_show","name":"ESPAÇO ITAÚ POMPÉIA - SALA 09","name_derived":false,"category":"culture","subcategory":"theatre_cinema","geometry_type":"Point","address":"Rua Palestra Itália, 500, 05005-030","equipment_type":"Salas de Cinema","administrative_sphere":"Particular","included_in_metrics":false,"exclusion_reason":"private provider","override_reason":null,"outside_boundary":false,"venue_id":"sp_geosampa_teatro_cinema_show:venue:62"}},{"type":"Feature","geometry":{"type":"Point","coordinates":[-46.68082489,-23.52648189]},"properties":{"id":"sp_geosampa_teatro_cinema_show:equipamento_cultura_teatro_cinema_show.40719","source_id":"sp_geosampa_teatro_cinema_show","name":"ESPAÇO ITAÚ POMPÉIA - SALA 10","name_derived":false,"category":"culture","subcategory":"theatre_cinema","geometry_type":"Point","address":"Rua Palestra Itália, 500, 05005-030","equipment_type":"Salas de Cinema","administrative_sphere":"Particular","included_in_metrics":false,"exclusion_reason":"private provider","override_reason":null,"outside_boundary":false,"venue_id":"sp_geosampa_teatro_cinema_show:venue:62"}},{"type":"Feature","geometry":{"type":"Point","coordinates":[-46.66675032,-23.61027197]},"properties":{"id":"sp_geosampa_teatro_cinema_show:equipamento_cultura_teatro_cinema_show.40720","source_id":"sp_geosampa_teatro_cinema_show","name":"COMPLEXO CINEMATOGRÁFICO IBIRAPUERA MULTIPLEX - SALA 01","name_derived":false,"category":"culture","subcategory":"theatre_cinema","geometry_type":"Point","address":"Avenida Ibirapuera, 3103, 04029-902","equipment_type":"Salas de Cinema","administrative_sphere":"Particular","included_in_metrics":false,"exclusion_reason":"private provider","override_reason":null,"outside_boundary":false,"venue_id":"sp_geosampa_teatro_cinema_show:venue:63"}},{"type":"Feature","geometry":{"type":"Point","coordinates":[-46.66675032,-23.61027197]},"properties":{"id":"sp_geosampa_teatro_cinema_show:equipamento_cultura_teatro_cinema_show.40721","source_id":"sp_geosampa_teatro_cinema_show","name":"COMPLEXO CINEMATOGRÁFICO IBIRAPUERA MULTIPLEX - SALA 02","name_derived":false,"category":"culture","subcategory":"theatre_cinema","geometry_type":"Point","address":"Avenida Ibirapuera, 3103, 04029-902","equipment_type":"Salas de Cinema","administrative_sphere":"Particular","included_in_metrics":false,"exclusion_reason":"private provider","override_reason":null,"outside_boundary":false,"venue_id":"sp_geosampa_teatro_cinema_show:venue:63"}},{"type":"Feature","geometry":{"type":"Point","coordinates":[-46.66675032,-23.61027197]},"properties":{"id":"sp_geosampa_teatro_cinema_show:equipamento_cultura_teatro_cinema_show.40722","source_id":"sp_geosampa_teatro_cinema_show","name":"COMPLEXO CINEMATOGRÁFICO IBIRAPUERA MULTIPLEX - SALA 03","name_derived":false,"category":"culture","subcategory":"theatre_cinema","geometry_type":"Point","address":"Avenida Ibirapuera, 3103, 04029-902","equipment_type":"Salas de Cinema","administrative_sphere":"Particular","included_in_metrics":false,"exclusion_reason":"private provider","override_reason":null,"outside_boundary":false,"venue_id":"sp_geosampa_teatro_cinema_show:venue:63"}},{"type":"Feature","geometry":{"type":"Point","coordinates":[-46.66675032,-23.61027197]},"properties":{"id":"sp_geosampa_teatro_cinema_show:equipamento_cultura_teatro_cinema_show.40723","source_id":"sp_geosampa_teatro_cinema_show","name":"COMPLEXO CINEMATOGRÁFICO IBIRAPUERA MULTIPLEX - SALA 04","name_derived":false,"category":"culture","subcategory":"theatre_cinema","geometry_type":"Point","address":"Avenida Ibirapuera, 3103, 04029-902","equipment_type":"Salas de Cinema","administrative_sphere":"Particular","included_in_metrics":false,"exclusion_reason":"private provider","override_reason":null,"outside_boundary":false,"venue_id":"sp_geosampa_teatro_cinema_show:venue:63"}},{"type":"Feature","geometry":{"type":"Point","coordinates":[-46.66675032,-23.61027197]},"properties":{"id":"sp_geosampa_teatro_cinema_show:equipamento_cultura_teatro_cinema_show.40724","source_id":"sp_geosampa_teatro_cinema_show","name":"COMPLEXO CINEMATOGRÁFICO IBIRAPUERA MULTIPLEX - SALA 05","name_derived":false,"category":"culture","subcategory":"theatre_cinema","geometry_type":"Point","address":"Avenida Ibirapuera, 3103, 04029-902","equipment_type":"Salas de Cinema","administrative_sphere":"Particular","included_in_metrics":false,"exclusion_reason":"private provider","override_reason":null,"outside_boundary":false,"venue_id":"sp_geosampa_teatro_cinema_show:venue:63"}},{"type":"Feature","geometry":{"type":"Point","coordinates":[-46.66675032,-23.61027197]},"properties":{"id":"sp_geosampa_teatro_cinema_show:equipamento_cultura_teatro_cinema_show.40725","source_id":"sp_geosampa_teatro_cinema_show","name":"COMPLEXO CINEMATOGRÁFICO IBIRAPUERA MULTIPLEX - SALA 06","name_derived":false,"category":"culture","subcategory":"theatre_cinema","geometry_type":"Point","address":"Avenida Ibirapuera, 3103, 04029-902","equipment_type":"Salas de Cinema","administrative_sphere":"Particular","included_in_metrics":false,"exclusion_reason":"private provider","override_reason":null,"outside_boundary":false,"venue_id":"sp_geosampa_teatro_cinema_show:venue:63"}},{"type":"Feature","geometry":{"type":"Point","coordinates":[-46.70368569,-23.6250182]},"properties":{"id":"sp_geosampa_teatro_cinema_show:equipamento_cultura_teatro_cinema_show.40726","source_id":"sp_geosampa_teatro_cinema_show","name":"KINOPLEX PARQUE DA CIDADE - SALA 01","name_derived":false,"category":"culture","subcategory":"theatre_cinema","geometry_type":"Point","address":"Avenida Das Nações Unidas, 14401, 04794-000","equipment_type":"Salas de Cinema","administrative_sphere":"Particular","included_in_metrics":false,"exclusion_reason":"private provider","override_reason":null,"outside_boundary":false,"venue_id":"sp_geosampa_teatro_cinema_show:venue:64"}},{"type":"Feature","geometry":{"type":"Point","coordinates":[-46.70368569,-23.6250182]},"properties":{"id":"sp_geosampa_teatro_cinema_show:equipamento_cultura_teatro_cinema_show.40727","source_id":"sp_geosampa_teatro_cinema_show","name":"KINOPLEX PARQUE DA CIDADE - SALA 02","name_derived":false,"category":"culture","subcategory":"theatre_cinema","geometry_type":"Point","address":"Avenida Das Nações Unidas, 14401, 04794-000","equipment_type":"Salas de Cinema","administrative_sphere":"Particular","included_in_metrics":false,"exclusion_reason":"private provider","override_reason":null,"outside_boundary":false,"venue_id":"sp_geosampa_teatro_cinema_show:venue:64"}},{"type":"Feature","geometry":{"type":"Point","coordinates":[-46.70368569,-23.6250182]},"properties":{"id":"sp_geosampa_teatro_cinema_show:equipamento_cultura_teatro_cinema_show.40728","source_id":"sp_geosampa_teatro_cinema_show","name":"KINOPLEX PARQUE DA CIDADE - SALA 03","name_derived":false,"category":"culture","subcategory":"theatre_cinema","geometry_type":"Point","address":"Avenida Das Nações Unidas, 14401, 04794-000","equipment_type":"Salas de Cinema","administrative_sphere":"Particular","included_in_metrics":false,"exclusion_reason":"private provider","override_reason":null,"outside_boundary":false,"venue_id":"sp_geosampa_teatro_cinema_show:venue:64"}},{"type":"Feature","geometry":{"type":"Point","coordinates":[-46.70368569,-23.6250182]},"properties":{"id":"sp_geosampa_teatro_cinema_show:equipamento_cultura_teatro_cinema_show.40729","source_id":"sp_geosampa_teatro_cinema_show","name":"KINOPLEX PARQUE DA CIDADE - SALA 04","name_derived":false,"category":"culture","subcategory":"theatre_cinema","geometry_type":"Point","address":"Avenida Das Nações Unidas, 14401, 04794-000","equipment_type":"Salas de Cinema","administrative_sphere":"Particular","included_in_metrics":false,"exclusion_reason":"private provider","override_reason":null,"outside_boundary":false,"venue_id":"sp_geosampa_teatro_cinema_show:venue:64"}},{"type":"Feature","geometry":{"type":"Point","coordinates":[-46.70368569,-23.6250182]},"properties":{"id":"sp_geosampa_teatro_cinema_show:equipamento_cultura_teatro_cinema_show.40730","source_id":"sp_geosampa_teatro_cinema_show","name":"KINOPLEX PARQUE DA CIDADE - SALA 05","name_derived":false,"category":"culture","subcategory":"theatre_cinema","geometry_type":"Point","address":"Avenida Das Nações Unidas, 14401, 04794-000","equipment_type":"Salas de Cinema","administrative_sphere":"Particular","included_in_metrics":false,"exclusion_reason":"private provider","override_reason":null,"outside_boundary":false,"venue_id":"sp_geosampa_teatro_cinema_show:venue:64"}},{"type":"Feature","geometry":{"type":"Point","coordinates":[-46.70368569,-23.6250182]},"properties":{"id":"sp_geosampa_teatro_cinema_show:equipamento_cultura_teatro_cinema_show.40731","source_id":"sp_geosampa_teatro_cinema_show","name":"KINOPLEX PARQUE DA CIDADE - SALA 06 (fechado temporariamente)","name_derived":false,"category":"culture","subcategory":"theatre_cinema","geometry_type":"Point","address":"Avenida Das Nações Unidas, 14401, 04794-000","equipment_type":"Salas de Cinema","administrative_sphere":"Particular","included_in_metrics":false,"exclusion_reason":"private provider","override_reason":null,"outside_boundary":false,"venue_id":"sp_geosampa_teatro_cinema_show:venue:64"}},{"type":"Feature","geometry":{"type":"Point","coordinates":[-46.66128588,-23.57045391]},"properties":{"id":"sp_geosampa_teatro_cinema_show:equipamento_cultura_teatro_cinema_show.40732","source_id":"sp_geosampa_teatro_cinema_show","name":"CINÉPOLIS JARDIM PAMPLONA - SALA 01 - VIP","name_derived":false,"category":"culture","subcategory":"theatre_cinema","geometry_type":"Point","address":"Rua Pamplona, 1704, 01405-002","equipment_type":"Salas de Cinema","administrative_sphere":"Particular","included_in_metrics":false,"exclusion_reason":"private provider","override_reason":null,"outside_boundary":false,"venue_id":"sp_geosampa_teatro_cinema_show:venue:65"}},{"type":"Feature","geometry":{"type":"Point","coordinates":[-46.66128588,-23.57045391]},"properties":{"id":"sp_geosampa_teatro_cinema_show:equipamento_cultura_teatro_cinema_show.40733","source_id":"sp_geosampa_teatro_cinema_show","name":"CINÉPOLIS JARDIM PAMPLONA - SALA 02 - VIP","name_derived":false,"category":"culture","subcategory":"theatre_cinema","geometry_type":"Point","address":"Rua Pamplona, 1704, 01405-002","equipment_type":"Salas de Cinema","administrative_sphere":"Particular","included_in_metrics":false,"exclusion_reason":"private provider","override_reason":null,"outside_boundary":false,"venue_id":"sp_geosampa_teatro_cinema_show:venue:65"}},{"type":"Feature","geometry":{"type":"Point","coordinates":[-46.66128588,-23.57045391]},"properties":{"id":"sp_geosampa_teatro_cinema_show:equipamento_cultura_teatro_cinema_show.40734","source_id":"sp_geosampa_teatro_cinema_show","name":"CINÉPOLIS JARDIM PAMPLONA - SALA 03 - VIP","name_derived":false,"category":"culture","subcategory":"theatre_cinema","geometry_type":"Point","address":"Rua Pamplona, 1704, 01405-002","equipment_type":"Salas de Cinema","administrative_sphere":"Particular","included_in_metrics":false,"exclusion_reason":"private provider","override_reason":null,"outside_boundary":false,"venue_id":"sp_geosampa_teatro_cinema_show:venue:65"}},{"type":"Feature","geometry":{"type":"Point","coordinates":[-46.66128588,-23.57045391]},"properties":{"id":"sp_geosampa_teatro_cinema_show:equipamento_cultura_teatro_cinema_show.40735","source_id":"sp_geosampa_teatro_cinema_show","name":"CINÉPOLIS JARDIM PAMPLONA - SALA 04 - VIP","name_derived":false,"category":"culture","subcategory":"theatre_cinema","geometry_type":"Point","address":"Rua Pamplona, 1704, 01405-002","equipment_type":"Salas de Cinema","administrative_sphere":"Particular","included_in_metrics":false,"exclusion_reason":"private provider","override_reason":null,"outside_boundary":false,"venue_id":"sp_geosampa_teatro_cinema_show:venue:65"}},{"type":"Feature","geometry":{"type":"Point","coordinates":[-46.66128588,-23.57045391]},"properties":{"id":"sp_geosampa_teatro_cinema_show:equipamento_cultura_teatro_cinema_show.40736","source_id":"sp_geosampa_teatro_cinema_show","name":"CINÉPOLIS JARDIM PAMPLONA - SALA 05 - VIP","name_derived":false,"category":"culture","subcategory":"theatre_cinema","geometry_type":"Point","address":"Rua Pamplona, 1704, 01405-002","equipment_type":"Salas de Cinema","administrative_sphere":"Particular","included_in_metrics":false,"exclusion_reason":"private provider","override_reason":null,"outside_boundary":false,"venue_id":"sp_geosampa_teatro_cinema_show:venue:65"}},{"type":"Feature","geometry":{"type":"Point","coordinates":[-46.64599891,-23.54843067]},"properties":{"id":"sp_geosampa_teatro_cinema_show:equipamento_cultura_teatro_cinema_show.40737","source_id":"sp_geosampa_teatro_cinema_show","name":"CINE BIJOU","name_derived":false,"category":"culture","subcategory":"theatre_cinema","geometry_type":"Point","address":"Praça Franklin Roosevelt, 172, 01303-020","equipment_type":"Salas de Cinema","administrative_sphere":"Particular","included_in_metrics":false,"exclusion_reason":"private provider","override_reason":null,"outside_boundary":false,"venue_id":"sp_geosampa_teatro_cinema_show:venue:66"}},{"type":"Feature","geometry":{"type":"Point","coordinates":[-46.68641369,-23.56363433]},"properties":{"id":"sp_geosampa_teatro_cinema_show:equipamento_cultura_teatro_cinema_show.40738","source_id":"sp_geosampa_teatro_cinema_show","name":"CINESALA","name_derived":false,"category":"culture","subcategory":"theatre_cinema","geometry_type":"Point","address":"Rua Fradique Coutinho, 361, 05416-010","equipment_type":"Salas de Cinema","administrative_sphere":"Particular","included_in_metrics":false,"exclusion_reason":"private provider","override_reason":null,"outside_boundary":false,"venue_id":"sp_geosampa_teatro_cinema_show:venue:67"}},{"type":"Feature","geometry":{"type":"Point","coordinates":[-46.66026392,-23.55901792]},"properties":{"id":"sp_geosampa_teatro_cinema_show:equipamento_cultura_teatro_cinema_show.40739","source_id":"sp_geosampa_teatro_cinema_show","name":"CINE MARQUISE - SALA 01","name_derived":false,"category":"culture","subcategory":"theatre_cinema","geometry_type":"Point","address":"Av. Paulista, 2073, 01311-940","equipment_type":"Salas de Cinema","administrative_sphere":"Particular","included_in_metrics":false,"exclusion_reason":"private provider","override_reason":null,"outside_boundary":false,"venue_id":"sp_geosampa_teatro_cinema_show:venue:68"}},{"type":"Feature","geometry":{"type":"Point","coordinates":[-46.66026392,-23.55901792]},"properties":{"id":"sp_geosampa_teatro_cinema_show:equipamento_cultura_teatro_cinema_show.40740","source_id":"sp_geosampa_teatro_cinema_show","name":"CINE MARQUISE - SALA 02","name_derived":false,"category":"culture","subcategory":"theatre_cinema","geometry_type":"Point","address":"Av. Paulista, 2073, 01311-940","equipment_type":"Salas de Cinema","administrative_sphere":"Particular","included_in_metrics":false,"exclusion_reason":"private provider","override_reason":null,"outside_boundary":false,"venue_id":"sp_geosampa_teatro_cinema_show:venue:68"}},{"type":"Feature","geometry":{"type":"Point","coordinates":[-46.66242191,-23.55561077]},"properties":{"id":"sp_geosampa_teatro_cinema_show:equipamento_cultura_teatro_cinema_show.40741","source_id":"sp_geosampa_teatro_cinema_show","name":"CENTRO DE CULTURA BELAS ARTES CINEMA - SALA 01 - VILLA LOBOS","name_derived":false,"category":"culture","subcategory":"theatre_cinema","geometry_type":"Point","address":"Rua Da Consolação, 2423, 01301-100","equipment_type":"Salas de Cinema","administrative_sphere":"Particular","included_in_metrics":false,"exclusion_reason":"private provider","override_reason":null,"outside_boundary":false,"venue_id":"sp_geosampa_teatro_cinema_show:venue:69"}},{"type":"Feature","geometry":{"type":"Point","coordinates":[-46.66242191,-23.55561077]},"properties":{"id":"sp_geosampa_teatro_cinema_show:equipamento_cultura_teatro_cinema_show.40742","source_id":"sp_geosampa_teatro_cinema_show","name":"CENTRO DE CULTURA BELAS ARTES CINEMA - SALA 02 - LEON CAKOFF","name_derived":false,"category":"culture","subcategory":"theatre_cinema","geometry_type":"Point","address":"Rua Da Consolação, 2423, 01301-100","equipment_type":"Salas de Cinema","administrative_sphere":"Particular","included_in_metrics":false,"exclusion_reason":"private provider","override_reason":null,"outside_boundary":false,"venue_id":"sp_geosampa_teatro_cinema_show:venue:69"}},{"type":"Feature","geometry":{"type":"Point","coordinates":[-46.66242191,-23.55561077]},"properties":{"id":"sp_geosampa_teatro_cinema_show:equipamento_cultura_teatro_cinema_show.40743","source_id":"sp_geosampa_teatro_cinema_show","name":"CENTRO DE CULTURA BELAS ARTES CINEMA - SALA 03 - RUBENS EWALD FILHO","name_derived":false,"category":"culture","subcategory":"theatre_cinema","geometry_type":"Point","address":"Rua Da Consolação, 2423, 01301-100","equipment_type":"Salas de Cinema","administrative_sphere":"Particular","included_in_metrics":false,"exclusion_reason":"private provider","override_reason":null,"outside_boundary":false,"venue_id":"sp_geosampa_teatro_cinema_show:venue:69"}},{"type":"Feature","geometry":{"type":"Point","coordinates":[-46.66242191,-23.55561077]},"properties":{"id":"sp_geosampa_teatro_cinema_show:equipamento_cultura_teatro_cinema_show.40744","source_id":"sp_geosampa_teatro_cinema_show","name":"CENTRO DE CULTURA BELAS ARTES CINEMA - SALA 04 - ALEIJADINHO","name_derived":false,"category":"culture","subcategory":"theatre_cinema","geometry_type":"Point","address":"Rua Da Consolação, 2423, 01301-100","equipment_type":"Salas de Cinema","administrative_sphere":"Particular","included_in_metrics":false,"exclusion_reason":"private provider","override_reason":null,"outside_boundary":false,"venue_id":"sp_geosampa_teatro_cinema_show:venue:69"}},{"type":"Feature","geometry":{"type":"Point","coordinates":[-46.66242191,-23.55561077]},"properties":{"id":"sp_geosampa_teatro_cinema_show:equipamento_cultura_teatro_cinema_show.40745","source_id":"sp_geosampa_teatro_cinema_show","name":"CENTRO DE CULTURA BELAS ARTES CINEMA - SALA 05 - CARMEN MIRANDA","name_derived":false,"category":"culture","subcategory":"theatre_cinema","geometry_type":"Point","address":"Rua Da Consolação, 2423, 01301-100","equipment_type":"Salas de Cinema","administrative_sphere":"Particular","included_in_metrics":false,"exclusion_reason":"private provider","override_reason":null,"outside_boundary":false,"venue_id":"sp_geosampa_teatro_cinema_show:venue:69"}},{"type":"Feature","geometry":{"type":"Point","coordinates":[-46.66242191,-23.55561077]},"properties":{"id":"sp_geosampa_teatro_cinema_show:equipamento_cultura_teatro_cinema_show.40746","source_id":"sp_geosampa_teatro_cinema_show","name":"CENTRO DE CULTURA BELAS ARTES CINEMA - SALA 06 - MARIO DE ANDRADE","name_derived":false,"category":"culture","subcategory":"theatre_cinema","geometry_type":"Point","address":"Rua Da Consolação, 2423, 01301-100","equipment_type":"Salas de Cinema","administrative_sphere":"Particular","included_in_metrics":false,"exclusion_reason":"private provider","override_reason":null,"outside_boundary":false,"venue_id":"sp_geosampa_teatro_cinema_show:venue:69"}},{"type":"Feature","geometry":{"type":"Point","coordinates":[-46.70563846,-23.65473506]},"properties":{"id":"sp_geosampa_teatro_cinema_show:equipamento_cultura_teatro_cinema_show.40747","source_id":"sp_geosampa_teatro_cinema_show","name":"CINE PLAZA","name_derived":false,"category":"culture","subcategory":"theatre_cinema","geometry_type":"Point","address":"Rua Senador Flaquer, 168, 04744-030","equipment_type":"Salas de Cinema","administrative_sphere":"Particular","included_in_metrics":false,"exclusion_reason":"private provider","override_reason":null,"outside_boundary":false,"venue_id":"sp_geosampa_teatro_cinema_show:venue:70"}},{"type":"Feature","geometry":{"type":"Point","coordinates":[-46.62683584,-23.61994146]},"properties":{"id":"sp_geosampa_teatro_cinema_show:equipamento_cultura_teatro_cinema_show.40748","source_id":"sp_geosampa_teatro_cinema_show","name":"UCI PLAZA SUL - SALA 01","name_derived":false,"category":"culture","subcategory":"theatre_cinema","geometry_type":"Point","address":"Praça Leonor Kaupa, 100, 04151-100","equipment_type":"Salas de Cinema","administrative_sphere":"Particular","included_in_metrics":false,"exclusion_reason":"private provider","override_reason":null,"outside_boundary":false,"venue_id":"sp_geosampa_teatro_cinema_show:venue:71"}},{"type":"Feature","geometry":{"type":"Point","coordinates":[-46.62683584,-23.61994146]},"properties":{"id":"sp_geosampa_teatro_cinema_show:equipamento_cultura_teatro_cinema_show.40749","source_id":"sp_geosampa_teatro_cinema_show","name":"UCI PLAZA SUL - SALA 02","name_derived":false,"category":"culture","subcategory":"theatre_cinema","geometry_type":"Point","address":"Praça Leonor Kaupa, 100, 04151-100","equipment_type":"Salas de Cinema","administrative_sphere":"Particular","included_in_metrics":false,"exclusion_reason":"private provider","override_reason":null,"outside_boundary":false,"venue_id":"sp_geosampa_teatro_cinema_show:venue:71"}},{"type":"Feature","geometry":{"type":"Point","coordinates":[-46.62683584,-23.61994146]},"properties":{"id":"sp_geosampa_teatro_cinema_show:equipamento_cultura_teatro_cinema_show.40750","source_id":"sp_geosampa_teatro_cinema_show","name":"UCI PLAZA SUL - SALA 03","name_derived":false,"category":"culture","subcategory":"theatre_cinema","geometry_type":"Point","address":"Praça Leonor Kaupa, 100, 04151-100","equipment_type":"Salas de Cinema","administrative_sphere":"Particular","included_in_metrics":false,"exclusion_reason":"private provider","override_reason":null,"outside_boundary":false,"venue_id":"sp_geosampa_teatro_cinema_show:venue:71"}},{"type":"Feature","geometry":{"type":"Point","coordinates":[-46.62683584,-23.61994146]},"properties":{"id":"sp_geosampa_teatro_cinema_show:equipamento_cultura_teatro_cinema_show.40751","source_id":"sp_geosampa_teatro_cinema_show","name":"UCI PLAZA SUL - SALA 04","name_derived":false,"category":"culture","subcategory":"theatre_cinema","geometry_type":"Point","address":"Praça Leonor Kaupa, 100, 04151-100","equipment_type":"Salas de Cinema","administrative_sphere":"Particular","included_in_metrics":false,"exclusion_reason":"private provider","override_reason":null,"outside_boundary":false,"venue_id":"sp_geosampa_teatro_cinema_show:venue:71"}},{"type":"Feature","geometry":{"type":"Point","coordinates":[-46.62683584,-23.61994146]},"properties":{"id":"sp_geosampa_teatro_cinema_show:equipamento_cultura_teatro_cinema_show.40752","source_id":"sp_geosampa_teatro_cinema_show","name":"UCI PLAZA SUL - SALA 05","name_derived":false,"category":"culture","subcategory":"theatre_cinema","geometry_type":"Point","address":"Praça Leonor Kaupa, 100, 04151-100","equipment_type":"Salas de Cinema","administrative_sphere":"Particular","included_in_metrics":false,"exclusion_reason":"private provider","override_reason":null,"outside_boundary":false,"venue_id":"sp_geosampa_teatro_cinema_show:venue:71"}},{"type":"Feature","geometry":{"type":"Point","coordinates":[-46.62683584,-23.61994146]},"properties":{"id":"sp_geosampa_teatro_cinema_show:equipamento_cultura_teatro_cinema_show.40753","source_id":"sp_geosampa_teatro_cinema_show","name":"UCI PLAZA SUL - SALA 06","name_derived":false,"category":"culture","subcategory":"theatre_cinema","geometry_type":"Point","address":"Praça Leonor Kaupa, 100, 04151-100","equipment_type":"Salas de Cinema","administrative_sphere":"Particular","included_in_metrics":false,"exclusion_reason":"private provider","override_reason":null,"outside_boundary":false,"venue_id":"sp_geosampa_teatro_cinema_show:venue:71"}},{"type":"Feature","geometry":{"type":"Point","coordinates":[-46.70080991,-23.5212724]},"properties":{"id":"sp_geosampa_teatro_cinema_show:equipamento_cultura_teatro_cinema_show.40754","source_id":"sp_geosampa_teatro_cinema_show","name":"GRUPOCINE LAPA - SALA 01","name_derived":false,"category":"culture","subcategory":"theatre_cinema","geometry_type":"Point","address":"Rua Catao, 72, 05049-901","equipment_type":"Salas de Cinema","administrative_sphere":"Particular","included_in_metrics":false,"exclusion_reason":"private provider","override_reason":null,"outside_boundary":false,"venue_id":"sp_geosampa_teatro_cinema_show:venue:72"}},{"type":"Feature","geometry":{"type":"Point","coordinates":[-46.70080991,-23.5212724]},"properties":{"id":"sp_geosampa_teatro_cinema_show:equipamento_cultura_teatro_cinema_show.40755","source_id":"sp_geosampa_teatro_cinema_show","name":"GRUPOCINE LAPA - SALA 02","name_derived":false,"category":"culture","subcategory":"theatre_cinema","geometry_type":"Point","address":"Rua Catao, 72, 05049-901","equipment_type":"Salas de Cinema","administrative_sphere":"Particular","included_in_metrics":false,"exclusion_reason":"private provider","override_reason":null,"outside_boundary":false,"venue_id":"sp_geosampa_teatro_cinema_show:venue:72"}},{"type":"Feature","geometry":{"type":"Point","coordinates":[-46.70080991,-23.5212724]},"properties":{"id":"sp_geosampa_teatro_cinema_show:equipamento_cultura_teatro_cinema_show.40756","source_id":"sp_geosampa_teatro_cinema_show","name":"GRUPOCINE LAPA - SALA 03 (fechado temporariamente)","name_derived":false,"category":"culture","subcategory":"theatre_cinema","geometry_type":"Point","address":"Rua Catao, 72, 05049-901","equipment_type":"Salas de Cinema","administrative_sphere":"Particular","included_in_metrics":false,"exclusion_reason":"private provider","override_reason":null,"outside_boundary":false,"venue_id":"sp_geosampa_teatro_cinema_show:venue:72"}},{"type":"Feature","geometry":{"type":"Point","coordinates":[-46.75726754,-23.54766538]},"properties":{"id":"sp_geosampa_teatro_cinema_show:equipamento_cultura_teatro_cinema_show.40757","source_id":"sp_geosampa_teatro_cinema_show","name":"CINE A CONTINENTAL - SALA 01","name_derived":false,"category":"culture","subcategory":"theatre_cinema","geometry_type":"Point","address":"Av. Leão Machado, 100, 05328-020","equipment_type":"Salas de Cinema","administrative_sphere":"Particular","included_in_metrics":false,"exclusion_reason":"private provider","override_reason":null,"outside_boundary":false,"venue_id":"sp_geosampa_teatro_cinema_show:venue:73"}},{"type":"Feature","geometry":{"type":"Point","coordinates":[-46.75726754,-23.54766538]},"properties":{"id":"sp_geosampa_teatro_cinema_show:equipamento_cultura_teatro_cinema_show.40758","source_id":"sp_geosampa_teatro_cinema_show","name":"CINE A CONTINENTAL - SALA 02","name_derived":false,"category":"culture","subcategory":"theatre_cinema","geometry_type":"Point","address":"Av. Leão Machado, 100, 05328-020","equipment_type":"Salas de Cinema","administrative_sphere":"Particular","included_in_metrics":false,"exclusion_reason":"private provider","override_reason":null,"outside_boundary":false,"venue_id":"sp_geosampa_teatro_cinema_show:venue:73"}},{"type":"Feature","geometry":{"type":"Point","coordinates":[-46.75726754,-23.54766538]},"properties":{"id":"sp_geosampa_teatro_cinema_show:equipamento_cultura_teatro_cinema_show.40759","source_id":"sp_geosampa_teatro_cinema_show","name":"CINE A CONTINENTAL - SALA 03","name_derived":false,"category":"culture","subcategory":"theatre_cinema","geometry_type":"Point","address":"Av. Leão Machado, 100, 05328-020","equipment_type":"Salas de Cinema","administrative_sphere":"Particular","included_in_metrics":false,"exclusion_reason":"private provider","override_reason":null,"outside_boundary":false,"venue_id":"sp_geosampa_teatro_cinema_show:venue:73"}},{"type":"Feature","geometry":{"type":"Point","coordinates":[-46.75726754,-23.54766538]},"properties":{"id":"sp_geosampa_teatro_cinema_show:equipamento_cultura_teatro_cinema_show.40760","source_id":"sp_geosampa_teatro_cinema_show","name":"CINE A CONTINENTAL - SALA 04","name_derived":false,"category":"culture","subcategory":"theatre_cinema","geometry_type":"Point","address":"Av. Leão Machado, 100, 05328-020","equipment_type":"Salas de Cinema","administrative_sphere":"Particular","included_in_metrics":false,"exclusion_reason":"private provider","override_reason":null,"outside_boundary":false,"venue_id":"sp_geosampa_teatro_cinema_show:venue:73"}},{"type":"Feature","geometry":{"type":"Point","coordinates":[-46.75726754,-23.54766538]},"properties":{"id":"sp_geosampa_teatro_cinema_show:equipamento_cultura_teatro_cinema_show.40761","source_id":"sp_geosampa_teatro_cinema_show","name":"CINE A CONTINENTAL - SALA 05","name_derived":false,"category":"culture","subcategory":"theatre_cinema","geometry_type":"Point","address":"Av. Leão Machado, 100, 05328-020","equipment_type":"Salas de Cinema","administrative_sphere":"Particular","included_in_metrics":false,"exclusion_reason":"private provider","override_reason":null,"outside_boundary":false,"venue_id":"sp_geosampa_teatro_cinema_show:venue:73"}},{"type":"Feature","geometry":{"type":"Point","coordinates":[-46.75749415,-23.64976056]},"properties":{"id":"sp_geosampa_teatro_cinema_show:equipamento_cultura_teatro_cinema_show.40762","source_id":"sp_geosampa_teatro_cinema_show","name":"MULTIPLEX SHOPPING CAMPO LIMPO - SALA VI","name_derived":false,"category":"culture","subcategory":"theatre_cinema","geometry_type":"Point","address":"Estrada De Campo Limpo, 459, 05787-000","equipment_type":"Salas de Cinema","administrative_sphere":"Particular","included_in_metrics":false,"exclusion_reason":"private provider","override_reason":null,"outside_boundary":false,"venue_id":"sp_geosampa_teatro_cinema_show:venue:27"}},{"type":"Feature","geometry":{"type":"Point","coordinates":[-46.66026392,-23.55901792]},"properties":{"id":"sp_geosampa_teatro_cinema_show:equipamento_cultura_teatro_cinema_show.40763","source_id":"sp_geosampa_teatro_cinema_show","name":"CINE MARQUISE - SALA 03","name_derived":false,"category":"culture","subcategory":"theatre_cinema","geometry_type":"Point","address":"Av. Paulista, 2073, 01311-940","equipment_type":"Salas de Cinema","administrative_sphere":"Particular","included_in_metrics":false,"exclusion_reason":"private provider","override_reason":null,"outside_boundary":false,"venue_id":"sp_geosampa_teatro_cinema_show:venue:68"}},{"type":"Feature","geometry":{"type":"Point","coordinates":[-46.67677525,-23.53293164]},"properties":{"id":"sp_geosampa_teatro_cinema_show:equipamento_cultura_teatro_cinema_show.40764","source_id":"sp_geosampa_teatro_cinema_show","name":"CINE LT3","name_derived":false,"category":"culture","subcategory":"theatre_cinema","geometry_type":"Point","address":"Rua Apinajes, 135, 05017-000","equipment_type":"Salas de Cinema","administrative_sphere":"Particular","included_in_metrics":false,"exclusion_reason":"private provider","override_reason":null,"outside_boundary":false,"venue_id":"sp_geosampa_teatro_cinema_show:venue:74"}},{"type":"Feature","geometry":{"type":"Point","coordinates":[-46.64510852,-23.55833248]},"properties":{"id":"sp_geosampa_teatro_cinema_show:equipamento_cultura_teatro_cinema_show.40765","source_id":"sp_geosampa_teatro_cinema_show","name":"CINE-TEATRO DENOY DE OLIVEIRA","name_derived":false,"category":"culture","subcategory":"theatre_cinema","geometry_type":"Point","address":"Rua Rui Barbosa, 323, 01326-010","equipment_type":"Salas de Cinema","administrative_sphere":"Particular","included_in_metrics":false,"exclusion_reason":"private provider","override_reason":null,"outside_boundary":false,"venue_id":"sp_geosampa_teatro_cinema_show:venue:75"}},{"type":"Feature","geometry":{"type":"Point","coordinates":[-46.45642868,-23.62034305]},"properties":{"id":"sp_geosampa_teatro_cinema_show:equipamento_cultura_teatro_cinema_show.40766","source_id":"sp_geosampa_teatro_cinema_show","name":"Salas Especiais SPcine - CEU São Rafael","name_derived":false,"category":"culture","subcategory":"theatre_cinema","geometry_type":"Point","address":"Rua Cinira Polônio, 100, 08395-320","equipment_type":"Salas de Cinema","administrative_sphere":"Municipal","included_in_metrics":true,"exclusion_reason":null,"override_reason":null,"outside_boundary":false,"venue_id":"sp_geosampa_teatro_cinema_show:venue:76"}},{"type":"Feature","geometry":{"type":"Point","coordinates":[-46.64027358,-23.57126215]},"properties":{"id":"sp_geosampa_teatro_cinema_show:equipamento_cultura_teatro_cinema_show.40767","source_id":"sp_geosampa_teatro_cinema_show","name":"Sala de Cinema SPCINE - Lima Barreto","name_derived":false,"category":"culture","subcategory":"theatre_cinema","geometry_type":"Point","address":"Rua Vergueiro, 1000","equipment_type":"Salas de Cinema","administrative_sphere":"Municipal","included_in_metrics":true,"exclusion_reason":null,"override_reason":null,"outside_boundary":false,"venue_id":"sp_geosampa_teatro_cinema_show:venue:77"}},{"type":"Feature","geometry":{"type":"Point","coordinates":[-46.64027358,-23.57126215]},"properties":{"id":"sp_geosampa_teatro_cinema_show:equipamento_cultura_teatro_cinema_show.40768","source_id":"sp_geosampa_teatro_cinema_show","name":"Sala de Cinema SPCINE - Paulo Emílio","name_derived":false,"category":"culture","subcategory":"theatre_cinema","geometry_type":"Point","address":"Rua Vergueiro, 1000","equipment_type":"Salas de Cinema","administrative_sphere":"Municipal","included_in_metrics":false,"exclusion_reason":"another room of the same venue (venue counted once)","override_reason":null,"outside_boundary":false,"venue_id":"sp_geosampa_teatro_cinema_show:venue:77"}},{"type":"Feature","geometry":{"type":"Point","coordinates":[-46.64027358,-23.57126215]},"properties":{"id":"sp_geosampa_teatro_cinema_show:equipamento_cultura_teatro_cinema_show.40769","source_id":"sp_geosampa_teatro_cinema_show","name":"Teatro Adoniran Barbosa","name_derived":false,"category":"culture","subcategory":"theatre_cinema","geometry_type":"Point","address":"Rua Vergueiro, 1000","equipment_type":"Salas de Teatro","administrative_sphere":"Municipal","included_in_metrics":false,"exclusion_reason":"another room of the same venue (venue counted once)","override_reason":null,"outside_boundary":false,"venue_id":"sp_geosampa_teatro_cinema_show:venue:77"}},{"type":"Feature","geometry":{"type":"Point","coordinates":[-46.64027358,-23.57126215]},"properties":{"id":"sp_geosampa_teatro_cinema_show:equipamento_cultura_teatro_cinema_show.40770","source_id":"sp_geosampa_teatro_cinema_show","name":"Teatro Jardel Filho","name_derived":false,"category":"culture","subcategory":"theatre_cinema","geometry_type":"Point","address":"Rua Vergueiro, 1000","equipment_type":"Salas de Teatro","administrative_sphere":"Municipal","included_in_metrics":false,"exclusion_reason":"another room of the same venue (venue counted once)","override_reason":null,"outside_boundary":false,"venue_id":"sp_geosampa_teatro_cinema_show:venue:77"}},{"type":"Feature","geometry":{"type":"Point","coordinates":[-46.64027358,-23.57126215]},"properties":{"id":"sp_geosampa_teatro_cinema_show:equipamento_cultura_teatro_cinema_show.40771","source_id":"sp_geosampa_teatro_cinema_show","name":"Espaço Cênico Ademar Guerra","name_derived":false,"category":"culture","subcategory":"theatre_cinema","geometry_type":"Point","address":"Rua Vergueiro, 1000","equipment_type":"Salas de Teatro","administrative_sphere":"Municipal","included_in_metrics":false,"exclusion_reason":"another room of the same venue (venue counted once)","override_reason":null,"outside_boundary":false,"venue_id":"sp_geosampa_teatro_cinema_show:venue:77"}},{"type":"Feature","geometry":{"type":"Point","coordinates":[-46.5833597,-23.45740619]},"properties":{"id":"sp_geosampa_teatro_cinema_show:equipamento_cultura_teatro_cinema_show.40772","source_id":"sp_geosampa_teatro_cinema_show","name":"Salas Especiais SPcine - CEU Jaçanã","name_derived":false,"category":"culture","subcategory":"theatre_cinema","geometry_type":"Point","address":"Rua Francisca Espósito Tonetti, 105, 02276-010","equipment_type":"Salas de Cinema","administrative_sphere":"Municipal","included_in_metrics":true,"exclusion_reason":null,"override_reason":null,"outside_boundary":false,"venue_id":"sp_geosampa_teatro_cinema_show:venue:78"}},{"type":"Feature","geometry":{"type":"Point","coordinates":[-46.70880004,-23.64548589]},"properties":{"id":"sp_geosampa_teatro_cinema_show:equipamento_cultura_teatro_cinema_show.40773","source_id":"sp_geosampa_teatro_cinema_show","name":"Teatro Leopoldo Froes","name_derived":false,"category":"culture","subcategory":"theatre_cinema","geometry_type":"Point","address":"Rua Antônio Bandeira, 114","equipment_type":"Salas de Teatro","administrative_sphere":"Municipal","included_in_metrics":true,"exclusion_reason":null,"override_reason":null,"outside_boundary":false,"venue_id":"sp_geosampa_teatro_cinema_show:venue:79"}},{"type":"Feature","geometry":{"type":"Point","coordinates":[-46.68870924,-23.44814953]},"properties":{"id":"sp_geosampa_teatro_cinema_show:equipamento_cultura_teatro_cinema_show.40774","source_id":"sp_geosampa_teatro_cinema_show","name":"Salas Especiais SPcine - CEU Paz","name_derived":false,"category":"culture","subcategory":"theatre_cinema","geometry_type":"Point","address":"Rua Daniel Cerri, 1549, 02876-170","equipment_type":"Salas de Cinema","administrative_sphere":"Municipal","included_in_metrics":true,"exclusion_reason":null,"override_reason":null,"outside_boundary":false,"venue_id":"sp_geosampa_teatro_cinema_show:venue:80"}},{"type":"Feature","geometry":{"type":"Point","coordinates":[-46.54030274,-23.57173387]},"properties":{"id":"sp_geosampa_teatro_cinema_show:equipamento_cultura_teatro_cinema_show.40775","source_id":"sp_geosampa_teatro_cinema_show","name":"Teatro Zanoni Ferrite","name_derived":false,"category":"culture","subcategory":"theatre_cinema","geometry_type":"Point","address":"Avenida Renata, 163","equipment_type":"Salas de Teatro","administrative_sphere":"Municipal","included_in_metrics":true,"exclusion_reason":null,"override_reason":null,"outside_boundary":false,"venue_id":"sp_geosampa_teatro_cinema_show:venue:81"}},{"type":"Feature","geometry":{"type":"Point","coordinates":[-46.6282631,-23.51172547]},"properties":{"id":"sp_geosampa_teatro_cinema_show:equipamento_cultura_teatro_cinema_show.40776","source_id":"sp_geosampa_teatro_cinema_show","name":"Teatro Alfredo Mesquita","name_derived":false,"category":"culture","subcategory":"theatre_cinema","geometry_type":"Point","address":"Avenida Santos Dumont, 1770","equipment_type":"Salas de Teatro","administrative_sphere":"Municipal","included_in_metrics":true,"exclusion_reason":null,"override_reason":null,"outside_boundary":false,"venue_id":"sp_geosampa_teatro_cinema_show:venue:82"}},{"type":"Feature","geometry":{"type":"Point","coordinates":[-46.54845376,-23.52584113]},"properties":{"id":"sp_geosampa_teatro_cinema_show:equipamento_cultura_teatro_cinema_show.40777","source_id":"sp_geosampa_teatro_cinema_show","name":"Teatro Martins Penna","name_derived":false,"category":"culture","subcategory":"theatre_cinema","geometry_type":"Point","address":"Largo do Rosário, 20","equipment_type":"Salas de Teatro","administrative_sphere":"Municipal","included_in_metrics":true,"exclusion_reason":null,"override_reason":null,"outside_boundary":false,"venue_id":"sp_geosampa_teatro_cinema_show:venue:83"}},{"type":"Feature","geometry":{"type":"Point","coordinates":[-46.69624123,-23.52839038]},"properties":{"id":"sp_geosampa_teatro_cinema_show:equipamento_cultura_teatro_cinema_show.40778","source_id":"sp_geosampa_teatro_cinema_show","name":"Teatro Cacilda Becker","name_derived":false,"category":"culture","subcategory":"theatre_cinema","geometry_type":"Point","address":"Rua Tito, 295","equipment_type":"Salas de Teatro","administrative_sphere":"Municipal","included_in_metrics":true,"exclusion_reason":null,"override_reason":null,"outside_boundary":false,"venue_id":"sp_geosampa_teatro_cinema_show:venue:84"}},{"type":"Feature","geometry":{"type":"Point","coordinates":[-46.6361888,-23.54669919]},"properties":{"id":"sp_geosampa_teatro_cinema_show:equipamento_cultura_teatro_cinema_show.40779","source_id":"sp_geosampa_teatro_cinema_show","name":"Auditório Conpresp - Sampaio Moreira","name_derived":false,"category":"culture","subcategory":"theatre_cinema","geometry_type":"Point","address":"R. Líbero Badaró, 340","equipment_type":"Salas de Teatro","administrative_sphere":"Municipal","included_in_metrics":true,"exclusion_reason":null,"override_reason":null,"outside_boundary":false,"venue_id":"sp_geosampa_teatro_cinema_show:venue:85"}},{"type":"Feature","geometry":{"type":"Point","coordinates":[-46.38977398,-23.51327898]},"properties":{"id":"sp_geosampa_teatro_cinema_show:equipamento_cultura_teatro_cinema_show.40780","source_id":"sp_geosampa_teatro_cinema_show","name":"Salas Especiais SPcine - CEU Parque Veredas","name_derived":false,"category":"culture","subcategory":"theatre_cinema","geometry_type":"Point","address":"Rua Daniel Muller, 347, 08141-290","equipment_type":"Salas de Cinema","administrative_sphere":"Municipal","included_in_metrics":true,"exclusion_reason":null,"override_reason":null,"outside_boundary":false,"venue_id":"sp_geosampa_teatro_cinema_show:venue:86"}},{"type":"Feature","geometry":{"type":"Point","coordinates":[-46.66988149,-23.47582036]},"properties":{"id":"sp_geosampa_teatro_cinema_show:equipamento_cultura_teatro_cinema_show.40781","source_id":"sp_geosampa_teatro_cinema_show","name":"Anfiteatro do Centro Cultural da Juventude (fechado temporariamente)","name_derived":false,"category":"culture","subcategory":"theatre_cinema","geometry_type":"Point","address":"Avenida Deputado Emílio Carlos, 3641","equipment_type":"Salas de Teatro","administrative_sphere":"Municipal","included_in_metrics":true,"exclusion_reason":null,"override_reason":null,"outside_boundary":false,"venue_id":"sp_geosampa_teatro_cinema_show:venue:87"}},{"type":"Feature","geometry":{"type":"Point","coordinates":[-46.79462735,-23.68621436]},"properties":{"id":"sp_geosampa_teatro_cinema_show:equipamento_cultura_teatro_cinema_show.40782","source_id":"sp_geosampa_teatro_cinema_show","name":"Salas Especiais SPcine - CEU Feitiço da Vila","name_derived":false,"category":"culture","subcategory":"theatre_cinema","geometry_type":"Point","address":"Rua Feitiço da Vila, 399, 05879-000","equipment_type":"Salas de Cinema","administrative_sphere":"Municipal","included_in_metrics":true,"exclusion_reason":null,"override_reason":null,"outside_boundary":false,"venue_id":"sp_geosampa_teatro_cinema_show:venue:88"}},{"type":"Feature","geometry":{"type":"Point","coordinates":[-46.64492514,-23.65092259]},"properties":{"id":"sp_geosampa_teatro_cinema_show:equipamento_cultura_teatro_cinema_show.40783","source_id":"sp_geosampa_teatro_cinema_show","name":"Anfiteatro do Centro de Culturas Negras Jabaquara","name_derived":false,"category":"culture","subcategory":"theatre_cinema","geometry_type":"Point","address":"Rua Arsênio Tavolieri, 45","equipment_type":"Salas de Teatro","administrative_sphere":"Municipal","included_in_metrics":true,"exclusion_reason":null,"override_reason":null,"outside_boundary":false,"venue_id":"sp_geosampa_teatro_cinema_show:venue:89"}},{"type":"Feature","geometry":{"type":"Point","coordinates":[-46.68390388,-23.5871438]},"properties":{"id":"sp_geosampa_teatro_cinema_show:equipamento_cultura_teatro_cinema_show.40784","source_id":"sp_geosampa_teatro_cinema_show","name":"Teatro Décio de Almeida Prado - Centro Cultural Diversidade","name_derived":false,"category":"culture","subcategory":"theatre_cinema","geometry_type":"Point","address":"Rua Lopes Neto, 206","equipment_type":"Salas de Teatro","administrative_sphere":"Municipal","included_in_metrics":true,"exclusion_reason":null,"override_reason":null,"outside_boundary":false,"venue_id":"sp_geosampa_teatro_cinema_show:venue:90"}},{"type":"Feature","geometry":{"type":"Point","coordinates":[-46.63904946,-23.54345176]},"properties":{"id":"sp_geosampa_teatro_cinema_show:equipamento_cultura_teatro_cinema_show.40785","source_id":"sp_geosampa_teatro_cinema_show","name":"Sala Especial SPcine - Galeria Olido (fechado temporariamente)","name_derived":false,"category":"culture","subcategory":"theatre_cinema","geometry_type":"Point","address":"Avenida São João, 473","equipment_type":"Salas de Cinema","administrative_sphere":"Municipal","included_in_metrics":true,"exclusion_reason":null,"override_reason":null,"outside_boundary":false,"venue_id":"sp_geosampa_teatro_cinema_show:venue:91"}},{"type":"Feature","geometry":{"type":"Point","coordinates":[-46.63904946,-23.54345176]},"properties":{"id":"sp_geosampa_teatro_cinema_show:equipamento_cultura_teatro_cinema_show.40786","source_id":"sp_geosampa_teatro_cinema_show","name":"Sala Olido - Galeria Olido (fechado temporariamente)","name_derived":false,"category":"culture","subcategory":"theatre_cinema","geometry_type":"Point","address":"Avenida São João, 473","equipment_type":"Salas de Teatro","administrative_sphere":"Municipal","included_in_metrics":false,"exclusion_reason":"another room of the same venue (venue counted once)","override_reason":null,"outside_boundary":false,"venue_id":"sp_geosampa_teatro_cinema_show:venue:91"}},{"type":"Feature","geometry":{"type":"Point","coordinates":[-46.63831705,-23.54322865]},"properties":{"id":"sp_geosampa_teatro_cinema_show:equipamento_cultura_teatro_cinema_show.40787","source_id":"sp_geosampa_teatro_cinema_show","name":"Sala Paissandu - Galeria Olido","name_derived":false,"category":"culture","subcategory":"theatre_cinema","geometry_type":"Point","address":"Avenida São João, 474","equipment_type":"Salas de Teatro","administrative_sphere":"Municipal","included_in_metrics":true,"exclusion_reason":null,"override_reason":null,"outside_boundary":false,"venue_id":"sp_geosampa_teatro_cinema_show:venue:92"}},{"type":"Feature","geometry":{"type":"Point","coordinates":[-46.69281427,-23.73630052]},"properties":{"id":"sp_geosampa_teatro_cinema_show:equipamento_cultura_teatro_cinema_show.40788","source_id":"sp_geosampa_teatro_cinema_show","name":"Anfiteatro do Centro Cultural Grajaú","name_derived":false,"category":"culture","subcategory":"theatre_cinema","geometry_type":"Point","address":"Rua Professor Oscar Barreto Filho, 50","equipment_type":"Salas de Teatro","administrative_sphere":"Municipal","included_in_metrics":true,"exclusion_reason":null,"override_reason":null,"outside_boundary":false,"venue_id":"sp_geosampa_teatro_cinema_show:venue:93"}},{"type":"Feature","geometry":{"type":"Point","coordinates":[-46.69281427,-23.73630052]},"properties":{"id":"sp_geosampa_teatro_cinema_show:equipamento_cultura_teatro_cinema_show.40789","source_id":"sp_geosampa_teatro_cinema_show","name":"Sala Especial SPcine - Cine Sabotage","name_derived":false,"category":"culture","subcategory":"theatre_cinema","geometry_type":"Point","address":"Rua Professor Oscar Barreto Filho, 50","equipment_type":"Salas de Cinema","administrative_sphere":"Municipal","included_in_metrics":false,"exclusion_reason":"another room of the same venue (venue counted once)","override_reason":null,"outside_boundary":false,"venue_id":"sp_geosampa_teatro_cinema_show:venue:93"}},{"type":"Feature","geometry":{"type":"Point","coordinates":[-46.60239565,-23.58760594]},"properties":{"id":"sp_geosampa_teatro_cinema_show:equipamento_cultura_teatro_cinema_show.40790","source_id":"sp_geosampa_teatro_cinema_show","name":"Sala Especial SPcine - Roberto Santos","name_derived":false,"category":"culture","subcategory":"theatre_cinema","geometry_type":"Point","address":"Rua Cisplatina, 505","equipment_type":"Salas de Cinema","administrative_sphere":"Municipal","included_in_metrics":true,"exclusion_reason":null,"override_reason":null,"outside_boundary":false,"venue_id":"sp_geosampa_teatro_cinema_show:venue:94"}},{"type":"Feature","geometry":{"type":"Point","coordinates":[-46.63640156,-23.66704275]},"properties":{"id":"sp_geosampa_teatro_cinema_show:equipamento_cultura_teatro_cinema_show.40791","source_id":"sp_geosampa_teatro_cinema_show","name":"Salas Especiais SPcine - CEU Caminho do Mar","name_derived":false,"category":"culture","subcategory":"theatre_cinema","geometry_type":"Point","address":"Rua Engenheiro Armando de Arruda Pereira, 5241, 04325-001","equipment_type":"Salas de Cinema","administrative_sphere":"Municipal","included_in_metrics":true,"exclusion_reason":null,"override_reason":null,"outside_boundary":false,"venue_id":"sp_geosampa_teatro_cinema_show:venue:95"}},{"type":"Feature","geometry":{"type":"Point","coordinates":[-46.49652535,-23.49901734]},"properties":{"id":"sp_geosampa_teatro_cinema_show:equipamento_cultura_teatro_cinema_show.40792","source_id":"sp_geosampa_teatro_cinema_show","name":"Salas Especiais SPcine - CEU Quinta do Sol","name_derived":false,"category":"culture","subcategory":"theatre_cinema","geometry_type":"Point","address":"Av. Luiz Imparato, 564, 03819-160","equipment_type":"Salas de Cinema","administrative_sphere":"Municipal","included_in_metrics":true,"exclusion_reason":null,"override_reason":null,"outside_boundary":false,"venue_id":"sp_geosampa_teatro_cinema_show:venue:96"}},{"type":"Feature","geometry":{"type":"Point","coordinates":[-46.50332832,-23.57032109]},"properties":{"id":"sp_geosampa_teatro_cinema_show:equipamento_cultura_teatro_cinema_show.40793","source_id":"sp_geosampa_teatro_cinema_show","name":"Salas Especiais SPcine - CEU Aricanduva","name_derived":false,"category":"culture","subcategory":"theatre_cinema","geometry_type":"Point","address":"Av. Olga Fadel Abarca, 5825","equipment_type":"Salas de Cinema","administrative_sphere":"Municipal","included_in_metrics":true,"exclusion_reason":null,"override_reason":null,"outside_boundary":false,"venue_id":"sp_geosampa_teatro_cinema_show:venue:97"}},{"type":"Feature","geometry":{"type":"Point","coordinates":[-46.39014331,-23.5804871]},"properties":{"id":"sp_geosampa_teatro_cinema_show:equipamento_cultura_teatro_cinema_show.40794","source_id":"sp_geosampa_teatro_cinema_show","name":"Sala de Teatro do Centro de Formação Cultural da Cidade de Tiradentes","name_derived":false,"category":"culture","subcategory":"theatre_cinema","geometry_type":"Point","address":"R. Inácio Monteiro, 6900","equipment_type":"Salas de Teatro","administrative_sphere":"Municipal","included_in_metrics":true,"exclusion_reason":null,"override_reason":null,"outside_boundary":false,"venue_id":"sp_geosampa_teatro_cinema_show:venue:98"}},{"type":"Feature","geometry":{"type":"Point","coordinates":[-46.39014331,-23.5804871]},"properties":{"id":"sp_geosampa_teatro_cinema_show:equipamento_cultura_teatro_cinema_show.40795","source_id":"sp_geosampa_teatro_cinema_show","name":"Sala Especial SPcine - Centro de Formação Cultural da Cidade de Tiradentes","name_derived":false,"category":"culture","subcategory":"theatre_cinema","geometry_type":"Point","address":"R. Inácio Monteiro, 6900","equipment_type":"Salas de Cinema","administrative_sphere":"Municipal","included_in_metrics":false,"exclusion_reason":"another room of the same venue (venue counted once)","override_reason":null,"outside_boundary":false,"venue_id":"sp_geosampa_teatro_cinema_show:venue:98"}},{"type":"Feature","geometry":{"type":"Point","coordinates":[-46.52310492,-23.50097595]},"properties":{"id":"sp_geosampa_teatro_cinema_show:equipamento_cultura_teatro_cinema_show.40796","source_id":"sp_geosampa_teatro_cinema_show","name":"Teatro Flávio Império","name_derived":false,"category":"culture","subcategory":"theatre_cinema","geometry_type":"Point","address":"Rua Professor Alves Pedroso, 600","equipment_type":"Salas de Teatro","administrative_sphere":"Municipal","included_in_metrics":true,"exclusion_reason":null,"override_reason":null,"outside_boundary":false,"venue_id":"sp_geosampa_teatro_cinema_show:venue:99"}},{"type":"Feature","geometry":{"type":"Point","coordinates":[-46.64308791,-23.59683039]},"properties":{"id":"sp_geosampa_teatro_cinema_show:equipamento_cultura_teatro_cinema_show.40797","source_id":"sp_geosampa_teatro_cinema_show","name":"Teatro João Caetano (fechado temporariamente)","name_derived":false,"category":"culture","subcategory":"theatre_cinema","geometry_type":"Point","address":"Rua Borges Lagoa, 650","equipment_type":"Salas de Teatro","administrative_sphere":"Municipal","included_in_metrics":true,"exclusion_reason":null,"override_reason":null,"outside_boundary":false,"venue_id":"sp_geosampa_teatro_cinema_show:venue:100"}},{"type":"Feature","geometry":{"type":"Point","coordinates":[-46.69653562,-23.52159247]},"properties":{"id":"sp_geosampa_teatro_cinema_show:equipamento_cultura_teatro_cinema_show.40798","source_id":"sp_geosampa_teatro_cinema_show","name":"Anfiteatro do Centro Cultural Tendal da Lapa","name_derived":false,"category":"culture","subcategory":"theatre_cinema","geometry_type":"Point","address":"Rua Constança, 72","equipment_type":"Salas de Teatro","administrative_sphere":"Municipal","included_in_metrics":true,"exclusion_reason":null,"override_reason":null,"outside_boundary":false,"venue_id":"sp_geosampa_teatro_cinema_show:venue:101"}},{"type":"Feature","geometry":{"type":"Point","coordinates":[-46.70244528,-23.64678192]},"properties":{"id":"sp_geosampa_teatro_cinema_show:equipamento_cultura_teatro_cinema_show.40799","source_id":"sp_geosampa_teatro_cinema_show","name":"Teatro Paulo Eiró","name_derived":false,"category":"culture","subcategory":"theatre_cinema","geometry_type":"Point","address":"Avenida Adolfo Pinheiro, 765","equipment_type":"Salas de Teatro","administrative_sphere":"Municipal","included_in_metrics":true,"exclusion_reason":null,"override_reason":null,"outside_boundary":false,"venue_id":"sp_geosampa_teatro_cinema_show:venue:102"}},{"type":"Feature","geometry":{"type":"Point","coordinates":[-46.76275134,-23.48137992]},"properties":{"id":"sp_geosampa_teatro_cinema_show:equipamento_cultura_teatro_cinema_show.40800","source_id":"sp_geosampa_teatro_cinema_show","name":"Salas Especiais SPcine - CEU Vila Atlântica","name_derived":false,"category":"culture","subcategory":"theatre_cinema","geometry_type":"Point","address":"Rua Coronel José Venâncio Dias, 840, 05160-030","equipment_type":"Salas de Cinema","administrative_sphere":"Municipal","included_in_metrics":true,"exclusion_reason":null,"override_reason":null,"outside_boundary":false,"venue_id":"sp_geosampa_teatro_cinema_show:venue:103"}},{"type":"Feature","geometry":{"type":"Point","coordinates":[-46.5970001,-23.56307849]},"properties":{"id":"sp_geosampa_teatro_cinema_show:equipamento_cultura_teatro_cinema_show.40801","source_id":"sp_geosampa_teatro_cinema_show","name":"Teatro Arthur Azevedo","name_derived":false,"category":"culture","subcategory":"theatre_cinema","geometry_type":"Point","address":"Avenida Paes de Barros, 955","equipment_type":"Salas de Teatro","administrative_sphere":"Municipal","included_in_metrics":true,"exclusion_reason":null,"override_reason":null,"outside_boundary":false,"venue_id":"sp_geosampa_teatro_cinema_show:venue:104"}},{"type":"Feature","geometry":{"type":"Point","coordinates":[-46.68073055,-23.76729764]},"properties":{"id":"sp_geosampa_teatro_cinema_show:equipamento_cultura_teatro_cinema_show.40802","source_id":"sp_geosampa_teatro_cinema_show","name":"Salas Especiais SPcine - CEU Três Lagos","name_derived":false,"category":"culture","subcategory":"theatre_cinema","geometry_type":"Point","address":"Av. Carlos Barbosa Santo, s/n","equipment_type":"Salas de Cinema","administrative_sphere":"Municipal","included_in_metrics":true,"exclusion_reason":null,"override_reason":null,"outside_boundary":false,"venue_id":"sp_geosampa_teatro_cinema_show:venue:105"}},{"type":"Feature","geometry":{"type":"Point","coordinates":[-46.63861931,-23.545218]},"properties":{"id":"sp_geosampa_teatro_cinema_show:equipamento_cultura_teatro_cinema_show.40803","source_id":"sp_geosampa_teatro_cinema_show","name":"Theatro Municipal de São Paulo","name_derived":false,"category":"culture","subcategory":"theatre_cinema","geometry_type":"Point","address":"Praça Ramos de Azevedo, s/n","equipment_type":"Salas de Teatro","administrative_sphere":"Municipal","included_in_metrics":true,"exclusion_reason":null,"override_reason":null,"outside_boundary":false,"venue_id":"sp_geosampa_teatro_cinema_show:venue:106"}},{"type":"Feature","geometry":{"type":"Point","coordinates":[-46.6565556,-23.58542194]},"properties":{"id":"sp_geosampa_teatro_cinema_show:equipamento_cultura_teatro_cinema_show.40804","source_id":"sp_geosampa_teatro_cinema_show","name":"Auditório do Ibirapuera","name_derived":false,"category":"culture","subcategory":"theatre_cinema","geometry_type":"Point","address":"Rua Pedro Álvares Cabral, s/n","equipment_type":"Salas de Teatro","administrative_sphere":"Municipal","included_in_metrics":true,"exclusion_reason":null,"override_reason":null,"outside_boundary":false,"venue_id":"sp_geosampa_teatro_cinema_show:venue:107"}}]}
