{
 "type": "FeatureCollection",
 "features": [
  {
   "type": "Feature",
   "geometry": {
    "type": "Point",
    "coordinates": [
     -46.58018,
     -23.55364002
    ]
   },
   "properties": {
    "id": "sp_geosampa_saude_ubs:equipamento_saude_ubs_posto_centro.120031",
    "source_id": "sp_geosampa_saude_ubs",
    "name": null,
    "category": "health_ubs",
    "subcategory": null,
    "geometry_type": "Point",
    "address": null
   }
  },
  {
   "type": "Feature",
   "geometry": {
    "type": "Point",
    "coordinates": [
     -46.469253,
     -23.52204901
    ]
   },
   "properties": {
    "id": "sp_geosampa_saude_ubs:equipamento_saude_ubs_posto_centro.120032",
    "source_id": "sp_geosampa_saude_ubs",
    "name": null,
    "category": "health_ubs",
    "subcategory": null,
    "geometry_type": "Point",
    "address": null
   }
  },
  {
   "type": "Feature",
   "geometry": {
    "type": "Point",
    "coordinates": [
     -46.644203,
     -23.66497401
    ]
   },
   "properties": {
    "id": "sp_geosampa_saude_ubs:equipamento_saude_ubs_posto_centro.120033",
    "source_id": "sp_geosampa_saude_ubs",
    "name": null,
    "category": "health_ubs",
    "subcategory": null,
    "geometry_type": "Point",
    "address": null
   }
  },
  {
   "type": "Feature",
   "geometry": {
    "type": "Point",
    "coordinates": [
     -46.759182,
     -23.48909902
    ]
   },
   "properties": {
    "id": "sp_geosampa_saude_ubs:equipamento_saude_ubs_posto_centro.120034",
    "source_id": "sp_geosampa_saude_ubs",
    "name": null,
    "category": "health_ubs",
    "subcategory": null,
    "geometry_type": "Point",
    "address": null
   }
  },
  {
   "type": "Feature",
   "geometry": {
    "type": "Point",
    "coordinates": [
     -46.520952,
     -23.50546702
    ]
   },
   "properties": {
    "id": "sp_geosampa_saude_ubs:equipamento_saude_ubs_posto_centro.120035",
    "source_id": "sp_geosampa_saude_ubs",
    "name": null,
    "category": "health_ubs",
    "subcategory": null,
    "geometry_type": "Point",
    "address": null
   }
  },
  {
   "type": "Feature",
   "geometry": {
    "type": "Point",
    "coordinates": [
     -46.53111,
     -23.51371201
    ]
   },
   "properties": {
    "id": "sp_geosampa_saude_ubs:equipamento_saude_ubs_posto_centro.120036",
    "source_id": "sp_geosampa_saude_ubs",
    "name": null,
    "category": "health_ubs",
    "subcategory": null,
    "geometry_type": "Point",
    "address": null
   }
  },
  {
   "type": "Feature",
   "geometry": {
    "type": "Point",
    "coordinates": [
     -46.637902,
     -23.65227402
    ]
   },
   "properties": {
    "id": "sp_geosampa_saude_ubs:equipamento_saude_ubs_posto_centro.120037",
    "source_id": "sp_geosampa_saude_ubs",
    "name": null,
    "category": "health_ubs",
    "subcategory": null,
    "geometry_type": "Point",
    "address": null
   }
  },
  {
   "type": "Feature",
   "geometry": {
    "type": "Point",
    "coordinates": [
     -46.714341,
     -23.44630502
    ]
   },
   "properties": {
    "id": "sp_geosampa_saude_ubs:equipamento_saude_ubs_posto_centro.120038",
    "source_id": "sp_geosampa_saude_ubs",
    "name": null,
    "category": "health_ubs",
    "subcategory": null,
    "geometry_type": "Point",
    "address": null
   }
  },
  {
   "type": "Feature",
   "geometry": {
    "type": "Point",
    "coordinates": [
     -46.418376,
     -23.56516402
    ]
   },
   "properties": {
    "id": "sp_geosampa_saude_ubs:equipamento_saude_ubs_posto_centro.120039",
    "source_id": "sp_geosampa_saude_ubs",
    "name": null,
    "category": "health_ubs",
    "subcategory": null,
    "geometry_type": "Point",
    "address": null
   }
  },
  {
   "type": "Feature",
   "geometry": {
    "type": "Point",
    "coordinates": [
     -46.738937,
     -23.68171701
    ]
   },
   "properties": {
    "id": "sp_geosampa_saude_ubs:equipamento_saude_ubs_posto_centro.120040",
    "source_id": "sp_geosampa_saude_ubs",
    "name": null,
    "category": "health_ubs",
    "subcategory": null,
    "geometry_type": "Point",
    "address": null
   }
  },
  {
   "type": "Feature",
   "geometry": {
    "type": "Point",
    "coordinates": [
     -46.576754,
     -23.48607402
    ]
   },
   "properties": {
    "id": "sp_geosampa_saude_ubs:equipamento_saude_ubs_posto_centro.120041",
    "source_id": "sp_geosampa_saude_ubs",
    "name": null,
    "category": "health_ubs",
    "subcategory": null,
    "geometry_type": "Point",
    "address": null
   }
  },
  {
   "type": "Feature",
   "geometry": {
    "type": "Point",
    "coordinates": [
     -46.491944,
     -23.55474702
    ]
   },
   "properties": {
    "id": "sp_geosampa_saude_ubs:equipamento_saude_ubs_posto_centro.120042",
    "source_id": "sp_geosampa_saude_ubs",
    "name": null,
    "category": "health_ubs",
    "subcategory": null,
    "geometry_type": "Point",
    "address": null
   }
  },
  {
   "type": "Feature",
   "geometry": {
    "type": "Point",
    "coordinates": [
     -46.788771,
     -23.73048201
    ]
   },
   "properties": {
    "id": "sp_geosampa_saude_ubs:equipamento_saude_ubs_posto_centro.120043",
    "source_id": "sp_geosampa_saude_ubs",
    "name": null,
    "category": "health_ubs",
    "subcategory": null,
    "geometry_type": "Point",
    "address": null
   }
  },
  {
   "type": "Feature",
   "geometry": {
    "type": "Point",
    "coordinates": [
     -46.686385,
     -23.74254202
    ]
   },
   "properties": {
    "id": "sp_geosampa_saude_ubs:equipamento_saude_ubs_posto_centro.120044",
    "source_id": "sp_geosampa_saude_ubs",
    "name": null,
    "category": "health_ubs",
    "subcategory": null,
    "geometry_type": "Point",
    "address": null
   }
  },
  {
   "type": "Feature",
   "geometry": {
    "type": "Point",
    "coordinates": [
     -46.452813,
     -23.60892102
    ]
   },
   "properties": {
    "id": "sp_geosampa_saude_ubs:equipamento_saude_ubs_posto_centro.120045",
    "source_id": "sp_geosampa_saude_ubs",
    "name": null,
    "category": "health_ubs",
    "subcategory": null,
    "geometry_type": "Point",
    "address": null
   }
  },
  {
   "type": "Feature",
   "geometry": {
    "type": "Point",
    "coordinates": [
     -46.43004,
     -23.60385802
    ]
   },
   "properties": {
    "id": "sp_geosampa_saude_ubs:equipamento_saude_ubs_posto_centro.120046",
    "source_id": "sp_geosampa_saude_ubs",
    "name": null,
    "category": "health_ubs",
    "subcategory": null,
    "geometry_type": "Point",
    "address": null
   }
  },
  {
   "type": "Feature",
   "geometry": {
    "type": "Point",
    "coordinates": [
     -46.380446,
     -23.49521502
    ]
   },
   "properties": {
    "id": "sp_geosampa_saude_ubs:equipamento_saude_ubs_posto_centro.120047",
    "source_id": "sp_geosampa_saude_ubs",
    "name": null,
    "category": "health_ubs",
    "subcategory": null,
    "geometry_type": "Point",
    "address": null
   }
  },
  {
   "type": "Feature",
   "geometry": {
    "type": "Point",
    "coordinates": [
     -46.509238,
     -23.62125101
    ]
   },
   "properties": {
    "id": "sp_geosampa_saude_ubs:equipamento_saude_ubs_posto_centro.120048",
    "source_id": "sp_geosampa_saude_ubs",
    "name": null,
    "category": "health_ubs",
    "subcategory": null,
    "geometry_type": "Point",
    "address": null
   }
  },
  {
   "type": "Feature",
   "geometry": {
    "type": "Point",
    "coordinates": [
     -46.516349,
     -23.59197202
    ]
   },
   "properties": {
    "id": "sp_geosampa_saude_ubs:equipamento_saude_ubs_posto_centro.120049",
    "source_id": "sp_geosampa_saude_ubs",
    "name": null,
    "category": "health_ubs",
    "subcategory": null,
    "geometry_type": "Point",
    "address": null
   }
  },
  {
   "type": "Feature",
   "geometry": {
    "type": "Point",
    "coordinates": [
     -46.560206,
     -23.58861302
    ]
   },
   "properties": {
    "id": "sp_geosampa_saude_ubs:equipamento_saude_ubs_posto_centro.120050",
    "source_id": "sp_geosampa_saude_ubs",
    "name": null,
    "category": "health_ubs",
    "subcategory": null,
    "geometry_type": "Point",
    "address": null
   }
  },
  {
   "type": "Feature",
   "geometry": {
    "type": "Point",
    "coordinates": [
     -46.749058,
     -23.44634101
    ]
   },
   "properties": {
    "id": "sp_geosampa_saude_ubs:equipamento_saude_ubs_posto_centro.120051",
    "source_id": "sp_geosampa_saude_ubs",
    "name": null,
    "category": "health_ubs",
    "subcategory": null,
    "geometry_type": "Point",
    "address": null
   }
  },
  {
   "type": "Feature",
   "geometry": {
    "type": "Point",
    "coordinates": [
     -46.59601224,
     -23.44883844
    ]
   },
   "properties": {
    "id": "sp_geosampa_saude_ubs:equipamento_saude_ubs_posto_centro.120052",
    "source_id": "sp_geosampa_saude_ubs",
    "name": null,
    "category": "health_ubs",
    "subcategory": null,
    "geometry_type": "Point",
    "address": null
   }
  },
  {
   "type": "Feature",
   "geometry": {
    "type": "Point",
    "coordinates": [
     -46.673366,
     -23.46080901
    ]
   },
   "properties": {
    "id": "sp_geosampa_saude_ubs:equipamento_saude_ubs_posto_centro.120053",
    "source_id": "sp_geosampa_saude_ubs",
    "name": null,
    "category": "health_ubs",
    "subcategory": null,
    "geometry_type": "Point",
    "address": null
   }
  },
  {
   "type": "Feature",
   "geometry": {
    "type": "Point",
    "coordinates": [
     -46.644494,
     -23.67856501
    ]
   },
   "properties": {
    "id": "sp_geosampa_saude_ubs:equipamento_saude_ubs_posto_centro.120054",
    "source_id": "sp_geosampa_saude_ubs",
    "name": null,
    "category": "health_ubs",
    "subcategory": null,
    "geometry_type": "Point",
    "address": null
   }
  },
  {
   "type": "Feature",
   "geometry": {
    "type": "Point",
    "coordinates": [
     -46.696391,
     -23.77147401
    ]
   },
   "properties": {
    "id": "sp_geosampa_saude_ubs:equipamento_saude_ubs_posto_centro.120055",
    "source_id": "sp_geosampa_saude_ubs",
    "name": null,
    "category": "health_ubs",
    "subcategory": null,
    "geometry_type": "Point",
    "address": null
   }
  },
  {
   "type": "Feature",
   "geometry": {
    "type": "Point",
    "coordinates": [
     -46.7090157,
     -23.46148932
    ]
   },
   "properties": {
    "id": "sp_geosampa_saude_ubs:equipamento_saude_ubs_posto_centro.120056",
    "source_id": "sp_geosampa_saude_ubs",
    "name": null,
    "category": "health_ubs",
    "subcategory": null,
    "geometry_type": "Point",
    "address": null
   }
  },
  {
   "type": "Feature",
   "geometry": {
    "type": "Point",
    "coordinates": [
     -46.443448,
     -23.63097502
    ]
   },
   "properties": {
    "id": "sp_geosampa_saude_ubs:equipamento_saude_ubs_posto_centro.120057",
    "source_id": "sp_geosampa_saude_ubs",
    "name": null,
    "category": "health_ubs",
    "subcategory": null,
    "geometry_type": "Point",
    "address": null
   }
  },
  {
   "type": "Feature",
   "geometry": {
    "type": "Point",
    "coordinates": [
     -46.458069,
     -23.63122402
    ]
   },
   "properties": {
    "id": "sp_geosampa_saude_ubs:equipamento_saude_ubs_posto_centro.120058",
    "source_id": "sp_geosampa_saude_ubs",
    "name": null,
    "category": "health_ubs",
    "subcategory": null,
    "geometry_type": "Point",
    "address": null
   }
  },
  {
   "type": "Feature",
   "geometry": {
    "type": "Point",
    "coordinates": [
     -46.78377,
     -23.59262202
    ]
   },
   "properties": {
    "id": "sp_geosampa_saude_ubs:equipamento_saude_ubs_posto_centro.120059",
    "source_id": "sp_geosampa_saude_ubs",
    "name": null,
    "category": "health_ubs",
    "subcategory": null,
    "geometry_type": "Point",
    "address": null
   }
  },
  {
   "type": "Feature",
   "geometry": {
    "type": "Point",
    "coordinates": [
     -46.494912,
     -23.59872801
    ]
   },
   "properties": {
    "id": "sp_geosampa_saude_ubs:equipamento_saude_ubs_posto_centro.120060",
    "source_id": "sp_geosampa_saude_ubs",
    "name": null,
    "category": "health_ubs",
    "subcategory": null,
    "geometry_type": "Point",
    "address": null
   }
  },
  {
   "type": "Feature",
   "geometry": {
    "type": "Point",
    "coordinates": [
     -46.492224,
     -23.51847602
    ]
   },
   "properties": {
    "id": "sp_geosampa_saude_ubs:equipamento_saude_ubs_posto_centro.120061",
    "source_id": "sp_geosampa_saude_ubs",
    "name": null,
    "category": "health_ubs",
    "subcategory": null,
    "geometry_type": "Point",
    "address": null
   }
  },
  {
   "type": "Feature",
   "geometry": {
    "type": "Point",
    "coordinates": [
     -46.431168,
     -23.54283901
    ]
   },
   "properties": {
    "id": "sp_geosampa_saude_ubs:equipamento_saude_ubs_posto_centro.120062",
    "source_id": "sp_geosampa_saude_ubs",
    "name": null,
    "category": "health_ubs",
    "subcategory": null,
    "geometry_type": "Point",
    "address": null
   }
  },
  {
   "type": "Feature",
   "geometry": {
    "type": "Point",
    "coordinates": [
     -46.641714,
     -23.47521901
    ]
   },
   "properties": {
    "id": "sp_geosampa_saude_ubs:equipamento_saude_ubs_posto_centro.120063",
    "source_id": "sp_geosampa_saude_ubs",
    "name": null,
    "category": "health_ubs",
    "subcategory": null,
    "geometry_type": "Point",
    "address": null
   }
  },
  {
   "type": "Feature",
   "geometry": {
    "type": "Point",
    "coordinates": [
     -46.655573,
     -23.48669701
    ]
   },
   "properties": {
    "id": "sp_geosampa_saude_ubs:equipamento_saude_ubs_posto_centro.120064",
    "source_id": "sp_geosampa_saude_ubs",
    "name": null,
    "category": "health_ubs",
    "subcategory": null,
    "geometry_type": "Point",
    "address": null
   }
  },
  {
   "type": "Feature",
   "geometry": {
    "type": "Point",
    "coordinates": [
     -46.48699,
     -23.54495502
    ]
   },
   "properties": {
    "id": "sp_geosampa_saude_ubs:equipamento_saude_ubs_posto_centro.120065",
    "source_id": "sp_geosampa_saude_ubs",
    "name": null,
    "category": "health_ubs",
    "subcategory": null,
    "geometry_type": "Point",
    "address": null
   }
  },
  {
   "type": "Feature",
   "geometry": {
    "type": "Point",
    "coordinates": [
     -46.620973,
     -23.52599701
    ]
   },
   "properties": {
    "id": "sp_geosampa_saude_ubs:equipamento_saude_ubs_posto_centro.120066",
    "source_id": "sp_geosampa_saude_ubs",
    "name": null,
    "category": "health_ubs",
    "subcategory": null,
    "geometry_type": "Point",
    "address": null
   }
  },
  {
   "type": "Feature",
   "geometry": {
    "type": "Point",
    "coordinates": [
     -46.787533,
     -23.43107502
    ]
   },
   "properties": {
    "id": "sp_geosampa_saude_ubs:equipamento_saude_ubs_posto_centro.120067",
    "source_id": "sp_geosampa_saude_ubs",
    "name": null,
    "category": "health_ubs",
    "subcategory": null,
    "geometry_type": "Point",
    "address": null
   }
  },
  {
   "type": "Feature",
   "geometry": {
    "type": "Point",
    "coordinates": [
     -46.493748,
     -23.50217802
    ]
   },
   "properties": {
    "id": "sp_geosampa_saude_ubs:equipamento_saude_ubs_posto_centro.120068",
    "source_id": "sp_geosampa_saude_ubs",
    "name": null,
    "category": "health_ubs",
    "subcategory": null,
    "geometry_type": "Point",
    "address": null
   }
  },
  {
   "type": "Feature",
   "geometry": {
    "type": "Point",
    "coordinates": [
     -46.610337,
     -23.64922402
    ]
   },
   "properties": {
    "id": "sp_geosampa_saude_ubs:equipamento_saude_ubs_posto_centro.120069",
    "source_id": "sp_geosampa_saude_ubs",
    "name": null,
    "category": "health_ubs",
    "subcategory": null,
    "geometry_type": "Point",
    "address": null
   }
  },
  {
   "type": "Feature",
   "geometry": {
    "type": "Point",
    "coordinates": [
     -46.792143,
     -23.67586602
    ]
   },
   "properties": {
    "id": "sp_geosampa_saude_ubs:equipamento_saude_ubs_posto_centro.120070",
    "source_id": "sp_geosampa_saude_ubs",
    "name": null,
    "category": "health_ubs",
    "subcategory": null,
    "geometry_type": "Point",
    "address": null
   }
  },
  {
   "type": "Feature",
   "geometry": {
    "type": "Point",
    "coordinates": [
     -46.755887,
     -23.65719802
    ]
   },
   "properties": {
    "id": "sp_geosampa_saude_ubs:equipamento_saude_ubs_posto_centro.120071",
    "source_id": "sp_geosampa_saude_ubs",
    "name": null,
    "category": "health_ubs",
    "subcategory": null,
    "geometry_type": "Point",
    "address": null
   }
  },
  {
   "type": "Feature",
   "geometry": {
    "type": "Point",
    "coordinates": [
     -46.795247,
     -23.60189002
    ]
   },
   "properties": {
    "id": "sp_geosampa_saude_ubs:equipamento_saude_ubs_posto_centro.120072",
    "source_id": "sp_geosampa_saude_ubs",
    "name": null,
    "category": "health_ubs",
    "subcategory": null,
    "geometry_type": "Point",
    "address": null
   }
  },
  {
   "type": "Feature",
   "geometry": {
    "type": "Point",
    "coordinates": [
     -46.757242,
     -23.40954602
    ]
   },
   "properties": {
    "id": "sp_geosampa_saude_ubs:equipamento_saude_ubs_posto_centro.120073",
    "source_id": "sp_geosampa_saude_ubs",
    "name": null,
    "category": "health_ubs",
    "subcategory": null,
    "geometry_type": "Point",
    "address": null
   }
  },
  {
   "type": "Feature",
   "geometry": {
    "type": "Point",
    "coordinates": [
     -46.608997,
     -23.59093702
    ]
   },
   "properties": {
    "id": "sp_geosampa_saude_ubs:equipamento_saude_ubs_posto_centro.120074",
    "source_id": "sp_geosampa_saude_ubs",
    "name": null,
    "category": "health_ubs",
    "subcategory": null,
    "geometry_type": "Point",
    "address": null
   }
  },
  {
   "type": "Feature",
   "geometry": {
    "type": "Point",
    "coordinates": [
     -46.446568,
     -23.51004601
    ]
   },
   "properties": {
    "id": "sp_geosampa_saude_ubs:equipamento_saude_ubs_posto_centro.120075",
    "source_id": "sp_geosampa_saude_ubs",
    "name": null,
    "category": "health_ubs",
    "subcategory": null,
    "geometry_type": "Point",
    "address": null
   }
  },
  {
   "type": "Feature",
   "geometry": {
    "type": "Point",
    "coordinates": [
     -46.51582,
     -23.57337602
    ]
   },
   "properties": {
    "id": "sp_geosampa_saude_ubs:equipamento_saude_ubs_posto_centro.120076",
    "source_id": "sp_geosampa_saude_ubs",
    "name": null,
    "category": "health_ubs",
    "subcategory": null,
    "geometry_type": "Point",
    "address": null
   }
  },
  {
   "type": "Feature",
   "geometry": {
    "type": "Point",
    "coordinates": [
     -46.670864,
     -23.50532801
    ]
   },
   "properties": {
    "id": "sp_geosampa_saude_ubs:equipamento_saude_ubs_posto_centro.120077",
    "source_id": "sp_geosampa_saude_ubs",
    "name": null,
    "category": "health_ubs",
    "subcategory": null,
    "geometry_type": "Point",
    "address": null
   }
  },
  {
   "type": "Feature",
   "geometry": {
    "type": "Point",
    "coordinates": [
     -46.555188,
     -23.60516502
    ]
   },
   "properties": {
    "id": "sp_geosampa_saude_ubs:equipamento_saude_ubs_posto_centro.120078",
    "source_id": "sp_geosampa_saude_ubs",
    "name": null,
    "category": "health_ubs",
    "subcategory": null,
    "geometry_type": "Point",
    "address": null
   }
  },
  {
   "type": "Feature",
   "geometry": {
    "type": "Point",
    "coordinates": [
     -46.637515,
     -23.67235102
    ]
   },
   "properties": {
    "id": "sp_geosampa_saude_ubs:equipamento_saude_ubs_posto_centro.120079",
    "source_id": "sp_geosampa_saude_ubs",
    "name": null,
    "category": "health_ubs",
    "subcategory": null,
    "geometry_type": "Point",
    "address": null
   }
  },
  {
   "type": "Feature",
   "geometry": {
    "type": "Point",
    "coordinates": [
     -46.649436,
     -23.67292301
    ]
   },
   "properties": {
    "id": "sp_geosampa_saude_ubs:equipamento_saude_ubs_posto_centro.120080",
    "source_id": "sp_geosampa_saude_ubs",
    "name": null,
    "category": "health_ubs",
    "subcategory": null,
    "geometry_type": "Point",
    "address": null
   }
  },
  {
   "type": "Feature",
   "geometry": {
    "type": "Point",
    "coordinates": [
     -46.585349,
     -23.49249602
    ]
   },
   "properties": {
    "id": "sp_geosampa_saude_ubs:equipamento_saude_ubs_posto_centro.120081",
    "source_id": "sp_geosampa_saude_ubs",
    "name": null,
    "category": "health_ubs",
    "subcategory": null,
    "geometry_type": "Point",
    "address": null
   }
  },
  {
   "type": "Feature",
   "geometry": {
    "type": "Point",
    "coordinates": [
     -46.64963,
     -23.68898101
    ]
   },
   "properties": {
    "id": "sp_geosampa_saude_ubs:equipamento_saude_ubs_posto_centro.120082",
    "source_id": "sp_geosampa_saude_ubs",
    "name": null,
    "category": "health_ubs",
    "subcategory": null,
    "geometry_type": "Point",
    "address": null
   }
  },
  {
   "type": "Feature",
   "geometry": {
    "type": "Point",
    "coordinates": [
     -46.744508,
     -23.54320402
    ]
   },
   "properties": {
    "id": "sp_geosampa_saude_ubs:equipamento_saude_ubs_posto_centro.120083",
    "source_id": "sp_geosampa_saude_ubs",
    "name": null,
    "category": "health_ubs",
    "subcategory": null,
    "geometry_type": "Point",
    "address": null
   }
  },
  {
   "type": "Feature",
   "geometry": {
    "type": "Point",
    "coordinates": [
     -46.55899,
     -23.57409502
    ]
   },
   "properties": {
    "id": "sp_geosampa_saude_ubs:equipamento_saude_ubs_posto_centro.120084",
    "source_id": "sp_geosampa_saude_ubs",
    "name": null,
    "category": "health_ubs",
    "subcategory": null,
    "geometry_type": "Point",
    "address": null
   }
  },
  {
   "type": "Feature",
   "geometry": {
    "type": "Point",
    "coordinates": [
     -46.713389,
     -23.48778902
    ]
   },
   "properties": {
    "id": "sp_geosampa_saude_ubs:equipamento_saude_ubs_posto_centro.120085",
    "source_id": "sp_geosampa_saude_ubs",
    "name": null,
    "category": "health_ubs",
    "subcategory": null,
    "geometry_type": "Point",
    "address": null
   }
  },
  {
   "type": "Feature",
   "geometry": {
    "type": "Point",
    "coordinates": [
     -46.761177,
     -23.50239202
    ]
   },
   "properties": {
    "id": "sp_geosampa_saude_ubs:equipamento_saude_ubs_posto_centro.120086",
    "source_id": "sp_geosampa_saude_ubs",
    "name": null,
    "category": "health_ubs",
    "subcategory": null,
    "geometry_type": "Point",
    "address": null
   }
  },
  {
   "type": "Feature",
   "geometry": {
    "type": "Point",
    "coordinates": [
     -46.754124,
     -23.64833702
    ]
   },
   "properties": {
    "id": "sp_geosampa_saude_ubs:equipamento_saude_ubs_posto_centro.120087",
    "source_id": "sp_geosampa_saude_ubs",
    "name": null,
    "category": "health_ubs",
    "subcategory": null,
    "geometry_type": "Point",
    "address": null
   }
  },
  {
   "type": "Feature",
   "geometry": {
    "type": "Point",
    "coordinates": [
     -46.50436,
     -23.49148601
    ]
   },
   "properties": {
    "id": "sp_geosampa_saude_ubs:equipamento_saude_ubs_posto_centro.120088",
    "source_id": "sp_geosampa_saude_ubs",
    "name": null,
    "category": "health_ubs",
    "subcategory": null,
    "geometry_type": "Point",
    "address": null
   }
  },
  {
   "type": "Feature",
   "geometry": {
    "type": "Point",
    "coordinates": [
     -46.734804,
     -23.59763801
    ]
   },
   "properties": {
    "id": "sp_geosampa_saude_ubs:equipamento_saude_ubs_posto_centro.120089",
    "source_id": "sp_geosampa_saude_ubs",
    "name": null,
    "category": "health_ubs",
    "subcategory": null,
    "geometry_type": "Point",
    "address": null
   }
  },
  {
   "type": "Feature",
   "geometry": {
    "type": "Point",
    "coordinates": [
     -46.603249,
     -23.46886602
    ]
   },
   "properties": {
    "id": "sp_geosampa_saude_ubs:equipamento_saude_ubs_posto_centro.120090",
    "source_id": "sp_geosampa_saude_ubs",
    "name": null,
    "category": "health_ubs",
    "subcategory": null,
    "geometry_type": "Point",
    "address": null
   }
  },
  {
   "type": "Feature",
   "geometry": {
    "type": "Point",
    "coordinates": [
     -46.65879045,
     -23.52153166
    ]
   },
   "properties": {
    "id": "sp_geosampa_saude_ubs:equipamento_saude_ubs_posto_centro.120359",
    "source_id": "sp_geosampa_saude_ubs",
    "name": null,
    "category": "health_ubs",
    "subcategory": null,
    "geometry_type": "Point",
    "address": null
   }
  },
  {
   "type": "Feature",
   "geometry": {
    "type": "Point",
    "coordinates": [
     -46.673569,
     -23.55332501
    ]
   },
   "properties": {
    "id": "sp_geosampa_saude_ubs:equipamento_saude_ubs_posto_centro.120360",
    "source_id": "sp_geosampa_saude_ubs",
    "name": null,
    "category": "health_ubs",
    "subcategory": null,
    "geometry_type": "Point",
    "address": null
   }
  },
  {
   "type": "Feature",
   "geometry": {
    "type": "Point",
    "coordinates": [
     -46.716809,
     -23.56833902
    ]
   },
   "properties": {
    "id": "sp_geosampa_saude_ubs:equipamento_saude_ubs_posto_centro.120361",
    "source_id": "sp_geosampa_saude_ubs",
    "name": null,
    "category": "health_ubs",
    "subcategory": null,
    "geometry_type": "Point",
    "address": null
   }
  },
  {
   "type": "Feature",
   "geometry": {
    "type": "Point",
    "coordinates": [
     -46.71341686,
     -23.72993802
    ]
   },
   "properties": {
    "id": "sp_geosampa_saude_ubs:equipamento_saude_ubs_posto_centro.120480",
    "source_id": "sp_geosampa_saude_ubs",
    "name": null,
    "category": "health_ubs",
    "subcategory": null,
    "geometry_type": "Point",
    "address": null
   }
  },
  {
   "type": "Feature",
   "geometry": {
    "type": "Point",
    "coordinates": [
     -46.626056,
     -23.63036302
    ]
   },
   "properties": {
    "id": "sp_geosampa_saude_ubs:equipamento_saude_ubs_posto_centro.120561",
    "source_id": "sp_geosampa_saude_ubs",
    "name": null,
    "category": "health_ubs",
    "subcategory": null,
    "geometry_type": "Point",
    "address": null
   }
  },
  {
   "type": "Feature",
   "geometry": {
    "type": "Point",
    "coordinates": [
     -46.649174,
     -23.76877501
    ]
   },
   "properties": {
    "id": "sp_geosampa_saude_ubs:equipamento_saude_ubs_posto_centro.120562",
    "source_id": "sp_geosampa_saude_ubs",
    "name": null,
    "category": "health_ubs",
    "subcategory": null,
    "geometry_type": "Point",
    "address": null
   }
  },
  {
   "type": "Feature",
   "geometry": {
    "type": "Point",
    "coordinates": [
     -46.596046,
     -23.60378402
    ]
   },
   "properties": {
    "id": "sp_geosampa_saude_ubs:equipamento_saude_ubs_posto_centro.120563",
    "source_id": "sp_geosampa_saude_ubs",
    "name": null,
    "category": "health_ubs",
    "subcategory": null,
    "geometry_type": "Point",
    "address": null
   }
  },
  {
   "type": "Feature",
   "geometry": {
    "type": "Point",
    "coordinates": [
     -46.753735,
     -23.44688402
    ]
   },
   "properties": {
    "id": "sp_geosampa_saude_ubs:equipamento_saude_ubs_posto_centro.120564",
    "source_id": "sp_geosampa_saude_ubs",
    "name": null,
    "category": "health_ubs",
    "subcategory": null,
    "geometry_type": "Point",
    "address": null
   }
  },
  {
   "type": "Feature",
   "geometry": {
    "type": "Point",
    "coordinates": [
     -46.767323,
     -23.69953102
    ]
   },
   "properties": {
    "id": "sp_geosampa_saude_ubs:equipamento_saude_ubs_posto_centro.120565",
    "source_id": "sp_geosampa_saude_ubs",
    "name": null,
    "category": "health_ubs",
    "subcategory": null,
    "geometry_type": "Point",
    "address": null
   }
  },
  {
   "type": "Feature",
   "geometry": {
    "type": "Point",
    "coordinates": [
     -46.721961,
     -23.53759601
    ]
   },
   "properties": {
    "id": "sp_geosampa_saude_ubs:equipamento_saude_ubs_posto_centro.120566",
    "source_id": "sp_geosampa_saude_ubs",
    "name": null,
    "category": "health_ubs",
    "subcategory": null,
    "geometry_type": "Point",
    "address": null
   }
  },
  {
   "type": "Feature",
   "geometry": {
    "type": "Point",
    "coordinates": [
     -46.772443,
     -23.64615202
    ]
   },
   "properties": {
    "id": "sp_geosampa_saude_ubs:equipamento_saude_ubs_posto_centro.120567",
    "source_id": "sp_geosampa_saude_ubs",
    "name": null,
    "category": "health_ubs",
    "subcategory": null,
    "geometry_type": "Point",
    "address": null
   }
  },
  {
   "type": "Feature",
   "geometry": {
    "type": "Point",
    "coordinates": [
     -46.68407716,
     -23.76158483
    ]
   },
   "properties": {
    "id": "sp_geosampa_saude_ubs:equipamento_saude_ubs_posto_centro.120568",
    "source_id": "sp_geosampa_saude_ubs",
    "name": null,
    "category": "health_ubs",
    "subcategory": null,
    "geometry_type": "Point",
    "address": null
   }
  },
  {
   "type": "Feature",
   "geometry": {
    "type": "Point",
    "coordinates": [
     -46.476252,
     -23.53920601
    ]
   },
   "properties": {
    "id": "sp_geosampa_saude_ubs:equipamento_saude_ubs_posto_centro.120569",
    "source_id": "sp_geosampa_saude_ubs",
    "name": null,
    "category": "health_ubs",
    "subcategory": null,
    "geometry_type": "Point",
    "address": null
   }
  },
  {
   "type": "Feature",
   "geometry": {
    "type": "Point",
    "coordinates": [
     -46.776016,
     -23.63414602
    ]
   },
   "properties": {
    "id": "sp_geosampa_saude_ubs:equipamento_saude_ubs_posto_centro.120570",
    "source_id": "sp_geosampa_saude_ubs",
    "name": null,
    "category": "health_ubs",
    "subcategory": null,
    "geometry_type": "Point",
    "address": null
   }
  },
  {
   "type": "Feature",
   "geometry": {
    "type": "Point",
    "coordinates": [
     -46.396219,
     -23.50683401
    ]
   },
   "properties": {
    "id": "sp_geosampa_saude_ubs:equipamento_saude_ubs_posto_centro.120571",
    "source_id": "sp_geosampa_saude_ubs",
    "name": null,
    "category": "health_ubs",
    "subcategory": null,
    "geometry_type": "Point",
    "address": null
   }
  },
  {
   "type": "Feature",
   "geometry": {
    "type": "Point",
    "coordinates": [
     -46.69213,
     -23.70069602
    ]
   },
   "properties": {
    "id": "sp_geosampa_saude_ubs:equipamento_saude_ubs_posto_centro.120572",
    "source_id": "sp_geosampa_saude_ubs",
    "name": null,
    "category": "health_ubs",
    "subcategory": null,
    "geometry_type": "Point",
    "address": null
   }
  },
  {
   "type": "Feature",
   "geometry": {
    "type": "Point",
    "coordinates": [
     -46.650946,
     -23.87755002
    ]
   },
   "properties": {
    "id": "sp_geosampa_saude_ubs:equipamento_saude_ubs_posto_centro.120573",
    "source_id": "sp_geosampa_saude_ubs",
    "name": null,
    "category": "health_ubs",
    "subcategory": null,
    "geometry_type": "Point",
    "address": null
   }
  },
  {
   "type": "Feature",
   "geometry": {
    "type": "Point",
    "coordinates": [
     -46.393162,
     -23.58378601
    ]
   },
   "properties": {
    "id": "sp_geosampa_saude_ubs:equipamento_saude_ubs_posto_centro.120574",
    "source_id": "sp_geosampa_saude_ubs",
    "name": null,
    "category": "health_ubs",
    "subcategory": null,
    "geometry_type": "Point",
    "address": null
   }
  },
  {
   "type": "Feature",
   "geometry": {
    "type": "Point",
    "coordinates": [
     -46.59554,
     -23.53725101
    ]
   },
   "properties": {
    "id": "sp_geosampa_saude_ubs:equipamento_saude_ubs_posto_centro.120575",
    "source_id": "sp_geosampa_saude_ubs",
    "name": null,
    "category": "health_ubs",
    "subcategory": null,
    "geometry_type": "Point",
    "address": null
   }
  },
  {
   "type": "Feature",
   "geometry": {
    "type": "Point",
    "coordinates": [
     -46.641598,
     -23.52601602
    ]
   },
   "properties": {
    "id": "sp_geosampa_saude_ubs:equipamento_saude_ubs_posto_centro.120576",
    "source_id": "sp_geosampa_saude_ubs",
    "name": null,
    "category": "health_ubs",
    "subcategory": null,
    "geometry_type": "Point",
    "address": null
   }
  },
  {
   "type": "Feature",
   "geometry": {
    "type": "Point",
    "coordinates": [
     -46.651443,
     -23.52514701
    ]
   },
   "properties": {
    "id": "sp_geosampa_saude_ubs:equipamento_saude_ubs_posto_centro.120577",
    "source_id": "sp_geosampa_saude_ubs",
    "name": null,
    "category": "health_ubs",
    "subcategory": null,
    "geometry_type": "Point",
    "address": null
   }
  },
  {
   "type": "Feature",
   "geometry": {
    "type": "Point",
    "coordinates": [
     -46.614772,
     -23.54359402
    ]
   },
   "properties": {
    "id": "sp_geosampa_saude_ubs:equipamento_saude_ubs_posto_centro.120578",
    "source_id": "sp_geosampa_saude_ubs",
    "name": null,
    "category": "health_ubs",
    "subcategory": null,
    "geometry_type": "Point",
    "address": null
   }
  },
  {
   "type": "Feature",
   "geometry": {
    "type": "Point",
    "coordinates": [
     -46.691981,
     -23.47078701
    ]
   },
   "properties": {
    "id": "sp_geosampa_saude_ubs:equipamento_saude_ubs_posto_centro.120579",
    "source_id": "sp_geosampa_saude_ubs",
    "name": null,
    "category": "health_ubs",
    "subcategory": null,
    "geometry_type": "Point",
    "address": null
   }
  },
  {
   "type": "Feature",
   "geometry": {
    "type": "Point",
    "coordinates": [
     -46.745095,
     -23.65389302
    ]
   },
   "properties": {
    "id": "sp_geosampa_saude_ubs:equipamento_saude_ubs_posto_centro.120580",
    "source_id": "sp_geosampa_saude_ubs",
    "name": null,
    "category": "health_ubs",
    "subcategory": null,
    "geometry_type": "Point",
    "address": null
   }
  },
  {
   "type": "Feature",
   "geometry": {
    "type": "Point",
    "coordinates": [
     -46.490492,
     -23.52328902
    ]
   },
   "properties": {
    "id": "sp_geosampa_saude_ubs:equipamento_saude_ubs_posto_centro.120581",
    "source_id": "sp_geosampa_saude_ubs",
    "name": null,
    "category": "health_ubs",
    "subcategory": null,
    "geometry_type": "Point",
    "address": null
   }
  },
  {
   "type": "Feature",
   "geometry": {
    "type": "Point",
    "coordinates": [
     -46.733989,
     -23.57700401
    ]
   },
   "properties": {
    "id": "sp_geosampa_saude_ubs:equipamento_saude_ubs_posto_centro.120582",
    "source_id": "sp_geosampa_saude_ubs",
    "name": null,
    "category": "health_ubs",
    "subcategory": null,
    "geometry_type": "Point",
    "address": null
   }
  },
  {
   "type": "Feature",
   "geometry": {
    "type": "Point",
    "coordinates": [
     -46.753424,
     -23.54479001
    ]
   },
   "properties": {
    "id": "sp_geosampa_saude_ubs:equipamento_saude_ubs_posto_centro.120583",
    "source_id": "sp_geosampa_saude_ubs",
    "name": null,
    "category": "health_ubs",
    "subcategory": null,
    "geometry_type": "Point",
    "address": null
   }
  },
  {
   "type": "Feature",
   "geometry": {
    "type": "Point",
    "coordinates": [
     -46.623117,
     -23.56975601
    ]
   },
   "properties": {
    "id": "sp_geosampa_saude_ubs:equipamento_saude_ubs_posto_centro.120584",
    "source_id": "sp_geosampa_saude_ubs",
    "name": null,
    "category": "health_ubs",
    "subcategory": null,
    "geometry_type": "Point",
    "address": null
   }
  },
  {
   "type": "Feature",
   "geometry": {
    "type": "Point",
    "coordinates": [
     -46.685167,
     -23.67428302
    ]
   },
   "properties": {
    "id": "sp_geosampa_saude_ubs:equipamento_saude_ubs_posto_centro.120585",
    "source_id": "sp_geosampa_saude_ubs",
    "name": null,
    "category": "health_ubs",
    "subcategory": null,
    "geometry_type": "Point",
    "address": null
   }
  },
  {
   "type": "Feature",
   "geometry": {
    "type": "Point",
    "coordinates": [
     -46.763805,
     -23.63695501
    ]
   },
   "properties": {
    "id": "sp_geosampa_saude_ubs:equipamento_saude_ubs_posto_centro.120586",
    "source_id": "sp_geosampa_saude_ubs",
    "name": null,
    "category": "health_ubs",
    "subcategory": null,
    "geometry_type": "Point",
    "address": null
   }
  },
  {
   "type": "Feature",
   "geometry": {
    "type": "Point",
    "coordinates": [
     -46.661664,
     -23.74330202
    ]
   },
   "properties": {
    "id": "sp_geosampa_saude_ubs:equipamento_saude_ubs_posto_centro.120587",
    "source_id": "sp_geosampa_saude_ubs",
    "name": null,
    "category": "health_ubs",
    "subcategory": null,
    "geometry_type": "Point",
    "address": null
   }
  },
  {
   "type": "Feature",
   "geometry": {
    "type": "Point",
    "coordinates": [
     -46.610739,
     -23.50440801
    ]
   },
   "properties": {
    "id": "sp_geosampa_saude_ubs:equipamento_saude_ubs_posto_centro.120588",
    "source_id": "sp_geosampa_saude_ubs",
    "name": null,
    "category": "health_ubs",
    "subcategory": null,
    "geometry_type": "Point",
    "address": null
   }
  },
  {
   "type": "Feature",
   "geometry": {
    "type": "Point",
    "coordinates": [
     -46.396489,
     -23.58865701
    ]
   },
   "properties": {
    "id": "sp_geosampa_saude_ubs:equipamento_saude_ubs_posto_centro.120589",
    "source_id": "sp_geosampa_saude_ubs",
    "name": null,
    "category": "health_ubs",
    "subcategory": null,
    "geometry_type": "Point",
    "address": null
   }
  },
  {
   "type": "Feature",
   "geometry": {
    "type": "Point",
    "coordinates": [
     -46.660066,
     -23.50447301
    ]
   },
   "properties": {
    "id": "sp_geosampa_saude_ubs:equipamento_saude_ubs_posto_centro.120590",
    "source_id": "sp_geosampa_saude_ubs",
    "name": null,
    "category": "health_ubs",
    "subcategory": null,
    "geometry_type": "Point",
    "address": null
   }
  },
  {
   "type": "Feature",
   "geometry": {
    "type": "Point",
    "coordinates": [
     -46.664617,
     -23.48923902
    ]
   },
   "properties": {
    "id": "sp_geosampa_saude_ubs:equipamento_saude_ubs_posto_centro.120591",
    "source_id": "sp_geosampa_saude_ubs",
    "name": null,
    "category": "health_ubs",
    "subcategory": null,
    "geometry_type": "Point",
    "address": null
   }
  },
  {
   "type": "Feature",
   "geometry": {
    "type": "Point",
    "coordinates": [
     -46.404444,
     -23.58050201
    ]
   },
   "properties": {
    "id": "sp_geosampa_saude_ubs:equipamento_saude_ubs_posto_centro.120592",
    "source_id": "sp_geosampa_saude_ubs",
    "name": null,
    "category": "health_ubs",
    "subcategory": null,
    "geometry_type": "Point",
    "address": null
   }
  },
  {
   "type": "Feature",
   "geometry": {
    "type": "Point",
    "coordinates": [
     -46.714944,
     -23.57910501
    ]
   },
   "properties": {
    "id": "sp_geosampa_saude_ubs:equipamento_saude_ubs_posto_centro.120593",
    "source_id": "sp_geosampa_saude_ubs",
    "name": null,
    "category": "health_ubs",
    "subcategory": null,
    "geometry_type": "Point",
    "address": null
   }
  },
  {
   "type": "Feature",
   "geometry": {
    "type": "Point",
    "coordinates": [
     -46.419265,
     -23.59466401
    ]
   },
   "properties": {
    "id": "sp_geosampa_saude_ubs:equipamento_saude_ubs_posto_centro.120594",
    "source_id": "sp_geosampa_saude_ubs",
    "name": null,
    "category": "health_ubs",
    "subcategory": null,
    "geometry_type": "Point",
    "address": null
   }
  },
  {
   "type": "Feature",
   "geometry": {
    "type": "Point",
    "coordinates": [
     -46.705176,
     -23.77085002
    ]
   },
   "properties": {
    "id": "sp_geosampa_saude_ubs:equipamento_saude_ubs_posto_centro.120595",
    "source_id": "sp_geosampa_saude_ubs",
    "name": null,
    "category": "health_ubs",
    "subcategory": null,
    "geometry_type": "Point",
    "address": null
   }
  },
  {
   "type": "Feature",
   "geometry": {
    "type": "Point",
    "coordinates": [
     -46.674141,
     -23.77991301
    ]
   },
   "properties": {
    "id": "sp_geosampa_saude_ubs:equipamento_saude_ubs_posto_centro.120596",
    "source_id": "sp_geosampa_saude_ubs",
    "name": null,
    "category": "health_ubs",
    "subcategory": null,
    "geometry_type": "Point",
    "address": null
   }
  },
  {
   "type": "Feature",
   "geometry": {
    "type": "Point",
    "coordinates": [
     -46.725229,
     -23.49376201
    ]
   },
   "properties": {
    "id": "sp_geosampa_saude_ubs:equipamento_saude_ubs_posto_centro.120597",
    "source_id": "sp_geosampa_saude_ubs",
    "name": null,
    "category": "health_ubs",
    "subcategory": null,
    "geometry_type": "Point",
    "address": null
   }
  },
  {
   "type": "Feature",
   "geometry": {
    "type": "Point",
    "coordinates": [
     -46.791137,
     -23.70052201
    ]
   },
   "properties": {
    "id": "sp_geosampa_saude_ubs:equipamento_saude_ubs_posto_centro.120598",
    "source_id": "sp_geosampa_saude_ubs",
    "name": null,
    "category": "health_ubs",
    "subcategory": null,
    "geometry_type": "Point",
    "address": null
   }
  },
  {
   "type": "Feature",
   "geometry": {
    "type": "Point",
    "coordinates": [
     -46.747032,
     -23.67173502
    ]
   },
   "properties": {
    "id": "sp_geosampa_saude_ubs:equipamento_saude_ubs_posto_centro.120599",
    "source_id": "sp_geosampa_saude_ubs",
    "name": null,
    "category": "health_ubs",
    "subcategory": null,
    "geometry_type": "Point",
    "address": null
   }
  },
  {
   "type": "Feature",
   "geometry": {
    "type": "Point",
    "coordinates": [
     -46.673331,
     -23.82152101
    ]
   },
   "properties": {
    "id": "sp_geosampa_saude_ubs:equipamento_saude_ubs_posto_centro.120600",
    "source_id": "sp_geosampa_saude_ubs",
    "name": null,
    "category": "health_ubs",
    "subcategory": null,
    "geometry_type": "Point",
    "address": null
   }
  },
  {
   "type": "Feature",
   "geometry": {
    "type": "Point",
    "coordinates": [
     -46.699055,
     -23.63534702
    ]
   },
   "properties": {
    "id": "sp_geosampa_saude_ubs:equipamento_saude_ubs_posto_centro.120601",
    "source_id": "sp_geosampa_saude_ubs",
    "name": null,
    "category": "health_ubs",
    "subcategory": null,
    "geometry_type": "Point",
    "address": null
   }
  },
  {
   "type": "Feature",
   "geometry": {
    "type": "Point",
    "coordinates": [
     -46.63771,
     -23.49449301
    ]
   },
   "properties": {
    "id": "sp_geosampa_saude_ubs:equipamento_saude_ubs_posto_centro.120602",
    "source_id": "sp_geosampa_saude_ubs",
    "name": null,
    "category": "health_ubs",
    "subcategory": null,
    "geometry_type": "Point",
    "address": null
   }
  },
  {
   "type": "Feature",
   "geometry": {
    "type": "Point",
    "coordinates": [
     -46.764792,
     -23.72034302
    ]
   },
   "properties": {
    "id": "sp_geosampa_saude_ubs:equipamento_saude_ubs_posto_centro.120603",
    "source_id": "sp_geosampa_saude_ubs",
    "name": null,
    "category": "health_ubs",
    "subcategory": null,
    "geometry_type": "Point",
    "address": null
   }
  },
  {
   "type": "Feature",
   "geometry": {
    "type": "Point",
    "coordinates": [
     -46.64045,
     -23.69108402
    ]
   },
   "properties": {
    "id": "sp_geosampa_saude_ubs:equipamento_saude_ubs_posto_centro.120604",
    "source_id": "sp_geosampa_saude_ubs",
    "name": null,
    "category": "health_ubs",
    "subcategory": null,
    "geometry_type": "Point",
    "address": null
   }
  },
  {
   "type": "Feature",
   "geometry": {
    "type": "Point",
    "coordinates": [
     -46.366966,
     -23.50419301
    ]
   },
   "properties": {
    "id": "sp_geosampa_saude_ubs:equipamento_saude_ubs_posto_centro.120605",
    "source_id": "sp_geosampa_saude_ubs",
    "name": null,
    "category": "health_ubs",
    "subcategory": null,
    "geometry_type": "Point",
    "address": null
   }
  },
  {
   "type": "Feature",
   "geometry": {
    "type": "Point",
    "coordinates": [
     -46.465023,
     -23.55418001
    ]
   },
   "properties": {
    "id": "sp_geosampa_saude_ubs:equipamento_saude_ubs_posto_centro.120606",
    "source_id": "sp_geosampa_saude_ubs",
    "name": null,
    "category": "health_ubs",
    "subcategory": null,
    "geometry_type": "Point",
    "address": null
   }
  },
  {
   "type": "Feature",
   "geometry": {
    "type": "Point",
    "coordinates": [
     -46.431919,
     -23.50363902
    ]
   },
   "properties": {
    "id": "sp_geosampa_saude_ubs:equipamento_saude_ubs_posto_centro.120607",
    "source_id": "sp_geosampa_saude_ubs",
    "name": null,
    "category": "health_ubs",
    "subcategory": null,
    "geometry_type": "Point",
    "address": null
   }
  },
  {
   "type": "Feature",
   "geometry": {
    "type": "Point",
    "coordinates": [
     -46.503497,
     -23.53617401
    ]
   },
   "properties": {
    "id": "sp_geosampa_saude_ubs:equipamento_saude_ubs_posto_centro.120608",
    "source_id": "sp_geosampa_saude_ubs",
    "name": null,
    "category": "health_ubs",
    "subcategory": null,
    "geometry_type": "Point",
    "address": null
   }
  },
  {
   "type": "Feature",
   "geometry": {
    "type": "Point",
    "coordinates": [
     -46.462421,
     -23.50099002
    ]
   },
   "properties": {
    "id": "sp_geosampa_saude_ubs:equipamento_saude_ubs_posto_centro.120609",
    "source_id": "sp_geosampa_saude_ubs",
    "name": null,
    "category": "health_ubs",
    "subcategory": null,
    "geometry_type": "Point",
    "address": null
   }
  },
  {
   "type": "Feature",
   "geometry": {
    "type": "Point",
    "coordinates": [
     -46.463679,
     -23.61174202
    ]
   },
   "properties": {
    "id": "sp_geosampa_saude_ubs:equipamento_saude_ubs_posto_centro.120610",
    "source_id": "sp_geosampa_saude_ubs",
    "name": null,
    "category": "health_ubs",
    "subcategory": null,
    "geometry_type": "Point",
    "address": null
   }
  },
  {
   "type": "Feature",
   "geometry": {
    "type": "Point",
    "coordinates": [
     -46.406914,
     -23.58691902
    ]
   },
   "properties": {
    "id": "sp_geosampa_saude_ubs:equipamento_saude_ubs_posto_centro.120611",
    "source_id": "sp_geosampa_saude_ubs",
    "name": null,
    "category": "health_ubs",
    "subcategory": null,
    "geometry_type": "Point",
    "address": null
   }
  },
  {
   "type": "Feature",
   "geometry": {
    "type": "Point",
    "coordinates": [
     -46.734152,
     -23.44177102
    ]
   },
   "properties": {
    "id": "sp_geosampa_saude_ubs:equipamento_saude_ubs_posto_centro.120612",
    "source_id": "sp_geosampa_saude_ubs",
    "name": null,
    "category": "health_ubs",
    "subcategory": null,
    "geometry_type": "Point",
    "address": null
   }
  },
  {
   "type": "Feature",
   "geometry": {
    "type": "Point",
    "coordinates": [
     -46.695318,
     -23.85037802
    ]
   },
   "properties": {
    "id": "sp_geosampa_saude_ubs:equipamento_saude_ubs_posto_centro.120613",
    "source_id": "sp_geosampa_saude_ubs",
    "name": null,
    "category": "health_ubs",
    "subcategory": null,
    "geometry_type": "Point",
    "address": null
   }
  },
  {
   "type": "Feature",
   "geometry": {
    "type": "Point",
    "coordinates": [
     -46.459708,
     -23.52615902
    ]
   },
   "properties": {
    "id": "sp_geosampa_saude_ubs:equipamento_saude_ubs_posto_centro.120614",
    "source_id": "sp_geosampa_saude_ubs",
    "name": null,
    "category": "health_ubs",
    "subcategory": null,
    "geometry_type": "Point",
    "address": null
   }
  },
  {
   "type": "Feature",
   "geometry": {
    "type": "Point",
    "coordinates": [
     -46.605088,
     -23.46501301
    ]
   },
   "properties": {
    "id": "sp_geosampa_saude_ubs:equipamento_saude_ubs_posto_centro.120615",
    "source_id": "sp_geosampa_saude_ubs",
    "name": null,
    "category": "health_ubs",
    "subcategory": null,
    "geometry_type": "Point",
    "address": null
   }
  },
  {
   "type": "Feature",
   "geometry": {
    "type": "Point",
    "coordinates": [
     -46.514019,
     -23.51263502
    ]
   },
   "properties": {
    "id": "sp_geosampa_saude_ubs:equipamento_saude_ubs_posto_centro.120616",
    "source_id": "sp_geosampa_saude_ubs",
    "name": null,
    "category": "health_ubs",
    "subcategory": null,
    "geometry_type": "Point",
    "address": null
   }
  },
  {
   "type": "Feature",
   "geometry": {
    "type": "Point",
    "coordinates": [
     -46.703152,
     -23.48367902
    ]
   },
   "properties": {
    "id": "sp_geosampa_saude_ubs:equipamento_saude_ubs_posto_centro.120617",
    "source_id": "sp_geosampa_saude_ubs",
    "name": null,
    "category": "health_ubs",
    "subcategory": null,
    "geometry_type": "Point",
    "address": null
   }
  },
  {
   "type": "Feature",
   "geometry": {
    "type": "Point",
    "coordinates": [
     -46.662108,
     -23.64811102
    ]
   },
   "properties": {
    "id": "sp_geosampa_saude_ubs:equipamento_saude_ubs_posto_centro.120618",
    "source_id": "sp_geosampa_saude_ubs",
    "name": null,
    "category": "health_ubs",
    "subcategory": null,
    "geometry_type": "Point",
    "address": null
   }
  },
  {
   "type": "Feature",
   "geometry": {
    "type": "Point",
    "coordinates": [
     -46.383071,
     -23.58044502
    ]
   },
   "properties": {
    "id": "sp_geosampa_saude_ubs:equipamento_saude_ubs_posto_centro.120619",
    "source_id": "sp_geosampa_saude_ubs",
    "name": null,
    "category": "health_ubs",
    "subcategory": null,
    "geometry_type": "Point",
    "address": null
   }
  },
  {
   "type": "Feature",
   "geometry": {
    "type": "Point",
    "coordinates": [
     -46.399815,
     -23.52279501
    ]
   },
   "properties": {
    "id": "sp_geosampa_saude_ubs:equipamento_saude_ubs_posto_centro.120620",
    "source_id": "sp_geosampa_saude_ubs",
    "name": null,
    "category": "health_ubs",
    "subcategory": null,
    "geometry_type": "Point",
    "address": null
   }
  },
  {
   "type": "Feature",
   "geometry": {
    "type": "Point",
    "coordinates": [
     -46.721269,
     -23.47031001
    ]
   },
   "properties": {
    "id": "sp_geosampa_saude_ubs:equipamento_saude_ubs_posto_centro.120621",
    "source_id": "sp_geosampa_saude_ubs",
    "name": null,
    "category": "health_ubs",
    "subcategory": null,
    "geometry_type": "Point",
    "address": null
   }
  },
  {
   "type": "Feature",
   "geometry": {
    "type": "Point",
    "coordinates": [
     -46.677682,
     -23.49822802
    ]
   },
   "properties": {
    "id": "sp_geosampa_saude_ubs:equipamento_saude_ubs_posto_centro.120622",
    "source_id": "sp_geosampa_saude_ubs",
    "name": null,
    "category": "health_ubs",
    "subcategory": null,
    "geometry_type": "Point",
    "address": null
   }
  },
  {
   "type": "Feature",
   "geometry": {
    "type": "Point",
    "coordinates": [
     -46.622647,
     -23.46098402
    ]
   },
   "properties": {
    "id": "sp_geosampa_saude_ubs:equipamento_saude_ubs_posto_centro.120623",
    "source_id": "sp_geosampa_saude_ubs",
    "name": null,
    "category": "health_ubs",
    "subcategory": null,
    "geometry_type": "Point",
    "address": null
   }
  },
  {
   "type": "Feature",
   "geometry": {
    "type": "Point",
    "coordinates": [
     -46.500242,
     -23.54727002
    ]
   },
   "properties": {
    "id": "sp_geosampa_saude_ubs:equipamento_saude_ubs_posto_centro.120624",
    "source_id": "sp_geosampa_saude_ubs",
    "name": null,
    "category": "health_ubs",
    "subcategory": null,
    "geometry_type": "Point",
    "address": null
   }
  },
  {
   "type": "Feature",
   "geometry": {
    "type": "Point",
    "coordinates": [
     -46.673908,
     -23.47033102
    ]
   },
   "properties": {
    "id": "sp_geosampa_saude_ubs:equipamento_saude_ubs_posto_centro.120625",
    "source_id": "sp_geosampa_saude_ubs",
    "name": null,
    "category": "health_ubs",
    "subcategory": null,
    "geometry_type": "Point",
    "address": null
   }
  },
  {
   "type": "Feature",
   "geometry": {
    "type": "Point",
    "coordinates": [
     -46.606148,
     -23.63862901
    ]
   },
   "properties": {
    "id": "sp_geosampa_saude_ubs:equipamento_saude_ubs_posto_centro.120626",
    "source_id": "sp_geosampa_saude_ubs",
    "name": null,
    "category": "health_ubs",
    "subcategory": null,
    "geometry_type": "Point",
    "address": null
   }
  },
  {
   "type": "Feature",
   "geometry": {
    "type": "Point",
    "coordinates": [
     -46.685298,
     -23.58742502
    ]
   },
   "properties": {
    "id": "sp_geosampa_saude_ubs:equipamento_saude_ubs_posto_centro.120627",
    "source_id": "sp_geosampa_saude_ubs",
    "name": null,
    "category": "health_ubs",
    "subcategory": null,
    "geometry_type": "Point",
    "address": null
   }
  },
  {
   "type": "Feature",
   "geometry": {
    "type": "Point",
    "coordinates": [
     -46.583222,
     -23.46103502
    ]
   },
   "properties": {
    "id": "sp_geosampa_saude_ubs:equipamento_saude_ubs_posto_centro.120628",
    "source_id": "sp_geosampa_saude_ubs",
    "name": null,
    "category": "health_ubs",
    "subcategory": null,
    "geometry_type": "Point",
    "address": null
   }
  },
  {
   "type": "Feature",
   "geometry": {
    "type": "Point",
    "coordinates": [
     -46.691135,
     -23.55371601
    ]
   },
   "properties": {
    "id": "sp_geosampa_saude_ubs:equipamento_saude_ubs_posto_centro.120629",
    "source_id": "sp_geosampa_saude_ubs",
    "name": null,
    "category": "health_ubs",
    "subcategory": null,
    "geometry_type": "Point",
    "address": null
   }
  },
  {
   "type": "Feature",
   "geometry": {
    "type": "Point",
    "coordinates": [
     -46.611415,
     -23.57053201
    ]
   },
   "properties": {
    "id": "sp_geosampa_saude_ubs:equipamento_saude_ubs_posto_centro.120630",
    "source_id": "sp_geosampa_saude_ubs",
    "name": null,
    "category": "health_ubs",
    "subcategory": null,
    "geometry_type": "Point",
    "address": null
   }
  },
  {
   "type": "Feature",
   "geometry": {
    "type": "Point",
    "coordinates": [
     -46.711162,
     -23.74316402
    ]
   },
   "properties": {
    "id": "sp_geosampa_saude_ubs:equipamento_saude_ubs_posto_centro.120631",
    "source_id": "sp_geosampa_saude_ubs",
    "name": null,
    "category": "health_ubs",
    "subcategory": null,
    "geometry_type": "Point",
    "address": null
   }
  },
  {
   "type": "Feature",
   "geometry": {
    "type": "Point",
    "coordinates": [
     -46.663986,
     -23.50942801
    ]
   },
   "properties": {
    "id": "sp_geosampa_saude_ubs:equipamento_saude_ubs_posto_centro.120632",
    "source_id": "sp_geosampa_saude_ubs",
    "name": null,
    "category": "health_ubs",
    "subcategory": null,
    "geometry_type": "Point",
    "address": null
   }
  },
  {
   "type": "Feature",
   "geometry": {
    "type": "Point",
    "coordinates": [
     -46.659038,
     -23.47666701
    ]
   },
   "properties": {
    "id": "sp_geosampa_saude_ubs:equipamento_saude_ubs_posto_centro.120633",
    "source_id": "sp_geosampa_saude_ubs",
    "name": null,
    "category": "health_ubs",
    "subcategory": null,
    "geometry_type": "Point",
    "address": null
   }
  },
  {
   "type": "Feature",
   "geometry": {
    "type": "Point",
    "coordinates": [
     -46.67615476,
     -23.45183693
    ]
   },
   "properties": {
    "id": "sp_geosampa_saude_ubs:equipamento_saude_ubs_posto_centro.120634",
    "source_id": "sp_geosampa_saude_ubs",
    "name": null,
    "category": "health_ubs",
    "subcategory": null,
    "geometry_type": "Point",
    "address": null
   }
  },
  {
   "type": "Feature",
   "geometry": {
    "type": "Point",
    "coordinates": [
     -46.380366,
     -23.50248602
    ]
   },
   "properties": {
    "id": "sp_geosampa_saude_ubs:equipamento_saude_ubs_posto_centro.120635",
    "source_id": "sp_geosampa_saude_ubs",
    "name": null,
    "category": "health_ubs",
    "subcategory": null,
    "geometry_type": "Point",
    "address": null
   }
  },
  {
   "type": "Feature",
   "geometry": {
    "type": "Point",
    "coordinates": [
     -46.5172,
     -23.50031502
    ]
   },
   "properties": {
    "id": "sp_geosampa_saude_ubs:equipamento_saude_ubs_posto_centro.120636",
    "source_id": "sp_geosampa_saude_ubs",
    "name": null,
    "category": "health_ubs",
    "subcategory": null,
    "geometry_type": "Point",
    "address": null
   }
  },
  {
   "type": "Feature",
   "geometry": {
    "type": "Point",
    "coordinates": [
     -46.550718,
     -23.51103802
    ]
   },
   "properties": {
    "id": "sp_geosampa_saude_ubs:equipamento_saude_ubs_posto_centro.120637",
    "source_id": "sp_geosampa_saude_ubs",
    "name": null,
    "category": "health_ubs",
    "subcategory": null,
    "geometry_type": "Point",
    "address": null
   }
  },
  {
   "type": "Feature",
   "geometry": {
    "type": "Point",
    "coordinates": [
     -46.476551,
     -23.48897601
    ]
   },
   "properties": {
    "id": "sp_geosampa_saude_ubs:equipamento_saude_ubs_posto_centro.120638",
    "source_id": "sp_geosampa_saude_ubs",
    "name": null,
    "category": "health_ubs",
    "subcategory": null,
    "geometry_type": "Point",
    "address": null
   }
  },
  {
   "type": "Feature",
   "geometry": {
    "type": "Point",
    "coordinates": [
     -46.493077,
     -23.62358702
    ]
   },
   "properties": {
    "id": "sp_geosampa_saude_ubs:equipamento_saude_ubs_posto_centro.120639",
    "source_id": "sp_geosampa_saude_ubs",
    "name": null,
    "category": "health_ubs",
    "subcategory": null,
    "geometry_type": "Point",
    "address": null
   }
  },
  {
   "type": "Feature",
   "geometry": {
    "type": "Point",
    "coordinates": [
     -46.487678,
     -23.62253602
    ]
   },
   "properties": {
    "id": "sp_geosampa_saude_ubs:equipamento_saude_ubs_posto_centro.120640",
    "source_id": "sp_geosampa_saude_ubs",
    "name": null,
    "category": "health_ubs",
    "subcategory": null,
    "geometry_type": "Point",
    "address": null
   }
  },
  {
   "type": "Feature",
   "geometry": {
    "type": "Point",
    "coordinates": [
     -46.391658,
     -23.59794402
    ]
   },
   "properties": {
    "id": "sp_geosampa_saude_ubs:equipamento_saude_ubs_posto_centro.120641",
    "source_id": "sp_geosampa_saude_ubs",
    "name": null,
    "category": "health_ubs",
    "subcategory": null,
    "geometry_type": "Point",
    "address": null
   }
  },
  {
   "type": "Feature",
   "geometry": {
    "type": "Point",
    "coordinates": [
     -46.666909,
     -23.73214502
    ]
   },
   "properties": {
    "id": "sp_geosampa_saude_ubs:equipamento_saude_ubs_posto_centro.120642",
    "source_id": "sp_geosampa_saude_ubs",
    "name": null,
    "category": "health_ubs",
    "subcategory": null,
    "geometry_type": "Point",
    "address": null
   }
  },
  {
   "type": "Feature",
   "geometry": {
    "type": "Point",
    "coordinates": [
     -46.448888,
     -23.58411002
    ]
   },
   "properties": {
    "id": "sp_geosampa_saude_ubs:equipamento_saude_ubs_posto_centro.120643",
    "source_id": "sp_geosampa_saude_ubs",
    "name": null,
    "category": "health_ubs",
    "subcategory": null,
    "geometry_type": "Point",
    "address": null
   }
  },
  {
   "type": "Feature",
   "geometry": {
    "type": "Point",
    "coordinates": [
     -46.398901,
     -23.60890802
    ]
   },
   "properties": {
    "id": "sp_geosampa_saude_ubs:equipamento_saude_ubs_posto_centro.120644",
    "source_id": "sp_geosampa_saude_ubs",
    "name": null,
    "category": "health_ubs",
    "subcategory": null,
    "geometry_type": "Point",
    "address": null
   }
  },
  {
   "type": "Feature",
   "geometry": {
    "type": "Point",
    "coordinates": [
     -46.41555,
     -23.54566602
    ]
   },
   "properties": {
    "id": "sp_geosampa_saude_ubs:equipamento_saude_ubs_posto_centro.120645",
    "source_id": "sp_geosampa_saude_ubs",
    "name": null,
    "category": "health_ubs",
    "subcategory": null,
    "geometry_type": "Point",
    "address": null
   }
  },
  {
   "type": "Feature",
   "geometry": {
    "type": "Point",
    "coordinates": [
     -46.409432,
     -23.54353802
    ]
   },
   "properties": {
    "id": "sp_geosampa_saude_ubs:equipamento_saude_ubs_posto_centro.120646",
    "source_id": "sp_geosampa_saude_ubs",
    "name": null,
    "category": "health_ubs",
    "subcategory": null,
    "geometry_type": "Point",
    "address": null
   }
  },
  {
   "type": "Feature",
   "geometry": {
    "type": "Point",
    "coordinates": [
     -46.636674,
     -23.63374201
    ]
   },
   "properties": {
    "id": "sp_geosampa_saude_ubs:equipamento_saude_ubs_posto_centro.120647",
    "source_id": "sp_geosampa_saude_ubs",
    "name": null,
    "category": "health_ubs",
    "subcategory": null,
    "geometry_type": "Point",
    "address": null
   }
  },
  {
   "type": "Feature",
   "geometry": {
    "type": "Point",
    "coordinates": [
     -46.582401,
     -23.61094202
    ]
   },
   "properties": {
    "id": "sp_geosampa_saude_ubs:equipamento_saude_ubs_posto_centro.120648",
    "source_id": "sp_geosampa_saude_ubs",
    "name": null,
    "category": "health_ubs",
    "subcategory": null,
    "geometry_type": "Point",
    "address": null
   }
  },
  {
   "type": "Feature",
   "geometry": {
    "type": "Point",
    "coordinates": [
     -46.779172,
     -23.74636902
    ]
   },
   "properties": {
    "id": "sp_geosampa_saude_ubs:equipamento_saude_ubs_posto_centro.120649",
    "source_id": "sp_geosampa_saude_ubs",
    "name": null,
    "category": "health_ubs",
    "subcategory": null,
    "geometry_type": "Point",
    "address": null
   }
  },
  {
   "type": "Feature",
   "geometry": {
    "type": "Point",
    "coordinates": [
     -46.629735,
     -23.46181701
    ]
   },
   "properties": {
    "id": "sp_geosampa_saude_ubs:equipamento_saude_ubs_posto_centro.120650",
    "source_id": "sp_geosampa_saude_ubs",
    "name": null,
    "category": "health_ubs",
    "subcategory": null,
    "geometry_type": "Point",
    "address": null
   }
  },
  {
   "type": "Feature",
   "geometry": {
    "type": "Point",
    "coordinates": [
     -46.641943,
     -23.55722302
    ]
   },
   "properties": {
    "id": "sp_geosampa_saude_ubs:equipamento_saude_ubs_posto_centro.120651",
    "source_id": "sp_geosampa_saude_ubs",
    "name": null,
    "category": "health_ubs",
    "subcategory": null,
    "geometry_type": "Point",
    "address": null
   }
  },
  {
   "type": "Feature",
   "geometry": {
    "type": "Point",
    "coordinates": [
     -46.509843,
     -23.61048901
    ]
   },
   "properties": {
    "id": "sp_geosampa_saude_ubs:equipamento_saude_ubs_posto_centro.120652",
    "source_id": "sp_geosampa_saude_ubs",
    "name": null,
    "category": "health_ubs",
    "subcategory": null,
    "geometry_type": "Point",
    "address": null
   }
  },
  {
   "type": "Feature",
   "geometry": {
    "type": "Point",
    "coordinates": [
     -46.522875,
     -23.61297101
    ]
   },
   "properties": {
    "id": "sp_geosampa_saude_ubs:equipamento_saude_ubs_posto_centro.120653",
    "source_id": "sp_geosampa_saude_ubs",
    "name": null,
    "category": "health_ubs",
    "subcategory": null,
    "geometry_type": "Point",
    "address": null
   }
  },
  {
   "type": "Feature",
   "geometry": {
    "type": "Point",
    "coordinates": [
     -46.391778,
     -23.57650201
    ]
   },
   "properties": {
    "id": "sp_geosampa_saude_ubs:equipamento_saude_ubs_posto_centro.120654",
    "source_id": "sp_geosampa_saude_ubs",
    "name": null,
    "category": "health_ubs",
    "subcategory": null,
    "geometry_type": "Point",
    "address": null
   }
  },
  {
   "type": "Feature",
   "geometry": {
    "type": "Point",
    "coordinates": [
     -46.6654,
     -23.61421201
    ]
   },
   "properties": {
    "id": "sp_geosampa_saude_ubs:equipamento_saude_ubs_posto_centro.120655",
    "source_id": "sp_geosampa_saude_ubs",
    "name": null,
    "category": "health_ubs",
    "subcategory": null,
    "geometry_type": "Point",
    "address": null
   }
  },
  {
   "type": "Feature",
   "geometry": {
    "type": "Point",
    "coordinates": [
     -46.709725,
     -23.44660401
    ]
   },
   "properties": {
    "id": "sp_geosampa_saude_ubs:equipamento_saude_ubs_posto_centro.120656",
    "source_id": "sp_geosampa_saude_ubs",
    "name": null,
    "category": "health_ubs",
    "subcategory": null,
    "geometry_type": "Point",
    "address": null
   }
  },
  {
   "type": "Feature",
   "geometry": {
    "type": "Point",
    "coordinates": [
     -46.400608,
     -23.49455701
    ]
   },
   "properties": {
    "id": "sp_geosampa_saude_ubs:equipamento_saude_ubs_posto_centro.120657",
    "source_id": "sp_geosampa_saude_ubs",
    "name": null,
    "category": "health_ubs",
    "subcategory": null,
    "geometry_type": "Point",
    "address": null
   }
  },
  {
   "type": "Feature",
   "geometry": {
    "type": "Point",
    "coordinates": [
     -46.455397,
     -23.53945602
    ]
   },
   "properties": {
    "id": "sp_geosampa_saude_ubs:equipamento_saude_ubs_posto_centro.120658",
    "source_id": "sp_geosampa_saude_ubs",
    "name": null,
    "category": "health_ubs",
    "subcategory": null,
    "geometry_type": "Point",
    "address": null
   }
  },
  {
   "type": "Feature",
   "geometry": {
    "type": "Point",
    "coordinates": [
     -46.583072,
     -23.47582501
    ]
   },
   "properties": {
    "id": "sp_geosampa_saude_ubs:equipamento_saude_ubs_posto_centro.120659",
    "source_id": "sp_geosampa_saude_ubs",
    "name": null,
    "category": "health_ubs",
    "subcategory": null,
    "geometry_type": "Point",
    "address": null
   }
  },
  {
   "type": "Feature",
   "geometry": {
    "type": "Point",
    "coordinates": [
     -46.410341,
     -23.50475602
    ]
   },
   "properties": {
    "id": "sp_geosampa_saude_ubs:equipamento_saude_ubs_posto_centro.120660",
    "source_id": "sp_geosampa_saude_ubs",
    "name": null,
    "category": "health_ubs",
    "subcategory": null,
    "geometry_type": "Point",
    "address": null
   }
  },
  {
   "type": "Feature",
   "geometry": {
    "type": "Point",
    "coordinates": [
     -46.67007416,
     -23.63132657
    ]
   },
   "properties": {
    "id": "sp_geosampa_saude_ubs:equipamento_saude_ubs_posto_centro.120661",
    "source_id": "sp_geosampa_saude_ubs",
    "name": null,
    "category": "health_ubs",
    "subcategory": null,
    "geometry_type": "Point",
    "address": null
   }
  },
  {
   "type": "Feature",
   "geometry": {
    "type": "Point",
    "coordinates": [
     -46.65709325,
     -23.45458439
    ]
   },
   "properties": {
    "id": "sp_geosampa_saude_ubs:equipamento_saude_ubs_posto_centro.120662",
    "source_id": "sp_geosampa_saude_ubs",
    "name": null,
    "category": "health_ubs",
    "subcategory": null,
    "geometry_type": "Point",
    "address": null
   }
  },
  {
   "type": "Feature",
   "geometry": {
    "type": "Point",
    "coordinates": [
     -46.585677,
     -23.45261702
    ]
   },
   "properties": {
    "id": "sp_geosampa_saude_ubs:equipamento_saude_ubs_posto_centro.120663",
    "source_id": "sp_geosampa_saude_ubs",
    "name": null,
    "category": "health_ubs",
    "subcategory": null,
    "geometry_type": "Point",
    "address": null
   }
  },
  {
   "type": "Feature",
   "geometry": {
    "type": "Point",
    "coordinates": [
     -46.653086,
     -23.71072702
    ]
   },
   "properties": {
    "id": "sp_geosampa_saude_ubs:equipamento_saude_ubs_posto_centro.120664",
    "source_id": "sp_geosampa_saude_ubs",
    "name": null,
    "category": "health_ubs",
    "subcategory": null,
    "geometry_type": "Point",
    "address": null
   }
  },
  {
   "type": "Feature",
   "geometry": {
    "type": "Point",
    "coordinates": [
     -46.768048,
     -23.71977902
    ]
   },
   "properties": {
    "id": "sp_geosampa_saude_ubs:equipamento_saude_ubs_posto_centro.120665",
    "source_id": "sp_geosampa_saude_ubs",
    "name": null,
    "category": "health_ubs",
    "subcategory": null,
    "geometry_type": "Point",
    "address": null
   }
  },
  {
   "type": "Feature",
   "geometry": {
    "type": "Point",
    "coordinates": [
     -46.417627,
     -23.53643301
    ]
   },
   "properties": {
    "id": "sp_geosampa_saude_ubs:equipamento_saude_ubs_posto_centro.120666",
    "source_id": "sp_geosampa_saude_ubs",
    "name": null,
    "category": "health_ubs",
    "subcategory": null,
    "geometry_type": "Point",
    "address": null
   }
  },
  {
   "type": "Feature",
   "geometry": {
    "type": "Point",
    "coordinates": [
     -46.392748,
     -23.54244201
    ]
   },
   "properties": {
    "id": "sp_geosampa_saude_ubs:equipamento_saude_ubs_posto_centro.120667",
    "source_id": "sp_geosampa_saude_ubs",
    "name": null,
    "category": "health_ubs",
    "subcategory": null,
    "geometry_type": "Point",
    "address": null
   }
  },
  {
   "type": "Feature",
   "geometry": {
    "type": "Point",
    "coordinates": [
     -46.791236,
     -23.58411601
    ]
   },
   "properties": {
    "id": "sp_geosampa_saude_ubs:equipamento_saude_ubs_posto_centro.120668",
    "source_id": "sp_geosampa_saude_ubs",
    "name": null,
    "category": "health_ubs",
    "subcategory": null,
    "geometry_type": "Point",
    "address": null
   }
  },
  {
   "type": "Feature",
   "geometry": {
    "type": "Point",
    "coordinates": [
     -46.775536,
     -23.68343001
    ]
   },
   "properties": {
    "id": "sp_geosampa_saude_ubs:equipamento_saude_ubs_posto_centro.120669",
    "source_id": "sp_geosampa_saude_ubs",
    "name": null,
    "category": "health_ubs",
    "subcategory": null,
    "geometry_type": "Point",
    "address": null
   }
  },
  {
   "type": "Feature",
   "geometry": {
    "type": "Point",
    "coordinates": [
     -46.385765,
     -23.50299101
    ]
   },
   "properties": {
    "id": "sp_geosampa_saude_ubs:equipamento_saude_ubs_posto_centro.120670",
    "source_id": "sp_geosampa_saude_ubs",
    "name": null,
    "category": "health_ubs",
    "subcategory": null,
    "geometry_type": "Point",
    "address": null
   }
  },
  {
   "type": "Feature",
   "geometry": {
    "type": "Point",
    "coordinates": [
     -46.712544,
     -23.77160602
    ]
   },
   "properties": {
    "id": "sp_geosampa_saude_ubs:equipamento_saude_ubs_posto_centro.120671",
    "source_id": "sp_geosampa_saude_ubs",
    "name": null,
    "category": "health_ubs",
    "subcategory": null,
    "geometry_type": "Point",
    "address": null
   }
  },
  {
   "type": "Feature",
   "geometry": {
    "type": "Point",
    "coordinates": [
     -46.408978,
     -23.51234702
    ]
   },
   "properties": {
    "id": "sp_geosampa_saude_ubs:equipamento_saude_ubs_posto_centro.120672",
    "source_id": "sp_geosampa_saude_ubs",
    "name": null,
    "category": "health_ubs",
    "subcategory": null,
    "geometry_type": "Point",
    "address": null
   }
  },
  {
   "type": "Feature",
   "geometry": {
    "type": "Point",
    "coordinates": [
     -46.456856,
     -23.61689702
    ]
   },
   "properties": {
    "id": "sp_geosampa_saude_ubs:equipamento_saude_ubs_posto_centro.120673",
    "source_id": "sp_geosampa_saude_ubs",
    "name": null,
    "category": "health_ubs",
    "subcategory": null,
    "geometry_type": "Point",
    "address": null
   }
  },
  {
   "type": "Feature",
   "geometry": {
    "type": "Point",
    "coordinates": [
     -46.741376,
     -23.65672602
    ]
   },
   "properties": {
    "id": "sp_geosampa_saude_ubs:equipamento_saude_ubs_posto_centro.120674",
    "source_id": "sp_geosampa_saude_ubs",
    "name": null,
    "category": "health_ubs",
    "subcategory": null,
    "geometry_type": "Point",
    "address": null
   }
  },
  {
   "type": "Feature",
   "geometry": {
    "type": "Point",
    "coordinates": [
     -46.72098,
     -23.47762602
    ]
   },
   "properties": {
    "id": "sp_geosampa_saude_ubs:equipamento_saude_ubs_posto_centro.120675",
    "source_id": "sp_geosampa_saude_ubs",
    "name": null,
    "category": "health_ubs",
    "subcategory": null,
    "geometry_type": "Point",
    "address": null
   }
  },
  {
   "type": "Feature",
   "geometry": {
    "type": "Point",
    "coordinates": [
     -46.70575,
     -23.72351802
    ]
   },
   "properties": {
    "id": "sp_geosampa_saude_ubs:equipamento_saude_ubs_posto_centro.120676",
    "source_id": "sp_geosampa_saude_ubs",
    "name": null,
    "category": "health_ubs",
    "subcategory": null,
    "geometry_type": "Point",
    "address": null
   }
  },
  {
   "type": "Feature",
   "geometry": {
    "type": "Point",
    "coordinates": [
     -46.762626,
     -23.67867502
    ]
   },
   "properties": {
    "id": "sp_geosampa_saude_ubs:equipamento_saude_ubs_posto_centro.120677",
    "source_id": "sp_geosampa_saude_ubs",
    "name": null,
    "category": "health_ubs",
    "subcategory": null,
    "geometry_type": "Point",
    "address": null
   }
  },
  {
   "type": "Feature",
   "geometry": {
    "type": "Point",
    "coordinates": [
     -46.727934,
     -23.60179702
    ]
   },
   "properties": {
    "id": "sp_geosampa_saude_ubs:equipamento_saude_ubs_posto_centro.120678",
    "source_id": "sp_geosampa_saude_ubs",
    "name": null,
    "category": "health_ubs",
    "subcategory": null,
    "geometry_type": "Point",
    "address": null
   }
  },
  {
   "type": "Feature",
   "geometry": {
    "type": "Point",
    "coordinates": [
     -46.472024,
     -23.60190502
    ]
   },
   "properties": {
    "id": "sp_geosampa_saude_ubs:equipamento_saude_ubs_posto_centro.120679",
    "source_id": "sp_geosampa_saude_ubs",
    "name": null,
    "category": "health_ubs",
    "subcategory": null,
    "geometry_type": "Point",
    "address": null
   }
  },
  {
   "type": "Feature",
   "geometry": {
    "type": "Point",
    "coordinates": [
     -46.46371,
     -23.62649101
    ]
   },
   "properties": {
    "id": "sp_geosampa_saude_ubs:equipamento_saude_ubs_posto_centro.120680",
    "source_id": "sp_geosampa_saude_ubs",
    "name": null,
    "category": "health_ubs",
    "subcategory": null,
    "geometry_type": "Point",
    "address": null
   }
  },
  {
   "type": "Feature",
   "geometry": {
    "type": "Point",
    "coordinates": [
     -46.77954,
     -23.67160801
    ]
   },
   "properties": {
    "id": "sp_geosampa_saude_ubs:equipamento_saude_ubs_posto_centro.120681",
    "source_id": "sp_geosampa_saude_ubs",
    "name": null,
    "category": "health_ubs",
    "subcategory": null,
    "geometry_type": "Point",
    "address": null
   }
  },
  {
   "type": "Feature",
   "geometry": {
    "type": "Point",
    "coordinates": [
     -46.457392,
     -23.56238002
    ]
   },
   "properties": {
    "id": "sp_geosampa_saude_ubs:equipamento_saude_ubs_posto_centro.120682",
    "source_id": "sp_geosampa_saude_ubs",
    "name": null,
    "category": "health_ubs",
    "subcategory": null,
    "geometry_type": "Point",
    "address": null
   }
  },
  {
   "type": "Feature",
   "geometry": {
    "type": "Point",
    "coordinates": [
     -46.775112,
     -23.57601002
    ]
   },
   "properties": {
    "id": "sp_geosampa_saude_ubs:equipamento_saude_ubs_posto_centro.120683",
    "source_id": "sp_geosampa_saude_ubs",
    "name": null,
    "category": "health_ubs",
    "subcategory": null,
    "geometry_type": "Point",
    "address": null
   }
  },
  {
   "type": "Feature",
   "geometry": {
    "type": "Point",
    "coordinates": [
     -46.453102,
     -23.61289502
    ]
   },
   "properties": {
    "id": "sp_geosampa_saude_ubs:equipamento_saude_ubs_posto_centro.120684",
    "source_id": "sp_geosampa_saude_ubs",
    "name": null,
    "category": "health_ubs",
    "subcategory": null,
    "geometry_type": "Point",
    "address": null
   }
  },
  {
   "type": "Feature",
   "geometry": {
    "type": "Point",
    "coordinates": [
     -46.444663,
     -23.60701002
    ]
   },
   "properties": {
    "id": "sp_geosampa_saude_ubs:equipamento_saude_ubs_posto_centro.120685",
    "source_id": "sp_geosampa_saude_ubs",
    "name": null,
    "category": "health_ubs",
    "subcategory": null,
    "geometry_type": "Point",
    "address": null
   }
  },
  {
   "type": "Feature",
   "geometry": {
    "type": "Point",
    "coordinates": [
     -46.616326,
     -23.61282602
    ]
   },
   "properties": {
    "id": "sp_geosampa_saude_ubs:equipamento_saude_ubs_posto_centro.120686",
    "source_id": "sp_geosampa_saude_ubs",
    "name": null,
    "category": "health_ubs",
    "subcategory": null,
    "geometry_type": "Point",
    "address": null
   }
  },
  {
   "type": "Feature",
   "geometry": {
    "type": "Point",
    "coordinates": [
     -46.698773,
     -23.45147602
    ]
   },
   "properties": {
    "id": "sp_geosampa_saude_ubs:equipamento_saude_ubs_posto_centro.120687",
    "source_id": "sp_geosampa_saude_ubs",
    "name": null,
    "category": "health_ubs",
    "subcategory": null,
    "geometry_type": "Point",
    "address": null
   }
  },
  {
   "type": "Feature",
   "geometry": {
    "type": "Point",
    "coordinates": [
     -46.462508,
     -23.51290601
    ]
   },
   "properties": {
    "id": "sp_geosampa_saude_ubs:equipamento_saude_ubs_posto_centro.120688",
    "source_id": "sp_geosampa_saude_ubs",
    "name": null,
    "category": "health_ubs",
    "subcategory": null,
    "geometry_type": "Point",
    "address": null
   }
  },
  {
   "type": "Feature",
   "geometry": {
    "type": "Point",
    "coordinates": [
     -46.755391,
     -23.86871102
    ]
   },
   "properties": {
    "id": "sp_geosampa_saude_ubs:equipamento_saude_ubs_posto_centro.120689",
    "source_id": "sp_geosampa_saude_ubs",
    "name": null,
    "category": "health_ubs",
    "subcategory": null,
    "geometry_type": "Point",
    "address": null
   }
  },
  {
   "type": "Feature",
   "geometry": {
    "type": "Point",
    "coordinates": [
     -46.746445,
     -23.62720302
    ]
   },
   "properties": {
    "id": "sp_geosampa_saude_ubs:equipamento_saude_ubs_posto_centro.120690",
    "source_id": "sp_geosampa_saude_ubs",
    "name": null,
    "category": "health_ubs",
    "subcategory": null,
    "geometry_type": "Point",
    "address": null
   }
  },
  {
   "type": "Feature",
   "geometry": {
    "type": "Point",
    "coordinates": [
     -46.590344,
     -23.41915302
    ]
   },
   "properties": {
    "id": "sp_geosampa_saude_ubs:equipamento_saude_ubs_posto_centro.120691",
    "source_id": "sp_geosampa_saude_ubs",
    "name": null,
    "category": "health_ubs",
    "subcategory": null,
    "geometry_type": "Point",
    "address": null
   }
  },
  {
   "type": "Feature",
   "geometry": {
    "type": "Point",
    "coordinates": [
     -46.507991,
     -23.60096801
    ]
   },
   "properties": {
    "id": "sp_geosampa_saude_ubs:equipamento_saude_ubs_posto_centro.120692",
    "source_id": "sp_geosampa_saude_ubs",
    "name": null,
    "category": "health_ubs",
    "subcategory": null,
    "geometry_type": "Point",
    "address": null
   }
  },
  {
   "type": "Feature",
   "geometry": {
    "type": "Point",
    "coordinates": [
     -46.694129,
     -23.61322802
    ]
   },
   "properties": {
    "id": "sp_geosampa_saude_ubs:equipamento_saude_ubs_posto_centro.120693",
    "source_id": "sp_geosampa_saude_ubs",
    "name": null,
    "category": "health_ubs",
    "subcategory": null,
    "geometry_type": "Point",
    "address": null
   }
  },
  {
   "type": "Feature",
   "geometry": {
    "type": "Point",
    "coordinates": [
     -46.784546,
     -23.65476302
    ]
   },
   "properties": {
    "id": "sp_geosampa_saude_ubs:equipamento_saude_ubs_posto_centro.120694",
    "source_id": "sp_geosampa_saude_ubs",
    "name": null,
    "category": "health_ubs",
    "subcategory": null,
    "geometry_type": "Point",
    "address": null
   }
  },
  {
   "type": "Feature",
   "geometry": {
    "type": "Point",
    "coordinates": [
     -46.670675,
     -23.75398002
    ]
   },
   "properties": {
    "id": "sp_geosampa_saude_ubs:equipamento_saude_ubs_posto_centro.120695",
    "source_id": "sp_geosampa_saude_ubs",
    "name": null,
    "category": "health_ubs",
    "subcategory": null,
    "geometry_type": "Point",
    "address": null
   }
  },
  {
   "type": "Feature",
   "geometry": {
    "type": "Point",
    "coordinates": [
     -46.68549,
     -23.45615802
    ]
   },
   "properties": {
    "id": "sp_geosampa_saude_ubs:equipamento_saude_ubs_posto_centro.120696",
    "source_id": "sp_geosampa_saude_ubs",
    "name": null,
    "category": "health_ubs",
    "subcategory": null,
    "geometry_type": "Point",
    "address": null
   }
  },
  {
   "type": "Feature",
   "geometry": {
    "type": "Point",
    "coordinates": [
     -46.741822,
     -23.88057702
    ]
   },
   "properties": {
    "id": "sp_geosampa_saude_ubs:equipamento_saude_ubs_posto_centro.120697",
    "source_id": "sp_geosampa_saude_ubs",
    "name": null,
    "category": "health_ubs",
    "subcategory": null,
    "geometry_type": "Point",
    "address": null
   }
  },
  {
   "type": "Feature",
   "geometry": {
    "type": "Point",
    "coordinates": [
     -46.421666,
     -23.53037702
    ]
   },
   "properties": {
    "id": "sp_geosampa_saude_ubs:equipamento_saude_ubs_posto_centro.120698",
    "source_id": "sp_geosampa_saude_ubs",
    "name": null,
    "category": "health_ubs",
    "subcategory": null,
    "geometry_type": "Point",
    "address": null
   }
  },
  {
   "type": "Feature",
   "geometry": {
    "type": "Point",
    "coordinates": [
     -46.395999,
     -23.54718402
    ]
   },
   "properties": {
    "id": "sp_geosampa_saude_ubs:equipamento_saude_ubs_posto_centro.120699",
    "source_id": "sp_geosampa_saude_ubs",
    "name": null,
    "category": "health_ubs",
    "subcategory": null,
    "geometry_type": "Point",
    "address": null
   }
  },
  {
   "type": "Feature",
   "geometry": {
    "type": "Point",
    "coordinates": [
     -46.574924,
     -23.43113802
    ]
   },
   "properties": {
    "id": "sp_geosampa_saude_ubs:equipamento_saude_ubs_posto_centro.120700",
    "source_id": "sp_geosampa_saude_ubs",
    "name": null,
    "category": "health_ubs",
    "subcategory": null,
    "geometry_type": "Point",
    "address": null
   }
  },
  {
   "type": "Feature",
   "geometry": {
    "type": "Point",
    "coordinates": [
     -46.57138,
     -23.43895802
    ]
   },
   "properties": {
    "id": "sp_geosampa_saude_ubs:equipamento_saude_ubs_posto_centro.120701",
    "source_id": "sp_geosampa_saude_ubs",
    "name": null,
    "category": "health_ubs",
    "subcategory": null,
    "geometry_type": "Point",
    "address": null
   }
  },
  {
   "type": "Feature",
   "geometry": {
    "type": "Point",
    "coordinates": [
     -46.759758,
     -23.65421201
    ]
   },
   "properties": {
    "id": "sp_geosampa_saude_ubs:equipamento_saude_ubs_posto_centro.120702",
    "source_id": "sp_geosampa_saude_ubs",
    "name": null,
    "category": "health_ubs",
    "subcategory": null,
    "geometry_type": "Point",
    "address": null
   }
  },
  {
   "type": "Feature",
   "geometry": {
    "type": "Point",
    "coordinates": [
     -46.539917,
     -23.59976501
    ]
   },
   "properties": {
    "id": "sp_geosampa_saude_ubs:equipamento_saude_ubs_posto_centro.120703",
    "source_id": "sp_geosampa_saude_ubs",
    "name": null,
    "category": "health_ubs",
    "subcategory": null,
    "geometry_type": "Point",
    "address": null
   }
  },
  {
   "type": "Feature",
   "geometry": {
    "type": "Point",
    "coordinates": [
     -46.700979,
     -23.49332102
    ]
   },
   "properties": {
    "id": "sp_geosampa_saude_ubs:equipamento_saude_ubs_posto_centro.120704",
    "source_id": "sp_geosampa_saude_ubs",
    "name": null,
    "category": "health_ubs",
    "subcategory": null,
    "geometry_type": "Point",
    "address": null
   }
  },
  {
   "type": "Feature",
   "geometry": {
    "type": "Point",
    "coordinates": [
     -46.69132,
     -23.46246901
    ]
   },
   "properties": {
    "id": "sp_geosampa_saude_ubs:equipamento_saude_ubs_posto_centro.120705",
    "source_id": "sp_geosampa_saude_ubs",
    "name": null,
    "category": "health_ubs",
    "subcategory": null,
    "geometry_type": "Point",
    "address": null
   }
  },
  {
   "type": "Feature",
   "geometry": {
    "type": "Point",
    "coordinates": [
     -46.787996,
     -23.69247702
    ]
   },
   "properties": {
    "id": "sp_geosampa_saude_ubs:equipamento_saude_ubs_posto_centro.120706",
    "source_id": "sp_geosampa_saude_ubs",
    "name": null,
    "category": "health_ubs",
    "subcategory": null,
    "geometry_type": "Point",
    "address": null
   }
  },
  {
   "type": "Feature",
   "geometry": {
    "type": "Point",
    "coordinates": [
     -46.414694,
     -23.47927201
    ]
   },
   "properties": {
    "id": "sp_geosampa_saude_ubs:equipamento_saude_ubs_posto_centro.120707",
    "source_id": "sp_geosampa_saude_ubs",
    "name": null,
    "category": "health_ubs",
    "subcategory": null,
    "geometry_type": "Point",
    "address": null
   }
  },
  {
   "type": "Feature",
   "geometry": {
    "type": "Point",
    "coordinates": [
     -46.771444,
     -23.64130602
    ]
   },
   "properties": {
    "id": "sp_geosampa_saude_ubs:equipamento_saude_ubs_posto_centro.120708",
    "source_id": "sp_geosampa_saude_ubs",
    "name": null,
    "category": "health_ubs",
    "subcategory": null,
    "geometry_type": "Point",
    "address": null
   }
  },
  {
   "type": "Feature",
   "geometry": {
    "type": "Point",
    "coordinates": [
     -46.456351,
     -23.57696901
    ]
   },
   "properties": {
    "id": "sp_geosampa_saude_ubs:equipamento_saude_ubs_posto_centro.120709",
    "source_id": "sp_geosampa_saude_ubs",
    "name": null,
    "category": "health_ubs",
    "subcategory": null,
    "geometry_type": "Point",
    "address": null
   }
  },
  {
   "type": "Feature",
   "geometry": {
    "type": "Point",
    "coordinates": [
     -46.757648,
     -23.69232502
    ]
   },
   "properties": {
    "id": "sp_geosampa_saude_ubs:equipamento_saude_ubs_posto_centro.120710",
    "source_id": "sp_geosampa_saude_ubs",
    "name": null,
    "category": "health_ubs",
    "subcategory": null,
    "geometry_type": "Point",
    "address": null
   }
  },
  {
   "type": "Feature",
   "geometry": {
    "type": "Point",
    "coordinates": [
     -46.696403,
     -23.46596902
    ]
   },
   "properties": {
    "id": "sp_geosampa_saude_ubs:equipamento_saude_ubs_posto_centro.120711",
    "source_id": "sp_geosampa_saude_ubs",
    "name": null,
    "category": "health_ubs",
    "subcategory": null,
    "geometry_type": "Point",
    "address": null
   }
  },
  {
   "type": "Feature",
   "geometry": {
    "type": "Point",
    "coordinates": [
     -46.70569,
     -23.74615702
    ]
   },
   "properties": {
    "id": "sp_geosampa_saude_ubs:equipamento_saude_ubs_posto_centro.120712",
    "source_id": "sp_geosampa_saude_ubs",
    "name": null,
    "category": "health_ubs",
    "subcategory": null,
    "geometry_type": "Point",
    "address": null
   }
  },
  {
   "type": "Feature",
   "geometry": {
    "type": "Point",
    "coordinates": [
     -46.397985,
     -23.51559602
    ]
   },
   "properties": {
    "id": "sp_geosampa_saude_ubs:equipamento_saude_ubs_posto_centro.120713",
    "source_id": "sp_geosampa_saude_ubs",
    "name": null,
    "category": "health_ubs",
    "subcategory": null,
    "geometry_type": "Point",
    "address": null
   }
  },
  {
   "type": "Feature",
   "geometry": {
    "type": "Point",
    "coordinates": [
     -46.7125378,
     -23.78326881
    ]
   },
   "properties": {
    "id": "sp_geosampa_saude_ubs:equipamento_saude_ubs_posto_centro.120714",
    "source_id": "sp_geosampa_saude_ubs",
    "name": null,
    "category": "health_ubs",
    "subcategory": null,
    "geometry_type": "Point",
    "address": null
   }
  },
  {
   "type": "Feature",
   "geometry": {
    "type": "Point",
    "coordinates": [
     -46.499921,
     -23.59009501
    ]
   },
   "properties": {
    "id": "sp_geosampa_saude_ubs:equipamento_saude_ubs_posto_centro.120715",
    "source_id": "sp_geosampa_saude_ubs",
    "name": null,
    "category": "health_ubs",
    "subcategory": null,
    "geometry_type": "Point",
    "address": null
   }
  },
  {
   "type": "Feature",
   "geometry": {
    "type": "Point",
    "coordinates": [
     -46.516647,
     -23.58421801
    ]
   },
   "properties": {
    "id": "sp_geosampa_saude_ubs:equipamento_saude_ubs_posto_centro.120716",
    "source_id": "sp_geosampa_saude_ubs",
    "name": null,
    "category": "health_ubs",
    "subcategory": null,
    "geometry_type": "Point",
    "address": null
   }
  },
  {
   "type": "Feature",
   "geometry": {
    "type": "Point",
    "coordinates": [
     -46.588065,
     -23.50584401
    ]
   },
   "properties": {
    "id": "sp_geosampa_saude_ubs:equipamento_saude_ubs_posto_centro.120717",
    "source_id": "sp_geosampa_saude_ubs",
    "name": null,
    "category": "health_ubs",
    "subcategory": null,
    "geometry_type": "Point",
    "address": null
   }
  },
  {
   "type": "Feature",
   "geometry": {
    "type": "Point",
    "coordinates": [
     -46.75181,
     -23.59488402
    ]
   },
   "properties": {
    "id": "sp_geosampa_saude_ubs:equipamento_saude_ubs_posto_centro.120718",
    "source_id": "sp_geosampa_saude_ubs",
    "name": null,
    "category": "health_ubs",
    "subcategory": null,
    "geometry_type": "Point",
    "address": null
   }
  },
  {
   "type": "Feature",
   "geometry": {
    "type": "Point",
    "coordinates": [
     -46.568155,
     -23.49627602
    ]
   },
   "properties": {
    "id": "sp_geosampa_saude_ubs:equipamento_saude_ubs_posto_centro.120719",
    "source_id": "sp_geosampa_saude_ubs",
    "name": null,
    "category": "health_ubs",
    "subcategory": null,
    "geometry_type": "Point",
    "address": null
   }
  },
  {
   "type": "Feature",
   "geometry": {
    "type": "Point",
    "coordinates": [
     -46.498207,
     -23.48454802
    ]
   },
   "properties": {
    "id": "sp_geosampa_saude_ubs:equipamento_saude_ubs_posto_centro.120720",
    "source_id": "sp_geosampa_saude_ubs",
    "name": null,
    "category": "health_ubs",
    "subcategory": null,
    "geometry_type": "Point",
    "address": null
   }
  },
  {
   "type": "Feature",
   "geometry": {
    "type": "Point",
    "coordinates": [
     -46.449255,
     -23.48729601
    ]
   },
   "properties": {
    "id": "sp_geosampa_saude_ubs:equipamento_saude_ubs_posto_centro.120721",
    "source_id": "sp_geosampa_saude_ubs",
    "name": null,
    "category": "health_ubs",
    "subcategory": null,
    "geometry_type": "Point",
    "address": null
   }
  },
  {
   "type": "Feature",
   "geometry": {
    "type": "Point",
    "coordinates": [
     -46.762719,
     -23.66604102
    ]
   },
   "properties": {
    "id": "sp_geosampa_saude_ubs:equipamento_saude_ubs_posto_centro.120722",
    "source_id": "sp_geosampa_saude_ubs",
    "name": null,
    "category": "health_ubs",
    "subcategory": null,
    "geometry_type": "Point",
    "address": null
   }
  },
  {
   "type": "Feature",
   "geometry": {
    "type": "Point",
    "coordinates": [
     -46.637024,
     -23.66012202
    ]
   },
   "properties": {
    "id": "sp_geosampa_saude_ubs:equipamento_saude_ubs_posto_centro.120723",
    "source_id": "sp_geosampa_saude_ubs",
    "name": null,
    "category": "health_ubs",
    "subcategory": null,
    "geometry_type": "Point",
    "address": null
   }
  },
  {
   "type": "Feature",
   "geometry": {
    "type": "Point",
    "coordinates": [
     -46.672309,
     -23.76255701
    ]
   },
   "properties": {
    "id": "sp_geosampa_saude_ubs:equipamento_saude_ubs_posto_centro.120724",
    "source_id": "sp_geosampa_saude_ubs",
    "name": null,
    "category": "health_ubs",
    "subcategory": null,
    "geometry_type": "Point",
    "address": null
   }
  },
  {
   "type": "Feature",
   "geometry": {
    "type": "Point",
    "coordinates": [
     -46.789802,
     -23.65320602
    ]
   },
   "properties": {
    "id": "sp_geosampa_saude_ubs:equipamento_saude_ubs_posto_centro.120725",
    "source_id": "sp_geosampa_saude_ubs",
    "name": null,
    "category": "health_ubs",
    "subcategory": null,
    "geometry_type": "Point",
    "address": null
   }
  },
  {
   "type": "Feature",
   "geometry": {
    "type": "Point",
    "coordinates": [
     -46.792481,
     -23.66701601
    ]
   },
   "properties": {
    "id": "sp_geosampa_saude_ubs:equipamento_saude_ubs_posto_centro.120726",
    "source_id": "sp_geosampa_saude_ubs",
    "name": null,
    "category": "health_ubs",
    "subcategory": null,
    "geometry_type": "Point",
    "address": null
   }
  },
  {
   "type": "Feature",
   "geometry": {
    "type": "Point",
    "coordinates": [
     -46.41572,
     -23.49231302
    ]
   },
   "properties": {
    "id": "sp_geosampa_saude_ubs:equipamento_saude_ubs_posto_centro.120727",
    "source_id": "sp_geosampa_saude_ubs",
    "name": null,
    "category": "health_ubs",
    "subcategory": null,
    "geometry_type": "Point",
    "address": null
   }
  },
  {
   "type": "Feature",
   "geometry": {
    "type": "Point",
    "coordinates": [
     -46.772677,
     -23.67171302
    ]
   },
   "properties": {
    "id": "sp_geosampa_saude_ubs:equipamento_saude_ubs_posto_centro.120728",
    "source_id": "sp_geosampa_saude_ubs",
    "name": null,
    "category": "health_ubs",
    "subcategory": null,
    "geometry_type": "Point",
    "address": null
   }
  },
  {
   "type": "Feature",
   "geometry": {
    "type": "Point",
    "coordinates": [
     -46.492422,
     -23.56266002
    ]
   },
   "properties": {
    "id": "sp_geosampa_saude_ubs:equipamento_saude_ubs_posto_centro.120729",
    "source_id": "sp_geosampa_saude_ubs",
    "name": null,
    "category": "health_ubs",
    "subcategory": null,
    "geometry_type": "Point",
    "address": null
   }
  },
  {
   "type": "Feature",
   "geometry": {
    "type": "Point",
    "coordinates": [
     -46.515006,
     -23.55363402
    ]
   },
   "properties": {
    "id": "sp_geosampa_saude_ubs:equipamento_saude_ubs_posto_centro.120730",
    "source_id": "sp_geosampa_saude_ubs",
    "name": null,
    "category": "health_ubs",
    "subcategory": null,
    "geometry_type": "Point",
    "address": null
   }
  },
  {
   "type": "Feature",
   "geometry": {
    "type": "Point",
    "coordinates": [
     -46.64006,
     -23.67894302
    ]
   },
   "properties": {
    "id": "sp_geosampa_saude_ubs:equipamento_saude_ubs_posto_centro.120731",
    "source_id": "sp_geosampa_saude_ubs",
    "name": null,
    "category": "health_ubs",
    "subcategory": null,
    "geometry_type": "Point",
    "address": null
   }
  },
  {
   "type": "Feature",
   "geometry": {
    "type": "Point",
    "coordinates": [
     -46.780537,
     -23.64433202
    ]
   },
   "properties": {
    "id": "sp_geosampa_saude_ubs:equipamento_saude_ubs_posto_centro.120732",
    "source_id": "sp_geosampa_saude_ubs",
    "name": null,
    "category": "health_ubs",
    "subcategory": null,
    "geometry_type": "Point",
    "address": null
   }
  },
  {
   "type": "Feature",
   "geometry": {
    "type": "Point",
    "coordinates": [
     -46.773577,
     -23.69896302
    ]
   },
   "properties": {
    "id": "sp_geosampa_saude_ubs:equipamento_saude_ubs_posto_centro.120733",
    "source_id": "sp_geosampa_saude_ubs",
    "name": null,
    "category": "health_ubs",
    "subcategory": null,
    "geometry_type": "Point",
    "address": null
   }
  },
  {
   "type": "Feature",
   "geometry": {
    "type": "Point",
    "coordinates": [
     -46.384451,
     -23.51139402
    ]
   },
   "properties": {
    "id": "sp_geosampa_saude_ubs:equipamento_saude_ubs_posto_centro.120734",
    "source_id": "sp_geosampa_saude_ubs",
    "name": null,
    "category": "health_ubs",
    "subcategory": null,
    "geometry_type": "Point",
    "address": null
   }
  },
  {
   "type": "Feature",
   "geometry": {
    "type": "Point",
    "coordinates": [
     -46.667903,
     -23.68260302
    ]
   },
   "properties": {
    "id": "sp_geosampa_saude_ubs:equipamento_saude_ubs_posto_centro.120735",
    "source_id": "sp_geosampa_saude_ubs",
    "name": null,
    "category": "health_ubs",
    "subcategory": null,
    "geometry_type": "Point",
    "address": null
   }
  },
  {
   "type": "Feature",
   "geometry": {
    "type": "Point",
    "coordinates": [
     -46.48126,
     -23.57776602
    ]
   },
   "properties": {
    "id": "sp_geosampa_saude_ubs:equipamento_saude_ubs_posto_centro.120736",
    "source_id": "sp_geosampa_saude_ubs",
    "name": null,
    "category": "health_ubs",
    "subcategory": null,
    "geometry_type": "Point",
    "address": null
   }
  },
  {
   "type": "Feature",
   "geometry": {
    "type": "Point",
    "coordinates": [
     -46.484677,
     -23.59207201
    ]
   },
   "properties": {
    "id": "sp_geosampa_saude_ubs:equipamento_saude_ubs_posto_centro.120737",
    "source_id": "sp_geosampa_saude_ubs",
    "name": null,
    "category": "health_ubs",
    "subcategory": null,
    "geometry_type": "Point",
    "address": null
   }
  },
  {
   "type": "Feature",
   "geometry": {
    "type": "Point",
    "coordinates": [
     -46.701133,
     -23.77465901
    ]
   },
   "properties": {
    "id": "sp_geosampa_saude_ubs:equipamento_saude_ubs_posto_centro.120738",
    "source_id": "sp_geosampa_saude_ubs",
    "name": null,
    "category": "health_ubs",
    "subcategory": null,
    "geometry_type": "Point",
    "address": null
   }
  },
  {
   "type": "Feature",
   "geometry": {
    "type": "Point",
    "coordinates": [
     -46.64017,
     -23.69950802
    ]
   },
   "properties": {
    "id": "sp_geosampa_saude_ubs:equipamento_saude_ubs_posto_centro.120739",
    "source_id": "sp_geosampa_saude_ubs",
    "name": null,
    "category": "health_ubs",
    "subcategory": null,
    "geometry_type": "Point",
    "address": null
   }
  },
  {
   "type": "Feature",
   "geometry": {
    "type": "Point",
    "coordinates": [
     -46.754536,
     -23.62933502
    ]
   },
   "properties": {
    "id": "sp_geosampa_saude_ubs:equipamento_saude_ubs_posto_centro.120740",
    "source_id": "sp_geosampa_saude_ubs",
    "name": null,
    "category": "health_ubs",
    "subcategory": null,
    "geometry_type": "Point",
    "address": null
   }
  },
  {
   "type": "Feature",
   "geometry": {
    "type": "Point",
    "coordinates": [
     -46.68573,
     -23.72722901
    ]
   },
   "properties": {
    "id": "sp_geosampa_saude_ubs:equipamento_saude_ubs_posto_centro.120741",
    "source_id": "sp_geosampa_saude_ubs",
    "name": null,
    "category": "health_ubs",
    "subcategory": null,
    "geometry_type": "Point",
    "address": null
   }
  },
  {
   "type": "Feature",
   "geometry": {
    "type": "Point",
    "coordinates": [
     -46.729575,
     -23.45066602
    ]
   },
   "properties": {
    "id": "sp_geosampa_saude_ubs:equipamento_saude_ubs_posto_centro.120742",
    "source_id": "sp_geosampa_saude_ubs",
    "name": null,
    "category": "health_ubs",
    "subcategory": null,
    "geometry_type": "Point",
    "address": null
   }
  },
  {
   "type": "Feature",
   "geometry": {
    "type": "Point",
    "coordinates": [
     -46.500238,
     -23.59581702
    ]
   },
   "properties": {
    "id": "sp_geosampa_saude_ubs:equipamento_saude_ubs_posto_centro.120743",
    "source_id": "sp_geosampa_saude_ubs",
    "name": null,
    "category": "health_ubs",
    "subcategory": null,
    "geometry_type": "Point",
    "address": null
   }
  },
  {
   "type": "Feature",
   "geometry": {
    "type": "Point",
    "coordinates": [
     -46.780739,
     -23.69334002
    ]
   },
   "properties": {
    "id": "sp_geosampa_saude_ubs:equipamento_saude_ubs_posto_centro.120744",
    "source_id": "sp_geosampa_saude_ubs",
    "name": null,
    "category": "health_ubs",
    "subcategory": null,
    "geometry_type": "Point",
    "address": null
   }
  },
  {
   "type": "Feature",
   "geometry": {
    "type": "Point",
    "coordinates": [
     -46.497103,
     -23.50931701
    ]
   },
   "properties": {
    "id": "sp_geosampa_saude_ubs:equipamento_saude_ubs_posto_centro.120745",
    "source_id": "sp_geosampa_saude_ubs",
    "name": null,
    "category": "health_ubs",
    "subcategory": null,
    "geometry_type": "Point",
    "address": null
   }
  },
  {
   "type": "Feature",
   "geometry": {
    "type": "Point",
    "coordinates": [
     -46.654818,
     -23.46422601
    ]
   },
   "properties": {
    "id": "sp_geosampa_saude_ubs:equipamento_saude_ubs_posto_centro.120746",
    "source_id": "sp_geosampa_saude_ubs",
    "name": null,
    "category": "health_ubs",
    "subcategory": null,
    "geometry_type": "Point",
    "address": null
   }
  },
  {
   "type": "Feature",
   "geometry": {
    "type": "Point",
    "coordinates": [
     -46.506484,
     -23.51683202
    ]
   },
   "properties": {
    "id": "sp_geosampa_saude_ubs:equipamento_saude_ubs_posto_centro.120747",
    "source_id": "sp_geosampa_saude_ubs",
    "name": null,
    "category": "health_ubs",
    "subcategory": null,
    "geometry_type": "Point",
    "address": null
   }
  },
  {
   "type": "Feature",
   "geometry": {
    "type": "Point",
    "coordinates": [
     -46.69754,
     -23.74966002
    ]
   },
   "properties": {
    "id": "sp_geosampa_saude_ubs:equipamento_saude_ubs_posto_centro.120748",
    "source_id": "sp_geosampa_saude_ubs",
    "name": null,
    "category": "health_ubs",
    "subcategory": null,
    "geometry_type": "Point",
    "address": null
   }
  },
  {
   "type": "Feature",
   "geometry": {
    "type": "Point",
    "coordinates": [
     -46.687165,
     -23.71492402
    ]
   },
   "properties": {
    "id": "sp_geosampa_saude_ubs:equipamento_saude_ubs_posto_centro.120749",
    "source_id": "sp_geosampa_saude_ubs",
    "name": null,
    "category": "health_ubs",
    "subcategory": null,
    "geometry_type": "Point",
    "address": null
   }
  },
  {
   "type": "Feature",
   "geometry": {
    "type": "Point",
    "coordinates": [
     -46.727753,
     -23.43514101
    ]
   },
   "properties": {
    "id": "sp_geosampa_saude_ubs:equipamento_saude_ubs_posto_centro.120750",
    "source_id": "sp_geosampa_saude_ubs",
    "name": null,
    "category": "health_ubs",
    "subcategory": null,
    "geometry_type": "Point",
    "address": null
   }
  },
  {
   "type": "Feature",
   "geometry": {
    "type": "Point",
    "coordinates": [
     -46.418033,
     -23.52474201
    ]
   },
   "properties": {
    "id": "sp_geosampa_saude_ubs:equipamento_saude_ubs_posto_centro.120751",
    "source_id": "sp_geosampa_saude_ubs",
    "name": null,
    "category": "health_ubs",
    "subcategory": null,
    "geometry_type": "Point",
    "address": null
   }
  },
  {
   "type": "Feature",
   "geometry": {
    "type": "Point",
    "coordinates": [
     -46.412409,
     -23.52125201
    ]
   },
   "properties": {
    "id": "sp_geosampa_saude_ubs:equipamento_saude_ubs_posto_centro.120752",
    "source_id": "sp_geosampa_saude_ubs",
    "name": null,
    "category": "health_ubs",
    "subcategory": null,
    "geometry_type": "Point",
    "address": null
   }
  },
  {
   "type": "Feature",
   "geometry": {
    "type": "Point",
    "coordinates": [
     -46.392531,
     -23.48649402
    ]
   },
   "properties": {
    "id": "sp_geosampa_saude_ubs:equipamento_saude_ubs_posto_centro.120753",
    "source_id": "sp_geosampa_saude_ubs",
    "name": null,
    "category": "health_ubs",
    "subcategory": null,
    "geometry_type": "Point",
    "address": null
   }
  },
  {
   "type": "Feature",
   "geometry": {
    "type": "Point",
    "coordinates": [
     -46.439499,
     -23.59732602
    ]
   },
   "properties": {
    "id": "sp_geosampa_saude_ubs:equipamento_saude_ubs_posto_centro.120754",
    "source_id": "sp_geosampa_saude_ubs",
    "name": null,
    "category": "health_ubs",
    "subcategory": null,
    "geometry_type": "Point",
    "address": null
   }
  },
  {
   "type": "Feature",
   "geometry": {
    "type": "Point",
    "coordinates": [
     -46.802059,
     -23.43901701
    ]
   },
   "properties": {
    "id": "sp_geosampa_saude_ubs:equipamento_saude_ubs_posto_centro.120755",
    "source_id": "sp_geosampa_saude_ubs",
    "name": null,
    "category": "health_ubs",
    "subcategory": null,
    "geometry_type": "Point",
    "address": null
   }
  },
  {
   "type": "Feature",
   "geometry": {
    "type": "Point",
    "coordinates": [
     -46.71276,
     -23.83250402
    ]
   },
   "properties": {
    "id": "sp_geosampa_saude_ubs:equipamento_saude_ubs_posto_centro.120756",
    "source_id": "sp_geosampa_saude_ubs",
    "name": null,
    "category": "health_ubs",
    "subcategory": null,
    "geometry_type": "Point",
    "address": null
   }
  },
  {
   "type": "Feature",
   "geometry": {
    "type": "Point",
    "coordinates": [
     -46.755539,
     -23.67870102
    ]
   },
   "properties": {
    "id": "sp_geosampa_saude_ubs:equipamento_saude_ubs_posto_centro.120757",
    "source_id": "sp_geosampa_saude_ubs",
    "name": null,
    "category": "health_ubs",
    "subcategory": null,
    "geometry_type": "Point",
    "address": null
   }
  },
  {
   "type": "Feature",
   "geometry": {
    "type": "Point",
    "coordinates": [
     -46.505823,
     -23.55079602
    ]
   },
   "properties": {
    "id": "sp_geosampa_saude_ubs:equipamento_saude_ubs_posto_centro.120758",
    "source_id": "sp_geosampa_saude_ubs",
    "name": null,
    "category": "health_ubs",
    "subcategory": null,
    "geometry_type": "Point",
    "address": null
   }
  },
  {
   "type": "Feature",
   "geometry": {
    "type": "Point",
    "coordinates": [
     -46.503408,
     -23.57219701
    ]
   },
   "properties": {
    "id": "sp_geosampa_saude_ubs:equipamento_saude_ubs_posto_centro.120759",
    "source_id": "sp_geosampa_saude_ubs",
    "name": null,
    "category": "health_ubs",
    "subcategory": null,
    "geometry_type": "Point",
    "address": null
   }
  },
  {
   "type": "Feature",
   "geometry": {
    "type": "Point",
    "coordinates": [
     -46.784452,
     -23.68557401
    ]
   },
   "properties": {
    "id": "sp_geosampa_saude_ubs:equipamento_saude_ubs_posto_centro.120760",
    "source_id": "sp_geosampa_saude_ubs",
    "name": null,
    "category": "health_ubs",
    "subcategory": null,
    "geometry_type": "Point",
    "address": null
   }
  },
  {
   "type": "Feature",
   "geometry": {
    "type": "Point",
    "coordinates": [
     -46.698509,
     -23.75387102
    ]
   },
   "properties": {
    "id": "sp_geosampa_saude_ubs:equipamento_saude_ubs_posto_centro.120761",
    "source_id": "sp_geosampa_saude_ubs",
    "name": null,
    "category": "health_ubs",
    "subcategory": null,
    "geometry_type": "Point",
    "address": null
   }
  },
  {
   "type": "Feature",
   "geometry": {
    "type": "Point",
    "coordinates": [
     -46.4728396,
     -23.50888282
    ]
   },
   "properties": {
    "id": "sp_geosampa_saude_ubs:equipamento_saude_ubs_posto_centro.120762",
    "source_id": "sp_geosampa_saude_ubs",
    "name": null,
    "category": "health_ubs",
    "subcategory": null,
    "geometry_type": "Point",
    "address": null
   }
  },
  {
   "type": "Feature",
   "geometry": {
    "type": "Point",
    "coordinates": [
     -46.658693,
     -23.68211401
    ]
   },
   "properties": {
    "id": "sp_geosampa_saude_ubs:equipamento_saude_ubs_posto_centro.120763",
    "source_id": "sp_geosampa_saude_ubs",
    "name": null,
    "category": "health_ubs",
    "subcategory": null,
    "geometry_type": "Point",
    "address": null
   }
  },
  {
   "type": "Feature",
   "geometry": {
    "type": "Point",
    "coordinates": [
     -46.530285,
     -23.49766402
    ]
   },
   "properties": {
    "id": "sp_geosampa_saude_ubs:equipamento_saude_ubs_posto_centro.120764",
    "source_id": "sp_geosampa_saude_ubs",
    "name": null,
    "category": "health_ubs",
    "subcategory": null,
    "geometry_type": "Point",
    "address": null
   }
  },
  {
   "type": "Feature",
   "geometry": {
    "type": "Point",
    "coordinates": [
     -46.476227,
     -23.52945902
    ]
   },
   "properties": {
    "id": "sp_geosampa_saude_ubs:equipamento_saude_ubs_posto_centro.120765",
    "source_id": "sp_geosampa_saude_ubs",
    "name": null,
    "category": "health_ubs",
    "subcategory": null,
    "geometry_type": "Point",
    "address": null
   }
  },
  {
   "type": "Feature",
   "geometry": {
    "type": "Point",
    "coordinates": [
     -46.705326,
     -23.81755202
    ]
   },
   "properties": {
    "id": "sp_geosampa_saude_ubs:equipamento_saude_ubs_posto_centro.120766",
    "source_id": "sp_geosampa_saude_ubs",
    "name": null,
    "category": "health_ubs",
    "subcategory": null,
    "geometry_type": "Point",
    "address": null
   }
  },
  {
   "type": "Feature",
   "geometry": {
    "type": "Point",
    "coordinates": [
     -46.430032,
     -23.54796802
    ]
   },
   "properties": {
    "id": "sp_geosampa_saude_ubs:equipamento_saude_ubs_posto_centro.120767",
    "source_id": "sp_geosampa_saude_ubs",
    "name": null,
    "category": "health_ubs",
    "subcategory": null,
    "geometry_type": "Point",
    "address": null
   }
  },
  {
   "type": "Feature",
   "geometry": {
    "type": "Point",
    "coordinates": [
     -46.614249,
     -23.65724402
    ]
   },
   "properties": {
    "id": "sp_geosampa_saude_ubs:equipamento_saude_ubs_posto_centro.120768",
    "source_id": "sp_geosampa_saude_ubs",
    "name": null,
    "category": "health_ubs",
    "subcategory": null,
    "geometry_type": "Point",
    "address": null
   }
  },
  {
   "type": "Feature",
   "geometry": {
    "type": "Point",
    "coordinates": [
     -46.492935,
     -23.61164702
    ]
   },
   "properties": {
    "id": "sp_geosampa_saude_ubs:equipamento_saude_ubs_posto_centro.120769",
    "source_id": "sp_geosampa_saude_ubs",
    "name": null,
    "category": "health_ubs",
    "subcategory": null,
    "geometry_type": "Point",
    "address": null
   }
  },
  {
   "type": "Feature",
   "geometry": {
    "type": "Point",
    "coordinates": [
     -46.587004,
     -23.61930402
    ]
   },
   "properties": {
    "id": "sp_geosampa_saude_ubs:equipamento_saude_ubs_posto_centro.120770",
    "source_id": "sp_geosampa_saude_ubs",
    "name": null,
    "category": "health_ubs",
    "subcategory": null,
    "geometry_type": "Point",
    "address": null
   }
  },
  {
   "type": "Feature",
   "geometry": {
    "type": "Point",
    "coordinates": [
     -46.657098,
     -23.69020102
    ]
   },
   "properties": {
    "id": "sp_geosampa_saude_ubs:equipamento_saude_ubs_posto_centro.120771",
    "source_id": "sp_geosampa_saude_ubs",
    "name": null,
    "category": "health_ubs",
    "subcategory": null,
    "geometry_type": "Point",
    "address": null
   }
  },
  {
   "type": "Feature",
   "geometry": {
    "type": "Point",
    "coordinates": [
     -46.408706,
     -23.50038302
    ]
   },
   "properties": {
    "id": "sp_geosampa_saude_ubs:equipamento_saude_ubs_posto_centro.120772",
    "source_id": "sp_geosampa_saude_ubs",
    "name": null,
    "category": "health_ubs",
    "subcategory": null,
    "geometry_type": "Point",
    "address": null
   }
  },
  {
   "type": "Feature",
   "geometry": {
    "type": "Point",
    "coordinates": [
     -46.712957,
     -23.85045902
    ]
   },
   "properties": {
    "id": "sp_geosampa_saude_ubs:equipamento_saude_ubs_posto_centro.120773",
    "source_id": "sp_geosampa_saude_ubs",
    "name": null,
    "category": "health_ubs",
    "subcategory": null,
    "geometry_type": "Point",
    "address": null
   }
  },
  {
   "type": "Feature",
   "geometry": {
    "type": "Point",
    "coordinates": [
     -46.51162,
     -23.59361302
    ]
   },
   "properties": {
    "id": "sp_geosampa_saude_ubs:equipamento_saude_ubs_posto_centro.120774",
    "source_id": "sp_geosampa_saude_ubs",
    "name": null,
    "category": "health_ubs",
    "subcategory": null,
    "geometry_type": "Point",
    "address": null
   }
  },
  {
   "type": "Feature",
   "geometry": {
    "type": "Point",
    "coordinates": [
     -46.398645,
     -23.55382101
    ]
   },
   "properties": {
    "id": "sp_geosampa_saude_ubs:equipamento_saude_ubs_posto_centro.120775",
    "source_id": "sp_geosampa_saude_ubs",
    "name": null,
    "category": "health_ubs",
    "subcategory": null,
    "geometry_type": "Point",
    "address": null
   }
  },
  {
   "type": "Feature",
   "geometry": {
    "type": "Point",
    "coordinates": [
     -46.748299,
     -23.68877602
    ]
   },
   "properties": {
    "id": "sp_geosampa_saude_ubs:equipamento_saude_ubs_posto_centro.120776",
    "source_id": "sp_geosampa_saude_ubs",
    "name": null,
    "category": "health_ubs",
    "subcategory": null,
    "geometry_type": "Point",
    "address": null
   }
  },
  {
   "type": "Feature",
   "geometry": {
    "type": "Point",
    "coordinates": [
     -46.756184,
     -23.67388602
    ]
   },
   "properties": {
    "id": "sp_geosampa_saude_ubs:equipamento_saude_ubs_posto_centro.120777",
    "source_id": "sp_geosampa_saude_ubs",
    "name": null,
    "category": "health_ubs",
    "subcategory": null,
    "geometry_type": "Point",
    "address": null
   }
  },
  {
   "type": "Feature",
   "geometry": {
    "type": "Point",
    "coordinates": [
     -46.492151,
     -23.58724002
    ]
   },
   "properties": {
    "id": "sp_geosampa_saude_ubs:equipamento_saude_ubs_posto_centro.120778",
    "source_id": "sp_geosampa_saude_ubs",
    "name": null,
    "category": "health_ubs",
    "subcategory": null,
    "geometry_type": "Point",
    "address": null
   }
  },
  {
   "type": "Feature",
   "geometry": {
    "type": "Point",
    "coordinates": [
     -46.68463,
     -23.76967302
    ]
   },
   "properties": {
    "id": "sp_geosampa_saude_ubs:equipamento_saude_ubs_posto_centro.120779",
    "source_id": "sp_geosampa_saude_ubs",
    "name": null,
    "category": "health_ubs",
    "subcategory": null,
    "geometry_type": "Point",
    "address": null
   }
  },
  {
   "type": "Feature",
   "geometry": {
    "type": "Point",
    "coordinates": [
     -46.669702,
     -23.66194302
    ]
   },
   "properties": {
    "id": "sp_geosampa_saude_ubs:equipamento_saude_ubs_posto_centro.120780",
    "source_id": "sp_geosampa_saude_ubs",
    "name": null,
    "category": "health_ubs",
    "subcategory": null,
    "geometry_type": "Point",
    "address": null
   }
  },
  {
   "type": "Feature",
   "geometry": {
    "type": "Point",
    "coordinates": [
     -46.775156,
     -23.65814301
    ]
   },
   "properties": {
    "id": "sp_geosampa_saude_ubs:equipamento_saude_ubs_posto_centro.120781",
    "source_id": "sp_geosampa_saude_ubs",
    "name": null,
    "category": "health_ubs",
    "subcategory": null,
    "geometry_type": "Point",
    "address": null
   }
  },
  {
   "type": "Feature",
   "geometry": {
    "type": "Point",
    "coordinates": [
     -46.689125,
     -23.53854702
    ]
   },
   "properties": {
    "id": "sp_geosampa_saude_ubs:equipamento_saude_ubs_posto_centro.120782",
    "source_id": "sp_geosampa_saude_ubs",
    "name": null,
    "category": "health_ubs",
    "subcategory": null,
    "geometry_type": "Point",
    "address": null
   }
  },
  {
   "type": "Feature",
   "geometry": {
    "type": "Point",
    "coordinates": [
     -46.688636,
     -23.45018102
    ]
   },
   "properties": {
    "id": "sp_geosampa_saude_ubs:equipamento_saude_ubs_posto_centro.120783",
    "source_id": "sp_geosampa_saude_ubs",
    "name": null,
    "category": "health_ubs",
    "subcategory": null,
    "geometry_type": "Point",
    "address": null
   }
  },
  {
   "type": "Feature",
   "geometry": {
    "type": "Point",
    "coordinates": [
     -46.38685,
     -23.58740001
    ]
   },
   "properties": {
    "id": "sp_geosampa_saude_ubs:equipamento_saude_ubs_posto_centro.120784",
    "source_id": "sp_geosampa_saude_ubs",
    "name": null,
    "category": "health_ubs",
    "subcategory": null,
    "geometry_type": "Point",
    "address": null
   }
  },
  {
   "type": "Feature",
   "geometry": {
    "type": "Point",
    "coordinates": [
     -46.631657,
     -23.50355802
    ]
   },
   "properties": {
    "id": "sp_geosampa_saude_ubs:equipamento_saude_ubs_posto_centro.120785",
    "source_id": "sp_geosampa_saude_ubs",
    "name": null,
    "category": "health_ubs",
    "subcategory": null,
    "geometry_type": "Point",
    "address": null
   }
  },
  {
   "type": "Feature",
   "geometry": {
    "type": "Point",
    "coordinates": [
     -46.592451,
     -23.59665501
    ]
   },
   "properties": {
    "id": "sp_geosampa_saude_ubs:equipamento_saude_ubs_posto_centro.120786",
    "source_id": "sp_geosampa_saude_ubs",
    "name": null,
    "category": "health_ubs",
    "subcategory": null,
    "geometry_type": "Point",
    "address": null
   }
  },
  {
   "type": "Feature",
   "geometry": {
    "type": "Point",
    "coordinates": [
     -46.7036377,
     -23.72976662
    ]
   },
   "properties": {
    "id": "sp_geosampa_saude_ubs:equipamento_saude_ubs_posto_centro.120787",
    "source_id": "sp_geosampa_saude_ubs",
    "name": null,
    "category": "health_ubs",
    "subcategory": null,
    "geometry_type": "Point",
    "address": null
   }
  },
  {
   "type": "Feature",
   "geometry": {
    "type": "Point",
    "coordinates": [
     -46.444665,
     -23.55383502
    ]
   },
   "properties": {
    "id": "sp_geosampa_saude_ubs:equipamento_saude_ubs_posto_centro.120788",
    "source_id": "sp_geosampa_saude_ubs",
    "name": null,
    "category": "health_ubs",
    "subcategory": null,
    "geometry_type": "Point",
    "address": null
   }
  },
  {
   "type": "Feature",
   "geometry": {
    "type": "Point",
    "coordinates": [
     -46.439289,
     -23.54046202
    ]
   },
   "properties": {
    "id": "sp_geosampa_saude_ubs:equipamento_saude_ubs_posto_centro.120789",
    "source_id": "sp_geosampa_saude_ubs",
    "name": null,
    "category": "health_ubs",
    "subcategory": null,
    "geometry_type": "Point",
    "address": null
   }
  },
  {
   "type": "Feature",
   "geometry": {
    "type": "Point",
    "coordinates": [
     -46.760919,
     -23.57019302
    ]
   },
   "properties": {
    "id": "sp_geosampa_saude_ubs:equipamento_saude_ubs_posto_centro.120790",
    "source_id": "sp_geosampa_saude_ubs",
    "name": null,
    "category": "health_ubs",
    "subcategory": null,
    "geometry_type": "Point",
    "address": null
   }
  },
  {
   "type": "Feature",
   "geometry": {
    "type": "Point",
    "coordinates": [
     -46.579719,
     -23.45475202
    ]
   },
   "properties": {
    "id": "sp_geosampa_saude_ubs:equipamento_saude_ubs_posto_centro.120791",
    "source_id": "sp_geosampa_saude_ubs",
    "name": null,
    "category": "health_ubs",
    "subcategory": null,
    "geometry_type": "Point",
    "address": null
   }
  },
  {
   "type": "Feature",
   "geometry": {
    "type": "Point",
    "coordinates": [
     -46.628137,
     -23.70342702
    ]
   },
   "properties": {
    "id": "sp_geosampa_saude_ubs:equipamento_saude_ubs_posto_centro.120792",
    "source_id": "sp_geosampa_saude_ubs",
    "name": null,
    "category": "health_ubs",
    "subcategory": null,
    "geometry_type": "Point",
    "address": null
   }
  },
  {
   "type": "Feature",
   "geometry": {
    "type": "Point",
    "coordinates": [
     -46.794364,
     -23.69275202
    ]
   },
   "properties": {
    "id": "sp_geosampa_saude_ubs:equipamento_saude_ubs_posto_centro.120793",
    "source_id": "sp_geosampa_saude_ubs",
    "name": null,
    "category": "health_ubs",
    "subcategory": null,
    "geometry_type": "Point",
    "address": null
   }
  },
  {
   "type": "Feature",
   "geometry": {
    "type": "Point",
    "coordinates": [
     -46.593056,
     -23.64490401
    ]
   },
   "properties": {
    "id": "sp_geosampa_saude_ubs:equipamento_saude_ubs_posto_centro.120794",
    "source_id": "sp_geosampa_saude_ubs",
    "name": null,
    "category": "health_ubs",
    "subcategory": null,
    "geometry_type": "Point",
    "address": null
   }
  },
  {
   "type": "Feature",
   "geometry": {
    "type": "Point",
    "coordinates": [
     -46.662911,
     -23.69671702
    ]
   },
   "properties": {
    "id": "sp_geosampa_saude_ubs:equipamento_saude_ubs_posto_centro.120795",
    "source_id": "sp_geosampa_saude_ubs",
    "name": null,
    "category": "health_ubs",
    "subcategory": null,
    "geometry_type": "Point",
    "address": null
   }
  },
  {
   "type": "Feature",
   "geometry": {
    "type": "Point",
    "coordinates": [
     -46.683952,
     -23.47344802
    ]
   },
   "properties": {
    "id": "sp_geosampa_saude_ubs:equipamento_saude_ubs_posto_centro.120796",
    "source_id": "sp_geosampa_saude_ubs",
    "name": null,
    "category": "health_ubs",
    "subcategory": null,
    "geometry_type": "Point",
    "address": null
   }
  },
  {
   "type": "Feature",
   "geometry": {
    "type": "Point",
    "coordinates": [
     -46.70776,
     -23.90651002
    ]
   },
   "properties": {
    "id": "sp_geosampa_saude_ubs:equipamento_saude_ubs_posto_centro.120797",
    "source_id": "sp_geosampa_saude_ubs",
    "name": null,
    "category": "health_ubs",
    "subcategory": null,
    "geometry_type": "Point",
    "address": null
   }
  },
  {
   "type": "Feature",
   "geometry": {
    "type": "Point",
    "coordinates": [
     -46.495743,
     -23.61666502
    ]
   },
   "properties": {
    "id": "sp_geosampa_saude_ubs:equipamento_saude_ubs_posto_centro.120798",
    "source_id": "sp_geosampa_saude_ubs",
    "name": null,
    "category": "health_ubs",
    "subcategory": null,
    "geometry_type": "Point",
    "address": null
   }
  },
  {
   "type": "Feature",
   "geometry": {
    "type": "Point",
    "coordinates": [
     -46.62749,
     -23.71463602
    ]
   },
   "properties": {
    "id": "sp_geosampa_saude_ubs:equipamento_saude_ubs_posto_centro.120799",
    "source_id": "sp_geosampa_saude_ubs",
    "name": null,
    "category": "health_ubs",
    "subcategory": null,
    "geometry_type": "Point",
    "address": null
   }
  },
  {
   "type": "Feature",
   "geometry": {
    "type": "Point",
    "coordinates": [
     -46.687915,
     -23.62065802
    ]
   },
   "properties": {
    "id": "sp_geosampa_saude_ubs:equipamento_saude_ubs_posto_centro.120800",
    "source_id": "sp_geosampa_saude_ubs",
    "name": null,
    "category": "health_ubs",
    "subcategory": null,
    "geometry_type": "Point",
    "address": null
   }
  },
  {
   "type": "Feature",
   "geometry": {
    "type": "Point",
    "coordinates": [
     -46.712601,
     -23.49501001
    ]
   },
   "properties": {
    "id": "sp_geosampa_saude_ubs:equipamento_saude_ubs_posto_centro.120801",
    "source_id": "sp_geosampa_saude_ubs",
    "name": null,
    "category": "health_ubs",
    "subcategory": null,
    "geometry_type": "Point",
    "address": null
   }
  },
  {
   "type": "Feature",
   "geometry": {
    "type": "Point",
    "coordinates": [
     -46.603797,
     -23.61241702
    ]
   },
   "properties": {
    "id": "sp_geosampa_saude_ubs:equipamento_saude_ubs_posto_centro.120802",
    "source_id": "sp_geosampa_saude_ubs",
    "name": null,
    "category": "health_ubs",
    "subcategory": null,
    "geometry_type": "Point",
    "address": null
   }
  },
  {
   "type": "Feature",
   "geometry": {
    "type": "Point",
    "coordinates": [
     -46.597862,
     -23.55138902
    ]
   },
   "properties": {
    "id": "sp_geosampa_saude_ubs:equipamento_saude_ubs_posto_centro.120803",
    "source_id": "sp_geosampa_saude_ubs",
    "name": null,
    "category": "health_ubs",
    "subcategory": null,
    "geometry_type": "Point",
    "address": null
   }
  },
  {
   "type": "Feature",
   "geometry": {
    "type": "Point",
    "coordinates": [
     -46.781497,
     -23.43162801
    ]
   },
   "properties": {
    "id": "sp_geosampa_saude_ubs:equipamento_saude_ubs_posto_centro.120804",
    "source_id": "sp_geosampa_saude_ubs",
    "name": null,
    "category": "health_ubs",
    "subcategory": null,
    "geometry_type": "Point",
    "address": null
   }
  },
  {
   "type": "Feature",
   "geometry": {
    "type": "Point",
    "coordinates": [
     -46.793473,
     -23.43863301
    ]
   },
   "properties": {
    "id": "sp_geosampa_saude_ubs:equipamento_saude_ubs_posto_centro.120805",
    "source_id": "sp_geosampa_saude_ubs",
    "name": null,
    "category": "health_ubs",
    "subcategory": null,
    "geometry_type": "Point",
    "address": null
   }
  },
  {
   "type": "Feature",
   "geometry": {
    "type": "Point",
    "coordinates": [
     -46.406792,
     -23.58690202
    ]
   },
   "properties": {
    "id": "sp_geosampa_saude_ubs:equipamento_saude_ubs_posto_centro.120806",
    "source_id": "sp_geosampa_saude_ubs",
    "name": null,
    "category": "health_ubs",
    "subcategory": null,
    "geometry_type": "Point",
    "address": null
   }
  },
  {
   "type": "Feature",
   "geometry": {
    "type": "Point",
    "coordinates": [
     -46.436474,
     -23.49423602
    ]
   },
   "properties": {
    "id": "sp_geosampa_saude_ubs:equipamento_saude_ubs_posto_centro.120807",
    "source_id": "sp_geosampa_saude_ubs",
    "name": null,
    "category": "health_ubs",
    "subcategory": null,
    "geometry_type": "Point",
    "address": null
   }
  },
  {
   "type": "Feature",
   "geometry": {
    "type": "Point",
    "coordinates": [
     -46.649258,
     -23.56248701
    ]
   },
   "properties": {
    "id": "sp_geosampa_saude_ubs:equipamento_saude_ubs_posto_centro.120808",
    "source_id": "sp_geosampa_saude_ubs",
    "name": null,
    "category": "health_ubs",
    "subcategory": null,
    "geometry_type": "Point",
    "address": null
   }
  },
  {
   "type": "Feature",
   "geometry": {
    "type": "Point",
    "coordinates": [
     -46.678047,
     -23.86885602
    ]
   },
   "properties": {
    "id": "sp_geosampa_saude_ubs:equipamento_saude_ubs_posto_centro.120809",
    "source_id": "sp_geosampa_saude_ubs",
    "name": null,
    "category": "health_ubs",
    "subcategory": null,
    "geometry_type": "Point",
    "address": null
   }
  },
  {
   "type": "Feature",
   "geometry": {
    "type": "Point",
    "coordinates": [
     -46.710765,
     -23.45465402
    ]
   },
   "properties": {
    "id": "sp_geosampa_saude_ubs:equipamento_saude_ubs_posto_centro.120810",
    "source_id": "sp_geosampa_saude_ubs",
    "name": null,
    "category": "health_ubs",
    "subcategory": null,
    "geometry_type": "Point",
    "address": null
   }
  },
  {
   "type": "Feature",
   "geometry": {
    "type": "Point",
    "coordinates": [
     -46.735452,
     -23.65573402
    ]
   },
   "properties": {
    "id": "sp_geosampa_saude_ubs:equipamento_saude_ubs_posto_centro.120811",
    "source_id": "sp_geosampa_saude_ubs",
    "name": null,
    "category": "health_ubs",
    "subcategory": null,
    "geometry_type": "Point",
    "address": null
   }
  },
  {
   "type": "Feature",
   "geometry": {
    "type": "Point",
    "coordinates": [
     -46.736491,
     -23.66655301
    ]
   },
   "properties": {
    "id": "sp_geosampa_saude_ubs:equipamento_saude_ubs_posto_centro.120812",
    "source_id": "sp_geosampa_saude_ubs",
    "name": null,
    "category": "health_ubs",
    "subcategory": null,
    "geometry_type": "Point",
    "address": null
   }
  },
  {
   "type": "Feature",
   "geometry": {
    "type": "Point",
    "coordinates": [
     -46.487562,
     -23.55242501
    ]
   },
   "properties": {
    "id": "sp_geosampa_saude_ubs:equipamento_saude_ubs_posto_centro.120813",
    "source_id": "sp_geosampa_saude_ubs",
    "name": null,
    "category": "health_ubs",
    "subcategory": null,
    "geometry_type": "Point",
    "address": null
   }
  },
  {
   "type": "Feature",
   "geometry": {
    "type": "Point",
    "coordinates": [
     -46.435541,
     -23.52737402
    ]
   },
   "properties": {
    "id": "sp_geosampa_saude_ubs:equipamento_saude_ubs_posto_centro.120814",
    "source_id": "sp_geosampa_saude_ubs",
    "name": null,
    "category": "health_ubs",
    "subcategory": null,
    "geometry_type": "Point",
    "address": null
   }
  },
  {
   "type": "Feature",
   "geometry": {
    "type": "Point",
    "coordinates": [
     -46.723311,
     -23.61668402
    ]
   },
   "properties": {
    "id": "sp_geosampa_saude_ubs:equipamento_saude_ubs_posto_centro.120815",
    "source_id": "sp_geosampa_saude_ubs",
    "name": null,
    "category": "health_ubs",
    "subcategory": null,
    "geometry_type": "Point",
    "address": null
   }
  },
  {
   "type": "Feature",
   "geometry": {
    "type": "Point",
    "coordinates": [
     -46.726194,
     -23.61209401
    ]
   },
   "properties": {
    "id": "sp_geosampa_saude_ubs:equipamento_saude_ubs_posto_centro.120816",
    "source_id": "sp_geosampa_saude_ubs",
    "name": null,
    "category": "health_ubs",
    "subcategory": null,
    "geometry_type": "Point",
    "address": null
   }
  },
  {
   "type": "Feature",
   "geometry": {
    "type": "Point",
    "coordinates": [
     -46.719822,
     -23.61707302
    ]
   },
   "properties": {
    "id": "sp_geosampa_saude_ubs:equipamento_saude_ubs_posto_centro.120817",
    "source_id": "sp_geosampa_saude_ubs",
    "name": null,
    "category": "health_ubs",
    "subcategory": null,
    "geometry_type": "Point",
    "address": null
   }
  },
  {
   "type": "Feature",
   "geometry": {
    "type": "Point",
    "coordinates": [
     -46.727018,
     -23.83011901
    ]
   },
   "properties": {
    "id": "sp_geosampa_saude_ubs:equipamento_saude_ubs_posto_centro.120818",
    "source_id": "sp_geosampa_saude_ubs",
    "name": null,
    "category": "health_ubs",
    "subcategory": null,
    "geometry_type": "Point",
    "address": null
   }
  },
  {
   "type": "Feature",
   "geometry": {
    "type": "Point",
    "coordinates": [
     -46.749938,
     -23.63794402
    ]
   },
   "properties": {
    "id": "sp_geosampa_saude_ubs:equipamento_saude_ubs_posto_centro.120819",
    "source_id": "sp_geosampa_saude_ubs",
    "name": null,
    "category": "health_ubs",
    "subcategory": null,
    "geometry_type": "Point",
    "address": null
   }
  },
  {
   "type": "Feature",
   "geometry": {
    "type": "Point",
    "coordinates": [
     -46.491876,
     -23.53776202
    ]
   },
   "properties": {
    "id": "sp_geosampa_saude_ubs:equipamento_saude_ubs_posto_centro.120820",
    "source_id": "sp_geosampa_saude_ubs",
    "name": null,
    "category": "health_ubs",
    "subcategory": null,
    "geometry_type": "Point",
    "address": null
   }
  },
  {
   "type": "Feature",
   "geometry": {
    "type": "Point",
    "coordinates": [
     -46.448577,
     -23.59493801
    ]
   },
   "properties": {
    "id": "sp_geosampa_saude_ubs:equipamento_saude_ubs_posto_centro.120821",
    "source_id": "sp_geosampa_saude_ubs",
    "name": null,
    "category": "health_ubs",
    "subcategory": null,
    "geometry_type": "Point",
    "address": null
   }
  },
  {
   "type": "Feature",
   "geometry": {
    "type": "Point",
    "coordinates": [
     -46.720594,
     -23.53198002
    ]
   },
   "properties": {
    "id": "sp_geosampa_saude_ubs:equipamento_saude_ubs_posto_centro.120822",
    "source_id": "sp_geosampa_saude_ubs",
    "name": null,
    "category": "health_ubs",
    "subcategory": null,
    "geometry_type": "Point",
    "address": null
   }
  },
  {
   "type": "Feature",
   "geometry": {
    "type": "Point",
    "coordinates": [
     -46.446134,
     -23.64030901
    ]
   },
   "properties": {
    "id": "sp_geosampa_saude_ubs:equipamento_saude_ubs_posto_centro.120823",
    "source_id": "sp_geosampa_saude_ubs",
    "name": null,
    "category": "health_ubs",
    "subcategory": null,
    "geometry_type": "Point",
    "address": null
   }
  },
  {
   "type": "Feature",
   "geometry": {
    "type": "Point",
    "coordinates": [
     -46.77759,
     -23.71669502
    ]
   },
   "properties": {
    "id": "sp_geosampa_saude_ubs:equipamento_saude_ubs_posto_centro.120824",
    "source_id": "sp_geosampa_saude_ubs",
    "name": null,
    "category": "health_ubs",
    "subcategory": null,
    "geometry_type": "Point",
    "address": null
   }
  },
  {
   "type": "Feature",
   "geometry": {
    "type": "Point",
    "coordinates": [
     -46.648234,
     -23.69736302
    ]
   },
   "properties": {
    "id": "sp_geosampa_saude_ubs:equipamento_saude_ubs_posto_centro.120825",
    "source_id": "sp_geosampa_saude_ubs",
    "name": null,
    "category": "health_ubs",
    "subcategory": null,
    "geometry_type": "Point",
    "address": null
   }
  },
  {
   "type": "Feature",
   "geometry": {
    "type": "Point",
    "coordinates": [
     -46.65476071,
     -23.70888929
    ]
   },
   "properties": {
    "id": "sp_geosampa_saude_ubs:equipamento_saude_ubs_posto_centro.120826",
    "source_id": "sp_geosampa_saude_ubs",
    "name": null,
    "category": "health_ubs",
    "subcategory": null,
    "geometry_type": "Point",
    "address": null
   }
  },
  {
   "type": "Feature",
   "geometry": {
    "type": "Point",
    "coordinates": [
     -46.568751,
     -23.47727202
    ]
   },
   "properties": {
    "id": "sp_geosampa_saude_ubs:equipamento_saude_ubs_posto_centro.120827",
    "source_id": "sp_geosampa_saude_ubs",
    "name": null,
    "category": "health_ubs",
    "subcategory": null,
    "geometry_type": "Point",
    "address": null
   }
  },
  {
   "type": "Feature",
   "geometry": {
    "type": "Point",
    "coordinates": [
     -46.785958,
     -23.66121101
    ]
   },
   "properties": {
    "id": "sp_geosampa_saude_ubs:equipamento_saude_ubs_posto_centro.120828",
    "source_id": "sp_geosampa_saude_ubs",
    "name": null,
    "category": "health_ubs",
    "subcategory": null,
    "geometry_type": "Point",
    "address": null
   }
  },
  {
   "type": "Feature",
   "geometry": {
    "type": "Point",
    "coordinates": [
     -46.749263,
     -23.67920301
    ]
   },
   "properties": {
    "id": "sp_geosampa_saude_ubs:equipamento_saude_ubs_posto_centro.120829",
    "source_id": "sp_geosampa_saude_ubs",
    "name": null,
    "category": "health_ubs",
    "subcategory": null,
    "geometry_type": "Point",
    "address": null
   }
  },
  {
   "type": "Feature",
   "geometry": {
    "type": "Point",
    "coordinates": [
     -46.635997,
     -23.62801401
    ]
   },
   "properties": {
    "id": "sp_geosampa_saude_ubs:equipamento_saude_ubs_posto_centro.120830",
    "source_id": "sp_geosampa_saude_ubs",
    "name": null,
    "category": "health_ubs",
    "subcategory": null,
    "geometry_type": "Point",
    "address": null
   }
  },
  {
   "type": "Feature",
   "geometry": {
    "type": "Point",
    "coordinates": [
     -46.738275,
     -23.48862901
    ]
   },
   "properties": {
    "id": "sp_geosampa_saude_ubs:equipamento_saude_ubs_posto_centro.120831",
    "source_id": "sp_geosampa_saude_ubs",
    "name": null,
    "category": "health_ubs",
    "subcategory": null,
    "geometry_type": "Point",
    "address": null
   }
  },
  {
   "type": "Feature",
   "geometry": {
    "type": "Point",
    "coordinates": [
     -46.577016,
     -23.51789801
    ]
   },
   "properties": {
    "id": "sp_geosampa_saude_ubs:equipamento_saude_ubs_posto_centro.120832",
    "source_id": "sp_geosampa_saude_ubs",
    "name": null,
    "category": "health_ubs",
    "subcategory": null,
    "geometry_type": "Point",
    "address": null
   }
  },
  {
   "type": "Feature",
   "geometry": {
    "type": "Point",
    "coordinates": [
     -46.565792,
     -23.51199901
    ]
   },
   "properties": {
    "id": "sp_geosampa_saude_ubs:equipamento_saude_ubs_posto_centro.120833",
    "source_id": "sp_geosampa_saude_ubs",
    "name": null,
    "category": "health_ubs",
    "subcategory": null,
    "geometry_type": "Point",
    "address": null
   }
  },
  {
   "type": "Feature",
   "geometry": {
    "type": "Point",
    "coordinates": [
     -46.782205,
     -23.70015102
    ]
   },
   "properties": {
    "id": "sp_geosampa_saude_ubs:equipamento_saude_ubs_posto_centro.120834",
    "source_id": "sp_geosampa_saude_ubs",
    "name": null,
    "category": "health_ubs",
    "subcategory": null,
    "geometry_type": "Point",
    "address": null
   }
  },
  {
   "type": "Feature",
   "geometry": {
    "type": "Point",
    "coordinates": [
     -46.432214,
     -23.48724101
    ]
   },
   "properties": {
    "id": "sp_geosampa_saude_ubs:equipamento_saude_ubs_posto_centro.120835",
    "source_id": "sp_geosampa_saude_ubs",
    "name": null,
    "category": "health_ubs",
    "subcategory": null,
    "geometry_type": "Point",
    "address": null
   }
  },
  {
   "type": "Feature",
   "geometry": {
    "type": "Point",
    "coordinates": [
     -46.65475,
     -23.49766802
    ]
   },
   "properties": {
    "id": "sp_geosampa_saude_ubs:equipamento_saude_ubs_posto_centro.120836",
    "source_id": "sp_geosampa_saude_ubs",
    "name": null,
    "category": "health_ubs",
    "subcategory": null,
    "geometry_type": "Point",
    "address": null
   }
  },
  {
   "type": "Feature",
   "geometry": {
    "type": "Point",
    "coordinates": [
     -46.755626,
     -23.63453302
    ]
   },
   "properties": {
    "id": "sp_geosampa_saude_ubs:equipamento_saude_ubs_posto_centro.120837",
    "source_id": "sp_geosampa_saude_ubs",
    "name": null,
    "category": "health_ubs",
    "subcategory": null,
    "geometry_type": "Point",
    "address": null
   }
  },
  {
   "type": "Feature",
   "geometry": {
    "type": "Point",
    "coordinates": [
     -46.668805,
     -23.74490901
    ]
   },
   "properties": {
    "id": "sp_geosampa_saude_ubs:equipamento_saude_ubs_posto_centro.120838",
    "source_id": "sp_geosampa_saude_ubs",
    "name": null,
    "category": "health_ubs",
    "subcategory": null,
    "geometry_type": "Point",
    "address": null
   }
  },
  {
   "type": "Feature",
   "geometry": {
    "type": "Point",
    "coordinates": [
     -46.413587,
     -23.51305601
    ]
   },
   "properties": {
    "id": "sp_geosampa_saude_ubs:equipamento_saude_ubs_posto_centro.120839",
    "source_id": "sp_geosampa_saude_ubs",
    "name": null,
    "category": "health_ubs",
    "subcategory": null,
    "geometry_type": "Point",
    "address": null
   }
  },
  {
   "type": "Feature",
   "geometry": {
    "type": "Point",
    "coordinates": [
     -46.749341,
     -23.66158202
    ]
   },
   "properties": {
    "id": "sp_geosampa_saude_ubs:equipamento_saude_ubs_posto_centro.120840",
    "source_id": "sp_geosampa_saude_ubs",
    "name": null,
    "category": "health_ubs",
    "subcategory": null,
    "geometry_type": "Point",
    "address": null
   }
  },
  {
   "type": "Feature",
   "geometry": {
    "type": "Point",
    "coordinates": [
     -46.546275,
     -23.59628302
    ]
   },
   "properties": {
    "id": "sp_geosampa_saude_ubs:equipamento_saude_ubs_posto_centro.120841",
    "source_id": "sp_geosampa_saude_ubs",
    "name": null,
    "category": "health_ubs",
    "subcategory": null,
    "geometry_type": "Point",
    "address": null
   }
  },
  {
   "type": "Feature",
   "geometry": {
    "type": "Point",
    "coordinates": [
     -46.469475,
     -23.62543202
    ]
   },
   "properties": {
    "id": "sp_geosampa_saude_ubs:equipamento_saude_ubs_posto_centro.120842",
    "source_id": "sp_geosampa_saude_ubs",
    "name": null,
    "category": "health_ubs",
    "subcategory": null,
    "geometry_type": "Point",
    "address": null
   }
  },
  {
   "type": "Feature",
   "geometry": {
    "type": "Point",
    "coordinates": [
     -46.51704677,
     -23.61398063
    ]
   },
   "properties": {
    "id": "sp_geosampa_saude_ubs:equipamento_saude_ubs_posto_centro.120843",
    "source_id": "sp_geosampa_saude_ubs",
    "name": null,
    "category": "health_ubs",
    "subcategory": null,
    "geometry_type": "Point",
    "address": null
   }
  },
  {
   "type": "Feature",
   "geometry": {
    "type": "Point",
    "coordinates": [
     -46.483967,
     -23.50317401
    ]
   },
   "properties": {
    "id": "sp_geosampa_saude_ubs:equipamento_saude_ubs_posto_centro.120844",
    "source_id": "sp_geosampa_saude_ubs",
    "name": null,
    "category": "health_ubs",
    "subcategory": null,
    "geometry_type": "Point",
    "address": null
   }
  },
  {
   "type": "Feature",
   "geometry": {
    "type": "Point",
    "coordinates": [
     -46.48304,
     -23.51506902
    ]
   },
   "properties": {
    "id": "sp_geosampa_saude_ubs:equipamento_saude_ubs_posto_centro.120845",
    "source_id": "sp_geosampa_saude_ubs",
    "name": null,
    "category": "health_ubs",
    "subcategory": null,
    "geometry_type": "Point",
    "address": null
   }
  },
  {
   "type": "Feature",
   "geometry": {
    "type": "Point",
    "coordinates": [
     -46.74578778,
     -23.93427402
    ]
   },
   "properties": {
    "id": "sp_geosampa_saude_ubs:equipamento_saude_ubs_posto_centro.120846",
    "source_id": "sp_geosampa_saude_ubs",
    "name": null,
    "category": "health_ubs",
    "subcategory": null,
    "geometry_type": "Point",
    "address": null
   }
  },
  {
   "type": "Feature",
   "geometry": {
    "type": "Point",
    "coordinates": [
     -46.396794,
     -23.56346102
    ]
   },
   "properties": {
    "id": "sp_geosampa_saude_ubs:equipamento_saude_ubs_posto_centro.120847",
    "source_id": "sp_geosampa_saude_ubs",
    "name": null,
    "category": "health_ubs",
    "subcategory": null,
    "geometry_type": "Point",
    "address": null
   }
  },
  {
   "type": "Feature",
   "geometry": {
    "type": "Point",
    "coordinates": [
     -46.406947,
     -23.56664501
    ]
   },
   "properties": {
    "id": "sp_geosampa_saude_ubs:equipamento_saude_ubs_posto_centro.120848",
    "source_id": "sp_geosampa_saude_ubs",
    "name": null,
    "category": "health_ubs",
    "subcategory": null,
    "geometry_type": "Point",
    "address": null
   }
  },
  {
   "type": "Feature",
   "geometry": {
    "type": "Point",
    "coordinates": [
     -46.397926,
     -23.53046301
    ]
   },
   "properties": {
    "id": "sp_geosampa_saude_ubs:equipamento_saude_ubs_posto_centro.120849",
    "source_id": "sp_geosampa_saude_ubs",
    "name": null,
    "category": "health_ubs",
    "subcategory": null,
    "geometry_type": "Point",
    "address": null
   }
  },
  {
   "type": "Feature",
   "geometry": {
    "type": "Point",
    "coordinates": [
     -46.499356,
     -23.60422502
    ]
   },
   "properties": {
    "id": "sp_geosampa_saude_ubs:equipamento_saude_ubs_posto_centro.120850",
    "source_id": "sp_geosampa_saude_ubs",
    "name": null,
    "category": "health_ubs",
    "subcategory": null,
    "geometry_type": "Point",
    "address": null
   }
  },
  {
   "type": "Feature",
   "geometry": {
    "type": "Point",
    "coordinates": [
     -46.646296,
     -23.62880201
    ]
   },
   "properties": {
    "id": "sp_geosampa_saude_ubs:equipamento_saude_ubs_posto_centro.120851",
    "source_id": "sp_geosampa_saude_ubs",
    "name": null,
    "category": "health_ubs",
    "subcategory": null,
    "geometry_type": "Point",
    "address": null
   }
  },
  {
   "type": "Feature",
   "geometry": {
    "type": "Point",
    "coordinates": [
     -46.403573,
     -23.60324601
    ]
   },
   "properties": {
    "id": "sp_geosampa_saude_ubs:equipamento_saude_ubs_posto_centro.120852",
    "source_id": "sp_geosampa_saude_ubs",
    "name": null,
    "category": "health_ubs",
    "subcategory": null,
    "geometry_type": "Point",
    "address": null
   }
  },
  {
   "type": "Feature",
   "geometry": {
    "type": "Point",
    "coordinates": [
     -46.705585,
     -23.61011701
    ]
   },
   "properties": {
    "id": "sp_geosampa_saude_ubs:equipamento_saude_ubs_posto_centro.120853",
    "source_id": "sp_geosampa_saude_ubs",
    "name": null,
    "category": "health_ubs",
    "subcategory": null,
    "geometry_type": "Point",
    "address": null
   }
  },
  {
   "type": "Feature",
   "geometry": {
    "type": "Point",
    "coordinates": [
     -46.738522,
     -23.79264202
    ]
   },
   "properties": {
    "id": "sp_geosampa_saude_ubs:equipamento_saude_ubs_posto_centro.120854",
    "source_id": "sp_geosampa_saude_ubs",
    "name": null,
    "category": "health_ubs",
    "subcategory": null,
    "geometry_type": "Point",
    "address": null
   }
  },
  {
   "type": "Feature",
   "geometry": {
    "type": "Point",
    "coordinates": [
     -46.751496,
     -23.41516001
    ]
   },
   "properties": {
    "id": "sp_geosampa_saude_ubs:equipamento_saude_ubs_posto_centro.120855",
    "source_id": "sp_geosampa_saude_ubs",
    "name": null,
    "category": "health_ubs",
    "subcategory": null,
    "geometry_type": "Point",
    "address": null
   }
  },
  {
   "type": "Feature",
   "geometry": {
    "type": "Point",
    "coordinates": [
     -46.422112,
     -23.61748801
    ]
   },
   "properties": {
    "id": "sp_geosampa_saude_ubs:equipamento_saude_ubs_posto_centro.120856",
    "source_id": "sp_geosampa_saude_ubs",
    "name": null,
    "category": "health_ubs",
    "subcategory": null,
    "geometry_type": "Point",
    "address": null
   }
  },
  {
   "type": "Feature",
   "geometry": {
    "type": "Point",
    "coordinates": [
     -46.636719,
     -23.54716902
    ]
   },
   "properties": {
    "id": "sp_geosampa_saude_ubs:equipamento_saude_ubs_posto_centro.120857",
    "source_id": "sp_geosampa_saude_ubs",
    "name": null,
    "category": "health_ubs",
    "subcategory": null,
    "geometry_type": "Point",
    "address": null
   }
  },
  {
   "type": "Feature",
   "geometry": {
    "type": "Point",
    "coordinates": [
     -46.532643,
     -23.60418101
    ]
   },
   "properties": {
    "id": "sp_geosampa_saude_ubs:equipamento_saude_ubs_posto_centro.120858",
    "source_id": "sp_geosampa_saude_ubs",
    "name": null,
    "category": "health_ubs",
    "subcategory": null,
    "geometry_type": "Point",
    "address": null
   }
  },
  {
   "type": "Feature",
   "geometry": {
    "type": "Point",
    "coordinates": [
     -46.520894,
     -23.60496101
    ]
   },
   "properties": {
    "id": "sp_geosampa_saude_ubs:equipamento_saude_ubs_posto_centro.120859",
    "source_id": "sp_geosampa_saude_ubs",
    "name": null,
    "category": "health_ubs",
    "subcategory": null,
    "geometry_type": "Point",
    "address": null
   }
  },
  {
   "type": "Feature",
   "geometry": {
    "type": "Point",
    "coordinates": [
     -46.457305,
     -23.62150202
    ]
   },
   "properties": {
    "id": "sp_geosampa_saude_ubs:equipamento_saude_ubs_posto_centro.120860",
    "source_id": "sp_geosampa_saude_ubs",
    "name": null,
    "category": "health_ubs",
    "subcategory": null,
    "geometry_type": "Point",
    "address": null
   }
  },
  {
   "type": "Feature",
   "geometry": {
    "type": "Point",
    "coordinates": [
     -46.751566,
     -23.56268802
    ]
   },
   "properties": {
    "id": "sp_geosampa_saude_ubs:equipamento_saude_ubs_posto_centro.120861",
    "source_id": "sp_geosampa_saude_ubs",
    "name": null,
    "category": "health_ubs",
    "subcategory": null,
    "geometry_type": "Point",
    "address": null
   }
  },
  {
   "type": "Feature",
   "geometry": {
    "type": "Point",
    "coordinates": [
     -46.593917,
     -23.61397002
    ]
   },
   "properties": {
    "id": "sp_geosampa_saude_ubs:equipamento_saude_ubs_posto_centro.120862",
    "source_id": "sp_geosampa_saude_ubs",
    "name": null,
    "category": "health_ubs",
    "subcategory": null,
    "geometry_type": "Point",
    "address": null
   }
  },
  {
   "type": "Feature",
   "geometry": {
    "type": "Point",
    "coordinates": [
     -46.652206,
     -23.53181202
    ]
   },
   "properties": {
    "id": "sp_geosampa_saude_ubs:equipamento_saude_ubs_posto_centro.120863",
    "source_id": "sp_geosampa_saude_ubs",
    "name": null,
    "category": "health_ubs",
    "subcategory": null,
    "geometry_type": "Point",
    "address": null
   }
  },
  {
   "type": "Feature",
   "geometry": {
    "type": "Point",
    "coordinates": [
     -46.62404,
     -23.59906701
    ]
   },
   "properties": {
    "id": "sp_geosampa_saude_ubs:equipamento_saude_ubs_posto_centro.120864",
    "source_id": "sp_geosampa_saude_ubs",
    "name": null,
    "category": "health_ubs",
    "subcategory": null,
    "geometry_type": "Point",
    "address": null
   }
  },
  {
   "type": "Feature",
   "geometry": {
    "type": "Point",
    "coordinates": [
     -46.462449,
     -23.49239402
    ]
   },
   "properties": {
    "id": "sp_geosampa_saude_ubs:equipamento_saude_ubs_posto_centro.120865",
    "source_id": "sp_geosampa_saude_ubs",
    "name": null,
    "category": "health_ubs",
    "subcategory": null,
    "geometry_type": "Point",
    "address": null
   }
  },
  {
   "type": "Feature",
   "geometry": {
    "type": "Point",
    "coordinates": [
     -46.766005,
     -23.68895802
    ]
   },
   "properties": {
    "id": "sp_geosampa_saude_ubs:equipamento_saude_ubs_posto_centro.120866",
    "source_id": "sp_geosampa_saude_ubs",
    "name": null,
    "category": "health_ubs",
    "subcategory": null,
    "geometry_type": "Point",
    "address": null
   }
  },
  {
   "type": "Feature",
   "geometry": {
    "type": "Point",
    "coordinates": [
     -46.388762,
     -23.52124602
    ]
   },
   "properties": {
    "id": "sp_geosampa_saude_ubs:equipamento_saude_ubs_posto_centro.120867",
    "source_id": "sp_geosampa_saude_ubs",
    "name": null,
    "category": "health_ubs",
    "subcategory": null,
    "geometry_type": "Point",
    "address": null
   }
  },
  {
   "type": "Feature",
   "geometry": {
    "type": "Point",
    "coordinates": [
     -46.510667,
     -23.61536601
    ]
   },
   "properties": {
    "id": "sp_geosampa_saude_ubs:equipamento_saude_ubs_posto_centro.120868",
    "source_id": "sp_geosampa_saude_ubs",
    "name": null,
    "category": "health_ubs",
    "subcategory": null,
    "geometry_type": "Point",
    "address": null
   }
  },
  {
   "type": "Feature",
   "geometry": {
    "type": "Point",
    "coordinates": [
     -46.701792,
     -23.64769801
    ]
   },
   "properties": {
    "id": "sp_geosampa_saude_ubs:equipamento_saude_ubs_posto_centro.120869",
    "source_id": "sp_geosampa_saude_ubs",
    "name": null,
    "category": "health_ubs",
    "subcategory": null,
    "geometry_type": "Point",
    "address": null
   }
  },
  {
   "type": "Feature",
   "geometry": {
    "type": "Point",
    "coordinates": [
     -46.707362,
     -23.45364101
    ]
   },
   "properties": {
    "id": "sp_geosampa_saude_ubs:equipamento_saude_ubs_posto_centro.120870",
    "source_id": "sp_geosampa_saude_ubs",
    "name": null,
    "category": "health_ubs",
    "subcategory": null,
    "geometry_type": "Point",
    "address": null
   }
  },
  {
   "type": "Feature",
   "geometry": {
    "type": "Point",
    "coordinates": [
     -46.750013,
     -23.49594502
    ]
   },
   "properties": {
    "id": "sp_geosampa_saude_ubs:equipamento_saude_ubs_posto_centro.120871",
    "source_id": "sp_geosampa_saude_ubs",
    "name": null,
    "category": "health_ubs",
    "subcategory": null,
    "geometry_type": "Point",
    "address": null
   }
  },
  {
   "type": "Feature",
   "geometry": {
    "type": "Point",
    "coordinates": [
     -46.460052,
     -23.55955702
    ]
   },
   "properties": {
    "id": "sp_geosampa_saude_ubs:equipamento_saude_ubs_posto_centro.120872",
    "source_id": "sp_geosampa_saude_ubs",
    "name": null,
    "category": "health_ubs",
    "subcategory": null,
    "geometry_type": "Point",
    "address": null
   }
  },
  {
   "type": "Feature",
   "geometry": {
    "type": "Point",
    "coordinates": [
     -46.412888,
     -23.55789902
    ]
   },
   "properties": {
    "id": "sp_geosampa_saude_ubs:equipamento_saude_ubs_posto_centro.120873",
    "source_id": "sp_geosampa_saude_ubs",
    "name": null,
    "category": "health_ubs",
    "subcategory": null,
    "geometry_type": "Point",
    "address": null
   }
  },
  {
   "type": "Feature",
   "geometry": {
    "type": "Point",
    "coordinates": [
     -46.661613,
     -23.68579302
    ]
   },
   "properties": {
    "id": "sp_geosampa_saude_ubs:equipamento_saude_ubs_posto_centro.120874",
    "source_id": "sp_geosampa_saude_ubs",
    "name": null,
    "category": "health_ubs",
    "subcategory": null,
    "geometry_type": "Point",
    "address": null
   }
  },
  {
   "type": "Feature",
   "geometry": {
    "type": "Point",
    "coordinates": [
     -46.483078,
     -23.59987001
    ]
   },
   "properties": {
    "id": "sp_geosampa_saude_ubs:equipamento_saude_ubs_posto_centro.120875",
    "source_id": "sp_geosampa_saude_ubs",
    "name": null,
    "category": "health_ubs",
    "subcategory": null,
    "geometry_type": "Point",
    "address": null
   }
  },
  {
   "type": "Feature",
   "geometry": {
    "type": "Point",
    "coordinates": [
     -46.743848,
     -23.56364302
    ]
   },
   "properties": {
    "id": "sp_geosampa_saude_ubs:equipamento_saude_ubs_posto_centro.120876",
    "source_id": "sp_geosampa_saude_ubs",
    "name": null,
    "category": "health_ubs",
    "subcategory": null,
    "geometry_type": "Point",
    "address": null
   }
  },
  {
   "type": "Feature",
   "geometry": {
    "type": "Point",
    "coordinates": [
     -46.628102,
     -23.55124401
    ]
   },
   "properties": {
    "id": "sp_geosampa_saude_ubs:equipamento_saude_ubs_posto_centro.120877",
    "source_id": "sp_geosampa_saude_ubs",
    "name": null,
    "category": "health_ubs",
    "subcategory": null,
    "geometry_type": "Point",
    "address": null
   }
  },
  {
   "type": "Feature",
   "geometry": {
    "type": "Point",
    "coordinates": [
     -46.745984,
     -23.44006402
    ]
   },
   "properties": {
    "id": "sp_geosampa_saude_ubs:equipamento_saude_ubs_posto_centro.120878",
    "source_id": "sp_geosampa_saude_ubs",
    "name": null,
    "category": "health_ubs",
    "subcategory": null,
    "geometry_type": "Point",
    "address": null
   }
  },
  {
   "type": "Feature",
   "geometry": {
    "type": "Point",
    "coordinates": [
     -46.667833,
     -23.76655201
    ]
   },
   "properties": {
    "id": "sp_geosampa_saude_ubs:equipamento_saude_ubs_posto_centro.120879",
    "source_id": "sp_geosampa_saude_ubs",
    "name": null,
    "category": "health_ubs",
    "subcategory": null,
    "geometry_type": "Point",
    "address": null
   }
  },
  {
   "type": "Feature",
   "geometry": {
    "type": "Point",
    "coordinates": [
     -46.699533,
     -23.45518601
    ]
   },
   "properties": {
    "id": "sp_geosampa_saude_ubs:equipamento_saude_ubs_posto_centro.120880",
    "source_id": "sp_geosampa_saude_ubs",
    "name": null,
    "category": "health_ubs",
    "subcategory": null,
    "geometry_type": "Point",
    "address": null
   }
  },
  {
   "type": "Feature",
   "geometry": {
    "type": "Point",
    "coordinates": [
     -46.503437,
     -23.60591402
    ]
   },
   "properties": {
    "id": "sp_geosampa_saude_ubs:equipamento_saude_ubs_posto_centro.120881",
    "source_id": "sp_geosampa_saude_ubs",
    "name": null,
    "category": "health_ubs",
    "subcategory": null,
    "geometry_type": "Point",
    "address": null
   }
  },
  {
   "type": "Feature",
   "geometry": {
    "type": "Point",
    "coordinates": [
     -46.47097,
     -23.50352301
    ]
   },
   "properties": {
    "id": "sp_geosampa_saude_ubs:equipamento_saude_ubs_posto_centro.120882",
    "source_id": "sp_geosampa_saude_ubs",
    "name": null,
    "category": "health_ubs",
    "subcategory": null,
    "geometry_type": "Point",
    "address": null
   }
  },
  {
   "type": "Feature",
   "geometry": {
    "type": "Point",
    "coordinates": [
     -46.380551,
     -23.48083602
    ]
   },
   "properties": {
    "id": "sp_geosampa_saude_ubs:equipamento_saude_ubs_posto_centro.120883",
    "source_id": "sp_geosampa_saude_ubs",
    "name": null,
    "category": "health_ubs",
    "subcategory": null,
    "geometry_type": "Point",
    "address": null
   }
  },
  {
   "type": "Feature",
   "geometry": {
    "type": "Point",
    "coordinates": [
     -46.71802,
     -23.43598201
    ]
   },
   "properties": {
    "id": "sp_geosampa_saude_ubs:equipamento_saude_ubs_posto_centro.120884",
    "source_id": "sp_geosampa_saude_ubs",
    "name": null,
    "category": "health_ubs",
    "subcategory": null,
    "geometry_type": "Point",
    "address": null
   }
  },
  {
   "type": "Feature",
   "geometry": {
    "type": "Point",
    "coordinates": [
     -46.45933,
     -23.48344102
    ]
   },
   "properties": {
    "id": "sp_geosampa_saude_ubs:equipamento_saude_ubs_posto_centro.120885",
    "source_id": "sp_geosampa_saude_ubs",
    "name": null,
    "category": "health_ubs",
    "subcategory": null,
    "geometry_type": "Point",
    "address": null
   }
  },
  {
   "type": "Feature",
   "geometry": {
    "type": "Point",
    "coordinates": [
     -46.7079,
     -23.85419701
    ]
   },
   "properties": {
    "id": "sp_geosampa_saude_ubs:equipamento_saude_ubs_posto_centro.120886",
    "source_id": "sp_geosampa_saude_ubs",
    "name": null,
    "category": "health_ubs",
    "subcategory": null,
    "geometry_type": "Point",
    "address": null
   }
  },
  {
   "type": "Feature",
   "geometry": {
    "type": "Point",
    "coordinates": [
     -46.683916,
     -23.78522002
    ]
   },
   "properties": {
    "id": "sp_geosampa_saude_ubs:equipamento_saude_ubs_posto_centro.120887",
    "source_id": "sp_geosampa_saude_ubs",
    "name": null,
    "category": "health_ubs",
    "subcategory": null,
    "geometry_type": "Point",
    "address": null
   }
  },
  {
   "type": "Feature",
   "geometry": {
    "type": "Point",
    "coordinates": [
     -46.711533,
     -23.68305102
    ]
   },
   "properties": {
    "id": "sp_geosampa_saude_ubs:equipamento_saude_ubs_posto_centro.120888",
    "source_id": "sp_geosampa_saude_ubs",
    "name": null,
    "category": "health_ubs",
    "subcategory": null,
    "geometry_type": "Point",
    "address": null
   }
  },
  {
   "type": "Feature",
   "geometry": {
    "type": "Point",
    "coordinates": [
     -46.780848,
     -23.73705502
    ]
   },
   "properties": {
    "id": "sp_geosampa_saude_ubs:equipamento_saude_ubs_posto_centro.120889",
    "source_id": "sp_geosampa_saude_ubs",
    "name": null,
    "category": "health_ubs",
    "subcategory": null,
    "geometry_type": "Point",
    "address": null
   }
  },
  {
   "type": "Feature",
   "geometry": {
    "type": "Point",
    "coordinates": [
     -46.610174,
     -23.44916202
    ]
   },
   "properties": {
    "id": "sp_geosampa_saude_ubs:equipamento_saude_ubs_posto_centro.120890",
    "source_id": "sp_geosampa_saude_ubs",
    "name": null,
    "category": "health_ubs",
    "subcategory": null,
    "geometry_type": "Point",
    "address": null
   }
  },
  {
   "type": "Feature",
   "geometry": {
    "type": "Point",
    "coordinates": [
     -46.567697,
     -23.59651602
    ]
   },
   "properties": {
    "id": "sp_geosampa_saude_ubs:equipamento_saude_ubs_posto_centro.120891",
    "source_id": "sp_geosampa_saude_ubs",
    "name": null,
    "category": "health_ubs",
    "subcategory": null,
    "geometry_type": "Point",
    "address": null
   }
  },
  {
   "type": "Feature",
   "geometry": {
    "type": "Point",
    "coordinates": [
     -46.722818,
     -23.51573201
    ]
   },
   "properties": {
    "id": "sp_geosampa_saude_ubs:equipamento_saude_ubs_posto_centro.120892",
    "source_id": "sp_geosampa_saude_ubs",
    "name": null,
    "category": "health_ubs",
    "subcategory": null,
    "geometry_type": "Point",
    "address": null
   }
  },
  {
   "type": "Feature",
   "geometry": {
    "type": "Point",
    "coordinates": [
     -46.677451,
     -23.53109601
    ]
   },
   "properties": {
    "id": "sp_geosampa_saude_ubs:equipamento_saude_ubs_posto_centro.120893",
    "source_id": "sp_geosampa_saude_ubs",
    "name": null,
    "category": "health_ubs",
    "subcategory": null,
    "geometry_type": "Point",
    "address": null
   }
  },
  {
   "type": "Feature",
   "geometry": {
    "type": "Point",
    "coordinates": [
     -46.670224,
     -23.69093702
    ]
   },
   "properties": {
    "id": "sp_geosampa_saude_ubs:equipamento_saude_ubs_posto_centro.120894",
    "source_id": "sp_geosampa_saude_ubs",
    "name": null,
    "category": "health_ubs",
    "subcategory": null,
    "geometry_type": "Point",
    "address": null
   }
  },
  {
   "type": "Feature",
   "geometry": {
    "type": "Point",
    "coordinates": [
     -46.589026,
     -23.63366501
    ]
   },
   "properties": {
    "id": "sp_geosampa_saude_ubs:equipamento_saude_ubs_posto_centro.120895",
    "source_id": "sp_geosampa_saude_ubs",
    "name": null,
    "category": "health_ubs",
    "subcategory": null,
    "geometry_type": "Point",
    "address": null
   }
  },
  {
   "type": "Feature",
   "geometry": {
    "type": "Point",
    "coordinates": [
     -46.536571,
     -23.53483102
    ]
   },
   "properties": {
    "id": "sp_geosampa_saude_ubs:equipamento_saude_ubs_posto_centro.120896",
    "source_id": "sp_geosampa_saude_ubs",
    "name": null,
    "category": "health_ubs",
    "subcategory": null,
    "geometry_type": "Point",
    "address": null
   }
  },
  {
   "type": "Feature",
   "geometry": {
    "type": "Point",
    "coordinates": [
     -46.686403,
     -23.68061702
    ]
   },
   "properties": {
    "id": "sp_geosampa_saude_ubs:equipamento_saude_ubs_posto_centro.120897",
    "source_id": "sp_geosampa_saude_ubs",
    "name": null,
    "category": "health_ubs",
    "subcategory": null,
    "geometry_type": "Point",
    "address": null
   }
  },
  {
   "type": "Feature",
   "geometry": {
    "type": "Point",
    "coordinates": [
     -46.626143,
     -23.47355201
    ]
   },
   "properties": {
    "id": "sp_geosampa_saude_ubs:equipamento_saude_ubs_posto_centro.120898",
    "source_id": "sp_geosampa_saude_ubs",
    "name": null,
    "category": "health_ubs",
    "subcategory": null,
    "geometry_type": "Point",
    "address": null
   }
  },
  {
   "type": "Feature",
   "geometry": {
    "type": "Point",
    "coordinates": [
     -46.575467,
     -23.57093002
    ]
   },
   "properties": {
    "id": "sp_geosampa_saude_ubs:equipamento_saude_ubs_posto_centro.120899",
    "source_id": "sp_geosampa_saude_ubs",
    "name": null,
    "category": "health_ubs",
    "subcategory": null,
    "geometry_type": "Point",
    "address": null
   }
  },
  {
   "type": "Feature",
   "geometry": {
    "type": "Point",
    "coordinates": [
     -46.770457,
     -23.58724102
    ]
   },
   "properties": {
    "id": "sp_geosampa_saude_ubs:equipamento_saude_ubs_posto_centro.120900",
    "source_id": "sp_geosampa_saude_ubs",
    "name": null,
    "category": "health_ubs",
    "subcategory": null,
    "geometry_type": "Point",
    "address": null
   }
  },
  {
   "type": "Feature",
   "geometry": {
    "type": "Point",
    "coordinates": [
     -46.751123,
     -23.39992801
    ]
   },
   "properties": {
    "id": "sp_geosampa_saude_ubs:equipamento_saude_ubs_posto_centro.120901",
    "source_id": "sp_geosampa_saude_ubs",
    "name": null,
    "category": "health_ubs",
    "subcategory": null,
    "geometry_type": "Point",
    "address": null
   }
  },
  {
   "type": "Feature",
   "geometry": {
    "type": "Point",
    "coordinates": [
     -46.7931,
     -23.73920601
    ]
   },
   "properties": {
    "id": "sp_geosampa_saude_ubs:equipamento_saude_ubs_posto_centro.120902",
    "source_id": "sp_geosampa_saude_ubs",
    "name": null,
    "category": "health_ubs",
    "subcategory": null,
    "geometry_type": "Point",
    "address": null
   }
  },
  {
   "type": "Feature",
   "geometry": {
    "type": "Point",
    "coordinates": [
     -46.650388,
     -23.66032502
    ]
   },
   "properties": {
    "id": "sp_geosampa_saude_ubs:equipamento_saude_ubs_posto_centro.120903",
    "source_id": "sp_geosampa_saude_ubs",
    "name": null,
    "category": "health_ubs",
    "subcategory": null,
    "geometry_type": "Point",
    "address": null
   }
  },
  {
   "type": "Feature",
   "geometry": {
    "type": "Point",
    "coordinates": [
     -46.664065,
     -23.65447802
    ]
   },
   "properties": {
    "id": "sp_geosampa_saude_ubs:equipamento_saude_ubs_posto_centro.120904",
    "source_id": "sp_geosampa_saude_ubs",
    "name": null,
    "category": "health_ubs",
    "subcategory": null,
    "geometry_type": "Point",
    "address": null
   }
  },
  {
   "type": "Feature",
   "geometry": {
    "type": "Point",
    "coordinates": [
     -46.448712,
     -23.54978802
    ]
   },
   "properties": {
    "id": "sp_geosampa_saude_ubs:equipamento_saude_ubs_posto_centro.120905",
    "source_id": "sp_geosampa_saude_ubs",
    "name": null,
    "category": "health_ubs",
    "subcategory": null,
    "geometry_type": "Point",
    "address": null
   }
  },
  {
   "type": "Feature",
   "geometry": {
    "type": "Point",
    "coordinates": [
     -46.52458,
     -23.55304101
    ]
   },
   "properties": {
    "id": "sp_geosampa_saude_ubs:equipamento_saude_ubs_posto_centro.120906",
    "source_id": "sp_geosampa_saude_ubs",
    "name": null,
    "category": "health_ubs",
    "subcategory": null,
    "geometry_type": "Point",
    "address": null
   }
  },
  {
   "type": "Feature",
   "geometry": {
    "type": "Point",
    "coordinates": [
     -46.404899,
     -23.53740202
    ]
   },
   "properties": {
    "id": "sp_geosampa_saude_ubs:equipamento_saude_ubs_posto_centro.120907",
    "source_id": "sp_geosampa_saude_ubs",
    "name": null,
    "category": "health_ubs",
    "subcategory": null,
    "geometry_type": "Point",
    "address": null
   }
  },
  {
   "type": "Feature",
   "geometry": {
    "type": "Point",
    "coordinates": [
     -46.491591,
     -23.48988802
    ]
   },
   "properties": {
    "id": "sp_geosampa_saude_ubs:equipamento_saude_ubs_posto_centro.120908",
    "source_id": "sp_geosampa_saude_ubs",
    "name": null,
    "category": "health_ubs",
    "subcategory": null,
    "geometry_type": "Point",
    "address": null
   }
  },
  {
   "type": "Feature",
   "geometry": {
    "type": "Point",
    "coordinates": [
     -46.666318,
     -23.67372101
    ]
   },
   "properties": {
    "id": "sp_geosampa_saude_ubs:equipamento_saude_ubs_posto_centro.120909",
    "source_id": "sp_geosampa_saude_ubs",
    "name": null,
    "category": "health_ubs",
    "subcategory": null,
    "geometry_type": "Point",
    "address": null
   }
  },
  {
   "type": "Feature",
   "geometry": {
    "type": "Point",
    "coordinates": [
     -46.423261,
     -23.56515601
    ]
   },
   "properties": {
    "id": "sp_geosampa_saude_ubs:equipamento_saude_ubs_posto_centro.120910",
    "source_id": "sp_geosampa_saude_ubs",
    "name": null,
    "category": "health_ubs",
    "subcategory": null,
    "geometry_type": "Point",
    "address": null
   }
  },
  {
   "type": "Feature",
   "geometry": {
    "type": "Point",
    "coordinates": [
     -46.422952,
     -23.50230002
    ]
   },
   "properties": {
    "id": "sp_geosampa_saude_ubs:equipamento_saude_ubs_posto_centro.120911",
    "source_id": "sp_geosampa_saude_ubs",
    "name": null,
    "category": "health_ubs",
    "subcategory": null,
    "geometry_type": "Point",
    "address": null
   }
  },
  {
   "type": "Feature",
   "geometry": {
    "type": "Point",
    "coordinates": [
     -46.765086,
     -23.56363902
    ]
   },
   "properties": {
    "id": "sp_geosampa_saude_ubs:equipamento_saude_ubs_posto_centro.120912",
    "source_id": "sp_geosampa_saude_ubs",
    "name": null,
    "category": "health_ubs",
    "subcategory": null,
    "geometry_type": "Point",
    "address": null
   }
  },
  {
   "type": "Feature",
   "geometry": {
    "type": "Point",
    "coordinates": [
     -46.742868,
     -23.64375601
    ]
   },
   "properties": {
    "id": "sp_geosampa_saude_ubs:equipamento_saude_ubs_posto_centro.120913",
    "source_id": "sp_geosampa_saude_ubs",
    "name": null,
    "category": "health_ubs",
    "subcategory": null,
    "geometry_type": "Point",
    "address": null
   }
  },
  {
   "type": "Feature",
   "geometry": {
    "type": "Point",
    "coordinates": [
     -46.604935,
     -23.62957501
    ]
   },
   "properties": {
    "id": "sp_geosampa_saude_ubs:equipamento_saude_ubs_posto_centro.120914",
    "source_id": "sp_geosampa_saude_ubs",
    "name": null,
    "category": "health_ubs",
    "subcategory": null,
    "geometry_type": "Point",
    "address": null
   }
  },
  {
   "type": "Feature",
   "geometry": {
    "type": "Point",
    "coordinates": [
     -46.661781,
     -23.46509002
    ]
   },
   "properties": {
    "id": "sp_geosampa_saude_ubs:equipamento_saude_ubs_posto_centro.120915",
    "source_id": "sp_geosampa_saude_ubs",
    "name": null,
    "category": "health_ubs",
    "subcategory": null,
    "geometry_type": "Point",
    "address": null
   }
  },
  {
   "type": "Feature",
   "geometry": {
    "type": "Point",
    "coordinates": [
     -46.658868,
     -23.46775201
    ]
   },
   "properties": {
    "id": "sp_geosampa_saude_ubs:equipamento_saude_ubs_posto_centro.120916",
    "source_id": "sp_geosampa_saude_ubs",
    "name": null,
    "category": "health_ubs",
    "subcategory": null,
    "geometry_type": "Point",
    "address": null
   }
  },
  {
   "type": "Feature",
   "geometry": {
    "type": "Point",
    "coordinates": [
     -46.591463,
     -23.49067501
    ]
   },
   "properties": {
    "id": "sp_geosampa_saude_ubs:equipamento_saude_ubs_posto_centro.120917",
    "source_id": "sp_geosampa_saude_ubs",
    "name": null,
    "category": "health_ubs",
    "subcategory": null,
    "geometry_type": "Point",
    "address": null
   }
  },
  {
   "type": "Feature",
   "geometry": {
    "type": "Point",
    "coordinates": [
     -46.5469837,
     -23.58182092
    ]
   },
   "properties": {
    "id": "sp_geosampa_saude_ubs:equipamento_saude_ubs_posto_centro.120918",
    "source_id": "sp_geosampa_saude_ubs",
    "name": null,
    "category": "health_ubs",
    "subcategory": null,
    "geometry_type": "Point",
    "address": null
   }
  },
  {
   "type": "Feature",
   "geometry": {
    "type": "Point",
    "coordinates": [
     -46.667834,
     -23.48143401
    ]
   },
   "properties": {
    "id": "sp_geosampa_saude_ubs:equipamento_saude_ubs_posto_centro.120919",
    "source_id": "sp_geosampa_saude_ubs",
    "name": null,
    "category": "health_ubs",
    "subcategory": null,
    "geometry_type": "Point",
    "address": null
   }
  },
  {
   "type": "Feature",
   "geometry": {
    "type": "Point",
    "coordinates": [
     -46.532094,
     -23.53102102
    ]
   },
   "properties": {
    "id": "sp_geosampa_saude_ubs:equipamento_saude_ubs_posto_centro.120920",
    "source_id": "sp_geosampa_saude_ubs",
    "name": null,
    "category": "health_ubs",
    "subcategory": null,
    "geometry_type": "Point",
    "address": null
   }
  },
  {
   "type": "Feature",
   "geometry": {
    "type": "Point",
    "coordinates": [
     -46.526283,
     -23.52348401
    ]
   },
   "properties": {
    "id": "sp_geosampa_saude_ubs:equipamento_saude_ubs_posto_centro.120921",
    "source_id": "sp_geosampa_saude_ubs",
    "name": null,
    "category": "health_ubs",
    "subcategory": null,
    "geometry_type": "Point",
    "address": null
   }
  },
  {
   "type": "Feature",
   "geometry": {
    "type": "Point",
    "coordinates": [
     -46.534689,
     -23.57016802
    ]
   },
   "properties": {
    "id": "sp_geosampa_saude_ubs:equipamento_saude_ubs_posto_centro.120922",
    "source_id": "sp_geosampa_saude_ubs",
    "name": null,
    "category": "health_ubs",
    "subcategory": null,
    "geometry_type": "Point",
    "address": null
   }
  },
  {
   "type": "Feature",
   "geometry": {
    "type": "Point",
    "coordinates": [
     -46.552358,
     -23.56226502
    ]
   },
   "properties": {
    "id": "sp_geosampa_saude_ubs:equipamento_saude_ubs_posto_centro.120923",
    "source_id": "sp_geosampa_saude_ubs",
    "name": null,
    "category": "health_ubs",
    "subcategory": null,
    "geometry_type": "Point",
    "address": null
   }
  },
  {
   "type": "Feature",
   "geometry": {
    "type": "Point",
    "coordinates": [
     -46.539056,
     -23.56937801
    ]
   },
   "properties": {
    "id": "sp_geosampa_saude_ubs:equipamento_saude_ubs_posto_centro.120924",
    "source_id": "sp_geosampa_saude_ubs",
    "name": null,
    "category": "health_ubs",
    "subcategory": null,
    "geometry_type": "Point",
    "address": null
   }
  },
  {
   "type": "Feature",
   "geometry": {
    "type": "Point",
    "coordinates": [
     -46.508683,
     -23.52359201
    ]
   },
   "properties": {
    "id": "sp_geosampa_saude_ubs:equipamento_saude_ubs_posto_centro.120925",
    "source_id": "sp_geosampa_saude_ubs",
    "name": null,
    "category": "health_ubs",
    "subcategory": null,
    "geometry_type": "Point",
    "address": null
   }
  },
  {
   "type": "Feature",
   "geometry": {
    "type": "Point",
    "coordinates": [
     -46.635888,
     -23.70271901
    ]
   },
   "properties": {
    "id": "sp_geosampa_saude_ubs:equipamento_saude_ubs_posto_centro.120926",
    "source_id": "sp_geosampa_saude_ubs",
    "name": null,
    "category": "health_ubs",
    "subcategory": null,
    "geometry_type": "Point",
    "address": null
   }
  },
  {
   "type": "Feature",
   "geometry": {
    "type": "Point",
    "coordinates": [
     -46.528309,
     -23.57958101
    ]
   },
   "properties": {
    "id": "sp_geosampa_saude_ubs:equipamento_saude_ubs_posto_centro.120927",
    "source_id": "sp_geosampa_saude_ubs",
    "name": null,
    "category": "health_ubs",
    "subcategory": null,
    "geometry_type": "Point",
    "address": null
   }
  },
  {
   "type": "Feature",
   "geometry": {
    "type": "Point",
    "coordinates": [
     -46.605441,
     -23.51627101
    ]
   },
   "properties": {
    "id": "sp_geosampa_saude_ubs:equipamento_saude_ubs_posto_centro.120928",
    "source_id": "sp_geosampa_saude_ubs",
    "name": null,
    "category": "health_ubs",
    "subcategory": null,
    "geometry_type": "Point",
    "address": null
   }
  },
  {
   "type": "Feature",
   "geometry": {
    "type": "Point",
    "coordinates": [
     -46.514362,
     -23.53773802
    ]
   },
   "properties": {
    "id": "sp_geosampa_saude_ubs:equipamento_saude_ubs_posto_centro.120929",
    "source_id": "sp_geosampa_saude_ubs",
    "name": null,
    "category": "health_ubs",
    "subcategory": null,
    "geometry_type": "Point",
    "address": null
   }
  },
  {
   "type": "Feature",
   "geometry": {
    "type": "Point",
    "coordinates": [
     -46.62467437,
     -23.60232126
    ]
   },
   "properties": {
    "id": "sp_geosampa_saude_ubs:equipamento_saude_ubs_posto_centro.120930",
    "source_id": "sp_geosampa_saude_ubs",
    "name": null,
    "category": "health_ubs",
    "subcategory": null,
    "geometry_type": "Point",
    "address": null
   }
  },
  {
   "type": "Feature",
   "geometry": {
    "type": "Point",
    "coordinates": [
     -46.534832,
     -23.58975002
    ]
   },
   "properties": {
    "id": "sp_geosampa_saude_ubs:equipamento_saude_ubs_posto_centro.120931",
    "source_id": "sp_geosampa_saude_ubs",
    "name": null,
    "category": "health_ubs",
    "subcategory": null,
    "geometry_type": "Point",
    "address": null
   }
  },
  {
   "type": "Feature",
   "geometry": {
    "type": "Point",
    "coordinates": [
     -46.650869,
     -23.67652002
    ]
   },
   "properties": {
    "id": "sp_geosampa_saude_ubs:equipamento_saude_ubs_posto_centro.120932",
    "source_id": "sp_geosampa_saude_ubs",
    "name": null,
    "category": "health_ubs",
    "subcategory": null,
    "geometry_type": "Point",
    "address": null
   }
  },
  {
   "type": "Feature",
   "geometry": {
    "type": "Point",
    "coordinates": [
     -46.701094,
     -23.53198501
    ]
   },
   "properties": {
    "id": "sp_geosampa_saude_ubs:equipamento_saude_ubs_posto_centro.120933",
    "source_id": "sp_geosampa_saude_ubs",
    "name": null,
    "category": "health_ubs",
    "subcategory": null,
    "geometry_type": "Point",
    "address": null
   }
  },
  {
   "type": "Feature",
   "geometry": {
    "type": "Point",
    "coordinates": [
     -46.51011,
     -23.56049501
    ]
   },
   "properties": {
    "id": "sp_geosampa_saude_ubs:equipamento_saude_ubs_posto_centro.120934",
    "source_id": "sp_geosampa_saude_ubs",
    "name": null,
    "category": "health_ubs",
    "subcategory": null,
    "geometry_type": "Point",
    "address": null
   }
  },
  {
   "type": "Feature",
   "geometry": {
    "type": "Point",
    "coordinates": [
     -46.600931,
     -23.49322502
    ]
   },
   "properties": {
    "id": "sp_geosampa_saude_ubs:equipamento_saude_ubs_posto_centro.120935",
    "source_id": "sp_geosampa_saude_ubs",
    "name": null,
    "category": "health_ubs",
    "subcategory": null,
    "geometry_type": "Point",
    "address": null
   }
  },
  {
   "type": "Feature",
   "geometry": {
    "type": "Point",
    "coordinates": [
     -46.449848,
     -23.50252301
    ]
   },
   "properties": {
    "id": "sp_geosampa_saude_ubs:equipamento_saude_ubs_posto_centro.120936",
    "source_id": "sp_geosampa_saude_ubs",
    "name": null,
    "category": "health_ubs",
    "subcategory": null,
    "geometry_type": "Point",
    "address": null
   }
  },
  {
   "type": "Feature",
   "geometry": {
    "type": "Point",
    "coordinates": [
     -46.746483,
     -23.51367602
    ]
   },
   "properties": {
    "id": "sp_geosampa_saude_ubs:equipamento_saude_ubs_posto_centro.120937",
    "source_id": "sp_geosampa_saude_ubs",
    "name": null,
    "category": "health_ubs",
    "subcategory": null,
    "geometry_type": "Point",
    "address": null
   }
  },
  {
   "type": "Feature",
   "geometry": {
    "type": "Point",
    "coordinates": [
     -46.666297,
     -23.67360602
    ]
   },
   "properties": {
    "id": "sp_geosampa_saude_ubs:equipamento_saude_ubs_posto_centro.120938",
    "source_id": "sp_geosampa_saude_ubs",
    "name": null,
    "category": "health_ubs",
    "subcategory": null,
    "geometry_type": "Point",
    "address": null
   }
  },
  {
   "type": "Feature",
   "geometry": {
    "type": "Point",
    "coordinates": [
     -46.596791,
     -23.49867702
    ]
   },
   "properties": {
    "id": "sp_geosampa_saude_ubs:equipamento_saude_ubs_posto_centro.120939",
    "source_id": "sp_geosampa_saude_ubs",
    "name": null,
    "category": "health_ubs",
    "subcategory": null,
    "geometry_type": "Point",
    "address": null
   }
  },
  {
   "type": "Feature",
   "geometry": {
    "type": "Point",
    "coordinates": [
     -46.716436,
     -23.45551702
    ]
   },
   "properties": {
    "id": "sp_geosampa_saude_ubs:equipamento_saude_ubs_posto_centro.120940",
    "source_id": "sp_geosampa_saude_ubs",
    "name": null,
    "category": "health_ubs",
    "subcategory": null,
    "geometry_type": "Point",
    "address": null
   }
  },
  {
   "type": "Feature",
   "geometry": {
    "type": "Point",
    "coordinates": [
     -46.745278,
     -23.49525202
    ]
   },
   "properties": {
    "id": "sp_geosampa_saude_ubs:equipamento_saude_ubs_posto_centro.120941",
    "source_id": "sp_geosampa_saude_ubs",
    "name": null,
    "category": "health_ubs",
    "subcategory": null,
    "geometry_type": "Point",
    "address": null
   }
  },
  {
   "type": "Feature",
   "geometry": {
    "type": "Point",
    "coordinates": [
     -46.722185,
     -23.78806601
    ]
   },
   "properties": {
    "id": "sp_geosampa_saude_ubs:equipamento_saude_ubs_posto_centro.120942",
    "source_id": "sp_geosampa_saude_ubs",
    "name": null,
    "category": "health_ubs",
    "subcategory": null,
    "geometry_type": "Point",
    "address": null
   }
  },
  {
   "type": "Feature",
   "geometry": {
    "type": "Point",
    "coordinates": [
     -46.590546,
     -23.49999701
    ]
   },
   "properties": {
    "id": "sp_geosampa_saude_ubs:equipamento_saude_ubs_posto_centro.120943",
    "source_id": "sp_geosampa_saude_ubs",
    "name": null,
    "category": "health_ubs",
    "subcategory": null,
    "geometry_type": "Point",
    "address": null
   }
  },
  {
   "type": "Feature",
   "geometry": {
    "type": "Point",
    "coordinates": [
     -46.643264,
     -23.59562601
    ]
   },
   "properties": {
    "id": "sp_geosampa_saude_ubs:equipamento_saude_ubs_posto_centro.120944",
    "source_id": "sp_geosampa_saude_ubs",
    "name": null,
    "category": "health_ubs",
    "subcategory": null,
    "geometry_type": "Point",
    "address": null
   }
  },
  {
   "type": "Feature",
   "geometry": {
    "type": "Point",
    "coordinates": [
     -46.527774,
     -23.53928302
    ]
   },
   "properties": {
    "id": "sp_geosampa_saude_ubs:equipamento_saude_ubs_posto_centro.120945",
    "source_id": "sp_geosampa_saude_ubs",
    "name": null,
    "category": "health_ubs",
    "subcategory": null,
    "geometry_type": "Point",
    "address": null
   }
  },
  {
   "type": "Feature",
   "geometry": {
    "type": "Point",
    "coordinates": [
     -46.612541,
     -23.63351801
    ]
   },
   "properties": {
    "id": "sp_geosampa_saude_ubs:equipamento_saude_ubs_posto_centro.120946",
    "source_id": "sp_geosampa_saude_ubs",
    "name": null,
    "category": "health_ubs",
    "subcategory": null,
    "geometry_type": "Point",
    "address": null
   }
  },
  {
   "type": "Feature",
   "geometry": {
    "type": "Point",
    "coordinates": [
     -46.707403,
     -23.76395501
    ]
   },
   "properties": {
    "id": "sp_geosampa_saude_ubs:equipamento_saude_ubs_posto_centro.120947",
    "source_id": "sp_geosampa_saude_ubs",
    "name": null,
    "category": "health_ubs",
    "subcategory": null,
    "geometry_type": "Point",
    "address": null
   }
  },
  {
   "type": "Feature",
   "geometry": {
    "type": "Point",
    "coordinates": [
     -46.587933,
     -23.47784402
    ]
   },
   "properties": {
    "id": "sp_geosampa_saude_ubs:equipamento_saude_ubs_posto_centro.120948",
    "source_id": "sp_geosampa_saude_ubs",
    "name": null,
    "category": "health_ubs",
    "subcategory": null,
    "geometry_type": "Point",
    "address": null
   }
  },
  {
   "type": "Feature",
   "geometry": {
    "type": "Point",
    "coordinates": [
     -46.442818,
     -23.53434001
    ]
   },
   "properties": {
    "id": "sp_geosampa_saude_ubs:equipamento_saude_ubs_posto_centro.120949",
    "source_id": "sp_geosampa_saude_ubs",
    "name": null,
    "category": "health_ubs",
    "subcategory": null,
    "geometry_type": "Point",
    "address": null
   }
  },
  {
   "type": "Feature",
   "geometry": {
    "type": "Point",
    "coordinates": [
     -46.426579,
     -23.51624602
    ]
   },
   "properties": {
    "id": "sp_geosampa_saude_ubs:equipamento_saude_ubs_posto_centro.120950",
    "source_id": "sp_geosampa_saude_ubs",
    "name": null,
    "category": "health_ubs",
    "subcategory": null,
    "geometry_type": "Point",
    "address": null
   }
  },
  {
   "type": "Feature",
   "geometry": {
    "type": "Point",
    "coordinates": [
     -46.572609,
     -23.45146401
    ]
   },
   "properties": {
    "id": "sp_geosampa_saude_ubs:equipamento_saude_ubs_posto_centro.120951",
    "source_id": "sp_geosampa_saude_ubs",
    "name": null,
    "category": "health_ubs",
    "subcategory": null,
    "geometry_type": "Point",
    "address": null
   }
  },
  {
   "type": "Feature",
   "geometry": {
    "type": "Point",
    "coordinates": [
     -46.531881,
     -23.54651001
    ]
   },
   "properties": {
    "id": "sp_geosampa_saude_ubs:equipamento_saude_ubs_posto_centro.120952",
    "source_id": "sp_geosampa_saude_ubs",
    "name": null,
    "category": "health_ubs",
    "subcategory": null,
    "geometry_type": "Point",
    "address": null
   }
  },
  {
   "type": "Feature",
   "geometry": {
    "type": "Point",
    "coordinates": [
     -46.509869,
     -23.57884901
    ]
   },
   "properties": {
    "id": "sp_geosampa_saude_ubs:equipamento_saude_ubs_posto_centro.120953",
    "source_id": "sp_geosampa_saude_ubs",
    "name": null,
    "category": "health_ubs",
    "subcategory": null,
    "geometry_type": "Point",
    "address": null
   }
  },
  {
   "type": "Feature",
   "geometry": {
    "type": "Point",
    "coordinates": [
     -46.671278,
     -23.59268102
    ]
   },
   "properties": {
    "id": "sp_geosampa_saude_ubs:equipamento_saude_ubs_posto_centro.120954",
    "source_id": "sp_geosampa_saude_ubs",
    "name": null,
    "category": "health_ubs",
    "subcategory": null,
    "geometry_type": "Point",
    "address": null
   }
  },
  {
   "type": "Feature",
   "geometry": {
    "type": "Point",
    "coordinates": [
     -46.700979,
     -23.49332102
    ]
   },
   "properties": {
    "id": "sp_geosampa_saude_ubs:equipamento_saude_ubs_posto_centro.120955",
    "source_id": "sp_geosampa_saude_ubs",
    "name": null,
    "category": "health_ubs",
    "subcategory": null,
    "geometry_type": "Point",
    "address": null
   }
  },
  {
   "type": "Feature",
   "geometry": {
    "type": "Point",
    "coordinates": [
     -46.474236,
     -23.49493101
    ]
   },
   "properties": {
    "id": "sp_geosampa_saude_ubs:equipamento_saude_ubs_posto_centro.120956",
    "source_id": "sp_geosampa_saude_ubs",
    "name": null,
    "category": "health_ubs",
    "subcategory": null,
    "geometry_type": "Point",
    "address": null
   }
  },
  {
   "type": "Feature",
   "geometry": {
    "type": "Point",
    "coordinates": [
     -46.680762,
     -23.46689702
    ]
   },
   "properties": {
    "id": "sp_geosampa_saude_ubs:equipamento_saude_ubs_posto_centro.120957",
    "source_id": "sp_geosampa_saude_ubs",
    "name": null,
    "category": "health_ubs",
    "subcategory": null,
    "geometry_type": "Point",
    "address": null
   }
  },
  {
   "type": "Feature",
   "geometry": {
    "type": "Point",
    "coordinates": [
     -46.747013,
     -23.48259901
    ]
   },
   "properties": {
    "id": "sp_geosampa_saude_ubs:equipamento_saude_ubs_posto_centro.120958",
    "source_id": "sp_geosampa_saude_ubs",
    "name": null,
    "category": "health_ubs",
    "subcategory": null,
    "geometry_type": "Point",
    "address": null
   }
  },
  {
   "type": "Feature",
   "geometry": {
    "type": "Point",
    "coordinates": [
     -46.745817,
     -23.61727701
    ]
   },
   "properties": {
    "id": "sp_geosampa_saude_ubs:equipamento_saude_ubs_posto_centro.120959",
    "source_id": "sp_geosampa_saude_ubs",
    "name": null,
    "category": "health_ubs",
    "subcategory": null,
    "geometry_type": "Point",
    "address": null
   }
  },
  {
   "type": "Feature",
   "geometry": {
    "type": "Point",
    "coordinates": [
     -46.433226,
     -23.51517102
    ]
   },
   "properties": {
    "id": "sp_geosampa_saude_ubs:equipamento_saude_ubs_posto_centro.120960",
    "source_id": "sp_geosampa_saude_ubs",
    "name": null,
    "category": "health_ubs",
    "subcategory": null,
    "geometry_type": "Point",
    "address": null
   }
  },
  {
   "type": "Feature",
   "geometry": {
    "type": "Point",
    "coordinates": [
     -46.702532,
     -23.47546801
    ]
   },
   "properties": {
    "id": "sp_geosampa_saude_ubs:equipamento_saude_ubs_posto_centro.120961",
    "source_id": "sp_geosampa_saude_ubs",
    "name": null,
    "category": "health_ubs",
    "subcategory": null,
    "geometry_type": "Point",
    "address": null
   }
  },
  {
   "type": "Feature",
   "geometry": {
    "type": "Point",
    "coordinates": [
     -46.582787,
     -23.58217302
    ]
   },
   "properties": {
    "id": "sp_geosampa_saude_ubs:equipamento_saude_ubs_posto_centro.120962",
    "source_id": "sp_geosampa_saude_ubs",
    "name": null,
    "category": "health_ubs",
    "subcategory": null,
    "geometry_type": "Point",
    "address": null
   }
  },
  {
   "type": "Feature",
   "geometry": {
    "type": "Point",
    "coordinates": [
     -46.46385,
     -23.52051701
    ]
   },
   "properties": {
    "id": "sp_geosampa_saude_ubs:equipamento_saude_ubs_posto_centro.120963",
    "source_id": "sp_geosampa_saude_ubs",
    "name": null,
    "category": "health_ubs",
    "subcategory": null,
    "geometry_type": "Point",
    "address": null
   }
  },
  {
   "type": "Feature",
   "geometry": {
    "type": "Point",
    "coordinates": [
     -46.677918,
     -23.48255201
    ]
   },
   "properties": {
    "id": "sp_geosampa_saude_ubs:equipamento_saude_ubs_posto_centro.120964",
    "source_id": "sp_geosampa_saude_ubs",
    "name": null,
    "category": "health_ubs",
    "subcategory": null,
    "geometry_type": "Point",
    "address": null
   }
  },
  {
   "type": "Feature",
   "geometry": {
    "type": "Point",
    "coordinates": [
     -46.458847,
     -23.53031902
    ]
   },
   "properties": {
    "id": "sp_geosampa_saude_ubs:equipamento_saude_ubs_posto_centro.120965",
    "source_id": "sp_geosampa_saude_ubs",
    "name": null,
    "category": "health_ubs",
    "subcategory": null,
    "geometry_type": "Point",
    "address": null
   }
  },
  {
   "type": "Feature",
   "geometry": {
    "type": "Point",
    "coordinates": [
     -46.506963,
     -23.61757202
    ]
   },
   "properties": {
    "id": "sp_geosampa_saude_ubs:equipamento_saude_ubs_posto_centro.120966",
    "source_id": "sp_geosampa_saude_ubs",
    "name": null,
    "category": "health_ubs",
    "subcategory": null,
    "geometry_type": "Point",
    "address": null
   }
  },
  {
   "type": "Feature",
   "geometry": {
    "type": "Point",
    "coordinates": [
     -46.695299,
     -23.52868302
    ]
   },
   "properties": {
    "id": "sp_geosampa_saude_ubs:equipamento_saude_ubs_posto_centro.120967",
    "source_id": "sp_geosampa_saude_ubs",
    "name": null,
    "category": "health_ubs",
    "subcategory": null,
    "geometry_type": "Point",
    "address": null
   }
  },
  {
   "type": "Feature",
   "geometry": {
    "type": "Point",
    "coordinates": [
     -46.737013,
     -23.84144901
    ]
   },
   "properties": {
    "id": "sp_geosampa_saude_ubs:equipamento_saude_ubs_posto_centro.120968",
    "source_id": "sp_geosampa_saude_ubs",
    "name": null,
    "category": "health_ubs",
    "subcategory": null,
    "geometry_type": "Point",
    "address": null
   }
  },
  {
   "type": "Feature",
   "geometry": {
    "type": "Point",
    "coordinates": [
     -46.572817,
     -23.49242501
    ]
   },
   "properties": {
    "id": "sp_geosampa_saude_ubs:equipamento_saude_ubs_posto_centro.120969",
    "source_id": "sp_geosampa_saude_ubs",
    "name": null,
    "category": "health_ubs",
    "subcategory": null,
    "geometry_type": "Point",
    "address": null
   }
  },
  {
   "type": "Feature",
   "geometry": {
    "type": "Point",
    "coordinates": [
     -46.652384,
     -23.65333301
    ]
   },
   "properties": {
    "id": "sp_geosampa_saude_ubs:equipamento_saude_ubs_posto_centro.120970",
    "source_id": "sp_geosampa_saude_ubs",
    "name": null,
    "category": "health_ubs",
    "subcategory": null,
    "geometry_type": "Point",
    "address": null
   }
  },
  {
   "type": "Feature",
   "geometry": {
    "type": "Point",
    "coordinates": [
     -46.67146,
     -23.49318601
    ]
   },
   "properties": {
    "id": "sp_geosampa_saude_ubs:equipamento_saude_ubs_posto_centro.120971",
    "source_id": "sp_geosampa_saude_ubs",
    "name": null,
    "category": "health_ubs",
    "subcategory": null,
    "geometry_type": "Point",
    "address": null
   }
  },
  {
   "type": "Feature",
   "geometry": {
    "type": "Point",
    "coordinates": [
     -46.44572,
     -23.52528301
    ]
   },
   "properties": {
    "id": "sp_geosampa_saude_ubs:equipamento_saude_ubs_posto_centro.120972",
    "source_id": "sp_geosampa_saude_ubs",
    "name": null,
    "category": "health_ubs",
    "subcategory": null,
    "geometry_type": "Point",
    "address": null
   }
  },
  {
   "type": "Feature",
   "geometry": {
    "type": "Point",
    "coordinates": [
     -46.561071,
     -23.54913801
    ]
   },
   "properties": {
    "id": "sp_geosampa_saude_ubs:equipamento_saude_ubs_posto_centro.120973",
    "source_id": "sp_geosampa_saude_ubs",
    "name": null,
    "category": "health_ubs",
    "subcategory": null,
    "geometry_type": "Point",
    "address": null
   }
  },
  {
   "type": "Feature",
   "geometry": {
    "type": "Point",
    "coordinates": [
     -46.696421,
     -23.45876201
    ]
   },
   "properties": {
    "id": "sp_geosampa_saude_ubs:equipamento_saude_ubs_posto_centro.120974",
    "source_id": "sp_geosampa_saude_ubs",
    "name": null,
    "category": "health_ubs",
    "subcategory": null,
    "geometry_type": "Point",
    "address": null
   }
  },
  {
   "type": "Feature",
   "geometry": {
    "type": "Point",
    "coordinates": [
     -46.711275,
     -23.47693702
    ]
   },
   "properties": {
    "id": "sp_geosampa_saude_ubs:equipamento_saude_ubs_posto_centro.120975",
    "source_id": "sp_geosampa_saude_ubs",
    "name": null,
    "category": "health_ubs",
    "subcategory": null,
    "geometry_type": "Point",
    "address": null
   }
  },
  {
   "type": "Feature",
   "geometry": {
    "type": "Point",
    "coordinates": [
     -46.746016,
     -23.67207101
    ]
   },
   "properties": {
    "id": "sp_geosampa_saude_ubs:equipamento_saude_ubs_posto_centro.120976",
    "source_id": "sp_geosampa_saude_ubs",
    "name": null,
    "category": "health_ubs",
    "subcategory": null,
    "geometry_type": "Point",
    "address": null
   }
  },
  {
   "type": "Feature",
   "geometry": {
    "type": "Point",
    "coordinates": [
     -46.75377713,
     -23.46402919
    ]
   },
   "properties": {
    "id": "sp_geosampa_saude_ubs:equipamento_saude_ubs_posto_centro.120977",
    "source_id": "sp_geosampa_saude_ubs",
    "name": null,
    "category": "health_ubs",
    "subcategory": null,
    "geometry_type": "Point",
    "address": null
   }
  },
  {
   "type": "Feature",
   "geometry": {
    "type": "Point",
    "coordinates": [
     -46.621096,
     -23.86480502
    ]
   },
   "properties": {
    "id": "sp_geosampa_saude_ubs:equipamento_saude_ubs_posto_centro.120978",
    "source_id": "sp_geosampa_saude_ubs",
    "name": null,
    "category": "health_ubs",
    "subcategory": null,
    "geometry_type": "Point",
    "address": null
   }
  },
  {
   "type": "Feature",
   "geometry": {
    "type": "Point",
    "coordinates": [
     -46.651613,
     -23.86766302
    ]
   },
   "properties": {
    "id": "sp_geosampa_saude_ubs:equipamento_saude_ubs_posto_centro.120979",
    "source_id": "sp_geosampa_saude_ubs",
    "name": null,
    "category": "health_ubs",
    "subcategory": null,
    "geometry_type": "Point",
    "address": null
   }
  }
 ]
}
