{"type":"FeatureCollection","features":[{"type":"Feature","geometry":{"type":"Polygon","coordinates":[[[-46.38664485,-23.52157639],[-46.38661364,-23.521781479999998],[-46.38654702,-23.522009910000005],[-46.38650895,-23.52220026],[-46.38649943,-23.522362069999993],[-46.38652798,-23.522638080000004],[-46.38652798,-23.522790369999992],[-46.38645184,-23.522999759999994],[-46.38632811000001,-23.52313300999999],[-46.3861663,-23.523256739999997],[-46.38597595,-23.523332889999992],[-46.38572848,-23.52333289],[-46.38544295,-23.52332337],[-46.38519548000001,-23.523304330000002],[-46.38494802,-23.523323369999996],[-46.38473863,-23.523323370000007],[-46.38449116,-23.52339951],[-46.38418659,-23.523646980000006],[-46.38396768,-23.523780230000003],[-46.38368215,-23.523894439999992],[-46.3838725,-23.52403721],[-46.38404383,-23.524122870000006],[-46.38429129,-23.524256119999993],[-46.3845867,-23.524319110000004],[-46.38460749,-23.524327439999993],[-46.38463825,-23.524338970000002],[-46.38467199,-23.524349670000007],[-46.38470236,-23.524353199999993],[-46.38473851,-23.524352769999993],[-46.38477412,-23.52435076],[-46.38479256,-23.52434954],[-46.38482548,-23.524347769999995],[-46.38484376,-23.52434725],[-46.38487261,-23.524352090000004],[-46.3849003,-23.52435974000001],[-46.38492113,-23.524365530000004],[-46.38495441,-23.52437732],[-46.38498565,-23.524391329999993],[-46.38501159,-23.524398229999996],[-46.38505169,-23.524404629999992],[-46.38508927,-23.524408940000004],[-46.38511923,-23.52441361],[-46.38514737,-23.52442812],[-46.38516207,-23.524437989999996],[-46.38518813,-23.524456189999995],[-46.38521965,-23.52447894],[-46.38524708,-23.524502909999992],[-46.38526186,-23.524515859999998],[-46.38528358,-23.524536449999992],[-46.38530977,-23.524558200000005],[-46.38533842,-23.524580169999997],[-46.38536604,-23.524606340000002],[-46.38538699,-23.52462289],[-46.38541183,-23.524645239999998],[-46.38543654,-23.52466479],[-46.38546392000001,-23.52468978],[-46.38549358,-23.524715899999997],[-46.38552171,-23.524737589999994],[-46.38553794,-23.52475016],[-46.38557006,-23.524774640000004],[-46.38559777,-23.524795960000002],[-46.38562077,-23.52481298],[-46.38564956,-23.524839579999995],[-46.38568118,-23.524868339999998],[-46.38570879,-23.52489343999999],[-46.38574412,-23.524925680000003],[-46.38576939,-23.52495177000001],[-46.38579048,-23.524972740000003],[-46.38581019,-23.52500041],[-46.38582405,-23.525016930000003],[-46.38584812,-23.525048260000002],[-46.38587005,-23.525073439999996],[-46.3858798,-23.525088250000003],[-46.38590088,-23.525108790000008],[-46.38591724,-23.525131989999995],[-46.38593722,-23.525154419999996],[-46.38595126,-23.52516962],[-46.38597363,-23.525192500000003],[-46.38599692,-23.525220860000005],[-46.38601622,-23.52524719],[-46.38603558,-23.52527389],[-46.38606269000001,-23.525303479999998],[-46.38609003,-23.525332519999992],[-46.38611679,-23.525362750000003],[-46.3861422,-23.52539088999999],[-46.38616672,-23.525418649999995],[-46.38618405,-23.525449629999997],[-46.38620149,-23.525479640000004],[-46.38621662,-23.52550366],[-46.38624072000001,-23.52552845],[-46.3862528,-23.525541519999997],[-46.38628148,-23.525569210000008],[-46.38630857,-23.525594800000004],[-46.3863336,-23.52561937],[-46.38635036,-23.525642839999996],[-46.38637108,-23.525670459999997],[-46.38639331,-23.525697199999993],[-46.38640892,-23.525724139999994],[-46.38643656,-23.52575453],[-46.38645873,-23.52578045999999],[-46.38647923,-23.525802409999997],[-46.38648486,-23.525813459999995],[-46.386508340000006,-23.52584328],[-46.38652917,-23.525871109999994],[-46.38654571000001,-23.52589577],[-46.38655647,-23.525914199999995],[-46.38658035,-23.525943199999997],[-46.38660826,-23.52596889],[-46.38663643,-23.52598902],[-46.38666161,-23.526008240000003],[-46.38668864,-23.526022159999997],[-46.38670873,-23.52603287],[-46.3867477,-23.526056079999993],[-46.38677957,-23.52607776],[-46.38681331,-23.526098129999994],[-46.38684851000001,-23.526118329999996],[-46.38688134,-23.526143889999997],[-46.38690373,-23.526167549999993],[-46.38691484,-23.52619715999999],[-46.38691906,-23.52622874],[-46.38692755,-23.52625069],[-46.38695493,-23.52627622],[-46.38698195,-23.526287869999997],[-46.38701019,-23.52629881],[-46.38702722,-23.526295979999997],[-46.38707548,-23.5262923],[-46.3871106,-23.526298349999994],[-46.38714514,-23.526313959999996],[-46.3871815,-23.526332429999993],[-46.3872173,-23.52634425],[-46.38725893,-23.526339469999993],[-46.38729583,-23.52633789],[-46.387333940000005,-23.52634215],[-46.38737107,-23.526350559999997],[-46.38739706,-23.526356759999995],[-46.38744193,-23.526377299999996],[-46.38748726000001,-23.526395989999994],[-46.38751903,-23.526410699999992],[-46.38753807,-23.52642055],[-46.38758325,-23.526443629999996],[-46.38762706,-23.52646427],[-46.38765866,-23.52647796],[-46.38769819,-23.526497269999997],[-46.38774011,-23.526512740000005],[-46.38776851,-23.526521360000004],[-46.38780805,-23.52653166],[-46.38784877,-23.526542599999996],[-46.38788719,-23.526551439999995],[-46.38792027000001,-23.526569060000003],[-46.38795526,-23.52659207],[-46.38798972,-23.526616000000004],[-46.38801819,-23.52663791],[-46.38805583,-23.52666388],[-46.38809139,-23.526686029999993],[-46.38811707,-23.52670001],[-46.38815402,-23.52671901],[-46.38819372,-23.52673633],[-46.38823666,-23.526745959999996],[-46.38826824,-23.526756730000002],[-46.38829733,-23.526763069999998],[-46.38832659,-23.526788919999987],[-46.38834458,-23.52681169],[-46.38835716,-23.52683113],[-46.388374950000006,-23.52685951],[-46.38839034,-23.526888499999995],[-46.38840244,-23.526916209999992],[-46.38841666,-23.526944989999997],[-46.38843629,-23.52696635],[-46.38845196,-23.526983239999996],[-46.38847583,-23.5270103],[-46.38850477,-23.527031449999996],[-46.38852385,-23.52704809999999],[-46.38855577,-23.527079289999993],[-46.38858731,-23.527104309999995],[-46.38859601,-23.527109349999996],[-46.38862276,-23.52712775],[-46.38865227,-23.52714652],[-46.38868371,-23.527164260000006],[-46.388691,-23.52716725],[-46.38871963,-23.527186079999996],[-46.38874637,-23.527202],[-46.38877429,-23.527217909999997],[-46.38881107,-23.527226869999996],[-46.38882463,-23.527231289999992],[-46.38885519,-23.527239200000007],[-46.38888822,-23.52724677],[-46.38891158,-23.527265510000003],[-46.3889384,-23.527283970000003],[-46.38896315,-23.527300330000003],[-46.388973320000005,-23.527307360000002],[-46.38900147,-23.5273223],[-46.3890302,-23.527337449999997],[-46.38906499,-23.527345989999997],[-46.38907967,-23.527353369999997],[-46.38910777,-23.52736956],[-46.3891292,-23.52738955],[-46.38915611,-23.52742573],[-46.38918172,-23.527460180000002],[-46.38919908,-23.527483870000005],[-46.38921827,-23.5275116],[-46.38924154,-23.527545849999996],[-46.38926294,-23.527571509999994],[-46.38927106,-23.52757676999999],[-46.38931024,-23.52759706],[-46.389339410000005,-23.527605080000004],[-46.38936777,-23.527606889999994],[-46.38940218,-23.52760938],[-46.38943576,-23.527611979999996],[-46.38947091,-23.52762158999999],[-46.38950644,-23.527637900000002],[-46.38953437,-23.527656840000002],[-46.38955416,-23.527674899999997],[-46.389584,-23.52770118],[-46.38960964,-23.52771887999999],[-46.38963441,-23.52773793999999],[-46.38966559,-23.52776081],[-46.3896915,-23.527775010000003],[-46.3897179,-23.52779212],[-46.38973337,-23.52780387],[-46.38976632,-23.52782997],[-46.38979065,-23.527854010000002],[-46.38981872,-23.52788876999999],[-46.38984113000001,-23.52792621],[-46.38985694,-23.52795644],[-46.38986358,-23.52797208],[-46.38988187,-23.528005639999993],[-46.38989856,-23.528037219999995],[-46.38990325,-23.528048709999993],[-46.38992816,-23.528083050000003],[-46.38995495,-23.528118040000003],[-46.38997177,-23.528139840000005],[-46.390003060000005,-23.528173890000005],[-46.39002216000001,-23.528195519999993],[-46.39003663,-23.528206139999998],[-46.39006142,-23.528229960000004],[-46.39008528,-23.52825443],[-46.39009809,-23.52827126999999],[-46.39012452,-23.528304749999997],[-46.39014654,-23.528325819999996],[-46.39015534,-23.528338689999995],[-46.39017957,-23.528365210000008],[-46.39021555,-23.52837774],[-46.39023477,-23.528378950000004],[-46.39027139,-23.52839044],[-46.39029856,-23.52840793],[-46.39032539,-23.528430170000007],[-46.39033342,-23.528440610000004],[-46.39034441,-23.528468699999998],[-46.39031089,-23.528478849999992],[-46.39028433,-23.528497499999997],[-46.39028615,-23.52851916],[-46.39028861,-23.52855107],[-46.39029966,-23.528580079999998],[-46.39029617,-23.528584630000008],[-46.39030678,-23.5286184],[-46.3903244,-23.52864802999999],[-46.39033137,-23.528657289999998],[-46.3903517,-23.52868004],[-46.39036685,-23.528696229999994],[-46.3903894,-23.52872864],[-46.390393270000004,-23.5287384],[-46.3904074,-23.528773019999996],[-46.39042399,-23.528796549999996],[-46.39044175,-23.528819640000002],[-46.39045566,-23.528835780000005],[-46.39047402,-23.52886060000001],[-46.39048671,-23.52888928],[-46.39050149,-23.528914810000003],[-46.39051701,-23.528934559999993],[-46.3905444,-23.52897202999999],[-46.39055988,-23.528995729999995],[-46.39056505,-23.529009799999994],[-46.39057401,-23.52904119999999],[-46.39058232,-23.52907136],[-46.39059087,-23.529092279999997],[-46.39060325,-23.52911874999999],[-46.39062497,-23.529146620000006],[-46.39063715,-23.529167199999996],[-46.39065561,-23.529190399999997],[-46.39067514,-23.529214779999997],[-46.39069515,-23.529242939999996],[-46.39070237,-23.52925717],[-46.39072068,-23.52928323],[-46.39074333,-23.529310989999992],[-46.39075944,-23.52933312],[-46.39078135,-23.529364939999997],[-46.39080301,-23.52939504],[-46.39080986,-23.529403649999995],[-46.39083471000001,-23.529426549999997],[-46.39085874,-23.529449989999993],[-46.390886,-23.529474329999996],[-46.39090942,-23.529494750000005],[-46.39093821,-23.52952069999999],[-46.39095855,-23.52954313],[-46.39098452,-23.52956716],[-46.39101085,-23.52958303],[-46.39103687,-23.529595169999993],[-46.39106960000001,-23.52961214],[-46.39110178,-23.52962722],[-46.39113356,-23.52964204],[-46.3911646,-23.529660800000002],[-46.39119563,-23.52967924],[-46.39121941,-23.52969836],[-46.39123066,-23.52970959],[-46.39125477,-23.529737839999996],[-46.39127342,-23.52976281999999],[-46.39128581,-23.529778429999997],[-46.39130692,-23.529803719999993],[-46.39133086,-23.529831150000007],[-46.39135715,-23.52986096],[-46.39139658,-23.529903500000003],[-46.39141767,-23.52992458],[-46.39143712,-23.529946639999995],[-46.39144715,-23.529958909999998],[-46.39146831,-23.52998371],[-46.39148796,-23.53000786999999],[-46.39151384,-23.53003752],[-46.39153689,-23.53006339],[-46.39156545,-23.530091400000003],[-46.39159042,-23.530115590000005],[-46.39160751,-23.530131940000004],[-46.39163457,-23.53015331],[-46.39166151,-23.53017263],[-46.39168813,-23.530187580000003],[-46.39171169,-23.53019995],[-46.39174631,-23.53021983],[-46.39177751,-23.53023723999999],[-46.3918107,-23.53025172],[-46.39185188,-23.53027254],[-46.39188955,-23.53029295],[-46.39192437,-23.53030795999999],[-46.3919608,-23.530327889999988],[-46.39199383,-23.530346750000003],[-46.39200596,-23.530347279999997],[-46.39204155,-23.53036311],[-46.3920702,-23.530383449999995],[-46.39209538,-23.530403750000005],[-46.39212033,-23.530422539999996],[-46.3921298,-23.53043044],[-46.39215969,-23.530452880000006],[-46.3921694,-23.530461740000003],[-46.39218879,-23.53048256],[-46.39220445,-23.53049556],[-46.39220681,-23.530496979999995],[-46.39220919,-23.53049772],[-46.39221114,-23.530498119999997],[-46.39223069,-23.530504669999992],[-46.39226315,-23.53051624],[-46.39229593,-23.530521980000003],[-46.39231096,-23.53052688],[-46.39234037,-23.530537170000002],[-46.392383,-23.530544369999998],[-46.39241399,-23.530543300000005],[-46.39242944,-23.530541180000004],[-46.39246851,-23.530529219999995],[-46.39251053,-23.530520159999995],[-46.39255001,-23.530507829999994],[-46.3925909,-23.530495699999992],[-46.3926355,-23.53048652],[-46.39266122,-23.530477329999997],[-46.39270994,-23.53045996999999],[-46.39275793,-23.530440459999998],[-46.39279449,-23.53041965999999],[-46.39284105,-23.53039465],[-46.39286715,-23.530376860000004],[-46.39289747,-23.530351439999993],[-46.39293837,-23.53032018],[-46.39297427,-23.5302949],[-46.39299419,-23.53028416],[-46.39304186,-23.530258880000005],[-46.39306992,-23.53024728999999],[-46.39310681,-23.53023205],[-46.39315938,-23.53021338],[-46.39318757,-23.530204719999993],[-46.39322482,-23.53019185],[-46.39325817,-23.530172619999995],[-46.39330949,-23.530150670000005],[-46.39335797,-23.530133420000006],[-46.39338913,-23.530120800000002],[-46.39343788,-23.530101229999996],[-46.39348215,-23.53008487],[-46.39350761,-23.530081679999995],[-46.39354595,-23.530064430000003],[-46.39359157,-23.53002672],[-46.3936299,-23.529997320000003],[-46.39365446,-23.52997856999999],[-46.39369562,-23.52995099],[-46.39373732,-23.529927670000003],[-46.39378187,-23.529899540000002],[-46.39382776,-23.529869179999995],[-46.39385869,-23.529847749999988],[-46.39387258,-23.52983764],[-46.39391097,-23.52980818],[-46.39394528,-23.529782520000005],[-46.39398202,-23.529751239999996],[-46.39402146,-23.529719609999997],[-46.3940503,-23.529700999999992],[-46.39406613,-23.52969353],[-46.39410896,-23.529670589999995],[-46.39413756,-23.52965219],[-46.39416062,-23.529636689999993],[-46.39419465,-23.529623349999994],[-46.39423806,-23.529611799999998],[-46.39427675,-23.529606269999995],[-46.39431742,-23.52960684],[-46.39435385,-23.5296058],[-46.39436928,-23.529608600000003],[-46.39440946,-23.529616999999995],[-46.3944495,-23.52962194],[-46.39446868,-23.529626549999996],[-46.39450834,-23.529635979999995],[-46.39454065,-23.529641820000002],[-46.39456763,-23.529646780000004],[-46.39459936,-23.529652949999996],[-46.39464024,-23.529660159999995],[-46.39467472,-23.529665180000002],[-46.39471565,-23.529672439999995],[-46.39474785,-23.529679149999996],[-46.39477858,-23.529684840000005],[-46.39481323,-23.529688079999996],[-46.39485058,-23.529694550000006],[-46.39486549,-23.52969924],[-46.39490029000001,-23.529709279999995],[-46.39493518,-23.529715439999997],[-46.39496421,-23.529720429999998],[-46.39499647,-23.529726869999994],[-46.39503135,-23.52973021999999],[-46.39506298,-23.529729209999992],[-46.3950867,-23.52972764],[-46.39510638,-23.529726679999992],[-46.39513058,-23.529737869999998],[-46.39515129,-23.52974144],[-46.39517534,-23.52975752999999],[-46.3951861,-23.529784010000004],[-46.39519416,-23.52981301000001],[-46.39520488,-23.529842049999996],[-46.39521826,-23.529873300000002],[-46.39522528,-23.529906219999997],[-46.3952352,-23.529931830000002],[-46.39524578,-23.5299575],[-46.39526004,-23.52998695999999],[-46.39527046,-23.53001605],[-46.39527764000001,-23.530045979999997],[-46.39528616,-23.530072799999996],[-46.39529677,-23.530104659999996],[-46.39530641,-23.5301312],[-46.39531429,-23.530159929999996],[-46.39532037,-23.530193279999995],[-46.3953223,-23.53022204],[-46.39532305,-23.530231879999995],[-46.39532916,-23.530261629999995],[-46.39533511,-23.530289390000004],[-46.39533957,-23.530304329999993],[-46.39533629,-23.530335750000003],[-46.395335290000006,-23.530343420000005],[-46.39533561,-23.530371889999998],[-46.39534092000001,-23.530398619999996],[-46.39535142,-23.530428780000005],[-46.3953688,-23.530464600000002],[-46.3953836,-23.530491280000003],[-46.39539766,-23.530516490000004],[-46.3954178,-23.530549799999992],[-46.39542729,-23.530566929999996],[-46.39544353,-23.530597349999997],[-46.39546133,-23.53062301],[-46.39547827,-23.530654190000007],[-46.39549922,-23.530689660000004],[-46.39550954,-23.530705610000002],[-46.39552609,-23.5307337],[-46.3955394,-23.530763769999997],[-46.39556315000001,-23.530801639999993],[-46.39557814,-23.530827830000003],[-46.39558982,-23.530856160000006],[-46.3956054,-23.530880729999996],[-46.39561201,-23.530958200000004],[-46.39560391,-23.530990599999992],[-46.39559882,-23.531003340000005],[-46.39559195,-23.53103453],[-46.39557752,-23.53107323],[-46.39556124,-23.53111126999999],[-46.39555119,-23.531140660000005],[-46.3955395,-23.531171329999996],[-46.39552453,-23.531205309999997],[-46.39551648,-23.531231499999993],[-46.39550449,-23.53126285999999],[-46.3954912,-23.53129669],[-46.39547483,-23.531331410000007],[-46.39546869,-23.531343489999998],[-46.3954563,-23.531373940000005],[-46.39544284,-23.53139961],[-46.39543732,-23.53140698],[-46.39542277,-23.53143843999999],[-46.395405600000004,-23.531470469999988],[-46.39538763,-23.531493],[-46.39535943,-23.531520880000002],[-46.39533704,-23.53154231],[-46.39528388,-23.531577229999996],[-46.39526948,-23.53158905],[-46.39523453,-23.53160911],[-46.39519988,-23.53162804],[-46.39518614,-23.531637669999995],[-46.39514853,-23.531655679999997],[-46.39511485,-23.531668610000004],[-46.39510316,-23.531675399999997],[-46.39506204,-23.531688179999996],[-46.3950244,-23.531695459999998],[-46.39501141,-23.531696719999996],[-46.39498178,-23.53170553999999],[-46.39491046,-23.531717219999997],[-46.39487947,-23.531721530000002],[-46.39483166,-23.531726649999996],[-46.39478705,-23.531738979999997],[-46.39475962,-23.53174921],[-46.3947175,-23.53177068],[-46.39468296,-23.531791009999996],[-46.39464373,-23.531823489999997],[-46.39461579,-23.53184719],[-46.39459827,-23.531872510000003],[-46.39457252,-23.53190787000001],[-46.39456255,-23.53192557],[-46.39453885,-23.53195926999999],[-46.39451604,-23.53199792],[-46.39448411,-23.532051159999998],[-46.39447419,-23.532069870000004],[-46.39444797,-23.53210684],[-46.39442149,-23.53213838],[-46.39440558,-23.532172239999994],[-46.39439413,-23.53220216],[-46.39439159,-23.532239219999997],[-46.39439317,-23.532276680000003],[-46.39439239,-23.532312249999997],[-46.39439771,-23.532356549999996],[-46.39439979,-23.532374270000005],[-46.39440576,-23.53240859],[-46.39441029,-23.532449659999997],[-46.3944104,-23.532481959999995],[-46.39440603,-23.532522390000004],[-46.39439718,-23.53256166],[-46.39438894,-23.532597929999994],[-46.39437872,-23.532627060000003],[-46.39437163,-23.532657380000003],[-46.39435984,-23.532693469999998],[-46.3943561,-23.532711579999997],[-46.394342910000006,-23.532755330000008],[-46.39433249,-23.532780589999998],[-46.39432635,-23.53280781],[-46.39431264,-23.53285204],[-46.39430097,-23.53288014],[-46.39428806000001,-23.53291042],[-46.39427157,-23.53294375],[-46.39426396000001,-23.53297368999999],[-46.39425139,-23.53302061000001],[-46.39424192,-23.53306675],[-46.39423359,-23.533098939999995],[-46.39422489,-23.533134460000003],[-46.394218730000006,-23.53317235],[-46.39421136,-23.533201549999998],[-46.3942008,-23.53323738],[-46.3941906,-23.533270739999992],[-46.39417905,-23.533297330000007],[-46.39417273000001,-23.533326],[-46.39415956,-23.533367710000004],[-46.39415351,-23.533383769999997],[-46.39414488,-23.533417089999997],[-46.39413018,-23.533453909999995],[-46.39412375,-23.53346594],[-46.39410988,-23.533492090000003],[-46.39408689,-23.533523439999996],[-46.3940693,-23.53354978],[-46.39404527,-23.53358026],[-46.39402528,-23.533607609999994],[-46.39400422,-23.5336387],[-46.39398595,-23.53366225],[-46.39396971,-23.53369331999999],[-46.39394659,-23.53372799],[-46.39392925,-23.53375815],[-46.39391508,-23.533794169999997],[-46.393917,-23.533817140000004],[-46.39391177,-23.533863789999995],[-46.39391264,-23.53389593],[-46.39391443,-23.533928940000003],[-46.39391784,-23.533956969999995],[-46.39392042,-23.53397786],[-46.39391944,-23.53398461],[-46.39392206,-23.53401536999999],[-46.39391969,-23.53403682],[-46.39391509,-23.534076170000006],[-46.39391085,-23.53409964],[-46.393906490000006,-23.53413857],[-46.3939003,-23.534173189999997],[-46.39389592,-23.534214260000002],[-46.39389225,-23.534230169999994],[-46.39388567,-23.534262490000003],[-46.39387473,-23.53429343000001],[-46.39386444,-23.53433145999999],[-46.393858,-23.53436822],[-46.39385372,-23.534388429999996],[-46.39384885,-23.534418329999994],[-46.39385025,-23.534464050000004],[-46.39385174,-23.534499050000008],[-46.39385593,-23.53453905],[-46.39386117,-23.534585859999996],[-46.39386322,-23.534599340000007],[-46.3938703,-23.534633409999998],[-46.39387247,-23.534639640000005],[-46.39387994,-23.534668769999996],[-46.39388838,-23.534699999999994],[-46.39389507,-23.534723540000005],[-46.39390395,-23.53475895],[-46.3939145,-23.53480360999999],[-46.39392816,-23.53483775999999],[-46.39393331,-23.534849710000003],[-46.39394274,-23.534881099999993],[-46.39395912,-23.534924289999996],[-46.39396965,-23.534964060000004],[-46.39398532,-23.53500161],[-46.39399421,-23.535035409999995],[-46.39400188,-23.5350765],[-46.39400099,-23.535110140000004],[-46.39398903,-23.535137860000003],[-46.39398298,-23.53514538],[-46.39396905,-23.535172020000008],[-46.39395274,-23.535198360000003],[-46.39394644,-23.53520707],[-46.39393512,-23.535234950000003],[-46.3939241,-23.535269699999997],[-46.39391556,-23.535298779999998],[-46.39390767,-23.535334739999993],[-46.39390341,-23.535352900000003],[-46.39389445,-23.53539163],[-46.3938891,-23.535431029999994],[-46.39388472,-23.53546379],[-46.39388259,-23.535476390000003],[-46.39388193,-23.53550353],[-46.39388153,-23.535534269999992],[-46.39387603,-23.535569330000005],[-46.39387375,-23.535601879999994],[-46.39386825,-23.53563811],[-46.39386536,-23.53567517],[-46.39386299,-23.535712389999997],[-46.39386118,-23.535729069999995],[-46.393856,-23.53576766999999],[-46.39385542,-23.53579996],[-46.39385427,-23.53584512999999],[-46.39385035,-23.535879609999995],[-46.39384826,-23.535918169999995],[-46.39384356,-23.53595559],[-46.39383731,-23.535982699999998],[-46.39383017,-23.536019999999997],[-46.39382836,-23.53605202],[-46.39382706,-23.536086559999998],[-46.39382225,-23.536122799999998],[-46.39381552,-23.536167290000005],[-46.39381265,-23.53618557],[-46.39380839,-23.53621908],[-46.393803010000006,-23.536261269999997],[-46.39379993,-23.53627686],[-46.39379661,-23.536309299999992],[-46.39379229,-23.536349249999997],[-46.3937872,-23.536377219999995],[-46.39378337,-23.536415449999993],[-46.39377752,-23.53645061],[-46.39377708,-23.5364864],[-46.39377551,-23.5365181],[-46.39377461,-23.536545889999992],[-46.39377171,-23.536576130000007],[-46.3937702,-23.536590389999997],[-46.39376964,-23.536627779999993],[-46.39376716,-23.536672029999988],[-46.39376609,-23.53670658],[-46.3937669,-23.53674634],[-46.39376887000001,-23.536778869999996],[-46.39376857,-23.53679598],[-46.39376889,-23.536800600000003],[-46.39377528000001,-23.536824939999992],[-46.39378008,-23.53685287],[-46.39378092,-23.53688078],[-46.39377773,-23.5369115],[-46.39377617,-23.53694893999999],[-46.39377419,-23.536988469999997],[-46.39377547,-23.537020889999994],[-46.39377567,-23.537033180000005],[-46.39377434,-23.537062950000003],[-46.3937739,-23.537099159999997],[-46.39377386,-23.537112729999997],[-46.39377108,-23.537142649999996],[-46.39376661,-23.537180829999993],[-46.39376388,-23.537195889999992],[-46.39375877,-23.537225470000003],[-46.39375096,-23.53726593],[-46.39374069,-23.537301279999998],[-46.39373473,-23.537328549999998],[-46.3937187,-23.5373637],[-46.39369956,-23.537402210000003],[-46.39368759,-23.53743057000001],[-46.39367232,-23.537465459999996],[-46.39365858,-23.537498310000004],[-46.39363707,-23.537549529999996],[-46.3936221,-23.53758339],[-46.3936036,-23.537621420000008],[-46.39359633,-23.537636670000005],[-46.39358675,-23.537665639999997],[-46.39357746,-23.53770146999999],[-46.39357083,-23.537725630000004],[-46.39356368,-23.53775568],[-46.39355648000001,-23.53778472],[-46.39355212,-23.53781565],[-46.39354109,-23.537858609999994],[-46.39353011,-23.53788832],[-46.39351496,-23.537922349999995],[-46.39350003,-23.537950309999996],[-46.39348298,-23.537989050000004],[-46.39346969000001,-23.538016279999997],[-46.39345894,-23.53804534],[-46.39344301,-23.538082429999996],[-46.39343715,-23.538095639999998],[-46.39343002,-23.538123229999997],[-46.39341607,-23.538160639999997],[-46.39341074,-23.538173269999998],[-46.39340354,-23.53820317],[-46.39339337,-23.53823969],[-46.39338826,-23.538253720000004],[-46.39337922,-23.538288270000002],[-46.39336685,-23.538324249999995],[-46.39335916,-23.538349469999993],[-46.39334672,-23.538386140000004],[-46.39333692,-23.538413609999996],[-46.39332538,-23.538447659999996],[-46.39331516000001,-23.538475059999996],[-46.39329941,-23.538503670000004],[-46.3932924,-23.538514839999998],[-46.39327736,-23.53854313],[-46.39325882,-23.538578960000002],[-46.39324028,-23.53860701],[-46.39322196,-23.53863689],[-46.39321316,-23.53864562999999],[-46.39319438,-23.53867561],[-46.39316973,-23.53870379],[-46.39314887,-23.538729890000003],[-46.39312407,-23.53875457999999],[-46.39311013,-23.538758510000005],[-46.39306991,-23.538768019999992],[-46.39303307000001,-23.53877584],[-46.39299536,-23.53879148],[-46.39297045,-23.538814449999997],[-46.39293351,-23.538843990000004],[-46.3929227,-23.538857979999992],[-46.39290559,-23.538881749999998],[-46.39289843,-23.53888922],[-46.39288409,-23.53891654000001],[-46.3928678,-23.538939249999995],[-46.39286322,-23.538945120000008],[-46.39284649,-23.53897204999999],[-46.39282136,-23.539010259999998],[-46.39281046,-23.539035299999995],[-46.39279123,-23.539062379999997],[-46.39267308,-23.539220520000004],[-46.3925779,-23.539345440000005],[-46.39247083,-23.539470359999992],[-46.39237565,-23.539565539999998],[-46.39232211,-23.539732099999995],[-46.39226262,-23.53991056],[-46.39223883,-23.540065220000002],[-46.39216786,-23.540198219999994],[-46.39215888,-23.54020851],[-46.39214365,-23.540230040000004],[-46.39212902,-23.54025645],[-46.39211232,-23.540280169999996],[-46.39210335,-23.540296420000004],[-46.39208011,-23.540322249999996],[-46.39205786,-23.540348559999998],[-46.3920482,-23.540364590000006],[-46.39202599,-23.540385110000003],[-46.39199698,-23.54041937],[-46.39198801,-23.540429459999995],[-46.39196882,-23.54045085],[-46.39194013,-23.540481299999993],[-46.39192228,-23.54050287],[-46.39188448,-23.54053809],[-46.39187572000001,-23.54054276],[-46.39184533,-23.540567519999996],[-46.39181955,-23.54058329],[-46.39178608,-23.540606690000008],[-46.39174243,-23.54063817],[-46.39172558,-23.540650730000003],[-46.39169362,-23.54067478],[-46.39165748,-23.540706580000002],[-46.39163331,-23.54072516],[-46.39160781,-23.54074259],[-46.39157279,-23.54076355999999],[-46.39155281,-23.540773200000004],[-46.39151719,-23.540789830000005],[-46.39148403,-23.54080314],[-46.39144844,-23.54081589999999],[-46.39141512,-23.540827219999994],[-46.39140362,-23.540831919999995],[-46.39137318,-23.540840750000008],[-46.39134102,-23.54085261],[-46.39132947,-23.54085683],[-46.39130038,-23.54087081],[-46.39126391,-23.54088384],[-46.39123841,-23.540893169999997],[-46.39121003,-23.540905760000005],[-46.39120588,-23.54090858],[-46.39117704,-23.540919879999997],[-46.39115012,-23.540940739999996],[-46.39111976,-23.540960990000006],[-46.39109688,-23.540978499999994],[-46.39106475,-23.541002390000003],[-46.39104322,-23.541017599999993],[-46.39101962,-23.541037570000004],[-46.39098762,-23.54105985],[-46.39096507,-23.541085990000003],[-46.39093788,-23.54111201],[-46.39090743,-23.541137459999995],[-46.39088058,-23.541163369999996],[-46.39085424,-23.541191149999996],[-46.39083074,-23.54121391],[-46.39079972,-23.541245],[-46.39079004,-23.54125551],[-46.39077408,-23.541280459999992],[-46.39074638,-23.541311509999996],[-46.39073472,-23.541329899999994],[-46.39070882,-23.541361440000006],[-46.39068348,-23.54138843],[-46.39066143,-23.541419250000004],[-46.39063539000001,-23.541453260000004],[-46.39062592,-23.54146677999999],[-46.39061044,-23.541491090000005],[-46.3905791,-23.541525979999996],[-46.39055705,-23.54154902000001],[-46.39053824,-23.54157348],[-46.39050806,-23.541602099999988],[-46.39049909,-23.54161025],[-46.39047949,-23.541632879999998],[-46.39045323,-23.54165695999999],[-46.39044103,-23.54167083],[-46.39042137,-23.541692010000002],[-46.390395,-23.541716740000002],[-46.39036859,-23.541738299999995],[-46.390333600000005,-23.54176426],[-46.39030841,-23.541777889999995],[-46.39028315,-23.541794260000003],[-46.39025037,-23.541811699999993],[-46.39024054,-23.541818509999995],[-46.39021159,-23.54183002],[-46.39020319,-23.54183222],[-46.390175670000005,-23.541847129999997],[-46.39014568,-23.54185798999999],[-46.39012102000001,-23.541870929999995],[-46.39008921,-23.54189036],[-46.39007289,-23.54190255],[-46.39006944,-23.54190471999999],[-46.3900468,-23.54192754000001],[-46.39002447,-23.54194849],[-46.39000885,-23.54197495],[-46.38998621000001,-23.541999489999995],[-46.38997084,-23.54202305],[-46.389927,-23.542064840000005],[-46.38990257,-23.542093869999995],[-46.38987384,-23.542130439999998],[-46.38983892000001,-23.542162409999992],[-46.38982273,-23.54217948],[-46.38980557,-23.542202339999996],[-46.38977106,-23.542240529999997],[-46.38975077,-23.542261869999997],[-46.38973347,-23.542286649999998],[-46.3897004,-23.54231992],[-46.38968064,-23.54233981],[-46.38966556,-23.54236397],[-46.38963533,-23.542398700000007],[-46.38962109,-23.542420930000006],[-46.38959727,-23.542453239999997],[-46.3895738,-23.54247906],[-46.38956151,-23.542497180000005],[-46.38954944,-23.54252285],[-46.3895314,-23.542546830000003],[-46.38952698,-23.542554260000003],[-46.38950998,-23.5425776],[-46.38949266,-23.542606780000003],[-46.38933351,-23.542833729999995],[-46.3891717,-23.543014569999997],[-46.38903845,-23.543190649999996],[-46.38893852,-23.543376239999997],[-46.38882597,-23.54356543],[-46.388688,-23.54381636],[-46.38862459,-23.54394835],[-46.38855565,-23.544046930000004],[-46.38848671,-23.544145509999993],[-46.38843581,-23.544234379999995],[-46.38842413,-23.544356349999997],[-46.38843635,-23.544533060000003],[-46.38840198,-23.544714960000004],[-46.38838793,-23.544858450000007],[-46.388317480000005,-23.545059799999994],[-46.38819026,-23.545285539999995],[-46.38809424,-23.545520569999997],[-46.3880345,-23.54575527],[-46.38800008,-23.545932389999994],[-46.38799695,-23.54612836],[-46.38796217,-23.546272030000004],[-46.38793961,-23.546369489999996],[-46.3879151,-23.546503509999997],[-46.38792627,-23.54657988],[-46.38790136,-23.546675680000003],[-46.38791278,-23.546775929999995],[-46.38793451,-23.546871319999997],[-46.38797678,-23.546947399999993],[-46.38805348000001,-23.547069300000004],[-46.3880954,-23.547111930000003],[-46.38823615,-23.54718714],[-46.38833518,-23.54723882],[-46.388452310000005,-23.54731114],[-46.38865053,-23.547428839999995],[-46.38886419,-23.54753685],[-46.38904162,-23.54764996],[-46.38919279,-23.547729849999996],[-46.38940445,-23.54786964999999],[-46.38956884,-23.54799889],[-46.38980359,-23.54814015],[-46.389988790000004,-23.548227630000007],[-46.39023964,-23.54842132],[-46.390385630000004,-23.548501259999995],[-46.39057318,-23.548590379999997],[-46.39068766,-23.548632370000004],[-46.39080239,-23.54869823999999],[-46.39094858,-23.548797289999996],[-46.39105195,-23.548867100000002],[-46.39117113,-23.54893652],[-46.39129214,-23.549008079999997],[-46.39142968,-23.54907375],[-46.39155474,-23.54913571000001],[-46.39166553,-23.549220739999996],[-46.39177395,-23.54927712],[-46.39186358,-23.549322189999998],[-46.39194688,-23.54935585999999],[-46.39208062,-23.54939922000001],[-46.39219465,-23.54939819999999],[-46.39229054,-23.54939734],[-46.39245879,-23.549376719999994],[-46.39256721,-23.549335129999996],[-46.39267614,-23.54934131999999],[-46.39288087,-23.549339489999994],[-46.39305975,-23.549342670000005],[-46.39321527,-23.54934366],[-46.39340961,-23.549339529999994],[-46.39360899,-23.54932102],[-46.39378743,-23.549283579999997],[-46.39395038,-23.54925106],[-46.39405895,-23.549223799999993],[-46.3942197,-23.549229530000005],[-46.39439359,-23.549251859999995],[-46.39448433,-23.549253439999998],[-46.394621380000004,-23.54922354],[-46.3947608,-23.549172110000004],[-46.39488987,-23.549123159999994],[-46.39501374,-23.54907186999999],[-46.39509837,-23.548986879999998],[-46.39511798,-23.550868879999992],[-46.39511624,-23.55089577],[-46.39510795,-23.550908739999997],[-46.39509988,-23.550921380000002],[-46.39507787,-23.550948499999997],[-46.39505005,-23.550978480000005],[-46.3950186,-23.551005919999998],[-46.39500144,-23.551021739999996],[-46.39497339,-23.5510585],[-46.39494872,-23.551086679999994],[-46.39492957,-23.551112589999995],[-46.39489644,-23.551145799999997],[-46.39487924,-23.551166539999997],[-46.39483414,-23.551220400000005],[-46.39482043,-23.551232989999992],[-46.39479494,-23.55126105],[-46.394765,-23.551287749999997],[-46.3947399,-23.551309839999995],[-46.394705380000005,-23.551336560000003],[-46.39467619,-23.551363859999995],[-46.39464993000001,-23.551378290000006],[-46.39462141,-23.551393400000006],[-46.3945965,-23.551406080000003],[-46.39456453,-23.551425179999995],[-46.39451958,-23.551450129999996],[-46.39448488,-23.551469370000003],[-46.39445794,-23.551490159999997],[-46.39443249,-23.55150534],[-46.39440989,-23.551518459999997],[-46.39438088000001,-23.5515372],[-46.39435515,-23.551551480000004],[-46.39432651,-23.55156627],[-46.39427205,-23.551592659999994],[-46.39424605,-23.551605760000005],[-46.39423748,-23.551610089999993],[-46.39422188,-23.551618329999997],[-46.39422066,-23.55161859],[-46.39421199,-23.55162286],[-46.39420966,-23.55162337999999],[-46.39418657,-23.55163356],[-46.39416067,-23.55164724],[-46.394141160000004,-23.551658829999997],[-46.39409994,-23.551681029999994],[-46.39408371,-23.551688779999996],[-46.3940543,-23.551705759999994],[-46.39401524,-23.5517261],[-46.39397874,-23.551745599999993],[-46.39393219,-23.55176862],[-46.39389797,-23.55178626],[-46.39386989,-23.55180394],[-46.39377036,-23.55186335],[-46.39374684,-23.551883679999992],[-46.39372252,-23.551902830000003],[-46.393674610000005,-23.551936100000002],[-46.39364291,-23.551958570000007],[-46.39361766,-23.55197696],[-46.39357512,-23.552005669999996],[-46.39355672,-23.552016249999998],[-46.39352355,-23.552040470000005],[-46.39349203,-23.55206214],[-46.39347839,-23.55207039],[-46.39345213,-23.552086429999992],[-46.39342473,-23.5520985],[-46.39339241,-23.552117810000002],[-46.39331563,-23.55214262],[-46.39328062,-23.552156949999997],[-46.39325201,-23.552175419999994],[-46.39321212,-23.55220704],[-46.39319672,-23.552219339999997],[-46.3931744,-23.55225004],[-46.39315378,-23.55228675],[-46.393146370000004,-23.55230092],[-46.39314485,-23.552334150000004],[-46.39314119,-23.55237401],[-46.39314365,-23.55239459999999],[-46.39315185,-23.552437999999995],[-46.39315422000001,-23.55245485],[-46.39316165,-23.552485149999992],[-46.39316695,-23.55250572],[-46.39316847,-23.552511649999996],[-46.39317742,-23.552548950000002],[-46.39318499,-23.552575729999997],[-46.39320013,-23.55262215999999],[-46.39320413,-23.552644739999995],[-46.39322027,-23.55268209],[-46.3932303,-23.552713319999995],[-46.39324121,-23.55274405999999],[-46.39325248000001,-23.55277278],[-46.39325761,-23.552791999999997],[-46.39326293,-23.552825919999993],[-46.39326835000001,-23.552860699999997],[-46.39326857,-23.55287111999999],[-46.39327136000001,-23.55290171],[-46.39327468,-23.552938399999995],[-46.39328213,-23.55297366999999],[-46.39330364,-23.553005389999996],[-46.39331767,-23.55302925999999],[-46.39332899,-23.553067600000002],[-46.39333081,-23.553080389999998],[-46.3933307,-23.553110319999988],[-46.39332442,-23.55314406],[-46.39331113,-23.553177059999992],[-46.39329152,-23.55321083],[-46.39327519,-23.553238840000002],[-46.393238000000004,-23.553265229999994],[-46.39321007,-23.55328724],[-46.3931845,-23.55331814],[-46.39316573,-23.553347529999996],[-46.39315067,-23.553376839999995],[-46.39312392,-23.553410930000002],[-46.39310855,-23.553434250000002],[-46.39306961,-23.553479119999995],[-46.39305735,-23.553490269999994],[-46.39303354,-23.55351054],[-46.39299799,-23.553534589999998],[-46.39297503,-23.553551129999995],[-46.39295445,-23.553573450000002],[-46.39295158,-23.553608659999995],[-46.39295425,-23.553624919999997],[-46.39296064,-23.55365361],[-46.3929679,-23.553691919999995],[-46.3929707,-23.553729089999997],[-46.392964,-23.55377234],[-46.39295625,-23.55380148],[-46.39293151,-23.553830350000002],[-46.39290222,-23.55384669],[-46.39287243,-23.553860609999997],[-46.39283249,-23.553883029999994],[-46.39281469,-23.553890619999997],[-46.39278243,-23.553910090000002],[-46.3927423,-23.553941920000003],[-46.39272342,-23.553961949999994],[-46.392688070000005,-23.55399899],[-46.39266038,-23.55403383],[-46.39263661,-23.55407265],[-46.39261416,-23.554106020000003],[-46.39259298,-23.55413175999999],[-46.39255447,-23.554165089999994],[-46.39251971,-23.554191709999994],[-46.39249522,-23.554209839999995],[-46.39246353,-23.554237600000004],[-46.39244743,-23.55425829],[-46.39244809,-23.5542793],[-46.39244875,-23.554300309999995],[-46.39245909,-23.55433763],[-46.39247308000001,-23.55437374],[-46.39249908,-23.554410620000006],[-46.39251957,-23.55443902],[-46.39253586,-23.55447102999999],[-46.39255224000001,-23.55449754],[-46.39255638,-23.55451055],[-46.39257793,-23.554553180000003],[-46.392595,-23.5545885],[-46.3926045,-23.554621059999995],[-46.39260939,-23.554650170000002],[-46.3926107,-23.554668939999996],[-46.39261136,-23.554697749999995],[-46.39261641,-23.5547368],[-46.39262025,-23.55477333],[-46.39262465,-23.55481456],[-46.3926289,-23.554842969999996],[-46.39263568,-23.554906990000003],[-46.39263804000001,-23.554932020000003],[-46.39263842,-23.55496757],[-46.39263889,-23.555013219999996],[-46.39263727,-23.555053029999996],[-46.39263666,-23.555080870000005],[-46.39263633,-23.555132979999996],[-46.39263551,-23.555149659999998],[-46.3926343,-23.555180700000005],[-46.39263002,-23.555233319999992],[-46.39262563,-23.555279160000005],[-46.39262348,-23.5552948],[-46.39262435,-23.55532575999999],[-46.3926349,-23.55535885],[-46.39264034,-23.555367489999995],[-46.39265201,-23.555397440000004],[-46.39267116,-23.55542685],[-46.39268132,-23.555447649999998],[-46.39269593,-23.555480030000002],[-46.3927135,-23.5555184],[-46.392717590000004,-23.555529969999988],[-46.39272663,-23.55556242],[-46.39275053,-23.55560884999999],[-46.39276123,-23.55563597],[-46.39277095,-23.555662159999997],[-46.39279147,-23.555702960000005],[-46.39280519,-23.55572881],[-46.39282225,-23.555774030000002],[-46.39283055,-23.555812989999993],[-46.39283834,-23.555857510000006],[-46.39284166,-23.555886660000006],[-46.39284331,-23.555913929999992],[-46.39283756,-23.55595473],[-46.3928269,-23.55598491],[-46.39280818,-23.55601489],[-46.39278996,-23.556040379999995],[-46.3927538,-23.556085169999992],[-46.39272738,-23.556105690000003],[-46.39269619,-23.556128849999993],[-46.39267331,-23.55614935],[-46.39265936,-23.556176250000004],[-46.39263782,-23.55620402],[-46.39262795,-23.55621331],[-46.39261004,-23.556236509999994],[-46.39258634,-23.556258320000005],[-46.39258038,-23.556263800000004],[-46.39255955,-23.556288899999995],[-46.39252903,-23.556316350000003],[-46.39252681,-23.556317829999998],[-46.39250705,-23.556339839999996],[-46.39247282,-23.556373829999995],[-46.39245945,-23.556386740000004],[-46.39244198,-23.556411540000006],[-46.39241545,-23.55644735],[-46.39239392000001,-23.556481909999995],[-46.39237516,-23.556516589999994],[-46.39236488,-23.556534750000004],[-46.39235218,-23.55657412],[-46.39233487,-23.556609930000004],[-46.39231886,-23.556635219999997],[-46.39231284,-23.556664150000003],[-46.39230464,-23.556691900000004],[-46.39230384,-23.55670504],[-46.392309520000005,-23.556737249999998],[-46.39232382,-23.556763419999996],[-46.39233546,-23.556782039999998],[-46.3923474,-23.556813440000003],[-46.39235554,-23.55684213999999],[-46.39235793,-23.556880100000008],[-46.39237161,-23.55691904],[-46.39239235,-23.556954019999996],[-46.39241069,-23.556982569999995],[-46.39243154,-23.557009469999997],[-46.39245461,-23.557042009999993],[-46.3924798,-23.55707028000001],[-46.39249067,-23.557082579999992],[-46.39251479,-23.5571063],[-46.39254107,-23.557136450000005],[-46.39255862,-23.55716189],[-46.39256371,-23.55717988],[-46.39256501,-23.557207579999996],[-46.39255676,-23.55724152],[-46.39255192,-23.557253039999996],[-46.3925395,-23.55727823999999],[-46.39251754,-23.55732263],[-46.39250172,-23.557353049999996],[-46.39246895,-23.557393899999997],[-46.3924504,-23.557417040000008],[-46.39241752,-23.557455859999997],[-46.39239001,-23.557482569999998],[-46.3923507,-23.55751376],[-46.39231644,-23.557544279999995],[-46.39229686,-23.557565060000005],[-46.3922726,-23.557592119999995],[-46.39224756,-23.557621040000008],[-46.39222349,-23.557653980000005],[-46.39219579,-23.557691379999994],[-46.39218769,-23.557703730000004],[-46.3921726,-23.55772935],[-46.39213636,-23.557769110000002],[-46.39212188,-23.5577827],[-46.39210173,-23.55780973],[-46.39208547,-23.557836409999997],[-46.39207459,-23.55784971],[-46.39205308,-23.557873200000003],[-46.39202443,-23.557889909999993],[-46.39198753,-23.557908290000004],[-46.3919445,-23.557923949999992],[-46.39191202,-23.557940430000002],[-46.39187442,-23.557959760000003],[-46.39183485,-23.557979509999996],[-46.391767200000004,-23.558015970000003],[-46.39174416,-23.5580347],[-46.39171108,-23.55805331],[-46.39168107,-23.558066380000003],[-46.39165155,-23.55808993000001],[-46.39163713,-23.558127470000002],[-46.39163429,-23.558158299999995],[-46.39163415,-23.558201320000002],[-46.39163445,-23.55821453],[-46.39164228,-23.558245739999997],[-46.39165143,-23.558278930000004],[-46.39165626,-23.558308840000006],[-46.39166238,-23.558351149999996],[-46.39166359,-23.55836789],[-46.39166547,-23.558403869999992],[-46.3916582,-23.558438199999998],[-46.39165161,-23.55846702],[-46.39163362,-23.55849952],[-46.39160946,-23.55852892],[-46.39159684,-23.558534249999997],[-46.39156971,-23.55854808],[-46.39154711,-23.558554949999998],[-46.39151302,-23.558570130000003],[-46.39149133,-23.558585599999997],[-46.39146755,-23.55860924],[-46.39145595,-23.55862628],[-46.39142975,-23.558648939999998],[-46.391399,-23.558666920000007],[-46.39137369,-23.558686010000006],[-46.39133469,-23.55871383],[-46.39131936,-23.55872437],[-46.3912948,-23.55874543999999],[-46.3912594,-23.55878039],[-46.39124288,-23.55879467],[-46.39121246,-23.558823720000007],[-46.39118288,-23.558856459999987],[-46.39116962,-23.55886937],[-46.39114914,-23.558901370000005],[-46.39113347,-23.558935480000002],[-46.39112468,-23.55896375],[-46.39111891,-23.55899841],[-46.39111769,-23.55901524],[-46.39112034,-23.559048499999996],[-46.39112099,-23.55907763],[-46.39111462000001,-23.559108059999996],[-46.3911055,-23.559141949999997],[-46.39109813,-23.559158310000004],[-46.39108201,-23.559190169999994],[-46.39106709,-23.55922434],[-46.39105757,-23.559248280000002],[-46.391046280000005,-23.559278089999996],[-46.39103715,-23.559296770000003],[-46.39103067,-23.55931001],[-46.39101491,-23.55934027999999],[-46.39099874,-23.559363049999998],[-46.39098408,-23.559392839999997],[-46.39096679,-23.55944095000001],[-46.39096482,-23.55944901],[-46.39096705,-23.559476600000004],[-46.3909749,-23.55950534999999],[-46.39097479,-23.559528279999995],[-46.39097671,-23.559557739999995],[-46.39097706,-23.559566559999997],[-46.39097452,-23.55959552],[-46.39096845,-23.559632469999997],[-46.39096493,-23.559645220000004],[-46.39095784,-23.55967196],[-46.39094196,-23.55970178999999],[-46.39093389,-23.559711580000002],[-46.39091435,-23.559741649999996],[-46.39088815,-23.559772489999997],[-46.39087585,-23.559788989999994],[-46.39084779,-23.559819919999992],[-46.3908269,-23.55984583],[-46.39078519,-23.55987876],[-46.39077379,-23.559892109999993],[-46.39074564,-23.55991918999999],[-46.39071563,-23.55994627],[-46.3906892,-23.559960429999997],[-46.39065303,-23.559975070000004],[-46.39061401,-23.55998899],[-46.39057437,-23.56000168],[-46.39054754,-23.560014829999993],[-46.3905178,-23.56003063],[-46.390480260000004,-23.56004872999999],[-46.3904564,-23.560060980000003],[-46.39042876,-23.560072940000005],[-46.39038971,-23.56008543],[-46.39035136,-23.560095769999997],[-46.39032089,-23.560106490000003],[-46.39028593,-23.560114179999996],[-46.39024895,-23.560120099999995],[-46.39022336,-23.560121919999997],[-46.39019469,-23.5601102],[-46.3901752,-23.56011094],[-46.39017026,-23.560112670000006],[-46.39014545,-23.560127380000008],[-46.39012218,-23.560144819999994],[-46.39010313000001,-23.560164589999996],[-46.39008505,-23.560187299999992],[-46.39006627,-23.560209579999995],[-46.39004484,-23.560236919999998],[-46.39001927,-23.560252960000003],[-46.38998741000001,-23.5602642],[-46.38995325,-23.560280399999993],[-46.3899222,-23.56029928999999],[-46.38989392,-23.560321399999992],[-46.3898691,-23.56034439],[-46.389856390000006,-23.56035354],[-46.38983838,-23.560366490000007],[-46.38982441,-23.560374109999998],[-46.3897984,-23.5603934],[-46.38976187,-23.560416959999994],[-46.38972318,-23.560433769999996],[-46.38969165000001,-23.560448650000005],[-46.38965616,-23.560463720000005],[-46.3896228,-23.560482809999996],[-46.38959764,-23.560505049999996],[-46.389573,-23.56052756],[-46.38955935,-23.56054613],[-46.38954012,-23.560567450000004],[-46.38951118,-23.560591640000002],[-46.38950057,-23.5605996],[-46.38948328000001,-23.560623590000002],[-46.38945031,-23.560652419999997],[-46.38942813,-23.560671090000003],[-46.38940642,-23.56069084],[-46.38936722,-23.560722029999997],[-46.389338,-23.560744890000002],[-46.38930353,-23.560770920000003],[-46.38927017,-23.56079712],[-46.38924725,-23.560814560000004],[-46.38922312,-23.560831519999994],[-46.38919594,-23.560853800000004],[-46.38918539,-23.560861059999993],[-46.38917164000001,-23.560885669999998],[-46.38917033,-23.560921679999996],[-46.38917392,-23.560937629999998],[-46.3891765,-23.560979979999995],[-46.38916542,-23.561012249999997],[-46.38914479,-23.56104183999999],[-46.3891294,-23.561060289999993],[-46.38910387,-23.561086699999997],[-46.38907908,-23.561113270000003],[-46.38906904,-23.561123049999992],[-46.38904466000001,-23.56114925],[-46.38901869,-23.561163840000006],[-46.38899637,-23.5611714],[-46.38895539,-23.561184779999998],[-46.388932530000005,-23.561194200000003],[-46.38888118,-23.56123867999999],[-46.38887029,-23.561252290000006],[-46.388829,-23.56126807],[-46.38879454,-23.561278500000004],[-46.38875944,-23.56128865],[-46.38873363,-23.561289079999998],[-46.3887011,-23.561281720000004],[-46.38866551000001,-23.56128775],[-46.38864471,-23.561308040000004],[-46.3886397,-23.56131143],[-46.38860739,-23.561321600000003],[-46.38856866,-23.561327939999995],[-46.38852895,-23.561326139999995],[-46.38849863,-23.561309650000005],[-46.38847314,-23.56129068],[-46.38844445,-23.561272919999997],[-46.3884347,-23.56126693],[-46.388404490000006,-23.56125893999999],[-46.38837172,-23.561244140000003],[-46.38833582,-23.561229970000003],[-46.38832135,-23.561225179999994],[-46.38829131,-23.561225420000003],[-46.38825917,-23.56122811],[-46.38824657000001,-23.561230550000005],[-46.38821224,-23.561246150000002],[-46.38817631,-23.56126725999999],[-46.38816423,-23.561276650000003],[-46.38814065,-23.561297559999996],[-46.3881052,-23.561316529999992],[-46.38809123,-23.561322859999994],[-46.38806079,-23.561338759999998],[-46.38802075,-23.561358080000005],[-46.38798704,-23.561376839999998],[-46.38795251,-23.5613886],[-46.38792506,-23.561398589999996],[-46.38790048,-23.561413939999998],[-46.38787825,-23.561432559999993],[-46.38784179,-23.561446389999997],[-46.38781375,-23.561450440000005],[-46.3877789,-23.561442319999994],[-46.38774041,-23.561432729999996],[-46.38771037,-23.561432859999996],[-46.38767612,-23.561438740000003],[-46.38765887,-23.561442429999996],[-46.3876278,-23.56144817],[-46.38759768,-23.56145963999999],[-46.38756735,-23.56147521999999],[-46.38753408000001,-23.5614973],[-46.3874975,-23.561519849999996],[-46.38747105,-23.56153561],[-46.38745945,-23.56154372],[-46.38742923,-23.56156833],[-46.38741556,-23.561582359999996],[-46.38740295,-23.56160912],[-46.38737466,-23.561621719999998],[-46.38735868,-23.561633929999996],[-46.38733099,-23.56165074999999],[-46.38730991,-23.56166527],[-46.38728351,-23.561686620000003],[-46.38726046,-23.56171796],[-46.38723710000001,-23.561743430000003],[-46.38722118,-23.561754310000005],[-46.38718395,-23.561764250000003],[-46.38716878,-23.561768629999996],[-46.38713869,-23.561782239999996],[-46.38710634,-23.561788909999997],[-46.38708798,-23.561794290000005],[-46.38704455,-23.561797909999996],[-46.38701636,-23.561805459999995],[-46.38697702,-23.561812030000002],[-46.38693907,-23.561816489999995],[-46.38692177,-23.561827780000005],[-46.38687967,-23.561848079999994],[-46.3868446,-23.561862929999997],[-46.38681283,-23.561876799999997],[-46.38677467,-23.561887379999998],[-46.38673759,-23.561893059999992],[-46.38668963,-23.561892770000004],[-46.38665837,-23.561891780000003],[-46.38660838,-23.56189343999999],[-46.38655548,-23.56189604],[-46.386508940000006,-23.56189899999999],[-46.38645642,-23.561906239999992],[-46.38641726,-23.561911809999998],[-46.38639203,-23.561916339999993],[-46.38636252,-23.561929629999998],[-46.38635354,-23.56193272],[-46.3863284,-23.561948919999995],[-46.386321470000006,-23.561956069999997],[-46.38630597,-23.561981380000002],[-46.38627897,-23.562014180000002],[-46.38626871,-23.562025829999996],[-46.38624985,-23.562052829999995],[-46.38622423,-23.562079189999995],[-46.386211370000005,-23.56209057],[-46.38614195,-23.56211677],[-46.38612545,-23.562120659999994],[-46.38609258,-23.562127490000005],[-46.38601387,-23.562129030000005],[-46.38599746,-23.56212872],[-46.38596776,-23.562135300000005],[-46.3859098,-23.562144320000005],[-46.38588382,-23.562147829999997],[-46.38579822,-23.562143569999996],[-46.38576555,-23.56213878999999],[-46.38573464,-23.562137909999997],[-46.38569778,-23.562136620000004],[-46.38564018,-23.56214233],[-46.38560288,-23.562146529999993],[-46.38557072,-23.562150910000007],[-46.38553526,-23.562155639999997],[-46.38547485,-23.56216731],[-46.38544182,-23.56217989],[-46.3854112,-23.56218635999999],[-46.38537462,-23.562194230000003],[-46.38534029,-23.562202910000007],[-46.385311800000004,-23.562210719999992],[-46.3852815,-23.562221029999996],[-46.38524879,-23.56222919],[-46.38521317,-23.562240949999993],[-46.38518246,-23.562252479999998],[-46.38514964,-23.56226751],[-46.38507877,-23.56227874],[-46.38503911,-23.562289519999997],[-46.38500226,-23.562301540000004],[-46.3849734,-23.562312980000005],[-46.38494507,-23.56233134],[-46.38491305,-23.562346800000004],[-46.38484864,-23.562375749999998],[-46.38481585,-23.56239499],[-46.38478744,-23.562407379999996],[-46.3847579,-23.56242504],[-46.38473151,-23.562444799999994],[-46.38471162,-23.562462250000003],[-46.38468102,-23.562497700000005],[-46.38466046,-23.56251967],[-46.38462419,-23.562563019999995],[-46.38459667,-23.562596509999995],[-46.3845742,-23.562619269999995],[-46.384548890000005,-23.562642389999997],[-46.38452668,-23.562660690000005],[-46.38451185,-23.562672580000005],[-46.38448269,-23.562692850000005],[-46.38445367,-23.562710349999993],[-46.38442557,-23.562728400000005],[-46.3843827,-23.562758489999997],[-46.38435244,-23.562771829999996],[-46.38432101,-23.562785810000005],[-46.38429249,-23.562798629999993],[-46.38425388,-23.562814469999992],[-46.38422139000001,-23.56282477],[-46.38418995,-23.562832399999998],[-46.38415915,-23.56284095],[-46.384105240000004,-23.56285526],[-46.38408538,-23.562860410000003],[-46.38405636,-23.562869980000002],[-46.38402135,-23.562884460000003],[-46.38399076,-23.562895890000004],[-46.38396708,-23.562901229999994],[-46.38393619,-23.562905719999996],[-46.38391417,-23.562906280000007],[-46.38387276,-23.56291114],[-46.38384399,-23.562917300000002],[-46.38382113,-23.562937870000003],[-46.38380422,-23.562949530000004],[-46.38376122,-23.562980390000007],[-46.38373901,-23.5629891],[-46.38372153,-23.5630046],[-46.38369502,-23.56303028],[-46.38366302,-23.563055829999996],[-46.38364134,-23.56307196],[-46.38360107,-23.56307595],[-46.38357598,-23.563076790000004],[-46.38352966,-23.56307688],[-46.38348758,-23.56307076],[-46.38343886,-23.563062119999998],[-46.38341906,-23.56305664999999],[-46.38336391,-23.56305024],[-46.38331085,-23.56304685],[-46.38328777,-23.56304307999999],[-46.38323471,-23.563039050000008],[-46.38319039,-23.563035169999992],[-46.38313628,-23.563030819999994],[-46.38309752,-23.56303643],[-46.38305107,-23.56303921],[-46.38299866,-23.56304400000001],[-46.38296116,-23.56303133],[-46.38291468,-23.56301981],[-46.38286428,-23.563018909999993],[-46.3828483,-23.563018940000003],[-46.38280622,-23.56303163],[-46.38275824,-23.563036879999995],[-46.38274574,-23.563040579999992],[-46.38270616,-23.563064900000004],[-46.38267383,-23.563087539999998],[-46.38264213,-23.56312265],[-46.38261549,-23.56314973],[-46.38257919,-23.563192029999996],[-46.3825584,-23.563216979999996],[-46.38253223,-23.563244269999995],[-46.38249115,-23.563268590000007],[-46.38242875,-23.563251229999995],[-46.38237795,-23.56322659],[-46.38229163,-23.563152090000003],[-46.3822249,-23.56309175],[-46.38218161,-23.56304195999999],[-46.38212665,-23.562992269999995],[-46.38202908,-23.562957290000007],[-46.38196299,-23.562957879999992],[-46.38172194,-23.562922710000006],[-46.38158347,-23.5628188],[-46.38140961,-23.56268941],[-46.38126911,-23.562577150000006],[-46.38108983,-23.562474209999998],[-46.38077214,-23.562273569999995],[-46.38061138,-23.562169859999994],[-46.38039918,-23.562104839999996],[-46.38020368,-23.562049229999996],[-46.37998119,-23.561991949999996],[-46.37980265,-23.561972500000003],[-46.37963695,-23.56199118],[-46.37941254,-23.561947289999996],[-46.37927503,-23.56188543],[-46.37907471,-23.561766779999992],[-46.37883408,-23.56161627],[-46.37877459,-23.561753780000004],[-46.37873764,-23.56193928999999],[-46.37879135,-23.562118020000003],[-46.37907858,-23.562318579999996],[-46.37924892,-23.56249628],[-46.37943173,-23.562626079999994],[-46.37955011,-23.562792290000004],[-46.37969403,-23.562922429999997],[-46.37982637,-23.563184099999997],[-46.37991934,-23.563398320000008],[-46.37997292,-23.563565109999992],[-46.37998763,-23.563732239999997],[-46.38002825,-23.563899139999993],[-46.38009505,-23.564089709999998],[-46.38013717,-23.564399959999992],[-46.38016609,-23.564686439999996],[-46.3801302,-23.564973489999996],[-46.38022205,-23.565080199999993],[-46.38050853,-23.565209079999995],[-46.38071663,-23.565278909999993],[-46.381003,-23.565395839999994],[-46.38139329,-23.56553574],[-46.38161448,-23.565617409999998],[-46.38182333000001,-23.56575892],[-46.3819806,-23.565924779999992],[-46.38207232,-23.566019539999996],[-46.38219096,-23.566209649999998],[-46.38226984,-23.56631647],[-46.38236218,-23.566470960000004],[-46.38244194,-23.56666141],[-46.38254812,-23.566899409999998],[-46.38252458,-23.567126619999996],[-46.38248782,-23.56733005],[-46.38237319,-23.567522230000005],[-46.38228434,-23.567702229999995],[-46.38217008,-23.56793024],[-46.38209407,-23.568098179999996],[-46.38217346,-23.56825279],[-46.38234356,-23.56840659],[-46.38256438,-23.56845241],[-46.38274682,-23.568546370000004],[-46.38302061,-23.568699249999998],[-46.38320417,-23.568900719999995],[-46.38341304,-23.569042230000004],[-46.38359636,-23.569219799999996],[-46.38374042,-23.569361890000003],[-46.3837165,-23.569553259999992],[-46.3837185,-23.569744390000004],[-46.38374718,-23.570006979999995],[-46.38378819,-23.570209719999998],[-46.38378956,-23.57034113],[-46.38372714,-23.570568680000008],[-46.38372156,-23.570638610000003],[-46.38371568,-23.570712149999995],[-46.38366597,-23.570915690000003],[-46.38365464,-23.571071109999995],[-46.38357888,-23.57126293999999],[-46.38349054,-23.57149073],[-46.38341503,-23.571706449999997],[-46.38330064,-23.57192252],[-46.38317316,-23.57212676],[-46.38299309,-23.572259780000003],[-46.38282573,-23.57236879],[-46.38260628,-23.572454379999996],[-46.38234758,-23.572504470000002],[-46.38211479,-23.572554329999996],[-46.38185558,-23.572556629999994],[-46.381636,-23.572630269999994],[-46.38146989,-23.572858739999997],[-46.38142043,-23.57308618],[-46.38131924,-23.57332602],[-46.38119239,-23.57358999],[-46.38111637,-23.573757929999992],[-46.38091038,-23.573891179999993],[-46.38065254,-23.574024889999993],[-46.38040604,-23.574003189999996],[-46.38014683,-23.574005489999998],[-46.37987466,-23.574007909999995],[-46.37952523,-23.574058799999996],[-46.37920159,-23.57409750999999],[-46.37882611,-23.57413669],[-46.37859294,-23.5741507],[-46.37843841,-23.574247649999997],[-46.3783361,-23.574379980000003],[-46.37823466,-23.57459593],[-46.3782379,-23.57490653],[-46.37831841,-23.57516865999999],[-46.37838583,-23.575418949999992],[-46.37853114,-23.5756805],[-46.37870238,-23.575941820000008],[-46.37875734,-23.57624002000001],[-46.37898079000001,-23.576536719999996],[-46.37929472,-23.57680872],[-46.37965912000001,-23.57694884999999],[-46.38001007,-23.57704131],[-46.38034742,-23.57707416],[-46.38069774,-23.57710688999999],[-46.38104793,-23.577127669999996],[-46.3815149,-23.57715936],[-46.38182633000001,-23.577192430000004],[-46.3820858,-23.577214020000003],[-46.38225467,-23.57724836000001],[-46.38244945,-23.57728247],[-46.38265783,-23.57737619],[-46.38290546,-23.57750541],[-46.38312755,-23.577670689999998],[-46.38334926,-23.57780014],[-46.38349296,-23.577906380000005],[-46.38367516,-23.577976439999997],[-46.38381961,-23.578154370000007],[-46.38380778,-23.578262],[-46.38378298,-23.578369739999996],[-46.38373314,-23.578561339999993],[-46.38364404,-23.578717449999992],[-46.38363296,-23.57889676],[-46.38364755,-23.579051940000003],[-46.38371398,-23.57920667],[-46.38374178000001,-23.579385629999997],[-46.38374479000001,-23.579672330000005],[-46.38368199,-23.579864049999998],[-46.38358018,-23.58004416],[-46.38341306000001,-23.580177070000005],[-46.38311658,-23.580335029999997],[-46.38294871000001,-23.580396259999997],[-46.38279393,-23.58046932],[-46.382651730000006,-23.58050643],[-46.38247103,-23.580579720000003],[-46.38228995,-23.580617170000004],[-46.38205765,-23.58071482],[-46.38198088,-23.580811079999997],[-46.38186698,-23.58107492999999],[-46.381765040000005,-23.581243099999995],[-46.38162409,-23.581399659999995],[-46.38139316,-23.581628719999998],[-46.38122642,-23.58179746],[-46.3811241,-23.58192978999999],[-46.38104809,-23.582097730000005],[-46.38093406,-23.582349630000003],[-46.38083224,-23.582529750000003],[-46.380704,-23.58266231],[-46.3805886,-23.582782809999998],[-46.38044803,-23.58297521],[-46.38034583,-23.583119490000005],[-46.38020576,-23.583359679999994],[-46.38006518,-23.583552079999997],[-46.37988584,-23.583756779999998],[-46.37982328,-23.583972379999995],[-46.3798517,-23.58421108],[-46.37989271,-23.584413820000005],[-46.37993397,-23.58464045],[-46.37992376,-23.584903379999997],[-46.3797853,-23.58529887],[-46.37964572,-23.585586839999994],[-46.37947922,-23.585779479999996],[-46.37923507,-23.58598475],[-46.37909449,-23.586177150000005],[-46.37891514,-23.586381849999995],[-46.37876098000001,-23.58651463],[-46.37856755,-23.586611930000004],[-46.37833598,-23.586781249999998],[-46.37810479,-23.586986399999997],[-46.37784793,-23.587215679999996],[-46.37762932,-23.587384880000002],[-46.37746194,-23.587493889999994],[-46.3773216,-23.58771017999999],[-46.37732472,-23.588008839999993],[-46.37735339,-23.58827142],[-46.37736984,-23.5886058],[-46.37737221,-23.58883278],[-46.37737458000001,-23.589059749999997],[-46.37737695,-23.589286729999998],[-46.37730192,-23.589550239999994],[-46.37738044,-23.58962122],[-46.37751006,-23.58962007],[-46.37769091,-23.589558729999997],[-46.37793607,-23.589449029999997],[-46.37809024,-23.589316249999992],[-46.37825712,-23.589159449999993],[-46.37850215,-23.589037799999996],[-46.37876027,-23.588927989999995],[-46.37900493,-23.588770499999995],[-46.37926267,-23.588624849999995],[-46.37946906,-23.588527430000006],[-46.37977952,-23.58846493999999],[-46.38001284,-23.588462870000008],[-46.38025986,-23.588532360000002],[-46.38058566,-23.58869672],[-46.38075580000001,-23.58885052],[-46.3809015,-23.589147910000005],[-46.38096931,-23.589434039999997],[-46.38104996,-23.589708110000004],[-46.38113074,-23.589994129999997],[-46.38134063,-23.590231209999992],[-46.38156299,-23.59042038],[-46.38177151,-23.59052605],[-46.38187708,-23.590704320000004],[-46.3819965,-23.590966099999996],[-46.38210207,-23.591144370000002],[-46.38228455,-23.591238319999988],[-46.38242838,-23.591356520000005],[-46.3824947,-23.591499289999998],[-46.38251041,-23.59176198999999],[-46.3825791,-23.592131739999992],[-46.38260879,-23.592489899999993],[-46.38265068,-23.59277626],[-46.38287417000001,-23.593072950000003],[-46.382979,-23.593179539999998],[-46.38294174,-23.593335190000005],[-46.38290535,-23.593574459999996],[-46.38288131,-23.593753879999994],[-46.38288344,-23.59395696],[-46.38295038,-23.59415947],[-46.38299102,-23.59432636999999],[-46.38307143,-23.59457653999999],[-46.38328208,-23.594885299999998],[-46.38346557,-23.595074820000004],[-46.38367535,-23.595299949999994],[-46.38379402000001,-23.595490040000005],[-46.383848,-23.595692669999995],[-46.38387605,-23.59589552],[-46.38387743,-23.596026930000004],[-46.383956960000006,-23.596193480000007],[-46.38395859,-23.59634878],[-46.38393543,-23.59661181999999],[-46.38388533,-23.596779530000003],[-46.38382215,-23.596935410000004],[-46.38374612,-23.59710335000001],[-46.38361888,-23.597331479999998],[-46.38346570000001,-23.59755984],[-46.38333796,-23.597740190000003],[-46.38326294,-23.598003689999995],[-46.3831494,-23.598303390000005],[-46.38309993,-23.598530819999997],[-46.38305146,-23.598853830000003],[-46.38305384,-23.599080810000004],[-46.38306956,-23.599343510000008],[-46.38325343,-23.59956886],[-46.38350198,-23.5997817],[-46.38371164000001,-23.599994879999993],[-46.38397341,-23.60023148999999],[-46.38414407,-23.600433079999995],[-46.384301,-23.6005631],[-46.38461337,-23.60067978],[-46.38487376,-23.600784980000004],[-46.38510735,-23.6008068],[-46.38536674,-23.600816430000002],[-46.38558799,-23.60089808],[-46.38590024,-23.60100282],[-46.38616076,-23.60111997],[-46.38640681,-23.601093880000004],[-46.38669162,-23.601055489999997],[-46.38700198,-23.600981039999997],[-46.38728591,-23.600859029999988],[-46.38744047,-23.60076206999999],[-46.38762182,-23.600748500000005],[-46.387764540000006,-23.60075917],[-46.38785667,-23.60088976999999],[-46.38796214,-23.60105609],[-46.38815847,-23.601233540000006],[-46.38832787,-23.60131566],[-46.38847072,-23.601338269999992],[-46.38875553,-23.60129988],[-46.38900183,-23.601297679999995],[-46.38922296,-23.60136739],[-46.38944472,-23.601496819999994],[-46.38971808,-23.6016019],[-46.39016248,-23.601944389999993],[-46.39037203,-23.602145619999995],[-46.39066025,-23.602429770000004],[-46.39102549,-23.602641539999997],[-46.39131194,-23.602758449999996],[-46.39155925,-23.60285181],[-46.39172853,-23.602921979999998],[-46.39196213000001,-23.602943779999997],[-46.39216929,-23.602918019999997],[-46.39233617,-23.602761209999997],[-46.39249085,-23.6026762],[-46.39267094,-23.602543159999996],[-46.392773260000006,-23.602410829999993],[-46.39291447,-23.602278139999996],[-46.39314591,-23.602096850000006],[-46.39337875,-23.602046979999997],[-46.393715410000006,-23.60200811],[-46.3939485,-23.60198213],[-46.3942211,-23.602015519999995],[-46.39441618,-23.602073499999996],[-46.39475335,-23.60208242000001],[-46.39507769,-23.602103399999994],[-46.39546772,-23.60220742],[-46.39571605,-23.60239635],[-46.39582114000001,-23.60252682],[-46.39603007,-23.60266831],[-46.39629174,-23.60289295],[-46.3965402,-23.60309382000001],[-46.39672358,-23.60327138],[-46.39698576,-23.603543799999997],[-46.39705235,-23.603710459999995],[-46.39719811,-23.60400783],[-46.3974078,-23.604220989999998],[-46.39761712,-23.604398320000005],[-46.39785413,-23.60474265],[-46.39814389,-23.605170139999988],[-46.39839311,-23.60544268],[-46.39874617,-23.60572623],[-46.39903479,-23.606046200000005],[-46.39921768,-23.60617597],[-46.39929761,-23.60637835],[-46.39922123000001,-23.606510459999996],[-46.39905384,-23.60661949],[-46.39891289,-23.606776079999996],[-46.39878566,-23.607004220000004],[-46.39870965,-23.607172160000005],[-46.39863327,-23.607304270000007],[-46.39854467,-23.607508170000003],[-46.39853399,-23.607723320000005],[-46.39845874,-23.60796294],[-46.39831779,-23.608119520000002],[-46.39812447,-23.60822878999999],[-46.39794399,-23.608325990000004],[-46.39769869,-23.608423779999992],[-46.39746649,-23.60853339],[-46.397195260000004,-23.608631409999997],[-46.39694958,-23.60869336],[-46.39665217,-23.608767719999996],[-46.39636797,-23.608865850000004],[-46.39614873,-23.608975349999998],[-46.39602086000001,-23.60914376],[-46.39594536,-23.60935949],[-46.39594725,-23.60953868],[-46.39592335,-23.609730050000003],[-46.39591216000001,-23.609897409999995],[-46.39587529,-23.610088889999997],[-46.39581211,-23.61024477000001],[-46.39578808,-23.6104242],[-46.39567343,-23.610616380000003],[-46.39554518,-23.61074896],[-46.39545646,-23.610940910000004],[-46.39532833,-23.61108542999999],[-46.39521368,-23.611277610000005],[-46.39508619,-23.61148186],[-46.39494624,-23.611734010000003],[-46.394897670000006,-23.612045069999997],[-46.39484923,-23.61236808],[-46.39497414,-23.612690460000003],[-46.39515577,-23.612945689999997],[-46.39523697,-23.613267530000005],[-46.39527826,-23.613494160000002],[-46.3953066,-23.613720899999997],[-46.39530837000001,-23.61388814],[-46.39528573,-23.61419897],[-46.39536516,-23.61435357],[-46.39570603,-23.614708919999995],[-46.39600763,-23.615028779999992],[-46.39650319,-23.615299109999988],[-46.39693305,-23.615486399999995],[-46.3973371,-23.615685860000006],[-46.39747134,-23.615777969999993],[-46.39766362,-23.615909920000004],[-46.39787321000001,-23.616111129999997],[-46.39794044,-23.61633751999999],[-46.39791831,-23.616696129999998],[-46.39784433,-23.61705521],[-46.39774391,-23.617366739999994],[-46.39769496,-23.617641970000005],[-46.397593900000004,-23.617893769999988],[-46.39766088,-23.618096269999995],[-46.39777909,-23.618238570000006],[-46.39787174,-23.618416939999996],[-46.3979255,-23.618595669999998],[-46.39795447,-23.61888214],[-46.39816394,-23.6190714],[-46.39842438,-23.61917658],[-46.39867274,-23.619365499999997],[-46.39906524,-23.619696480000005],[-46.39924853,-23.619862079999997],[-46.39940614,-23.62005182],[-46.39968018,-23.62021661],[-46.40000646000001,-23.620416759999998],[-46.40017602,-23.620510809999995],[-46.40026855,-23.620677239999996],[-46.40029651,-23.620868139999992],[-46.40041637,-23.62116573],[-46.40054818,-23.621367650000007],[-46.400666900000004,-23.62155773],[-46.40074774,-23.621843729999995],[-46.40081511,-23.622082060000004],[-46.40094641,-23.62223619],[-46.40103755,-23.62227121],[-46.40124499,-23.62226934],[-46.40160713,-23.62218244],[-46.40177618,-23.622228699999994],[-46.40195884,-23.622334569999996],[-46.40206472,-23.622536719999996],[-46.4022742,-23.622725980000002],[-46.40256223,-23.62298621],[-46.40275951,-23.623247260000003],[-46.40296937,-23.623472359999997],[-46.40333393,-23.623612429999998],[-46.40380055,-23.623596259999996],[-46.40408439,-23.623462270000005],[-46.40435526,-23.6233284],[-46.40467773,-23.62317017],[-46.40492394,-23.623155999999998],[-46.4053509,-23.623068500000002],[-46.4056442,-23.623092129999996],[-46.40589344,-23.623118539999993],[-46.40618416,-23.623144579999998],[-46.40643422,-23.623247449999997],[-46.40652879,-23.623361280000005],[-46.40662429,-23.62356113],[-46.406782930000006,-23.62384642],[-46.40690934,-23.624026869999998],[-46.40702547,-23.624216969999996],[-46.40709026,-23.624455319999996],[-46.407176,-23.624712599999995],[-46.40720987,-23.62497035],[-46.40726459,-23.62523747],[-46.40736162000001,-23.625580669999998],[-46.40749932,-23.62584704],[-46.40766783000001,-23.62608445],[-46.40782597,-23.626321960000002],[-46.4079112,-23.626531450000005],[-46.40802775,-23.62675978],[-46.40808247,-23.6270269],[-46.40788876,-23.62734405999999],[-46.40765642,-23.62768545999999],[-46.40756452,-23.627822499999997],[-46.40746523,-23.62799543],[-46.40739659,-23.62812509],[-46.407351750000004,-23.628297530000005],[-46.40735367,-23.62847672],[-46.40732531,-23.628735030000005],[-46.40727215,-23.628857380000003],[-46.40715669,-23.628973120000005],[-46.40697906,-23.629096589999993],[-46.4067858,-23.629213029999992],[-46.40665538,-23.629386250000003],[-46.40660322,-23.629601779999994],[-46.406643880000004,-23.629766280000002],[-46.4067162,-23.629980669999995],[-46.40679568,-23.630137649999998],[-46.40693,-23.630329969999988],[-46.40701795,-23.630551390000004],[-46.40701223,-23.63074498999999],[-46.40695199,-23.630931910000005],[-46.40687787,-23.63127666],[-46.40689565,-23.631484380000007],[-46.40694501,-23.631734819999995],[-46.40707178,-23.631948709999996],[-46.4073067,-23.63208995],[-46.407597,-23.632316700000004],[-46.40794893000001,-23.63248554000001],[-46.40814511,-23.63264146],[-46.40837317,-23.63286878],[-46.40863289,-23.63314598],[-46.4088293,-23.633323400000002],[-46.40915034,-23.633514030000004],[-46.40943172,-23.63363333],[-46.40968968,-23.633745679999997],[-46.41006426,-23.63384979999999],[-46.41029064,-23.633919419999998],[-46.4105171,-23.633996209999996],[-46.41064311,-23.634138429999997],[-46.41077759000001,-23.63434509],[-46.41103755,-23.63464379],[-46.41132771,-23.634856199999987],[-46.41150163,-23.63511267],[-46.41164459000001,-23.635383759999996],[-46.41184879,-23.63556111],[-46.41205152,-23.63560227],[-46.41232382,-23.635599800000005],[-46.41254127,-23.635561969999998],[-46.4128141,-23.635609669999997],[-46.41300952,-23.635693899999996],[-46.41329869,-23.635813129999992],[-46.41358777,-23.635925190000002],[-46.41378997,-23.63591617999999],[-46.41402383,-23.63595705],[-46.41413467,-23.63613525],[-46.41440851,-23.636276120000005],[-46.41465115,-23.6364101],[-46.41495595,-23.636536349999993],[-46.41521446000001,-23.63669886],[-46.41527917,-23.63692765],[-46.41532785,-23.63711358],[-46.41535350000001,-23.637328389999993],[-46.41535597,-23.637557749999996],[-46.41535859,-23.63780145],[-46.41536075,-23.638002139999994],[-46.41533271,-23.638289129999997],[-46.41538224,-23.6385539],[-46.41551612,-23.63870321],[-46.415704,-23.638809019999993],[-46.41604709,-23.638877569999995],[-46.41628912,-23.638954210000005],[-46.41660933,-23.639065980000005],[-46.41710064,-23.639169010000003],[-46.4174049,-23.639245079999995],[-46.41772474,-23.639321010000003],[-46.41794281,-23.639340519999994],[-46.4181303,-23.639410489999992],[-46.41833459,-23.639594989999996],[-46.41847649,-23.639765730000004],[-46.4186807,-23.63994307],[-46.41891573,-23.640091450000003],[-46.41927585,-23.640296029999988],[-46.41955756,-23.64044398999999],[-46.41983942000001,-23.640606279999997],[-46.42019955,-23.64081085999999],[-46.42054389,-23.64099408],[-46.42077985,-23.64122847],[-46.42089024,-23.641363649999988],[-46.42100087,-23.641520340000003],[-46.42110417,-23.641720099999997],[-46.42117605,-23.641891479999998],[-46.42122467,-23.64207024000001],[-46.42128184,-23.6423206],[-46.42128471,-23.642585799999996],[-46.421271620000006,-23.642815300000002],[-46.42126733,-23.64313790999999],[-46.42131741,-23.64345284999999],[-46.4214131,-23.64366702],[-46.42156286,-23.643844860000005],[-46.42157847,-23.643858950000006],[-46.42173573,-23.64400097],[-46.42207992,-23.64416985],[-46.42229147,-23.64430411],[-46.42248737,-23.644431339999997],[-46.42255299,-23.644482119999992],[-46.42270708,-23.644601360000003],[-46.42304311,-23.64473447],[-46.42321195,-23.644758009999997],[-46.4234891,-23.64460334],[-46.42371536,-23.64441967],[-46.42390085,-23.64430327000001],[-46.42394431,-23.644274649999996],[-46.42410688,-23.644167579999998],[-46.42418821,-23.64401391],[-46.42436177,-23.64375426],[-46.42441167,-23.6435722],[-46.4244928,-23.643399420000005],[-46.42452347,-23.643296669999998],[-46.42455287,-23.643198159999997],[-46.42457134,-23.642987720000004],[-46.42454718,-23.64267254],[-46.42456441,-23.642347429999997],[-46.42457178,-23.64207019],[-46.42453808,-23.641831560000004],[-46.42445395,-23.641727199999988],[-46.42435862,-23.641546480000002],[-46.42432512,-23.641326959999994],[-46.42432181,-23.64102115],[-46.42431892,-23.640753559999997],[-46.42434766,-23.64053347],[-46.42443792,-23.640245909999997],[-46.42463201,-23.639966959999995],[-46.42491947,-23.63968715],[-46.42514655,-23.639579930000004],[-46.425508580000006,-23.639481020000005],[-46.4257258,-23.63942168],[-46.42583742,-23.63919127],[-46.42588722,-23.63899966],[-46.42607176,-23.638797250000003],[-46.42620475,-23.63862399],[-46.42636907,-23.638469560000004],[-46.42651233,-23.638286650000005],[-46.42677882,-23.637987910000003],[-46.42704521,-23.637679609999992],[-46.42733338,-23.63746669],[-46.427777250000005,-23.637261899999995],[-46.42803513,-23.63712572],[-46.42827205,-23.63697061],[-46.42854082,-23.63688212],[-46.42886104,-23.63675492],[-46.42921248,-23.636636989999992],[-46.42948084,-23.63651027],[-46.42974929,-23.6363931],[-46.43005208,-23.636353060000005],[-46.43005084,-23.636346869999997],[-46.43005708,-23.63634603],[-46.4300583,-23.636352239999994],[-46.43006007,-23.636352009999996],[-46.43022708,-23.636446039999992],[-46.43051877,-23.636558040000008],[-46.43078007,-23.636737229999998],[-46.43103121,-23.636935619999992],[-46.43124106,-23.63715351],[-46.43141886000001,-23.637285670000004],[-46.43163857,-23.637455680000002],[-46.43167177,-23.63764653],[-46.4317254,-23.637808509999992],[-46.431810260000006,-23.637979769999994],[-46.43188495,-23.63817023],[-46.43193859,-23.63833221],[-46.43202355,-23.638513019999998],[-46.43200426,-23.63864701],[-46.43193279,-23.638752799999995],[-46.43177833000001,-23.638859360000005],[-46.43160344,-23.63899477999999],[-46.43154255,-23.639119589999993],[-46.43149245,-23.639282530000006],[-46.4314631,-23.639445280000004],[-46.43138230000001,-23.639646740000003],[-46.43122909,-23.63986798],[-46.43111664,-23.640021940000008],[-46.43098428,-23.640252539999995],[-46.43103926,-23.640538760000002],[-46.43128014,-23.640746809999996],[-46.43151012,-23.640907160000005],[-46.43185411,-23.64105691],[-46.43205298,-23.641217549999997],[-46.43226211,-23.64136854],[-46.43248203,-23.641557659999997],[-46.43264978,-23.641718589999993],[-46.43270207,-23.641735139999998],[-46.4329725,-23.64182074],[-46.43319066,-23.6418474],[-46.43341898,-23.641854839999993],[-46.43367832,-23.641852450000005],[-46.43393807,-23.641888280000003],[-46.434167540000004,-23.642000839999994],[-46.43437564,-23.642056270000005],[-46.43464618,-23.642130219999995],[-46.4348744,-23.642128110000005],[-46.43521496,-23.641962479999997],[-46.43539991,-23.641798289999997],[-46.43558444,-23.64159587],[-46.43579066,-23.641479269999998],[-46.43599761000001,-23.641429570000007],[-46.43622583,-23.641427450000002],[-46.43644461,-23.64151143999999],[-46.43667418,-23.641633569999996],[-46.43690375,-23.64175569],[-46.43721506,-23.64176236000001],[-46.43748498,-23.641778969999997],[-46.43773426,-23.64180533],[-46.43801518,-23.64187919],[-46.43819299,-23.642011349999997],[-46.43847339,-23.64203742],[-46.43864922,-23.641988000000005],[-46.4388765,-23.64189987],[-46.43910451,-23.641878639999998],[-46.43962287,-23.641845159999995],[-46.4398822,-23.641842749999995],[-46.440075820000004,-23.641869069999995],[-46.44027703,-23.641896429999996],[-46.44063625,-23.64201535],[-46.44084431,-23.64206718],[-46.44114399,-23.64219581],[-46.44133986000001,-23.64231943],[-46.441536,-23.64246694],[-46.44177766,-23.642625980000002],[-46.44195513,-23.642845350000005],[-46.44211951,-23.643052889999993],[-46.44221244,-23.64324915],[-46.44238998,-23.643474490000003],[-46.44255397,-23.643646200000006],[-46.44273047,-23.64377597],[-46.44290677,-23.643887829999997],[-46.44306971,-23.643963970000005],[-46.44325131,-23.643968250000004],[-46.44351602,-23.643864240000003],[-46.44363908,-23.64385114],[-46.44382736,-23.64387328],[-46.44410655,-23.64390652],[-46.44441088,-23.64386785],[-46.44474684,-23.643757199999992],[-46.44496027,-23.64370742],[-46.44517397,-23.643681530000002],[-46.44543959000001,-23.643661139999992],[-46.44566062,-23.64371284],[-46.44581695,-23.643777089999997],[-46.44599993,-23.643906799999996],[-46.44611107,-23.643989389999998],[-46.446299950000004,-23.644065280000003],[-46.44646904,-23.644111490000004],[-46.44662439,-23.644086149999996],[-46.44671489000001,-23.644061409999996],[-46.44690815,-23.643946110000005],[-46.44703048,-23.64386732],[-46.44712047,-23.643794789999998],[-46.44726238,-23.643727759999994],[-46.44765513,-23.64359268],[-46.44801737,-23.643453899999994],[-46.44831524,-23.643418260000008],[-46.44853407000001,-23.643269870000005],[-46.4488274,-23.6431154],[-46.44912492,-23.643046909999992],[-46.44940934,-23.6429666],[-46.44960999,-23.642934860000004],[-46.44988839,-23.642896409999995],[-46.45010883,-23.64289435],[-46.45036148,-23.64287407],[-46.450607,-23.642794110000004],[-46.45090359,-23.642641999999995],[-46.45125906,-23.642537130000004],[-46.45157007,-23.642516300000004],[-46.45176444,-23.642502529999994],[-46.45199745,-23.642464510000003],[-46.45225586000001,-23.642378459999996],[-46.45249364,-23.64218508],[-46.45265347,-23.641979289999995],[-46.45270236,-23.641954959999996],[-46.45272906,-23.64193643],[-46.45275857000001,-23.641905320000003],[-46.45276727,-23.641897520000008],[-46.4528049,-23.641870420000004],[-46.45282431,-23.641851230000004],[-46.45285794,-23.641824349999997],[-46.45288487,-23.641806679999988],[-46.45292991,-23.641777089999998],[-46.45296378,-23.641757359999996],[-46.45298882,-23.641741859999996],[-46.45305456,-23.64170056],[-46.4530909,-23.64167985],[-46.45313006,-23.641659360000006],[-46.45317428,-23.641637679999995],[-46.45322755000001,-23.641598770000005],[-46.45325636,-23.64156593],[-46.45328599,-23.64153752999999],[-46.45332856,-23.641505229999996],[-46.45335855,-23.641491680000005],[-46.45341206,-23.641467499999994],[-46.45345028,-23.641450259999996],[-46.45346733,-23.64144278],[-46.45352437,-23.64142444999999],[-46.45357001,-23.64141057],[-46.45361481,-23.641395499999998],[-46.45365198,-23.64137555],[-46.45368385,-23.641353980000005],[-46.45371419000001,-23.641335979999994],[-46.4537343,-23.64132352],[-46.4537691,-23.641303999999995],[-46.45378404,-23.641296519999997],[-46.45381908000001,-23.64127636],[-46.45383049,-23.641270400000003],[-46.45387365,-23.641245789999992],[-46.4539241,-23.641220749999995],[-46.45395915,-23.641199719999996],[-46.45397067,-23.64119299],[-46.45400771,-23.64116664999999],[-46.45404041,-23.641144319999995],[-46.45405017,-23.641134890000004],[-46.4540745,-23.64110877],[-46.45410367,-23.641081679999996],[-46.45411025,-23.64107431],[-46.45413788,-23.64104277],[-46.45416387000001,-23.641013180000005],[-46.45419785,-23.640973399999996],[-46.45422383,-23.640944030000007],[-46.45426158,-23.64092094],[-46.45428463,-23.64090815],[-46.45432273,-23.640891669999995],[-46.45436272,-23.64088776],[-46.4544113,-23.640889589999997],[-46.45442165000001,-23.64089392],[-46.454454590000005,-23.640915149999998],[-46.45446577,-23.64092369999999],[-46.45450283000001,-23.640947639999993],[-46.454526,-23.64096702999999],[-46.45457906,-23.64098446],[-46.45460623,-23.640989759999997],[-46.45465245,-23.640986819999995],[-46.45470785,-23.640987350000003],[-46.45474772,-23.640984850000002],[-46.4547903,-23.64098592],[-46.45483547,-23.640998259999996],[-46.45488382,-23.64101266000001],[-46.45489875,-23.641012109999984],[-46.45494862,-23.6410017],[-46.45500731,-23.640993119999997],[-46.45506047,-23.640987470000002],[-46.45510517,-23.640985509999993],[-46.4551601,-23.640986469999998],[-46.45517739,-23.64098397],[-46.45522996,-23.640983199999997],[-46.45528466,-23.640984159999995],[-46.45534135,-23.640979369999997],[-46.45539804,-23.64097026],[-46.45542591,-23.64096667],[-46.45546625,-23.6409581],[-46.45550977,-23.640942699999997],[-46.455522,-23.640938799999997],[-46.45556104,-23.640928169999995],[-46.45697082,-23.641268329999996],[-46.45700224,-23.641295950000004],[-46.45701612,-23.641313280000002],[-46.457044950000004,-23.64134871],[-46.45707154,-23.641374050000003],[-46.45710119,-23.641422370000004],[-46.45713096000001,-23.641455410000006],[-46.45716579,-23.641485740000004],[-46.45719943,-23.64150545],[-46.45724049,-23.641525049999995],[-46.45728284,-23.641544329999995],[-46.45732201,-23.64156001999999],[-46.45733566,-23.641566519999998],[-46.45738813,-23.641591860000002],[-46.45742942,-23.641610600000003],[-46.45746706,-23.641628789999995],[-46.457488000000005,-23.641637449999994],[-46.45754011,-23.641658130000003],[-46.45757893,-23.641673509999997],[-46.45763692,-23.641689630000002],[-46.45767833,-23.64171173],[-46.45772245,-23.641732840000007],[-46.45775997,-23.641747029999998],[-46.45777385,-23.64175266],[-46.45781373,-23.64176879],[-46.45785208,-23.641787629999993],[-46.45789867,-23.64180452],[-46.45793784,-23.641823469999995],[-46.45798572000001,-23.64184415],[-46.45802630000001,-23.641857690000002],[-46.45806971,-23.641871430000002],[-46.45810382,-23.64187771],[-46.45814311,-23.641893950000004],[-46.45816652,-23.641904239999995],[-46.45817076000001,-23.641906619999997],[-46.45820881,-23.64191855],[-46.45822804,-23.64190745999999],[-46.45827287,-23.64188701],[-46.45828702,-23.641880049999997],[-46.45832406,-23.64185590999999],[-46.4583427,-23.64182656],[-46.45835525,-23.641805299999994],[-46.45836781,-23.64178405],[-46.45838503,-23.641761649999996],[-46.45841511,-23.641732619999996],[-46.45842148,-23.641729359999992],[-46.45845652,-23.641711629999996],[-46.4584997,-23.641695959999996],[-46.45851692,-23.64167965],[-46.4585431,-23.641646819999995],[-46.45857046,-23.641620289999988],[-46.45861966,-23.641609950000003],[-46.45864019,-23.641602329999998],[-46.45867687,-23.641575689999993],[-46.45868147,-23.641566669999996],[-46.4586929,-23.641524599999993],[-46.458711650000005,-23.641476440000005],[-46.45872367,-23.64145361],[-46.45875021,-23.64140654],[-46.45879621,-23.64137674],[-46.45883679,-23.641362600000004],[-46.45888139,-23.641354979999992],[-46.45892516,-23.6413529],[-46.45893638,-23.64135952000001],[-46.45897202,-23.641391690000003],[-46.45897957,-23.64139755],[-46.45902547,-23.641398519999996],[-46.45904387,-23.641393299999994],[-46.45908929,-23.64136339],[-46.45909896,-23.641344689999993],[-46.45912454,-23.641295009999993],[-46.45917008,-23.641257819999993],[-46.45920522,-23.641218239999994],[-46.45923117,-23.641188449999998],[-46.45926432,-23.641167030000002],[-46.45931044,-23.641146910000007],[-46.45935716,-23.641126019999998],[-46.45940128,-23.64109622999999],[-46.45942357,-23.641077849999995],[-46.45947464,-23.641029900000003],[-46.45952006,-23.64100695],[-46.45957491,-23.640957689999993],[-46.45960109,-23.64092682],[-46.45963376,-23.640886909999992],[-46.45965522000001,-23.640852340000002],[-46.45966088,-23.64084212],[-46.45968777000001,-23.640814719999995],[-46.45970901,-23.64080775999999],[-46.459738990000005,-23.640837750000003],[-46.45978029,-23.640845779999996],[-46.45981733,-23.640820549999997],[-46.45984953,-23.640791089999997],[-46.45986922,-23.64075619],[-46.45989009,-23.640722159999996],[-46.45990707,-23.640687149999998],[-46.45992429,-23.640659969999998],[-46.45996074,-23.640640939999994],[-46.4599939,-23.640659079999992],[-46.46002683,-23.64069613999999],[-46.46006518,-23.640719059999995],[-46.46011544,-23.640709039999994],[-46.4601552,-23.64068000999999],[-46.46017241,-23.640642610000004],[-46.46018208,-23.64062630999999],[-46.46022148,-23.64060715999999],[-46.46028354,-23.64059648999999],[-46.46033887,-23.64058223],[-46.46038134,-23.64057331],[-46.4604257,-23.640568509999998],[-46.46045225,-23.640561869999992],[-46.46051041,-23.64054653],[-46.46054462,-23.640535860000004],[-46.4605839,-23.640503570000003],[-46.46060584,-23.64047269],[-46.46063438,-23.640438770000003],[-46.4606589,-23.640383110000002],[-46.46066927,-23.64035485],[-46.46068389,-23.64031375],[-46.46067928,-23.640287119999993],[-46.46066074,-23.64024832999999],[-46.46063973,-23.64021638],[-46.46063723,-23.640176920000002],[-46.46064313,-23.640164740000003],[-46.46066979,-23.640137779999996],[-46.46067981,-23.640133749999993],[-46.46072393,-23.640118310000005],[-46.46076133,-23.64010949],[-46.4608123,-23.640089690000003],[-46.46083931,-23.64008109],[-46.46088496,-23.64004923],[-46.46091551,-23.640017590000003],[-46.46093249,-23.6400028],[-46.46097048000001,-23.63997931],[-46.46102427,-23.639958859999993],[-46.46106686,-23.639934170000004],[-46.461095050000004,-23.639905789999997],[-46.4611112,-23.639874589999998],[-46.4611388,-23.63984805999999],[-46.46118175,-23.63985261],[-46.46122517,-23.639869120000007],[-46.46123697,-23.639876069999993],[-46.46127451,-23.63990954],[-46.46130413,-23.6399429],[-46.46132561,-23.63996658999999],[-46.46137246,-23.63997907],[-46.4614311,-23.63997286],[-46.46147215,-23.63996024],[-46.46148831,-23.63994382],[-46.46150269,-23.639899900000003],[-46.46151199,-23.639846959999993],[-46.46153546,-23.63982663],[-46.46157970000001,-23.639793249999993],[-46.46161119,-23.639782259999993],[-46.46164281,-23.639758550000003],[-46.46165767,-23.639748760000003],[-46.461692,-23.63972603],[-46.46172326,-23.639705919999997],[-46.46175533,-23.639666560000002],[-46.46176205,-23.63963101],[-46.46178091,-23.639586219999998],[-46.46178408,-23.639559590000005],[-46.46179033,-23.639539259999996],[-46.46179386,-23.63952731],[-46.46179787,-23.639517090000005],[-46.46180823,-23.63949649],[-46.4618337,-23.63946851],[-46.46184982,-23.639455000000005],[-46.46189023,-23.63943107],[-46.46190015,-23.63942751],[-46.4619441,-23.63941632],[-46.46195412,-23.639412],[-46.46198401,-23.63938847],[-46.46199401,-23.639381089999993],[-46.46203622,-23.639359219999996],[-46.46204577,-23.63935382],[-46.46208557,-23.639342109999998],[-46.46209562,-23.639340400000005],[-46.46213564,-23.639342100000007],[-46.46214275,-23.639343150000002],[-46.46218262,-23.639324560000002],[-46.46222777,-23.639301479999993],[-46.46226001,-23.639275529999995],[-46.46229791,-23.639248020000004],[-46.4623367,-23.63922824],[-46.46237849,-23.639213570000003],[-46.46242386,-23.639202589999996],[-46.46246458,-23.639202100000002],[-46.46251042,-23.639206489999996],[-46.46255624,-23.639207820000003],[-46.46260224,-23.639216459999997],[-46.462613870000006,-23.639220529999996],[-46.46265287,-23.63922801],[-46.46268389,-23.639228030000005],[-46.46272597,-23.639221200000005],[-46.46274155,-23.63921433999999],[-46.46279038,-23.639192429999998],[-46.46282248,-23.639149690000004],[-46.46283103,-23.639137310000006],[-46.4628505,-23.639098909999998],[-46.46287069,-23.63906203],[-46.46290275,-23.639028990000003],[-46.46293178,-23.63900252],[-46.46295913,-23.63898751],[-46.46299819,-23.63897121999999],[-46.46300584,-23.6389667],[-46.46303687,-23.638937709999997],[-46.46308149,-23.63890634],[-46.46310262,-23.638891750000003],[-46.46312376,-23.638877159999993],[-46.46314169,-23.63886919],[-46.46318439,-23.638850149999996],[-46.46322142,-23.638832019999995],[-46.46325946000001,-23.638821519999997],[-46.46330291,-23.63882308999999],[-46.46335164,-23.63883377999999],[-46.46338838,-23.638853709999996],[-46.46343812,-23.638872029999998],[-46.46349102,-23.638871140000003],[-46.46353792,-23.638858719999998],[-46.46357837,-23.63883981],[-46.46362133000001,-23.638822730000008],[-46.46367272,-23.63879513],[-46.46371571,-23.638766389999997],[-46.46376095,-23.6387397],[-46.46379404,-23.638717559999996],[-46.46383153,-23.638697469999997],[-46.46391364,-23.638676529999998],[-46.46396576,-23.638696359999994],[-46.46401617,-23.638710529999997],[-46.46403305,-23.638718709999996],[-46.46407865,-23.638738260000004],[-46.46412029,-23.638750299999998],[-46.46416976,-23.638748010000004],[-46.46420671,-23.638735229999995],[-46.46424892,-23.63871401],[-46.46428304,-23.638671809999995],[-46.46430926,-23.638633469999995],[-46.4643278,-23.638597690000005],[-46.46433812,-23.63858541],[-46.46436724,-23.638555329999996],[-46.46440964,-23.638557890000005],[-46.4644566,-23.638568700000004],[-46.46451843,-23.63857330999999],[-46.46456589000001,-23.63857245],[-46.46459195,-23.6385749],[-46.46464392,-23.63857553],[-46.464702700000004,-23.6385698],[-46.46474574,-23.638563189999996],[-46.46478657,-23.63854657],[-46.46483098,-23.63851912],[-46.46487177,-23.638497909999998],[-46.46489266,-23.638489599999993],[-46.46492248,-23.638504340000004],[-46.46493807,-23.638545559999997],[-46.46495472,-23.63858493],[-46.46499128,-23.638613589999995],[-46.4650086,-23.638618489999995],[-46.46506162,-23.638617050000004],[-46.46507476,-23.638617500000002],[-46.4651151,-23.63859957],[-46.4651499,-23.63856836999999],[-46.46517582,-23.638536909999996],[-46.46520331,-23.638510989999997],[-46.46523831,-23.638489710000005],[-46.46529774,-23.638476559999997],[-46.46533602,-23.638466709999996],[-46.46538929,-23.638451639999996],[-46.46542904,-23.63844876],[-46.46546574,-23.638449610000002],[-46.46550757,-23.638455330000003],[-46.46555709,-23.638461109999994],[-46.46557145,-23.63846483],[-46.46559713,-23.63849552],[-46.46559544000001,-23.63853664],[-46.4656008,-23.638586980000003],[-46.4656133,-23.638611109999996],[-46.46565578,-23.638639070000004],[-46.46569751,-23.63864686],[-46.46574457,-23.63867163],[-46.4657628,-23.638702260000002],[-46.46575897,-23.638741869999997],[-46.46576282000001,-23.638765729999996],[-46.46578707,-23.638794249999997],[-46.46581762,-23.638825890000003],[-46.46585807,-23.638851349999996],[-46.46587067,-23.638858029999998],[-46.46592262,-23.638871429999988],[-46.4659815,-23.638878559999995],[-46.46603393,-23.63887702],[-46.46610376,-23.63886009],[-46.46614805,-23.638832969999992],[-46.46619747,-23.638793599999996],[-46.46624851,-23.638750740000006],[-46.46629794,-23.638699700000004],[-46.46633964,-23.63865832],[-46.46638759,-23.638629319999986],[-46.46643674,-23.638601409999996],[-46.46648291,-23.638571879999994],[-46.46651619,-23.638528039999997],[-46.46655795,-23.6384945],[-46.46661346,-23.63846414999999],[-46.46665845,-23.63844913000001],[-46.46671637,-23.638439149999996],[-46.46678295,-23.638430749999998],[-46.46682092,-23.638442709999993],[-46.46686573,-23.638481239999994],[-46.46689224,-23.638511589999997],[-46.46692003,-23.63855394],[-46.46693899,-23.63858587],[-46.46696042,-23.638617899999993],[-46.46698665,-23.638656430000008],[-46.4669994,-23.63868274],[-46.46702924,-23.638744919999997],[-46.46704871,-23.638782519999996],[-46.467066020000004,-23.638816209999998],[-46.46710602000001,-23.638846470000004],[-46.46715881,-23.63882988],[-46.46721388,-23.638818820000004],[-46.46725058,-23.638819450000003],[-46.4672948,-23.63882712],[-46.46734819,-23.6388284],[-46.46739576000001,-23.638811620000002],[-46.46741305,-23.63879679],[-46.467445170000005,-23.63877116999999],[-46.46745179,-23.63877047],[-46.46749812,-23.63879197],[-46.46750849,-23.638800730000003],[-46.46753698,-23.638826390000002],[-46.46754972,-23.638835789999998],[-46.46758737,-23.638822129999994],[-46.46759952,-23.638785739999992],[-46.46763034,-23.638760890000004],[-46.46765071,-23.63876206],[-46.46769071000001,-23.63877674],[-46.46773292,-23.638800120000006],[-46.46776027,-23.63880201],[-46.46780379,-23.638795619999996],[-46.46784854,-23.638782339999995],[-46.46787203,-23.638772699999997],[-46.46792188,-23.63875994],[-46.46797003,-23.638757109999997],[-46.46802402,-23.638757839999997],[-46.4680707,-23.638764080000005],[-46.4680948,-23.63877253],[-46.46815722,-23.638792179999996],[-46.46820298,-23.63880104],[-46.46822748,-23.638801639999997],[-46.46829716,-23.63879518],[-46.46835142,-23.63878621],[-46.46837434,-23.63878104],[-46.46842445,-23.638771109999997],[-46.46848188,-23.638773449999995],[-46.46850574,-23.63878168999999],[-46.46856751,-23.63880985],[-46.46863173,-23.638832219999998],[-46.46866887,-23.638844950000003],[-46.46872735,-23.638860589999997],[-46.46876902,-23.63886009999999],[-46.46882382,-23.638860059999992],[-46.46889852,-23.63884582],[-46.4689517,-23.638833690000002],[-46.46900587,-23.63882832],[-46.46904518,-23.638830019999993],[-46.46908697,-23.63883094],[-46.46913042,-23.638831850000003],[-46.46919553,-23.638832289999996],[-46.4692651,-23.638827910000003],[-46.46930987,-23.638831969999995],[-46.46936742,-23.63884915],[-46.46941954,-23.638853819999998],[-46.46944534,-23.638853859999998],[-46.46951811,-23.638849999999998],[-46.46955788,-23.63884865],[-46.46961199,-23.63883542],[-46.46968512000001,-23.638818029999996],[-46.46972423,-23.63880872],[-46.4697788,-23.63879309],[-46.46980845,-23.638785809999995],[-46.46984673,-23.63877574],[-46.46989021,-23.63876564],[-46.46993537,-23.638758140000004],[-46.4699981,-23.638757289999997],[-46.47004107,-23.638757760000008],[-46.47008628,-23.638757249999998],[-46.47013114,-23.638756619999995],[-46.47015624,-23.638756890000003],[-46.47022796,-23.638740169999995],[-46.47026651,-23.638720389999992],[-46.47031874,-23.638693759999995],[-46.47035192,-23.638683399999994],[-46.47042814,-23.638666429999997],[-46.47046884,-23.638663109999996],[-46.47051001,-23.638660650000002],[-46.47057181000001,-23.63864705],[-46.470613390000004,-23.638636299999998],[-46.4706609,-23.638625949999998],[-46.47070439,-23.6386165],[-46.47076288,-23.63860358],[-46.47080465,-23.63860123],[-46.47085104,-23.638600479999997],[-46.47090669,-23.63860250999999],[-46.47094749,-23.63859777],[-46.47099031,-23.63859399],[-46.47103238,-23.63858498999999],[-46.47106771,-23.638576800000006],[-46.47110716,-23.63856541],[-46.47114616,-23.63855774],[-46.47119346,-23.63855132],[-46.47126255,-23.638546059999992],[-46.47130714,-23.63854173],[-46.47133727,-23.638564970000004],[-46.47133959,-23.63857422],[-46.47133637,-23.63861654999999],[-46.47136859,-23.638649270000002],[-46.47138755,-23.638652639999997],[-46.47143347,-23.638651019999983],[-46.47149356,-23.638645819999997],[-46.4715414,-23.63864791],[-46.47161619,-23.63865995],[-46.47165731,-23.63866567000001],[-46.47170809,-23.6386661],[-46.47173441,-23.638671809999998],[-46.47178460000001,-23.638687069999992],[-46.4718333,-23.638707470000003],[-46.47187974,-23.638712390000006],[-46.47192914,-23.638717400000004],[-46.47199816,-23.638719449999996],[-46.47203203,-23.638721629999996],[-46.47207802,-23.638728949999994],[-46.47211759,-23.63874908],[-46.4721379,-23.638772500000005],[-46.47216349,-23.63880592],[-46.472189060000005,-23.638836279999992],[-46.47220395000001,-23.638863010000005],[-46.47220922,-23.638870390000005],[-46.47221599,-23.638873939999996],[-46.47222831,-23.638874949999995],[-46.47225006,-23.63887066],[-46.47228206,-23.638860739999995],[-46.47231051,-23.638851500000005],[-46.4723417,-23.638843440000002],[-46.47238753,-23.638830919999997],[-46.47240351,-23.638816209999998],[-46.47243645,-23.638790249999996],[-46.47246202,-23.638759980000003],[-46.47248919,-23.638722950000002],[-46.47251562,-23.638680679999993],[-46.47254316,-23.638630989999996],[-46.4725808,-23.63860021],[-46.47260136,-23.638564959999997],[-46.47261909,-23.638532119999997],[-46.47263247,-23.63851742],[-46.47267196,-23.638481390000006],[-46.47271270000001,-23.63843805],[-46.47276364,-23.638383399999995],[-46.47279778,-23.638358969999988],[-46.47285469,-23.638325109999997],[-46.47288235,-23.638305630000005],[-46.47294812,-23.63826921],[-46.47300202,-23.638244749999988],[-46.4730294,-23.638233439999997],[-46.47308391,-23.638196329999996],[-46.47310909,-23.638160939999995],[-46.47313371,-23.63811552],[-46.47317154,-23.638064349999997],[-46.47322209,-23.638020170000004],[-46.47324648,-23.63799013],[-46.47326059,-23.637962889999997],[-46.47327583,-23.637929090000004],[-46.47328738,-23.63789237],[-46.4732917,-23.637853849999996],[-46.47328769,-23.63781146],[-46.47327076,-23.637764899999997],[-46.47325018000001,-23.63772240000001],[-46.473239,-23.637684750000002],[-46.47324732,-23.637658520000006],[-46.47327417,-23.63762683],[-46.47329719,-23.63761828],[-46.47334301,-23.63760531999999],[-46.47337628,-23.637605860000004],[-46.47342136,-23.637617999999996],[-46.47344728,-23.6376175],[-46.47349136,-23.637593210000002],[-46.47351297,-23.637556750000005],[-46.47353615,-23.63750938],[-46.47357431,-23.63746954999999],[-46.47362412,-23.637435740000008],[-46.47367066,-23.6373929],[-46.47369115,-23.637349579999995],[-46.47370469,-23.637279159999995],[-46.47370675,-23.63724076],[-46.47371626,-23.637199800000005],[-46.47371941,-23.637148529999997],[-46.47371387,-23.63709219],[-46.47367314,-23.63705931],[-46.47363829,-23.637039149999993],[-46.47360157,-23.637020099999997],[-46.47356715,-23.636993389999994],[-46.4735515,-23.63697463],[-46.47352572,-23.6369326],[-46.47351686,-23.636919360000004],[-46.47349574,-23.6368854],[-46.47349336,-23.636881569999996],[-46.47348737,-23.63685707],[-46.47350634,-23.6368154],[-46.47354486,-23.636762039999997],[-46.47356414,-23.6367293],[-46.47358408,-23.636691330000005],[-46.47360004,-23.63665797],[-46.47361349,-23.636622330000005],[-46.4736218,-23.636595229999998],[-46.47363802,-23.636535469999995],[-46.47366346,-23.636473910000003],[-46.473687180000006,-23.636434819999998],[-46.4737285,-23.63637511999999],[-46.47375223,-23.636337119999997],[-46.47377304,-23.636304270000004],[-46.47381423,-23.636258519999995],[-46.47385507,-23.636213109999996],[-46.47387269,-23.636180599999992],[-46.47389288,-23.636143719999993],[-46.47390842000001,-23.636118639999996],[-46.47394272,-23.636053859999997],[-46.47396137,-23.63601731],[-46.47398054000001,-23.63597172],[-46.47400663,-23.635902520000005],[-46.47402328,-23.635866749999998],[-46.47403824,-23.635826840000004],[-46.47405713,-23.635775359999997],[-46.47409191,-23.635712749999993],[-46.4741132,-23.635680110000003],[-46.47413738,-23.635639279999992],[-46.47415764,-23.63559661999999],[-46.4741822,-23.63554248],[-46.47420149,-23.635497860000008],[-46.474215820000005,-23.635467339999998],[-46.47424989,-23.635420109999995],[-46.47427759,-23.635375759999995],[-46.47431599,-23.635336360000004],[-46.47434793,-23.635302999999993],[-46.47438417,-23.635260339999995],[-46.47440535,-23.6352289],[-46.47442072,-23.63521211],[-46.47446127,-23.635190909999988],[-46.47446836,-23.635188239999998],[-46.47451458,-23.635166339999998],[-46.47454547,-23.635135279999993],[-46.47457038,-23.635111989999995],[-46.47460059,-23.63508464],[-46.47463291,-23.635055739999995],[-46.47466375,-23.63501857],[-46.47470559,-23.634979469999998],[-46.47476318,-23.63492718],[-46.47479218,-23.634897439999996],[-46.47481934,-23.634858440000006],[-46.47485422,-23.63482342],[-46.4748966,-23.63477854],[-46.47494467,-23.634734919999996],[-46.4749726,-23.634704199999995],[-46.475012500000005,-23.634675479999995],[-46.47505377,-23.63464063],[-46.47508595,-23.634607710000008],[-46.47510247,-23.634585899999998],[-46.47513869000001,-23.634526549999997],[-46.47515629,-23.634491209999997],[-46.47517332,-23.63444366],[-46.475186300000004,-23.634409339999994],[-46.47520032,-23.63437053],[-46.47521504,-23.634329979999997],[-46.47522755,-23.63429521999999],[-46.47524407,-23.634258690000003],[-46.47525781,-23.634230029999994],[-46.47527329,-23.634196439999993],[-46.47528827,-23.6341596],[-46.47530265,-23.634121550000007],[-46.47532174,-23.634080209999997],[-46.47535231,-23.63400814],[-46.47536594,-23.63396618],[-46.47538248,-23.633916450000005],[-46.47540765,-23.63386547],[-46.47542206,-23.633831789999995],[-46.47543445,-23.63379648],[-46.4754518,-23.633759829999995],[-46.47547933,-23.633708179999992],[-46.4754978,-23.633663460000005],[-46.47551936,-23.63362089999999],[-46.47553748,-23.633562],[-46.47553831,-23.633556499999997],[-46.47554209,-23.63353133],[-46.47554333,-23.633492830000005],[-46.47553622,-23.633446529999997],[-46.47550218,-23.63340783],[-46.47546962,-23.63336137],[-46.47544969,-23.633325299999996],[-46.47541852,-23.633274909999997],[-46.47539321,-23.633217510000005],[-46.47538595,-23.63316696],[-46.47538628,-23.63314798],[-46.47539962,-23.63309882],[-46.47543457,-23.633042209999992],[-46.47545666,-23.633006839999993],[-46.47547836,-23.632981510000004],[-46.47550298000001,-23.63295125],[-46.47552887,-23.632916289999997],[-46.47555428,-23.63288199],[-46.47558126,-23.632835250000003],[-46.47561023,-23.632771909999995],[-46.47561886,-23.63272497],[-46.475622,-23.632687760000003],[-46.47562134,-23.632663340000004],[-46.47560714,-23.632603680000006],[-46.47558809,-23.632559099999998],[-46.47556724,-23.632512240000004],[-46.47554803,-23.63244694],[-46.47554236,-23.632373589999997],[-46.47554396,-23.632335630000004],[-46.475548370000006,-23.632294160000004],[-46.4755543,-23.63223524],[-46.47555671,-23.632165319999995],[-46.47555697,-23.632123559999993],[-46.47555641,-23.63206675],[-46.475555400000005,-23.632028149999993],[-46.47555566,-23.631986610000006],[-46.47555794,-23.631945149999993],[-46.47555986,-23.631902720000003],[-46.47555846,-23.631859880000004],[-46.47555585,-23.631799699999995],[-46.47555296,-23.63176264],[-46.47554993,-23.63172374],[-46.47554902,-23.6316835],[-46.47555011,-23.631640969999996],[-46.47555219,-23.631604749999997],[-46.47555474,-23.63156766000001],[-46.47555539,-23.63154486],[-46.47555648,-23.631502770000004],[-46.47556555,-23.631466169999996],[-46.47558999000001,-23.631428389999993],[-46.47560591,-23.631391319999988],[-46.47562743,-23.631342210000003],[-46.47564094,-23.631314419999992],[-46.47567478,-23.631253129999997],[-46.4756936,-23.63120699],[-46.4757012,-23.63116518],[-46.475693250000006,-23.631117470000003],[-46.47565914,-23.63107026],[-46.47562235,-23.63104204],[-46.4755995,-23.63102628],[-46.47554799000001,-23.63099402],[-46.47550077,-23.63094919],[-46.47547521,-23.630919909999996],[-46.47545647,-23.630884709999997],[-46.4754488,-23.630841799999995],[-46.47546635,-23.630801220000006],[-46.47550571,-23.63077958999999],[-46.47556086,-23.630762970000003],[-46.47559857,-23.630741350000005],[-46.47561456,-23.630727719999996],[-46.47565104,-23.630686150000006],[-46.47566779,-23.63064829999999],[-46.47568786,-23.630611309999992],[-46.47570165,-23.63058876],[-46.47573565,-23.63053280999999],[-46.475777240000006,-23.630477679999995],[-46.47580981,-23.630435369999997],[-46.47585273,-23.63038405],[-46.47588993,-23.63032754],[-46.4759176,-23.630293549999994],[-46.47596571,-23.630241099999992],[-46.475994230000005,-23.630210049999995],[-46.47603652,-23.630169199999994],[-46.47607095,-23.630136810000003],[-46.47610352,-23.630109649999998],[-46.47614552,-23.630076769999995],[-46.47617278,-23.630050630000003],[-46.47620669,-23.630028379999995],[-46.47624617,-23.63000707],[-46.47626315,-23.62999845],[-46.47631361,-23.62997238],[-46.47634663,-23.629957769999997],[-46.476386240000004,-23.62993678],[-46.47640331,-23.629925660000005],[-46.47645008,-23.62989775],[-46.47649456,-23.629848929999998],[-46.47652242,-23.62980905],[-46.47656446,-23.629751519999992],[-46.47658466,-23.62971617],[-46.47660215,-23.629667959999995],[-46.47661489,-23.629632110000003],[-46.47662877,-23.629590800000003],[-46.476641820000005,-23.629549160000003],[-46.47664957,-23.62951182],[-46.47665723,-23.62946248],[-46.47667518000001,-23.629396060000005],[-46.47668802,-23.629358129999996],[-46.47670157,-23.629320420000003],[-46.47672043,-23.62927995],[-46.47674573,-23.629230819999997],[-46.47677788,-23.62916496],[-46.47679157,-23.629129749999993],[-46.47679836,-23.629090229999996],[-46.47681193,-23.629054269999997],[-46.47683082,-23.629003650000005],[-46.47684442,-23.62895667],[-46.4768585,-23.628910340000004],[-46.47687267,-23.62887666],[-46.47688941,-23.62883795000001],[-46.47690447,-23.628795539999995],[-46.47690771,-23.628786790000003],[-46.47691843,-23.628750409999988],[-46.4769302,-23.628711949999996],[-46.47694358,-23.628681429999993],[-46.47695134,-23.628645830000004],[-46.4769583,-23.628626599999997],[-46.47697047,-23.62859455999999],[-46.47698522000001,-23.628543210000004],[-46.47699455,-23.62851076],[-46.47700698,-23.62846619],[-46.47702079,-23.628430879999993],[-46.4770259,-23.62841863],[-46.47704601,-23.62837128],[-46.47706064,-23.62833541],[-46.47707644,-23.62828286],[-46.47708698,-23.62823808],[-46.47709824,-23.62819417],[-46.47711165,-23.628153289999997],[-46.47712553,-23.628112640000005],[-46.47713531000001,-23.628076689999997],[-46.47714012,-23.62805637999999],[-46.47714642,-23.6280149],[-46.47715026,-23.62797638],[-46.47715872,-23.627938379999996],[-46.47717015,-23.627901120000004],[-46.47717767,-23.627863769999998],[-46.47718257,-23.627840079999988],[-46.47718965,-23.627791939999998],[-46.47719482,-23.62774185],[-46.47719808,-23.62771991],[-46.47720532,-23.62767799],[-46.47721327000001,-23.62763432],[-46.47721646,-23.627589159999992],[-46.47722154,-23.627542450000004],[-46.47722386,-23.62752181999999],[-46.47722816,-23.627481559999993],[-46.47723259,-23.62744293],[-46.47724145,-23.627395320000005],[-46.47724434,-23.627371750000002],[-46.47724728,-23.62732374999999],[-46.47725202,-23.62727912],[-46.47725481,-23.62725805],[-46.47725766,-23.627213650000005],[-46.4772533,-23.62717072],[-46.47725766,-23.62712358],[-46.47725818,-23.62706818],[-46.47725652,-23.627022719999992],[-46.47725786,-23.626983239999994],[-46.47725734,-23.626932100000005],[-46.47725881,-23.62689316],[-46.47725531,-23.626854260000005],[-46.47725904,-23.62681694],[-46.47726276,-23.626778089999995],[-46.47726484,-23.626741219999992],[-46.47726615,-23.626697379999996],[-46.47726068,-23.626648890000002],[-46.47726021,-23.626634169999996],[-46.47726382,-23.626596959999993],[-46.47726914,-23.626550910000002],[-46.477264700000006,-23.626513099999997],[-46.47725763,-23.626472029999995],[-46.477252850000006,-23.626436079999998],[-46.47723968,-23.626400730000004],[-46.47723927,-23.626378709999997],[-46.47724127,-23.62636212],[-46.47724519,-23.62631891],[-46.47724699,-23.62630777],[-46.4772488,-23.626288529999997],[-46.47725147,-23.626260090000002],[-46.4772666,-23.62621256],[-46.47727957000001,-23.62617539],[-46.47729222,-23.62612907],[-46.47729685,-23.62608477],[-46.47730134,-23.626069370000003],[-46.47731653,-23.626029020000004],[-46.47732972,-23.626005710000005],[-46.47734793,-23.62597266],[-46.47737392,-23.625936719999995],[-46.47739301,-23.625926339999996],[-46.47743213,-23.62590296],[-46.47747845,-23.625878550000007],[-46.47752397,-23.62585709],[-46.47757215,-23.62584368],[-46.47761879,-23.62582909],[-46.47766875,-23.625815559999992],[-46.4777128,-23.625803599999994],[-46.47774919,-23.62579507],[-46.47778697,-23.62578304],[-46.47783972,-23.625762950000002],[-46.47789481,-23.625739129999992],[-46.47794777,-23.625716639999997],[-46.47798526,-23.62569698],[-46.47802184,-23.625682560000005],[-46.4780616,-23.625667140000004],[-46.4781023,-23.625649529999993],[-46.478129890000005,-23.62563669],[-46.47819145,-23.625607710000004],[-46.47825942,-23.625581959999998],[-46.478314,-23.625553999999998],[-46.47836266,-23.625540589999993],[-46.47840973,-23.62553613],[-46.47845105,-23.625536840000002],[-46.47847367,-23.62553854],[-46.47852421,-23.625538529999996],[-46.47856441,-23.6255339],[-46.47859423,-23.62553305],[-46.47866073,-23.6255302],[-46.478723,-23.625532180000008],[-46.47878977,-23.625533699999995],[-46.47884848,-23.625535269999997],[-46.47888886,-23.625537729999998],[-46.47894399,-23.62553452],[-46.47898696,-23.625519189999995],[-46.47903383,-23.625504590000002],[-46.47908129,-23.62548965999999],[-46.47912668,-23.62546634],[-46.47916923,-23.625444359999996],[-46.47919448,-23.62543416],[-46.47924945,-23.625410450000004],[-46.47930876,-23.62538181],[-46.47934893000001,-23.62535788],[-46.47938887,-23.62533482],[-46.4794378,-23.625310830000004],[-46.47949524,-23.625285039999998],[-46.47953819,-23.625268179999996],[-46.47956345,-23.6252595],[-46.47961714,-23.62523875],[-46.4796598,-23.62521426],[-46.47969354,-23.625201159999996],[-46.47973816,-23.625185379999998],[-46.47975067,-23.625180499999992],[-46.47978687,-23.62516336],[-46.47981961,-23.625142420000003],[-46.47986893000001,-23.62504033],[-46.48003862,-23.62490968],[-46.48027415,-23.62475332],[-46.48056397,-23.6245821],[-46.48079921,-23.624400659999996],[-46.48105074,-23.62428357],[-46.48132985,-23.624198470000003],[-46.48140789,-23.62415516],[-46.48165844,-23.624016129999998],[-46.48182119,-23.62396081],[-46.481999550000005,-23.623908929999995],[-46.48220706,-23.623814930000005],[-46.48222785,-23.623795050000002],[-46.48224007,-23.623782979999998],[-46.48226062,-23.623762879999997],[-46.48227807,-23.62374303],[-46.48229434,-23.623741919999997],[-46.48234137,-23.623733039999994],[-46.48236989,-23.623727509999995],[-46.48241499,-23.623715610000005],[-46.48246321,-23.623707149999998],[-46.48251491,-23.623693869999997],[-46.48253246,-23.623689219999996],[-46.4825879,-23.62367307],[-46.482626450000005,-23.623656770000004],[-46.48267872,-23.623650879999996],[-46.48272044,-23.623642600000004],[-46.48276181,-23.62363465],[-46.48281105,-23.62363250000001],[-46.48285152,-23.62362804],[-46.48289094,-23.623624359999997],[-46.48293118,-23.623629590000004],[-46.48298173,-23.623627970000005],[-46.48300447,-23.623632519999994],[-46.48304475,-23.623650049999995],[-46.48308522,-23.62367378],[-46.48313122,-23.623705069999996],[-46.48317973,-23.623738189999997],[-46.48320328,-23.62374991],[-46.48325971,-23.623774449999996],[-46.48329719,-23.62378559],[-46.4833432,-23.623798599999997],[-46.48340598,-23.623820460000005],[-46.48347682,-23.62384442],[-46.48352568,-23.62386817],[-46.4835949,-23.62389432],[-46.48363319,-23.623904680000006],[-46.48368489,-23.623909470000008],[-46.48374708,-23.623912939999997],[-46.48378772,-23.623912729999997],[-46.48384129,-23.623907160000005],[-46.48387425,-23.62390692],[-46.48391186,-23.623905810000004],[-46.48394418,-23.623904869999997],[-46.48398501,-23.623901390000004],[-46.48402582,-23.62389529],[-46.48407526,-23.623890309999993],[-46.48410644,-23.62388975999999],[-46.48418168,-23.623887330000002],[-46.48422714,-23.623885210000005],[-46.48428192,-23.623872769999995],[-46.48436189,-23.623842749999994],[-46.48440709,-23.623829209999997],[-46.48445318,-23.62381152],[-46.48450075,-23.623779889999994],[-46.48454857,-23.623740529999996],[-46.484560970000004,-23.623693159999995],[-46.48457743,-23.623631380000003],[-46.48458833,-23.623595790000003],[-46.48460269,-23.623526739999996],[-46.48461007,-23.62348433],[-46.48461873,-23.623440260000002],[-46.48461983,-23.623387899999997],[-46.48463224,-23.62331342999999],[-46.48463923,-23.623268079999995],[-46.48464739,-23.6232225],[-46.48465479,-23.623182259999997],[-46.48467289,-23.623137229999998],[-46.48468183,-23.623106120000003],[-46.48469260000001,-23.623070409999993],[-46.48470397,-23.62303503],[-46.48472204,-23.622979000000004],[-46.48475295,-23.622919469999996],[-46.48480062,-23.622886639999997],[-46.48485958,-23.622868269999998],[-46.48490492,-23.62286518],[-46.48492917,-23.622868080000003],[-46.48497931,-23.62288975],[-46.48503705,-23.622923849999996],[-46.48507049,-23.622943199999995],[-46.48512336,-23.622965599999997],[-46.48517757,-23.622973079999994],[-46.48523944,-23.62297906],[-46.48527942,-23.622983209999997],[-46.48532265,-23.62298144],[-46.485363,-23.622977089999996],[-46.48541441,-23.622987210000005],[-46.4854356,-23.622988440000007],[-46.48546702,-23.62299025],[-46.48550986,-23.622994490000007],[-46.48552558,-23.62299605],[-46.48558351,-23.622989660000002],[-46.48565713,-23.622981040000003],[-46.48570701,-23.622973000000005],[-46.48575986,-23.622966350000002],[-46.48581284,-23.622951639999993],[-46.48585785,-23.62294202],[-46.48590723,-23.622932459999998],[-46.48595709,-23.622922459999998],[-46.48601821,-23.622907120000004],[-46.48606354000001,-23.62290337],[-46.48611263,-23.622899150000006],[-46.4861559,-23.622891390000003],[-46.48621837,-23.622870809999995],[-46.48625751,-23.62286253999999],[-46.48630187,-23.62285817],[-46.48634766,-23.6228542],[-46.48640855,-23.622847889999996],[-46.486449900000004,-23.622847670000002],[-46.48649634,-23.622848589999997],[-46.48654691,-23.62284871],[-46.48659171,-23.62284965],[-46.48663257,-23.62284856000001],[-46.48666737,-23.622853200000005],[-46.48670796,-23.622858100000002],[-46.4867496,-23.622862660000006],[-46.48680764,-23.622882829999998],[-46.48683505,-23.622901479999996],[-46.48686538,-23.622926619999994],[-46.48689531,-23.622957430000003],[-46.48692038,-23.62298688],[-46.48694460000001,-23.623023949999993],[-46.48696313,-23.623059559999994],[-46.48698476,-23.623097539999996],[-46.48700705,-23.623131359999995],[-46.48703748,-23.623164340000002],[-46.48705444,-23.62318843],[-46.48707692,-23.623218339999994],[-46.48710334,-23.623252019999992],[-46.48713117,-23.62328459],[-46.48715731,-23.623315219999995],[-46.487199,-23.623360059999996],[-46.48722893,-23.623390869999998],[-46.48726016,-23.62342133],[-46.48730246,-23.623458760000002],[-46.48732492,-23.623478549999998],[-46.48735454,-23.623503049999997],[-46.487387,-23.623528820000008],[-46.48742945,-23.623559279999995],[-46.48745037,-23.623578319999996],[-46.48750729,-23.623631919999998],[-46.48753597,-23.623657300000005],[-46.48756767,-23.623687979999996],[-46.48762104,-23.623740519999995],[-46.48765213,-23.62376958],[-46.48765691,-23.62377515999999],[-46.48768847,-23.623811959999998],[-46.48774385,-23.623865029999997],[-46.48779044,-23.623905240000006],[-46.48781459,-23.62392719],[-46.48784479,-23.62395201],[-46.48787998,-23.623977860000004],[-46.48793411,-23.62400721999999],[-46.48796207,-23.624022259999993],[-46.48802974,-23.62405713],[-46.48808979,-23.62405007],[-46.48814765,-23.624056530000004],[-46.48819873,-23.624059689999996],[-46.48824153,-23.624061409999996],[-46.488264470000004,-23.624062910000003],[-46.48831727,-23.624061579999996],[-46.48837857,-23.624050920000002],[-46.48843429,-23.624037369999996],[-46.48846915,-23.624029169999996],[-46.48850767,-23.62401951],[-46.48855006,-23.624008169999996],[-46.48858869,-23.62399862],[-46.48864139,-23.62398924],[-46.48865786,-23.623988709999992],[-46.48867139,-23.623988269999995],[-46.4887413,-23.623985559999998],[-46.488803360000006,-23.623997530000004],[-46.48888206,-23.624016929999993],[-46.48893949,-23.624026449999995],[-46.48897038,-23.62403983],[-46.48900933000001,-23.624054870000002],[-46.4890531,-23.624068880000003],[-46.48909695,-23.624079299999995],[-46.48916465,-23.624088150000006],[-46.48920851,-23.624099659999995],[-46.48925417,-23.624113209999997],[-46.48929499,-23.62412649],[-46.48933935,-23.624140170000004],[-46.48937193,-23.624155929999993],[-46.48940689,-23.624173399999993],[-46.48944633,-23.624190399999996],[-46.48948968,-23.62421715],[-46.48951834,-23.624240999999998],[-46.48954873,-23.62427071999999],[-46.48959474,-23.62432095],[-46.48961248,-23.624359279999997],[-46.48963701,-23.624402009999997],[-46.48966001,-23.624445519999995],[-46.48967571,-23.624481809999995],[-46.48969891000001,-23.624531300000005],[-46.48971317000001,-23.624565220000004],[-46.48972461,-23.624581970000005],[-46.48975677000001,-23.624611990000002],[-46.48976609,-23.624620159999996],[-46.48980072,-23.624639060000003],[-46.48983719,-23.62465467],[-46.48984667,-23.624657180000003],[-46.48987147,-23.624665079999993],[-46.48991313,-23.624680409999996],[-46.48994797,-23.624688530000004],[-46.48996468,-23.624692379999992],[-46.48997144,-23.62469416],[-46.489992650000005,-23.624698609999992],[-46.49002856,-23.624707259999994],[-46.49005723,-23.624713269999994],[-46.49008724,-23.62471639999999],[-46.49027116,-23.624711710000003],[-46.49035895000001,-23.62471076],[-46.49043293,-23.62469980999999],[-46.49056878,-23.624673570000002],[-46.49081895,-23.624604389999995],[-46.49090093,-23.624573709999996],[-46.49106061,-23.624521409999996],[-46.49110488,-23.62451009],[-46.49115815,-23.62449485],[-46.49119821,-23.624484980000002],[-46.4912516,-23.624470230000004],[-46.49132012,-23.624455769999994],[-46.49139707,-23.624441399999995],[-46.49155896,-23.62441863],[-46.49183081,-23.62436865],[-46.49191723,-23.62434755],[-46.49197262,-23.624334330000003],[-46.49202137,-23.624324010000006],[-46.49210172,-23.624304819999995],[-46.49216237,-23.624296719999997],[-46.4921923,-23.62429475],[-46.49221783,-23.624295469999996],[-46.49224597,-23.624295679999996],[-46.49227831,-23.624299680000007],[-46.49230504,-23.624303659999992],[-46.49232194,-23.62430988999999],[-46.49239006,-23.62434267],[-46.49244349,-23.624374769999996],[-46.49249689,-23.62441483],[-46.49251853,-23.624432699999996],[-46.49254943,-23.624464129999996],[-46.49261486,-23.624533989999996],[-46.49265918,-23.624586779999998],[-46.49275162,-23.624678969999998],[-46.49279292,-23.62472242],[-46.49282524,-23.62475807999999],[-46.49284394,-23.62478430999999],[-46.49287411,-23.624838759999996],[-46.49288177,-23.624858559999996],[-46.4929488,-23.625002699999996],[-46.49298443,-23.62507932],[-46.49309119,-23.62528047],[-46.49310744,-23.625311209999996],[-46.49312507,-23.625338139999993],[-46.49314013,-23.625357220000005],[-46.49316196,-23.625378969999993],[-46.49319487,-23.62539447],[-46.49325512000001,-23.625400270000007],[-46.4935325,-23.625367670000003],[-46.49390191,-23.625323019999996],[-46.4939775,-23.625318139999997],[-46.49405224,-23.625302829999992],[-46.49410403,-23.625284449999995],[-46.49412831,-23.625271200000004],[-46.49416547,-23.625249150000005],[-46.49427169,-23.62517924999999],[-46.49438469,-23.625104930000003],[-46.49442752,-23.62507105],[-46.49445796,-23.625036330000004],[-46.49448324,-23.625002139999996],[-46.49448886,-23.62499455],[-46.49451622,-23.62495022],[-46.49453745000001,-23.624905329999997],[-46.4945565,-23.624865379999996],[-46.49458655,-23.6248239],[-46.49461361,-23.62480324],[-46.49466833,-23.624769019999995],[-46.49469387,-23.624751219999993],[-46.49472356,-23.62473528],[-46.49477926,-23.624696780000004],[-46.49487407,-23.624636999999996],[-46.49491849,-23.624614739999988],[-46.49498181,-23.624595749999997],[-46.49504834,-23.62457877],[-46.49512164,-23.62457586],[-46.4951629,-23.624569649999994],[-46.49520685,-23.62456117],[-46.49526927,-23.624542550000005],[-46.49532313,-23.624524410000003],[-46.49548919,-23.624445919999996],[-46.49554335,-23.624418580000007],[-46.495593510000006,-23.624392659999998],[-46.49564192,-23.624372710000003],[-46.49567288000001,-23.62436596],[-46.49580732,-23.62434713],[-46.4958779,-23.624349769999995],[-46.49594139,-23.624361970000006],[-46.49610697,-23.62441829],[-46.49622627,-23.624457859999996],[-46.49647329,-23.624542419999994],[-46.49656709,-23.62459895],[-46.49671678,-23.624688299999995],[-46.49688702,-23.624764919999997],[-46.49701621,-23.624808910000002],[-46.49719398,-23.62485851],[-46.49728821,-23.624877039999994],[-46.49732985,-23.624883249999993],[-46.49736836,-23.624886249999996],[-46.49741598,-23.624887839999996],[-46.49746228,-23.62488944],[-46.49759543,-23.62487363],[-46.49774555,-23.62482739],[-46.49787674,-23.624765709999995],[-46.49797239,-23.62471340999999],[-46.49807326,-23.624654369999995],[-46.49811558,-23.62461759],[-46.49824095000001,-23.624463830000007],[-46.49840982,-23.624199309999998],[-46.49847128,-23.624092889999996],[-46.49855789,-23.62396588],[-46.49859983,-23.623905790000002],[-46.498660470000004,-23.6238416],[-46.49871445,-23.623801730000004],[-46.49876451,-23.623782799999994],[-46.498821420000006,-23.62377345],[-46.4988903,-23.62377258],[-46.49899546,-23.623772280000004],[-46.49929121,-23.62377050999999],[-46.49972263,-23.623788649999998],[-46.49996211,-23.62380423],[-46.49999997,-23.623807509999995],[-46.5002808,-23.623897470000003],[-46.50041643,-23.62396171],[-46.5005592,-23.624036659999998],[-46.500723380000004,-23.624143739999994],[-46.50079833,-23.624222260000003],[-46.50087329000001,-23.624315059999997],[-46.50093039,-23.624382879999995],[-46.50105888,-23.624468539999995],[-46.50118738,-23.624564900000003],[-46.50126947,-23.62463986],[-46.50145863,-23.624746929999993],[-46.50158713,-23.624796900000003],[-46.50172989,-23.624864719999998],[-46.50180841000001,-23.624889699999997],[-46.50197974,-23.624964649999995],[-46.50212607,-23.62503604],[-46.50229382,-23.62511456],[-46.50245087,-23.625200219999996],[-46.50254724,-23.625275169999995],[-46.50263647,-23.625364399999995],[-46.50272927000001,-23.625414369999998],[-46.50284348,-23.625467910000005],[-46.5029684,-23.625478620000003],[-46.50306834,-23.625492889999997],[-46.503168280000004,-23.625475049999995],[-46.50328606,-23.62547148],[-46.50335031,-23.62548576],[-46.50346809,-23.625517879999997],[-46.50356803,-23.625560709999995],[-46.50368938,-23.62557142],[-46.50388925,-23.62559997],[-46.504014180000006,-23.62559997],[-46.5042319,-23.6255964],[-46.50477798,-23.625624949999995],[-46.50522056,-23.625721319999993],[-46.50548468,-23.625764149999995],[-46.50568456,-23.625803410000003],[-46.50586659,-23.625810549999997],[-46.50602363,-23.62581412],[-46.50614498,-23.62581055],[-46.5062699,-23.62580698],[-46.5064091,-23.62573203],[-46.50653759,-23.625657079999996],[-46.50668036,-23.62559283],[-46.50695519,-23.6255036],[-46.50714079,-23.62543579],[-46.50736922,-23.62534656],[-46.50746558,-23.625303730000006],[-46.50769758,-23.625143110000003],[-46.50793672,-23.624957520000002],[-46.50814373,-23.624807610000005],[-46.50844354,-23.62457918],[-46.50870409,-23.624411429999995],[-46.50880403,-23.624350749999998],[-46.50950002,-23.623972420000005],[-46.50987836,-23.62376897],[-46.50996045000001,-23.623711869999998],[-46.51003897,-23.6236155],[-46.51017817,-23.623362089999997],[-46.5103138,-23.62315864],[-46.51037091,-23.623062269999995],[-46.51067786,-23.62263397],[-46.51076352,-23.622516189999995],[-46.51090271,-23.622376989999992],[-46.51101693,-23.622280620000005],[-46.51113471,-23.62219853],[-46.51124893,-23.622144990000002],[-46.51138812,-23.622120009999993],[-46.51149877,-23.622052190000005],[-46.51157372,-23.621980809999997],[-46.51165225,-23.621848749999998],[-46.51169151,-23.621716690000007],[-46.51176289,-23.62153466],[-46.51188424,-23.621234849999997],[-46.511984180000006,-23.621056389999996],[-46.51205556,-23.620885070000003],[-46.51215907,-23.620717319999997],[-46.51225544,-23.62052101],[-46.5123875,-23.62036039999999],[-46.5125374,-23.620135539999996],[-46.5126659,-23.619964219999996],[-46.51274799,-23.61982145],[-46.512905030000006,-23.619471670000003],[-46.51307278,-23.6192361],[-46.5133369,-23.61892201],[-46.51350466,-23.61876497],[-46.51365813,-23.618682879999998],[-46.51397936,-23.61859365],[-46.51414354,-23.61855081999999],[-46.51445763,-23.61844731],[-46.51475387,-23.618340230000005],[-46.51500372,-23.618279559999994],[-46.51516433,-23.618240299999997],[-46.51539276,-23.618250999999997],[-46.51564617,-23.618265279999996],[-46.51578537,-23.618279560000005],[-46.5159674,-23.61826885],[-46.51622795,-23.618168909999998],[-46.51648136,-23.61809753],[-46.51680259,-23.617979750000003],[-46.51706314,-23.617872669999993],[-46.51734867,-23.61771563],[-46.51752713,-23.61760498],[-46.51768061,-23.61748363],[-46.51783408,-23.617312309999996],[-46.51792688,-23.61714454999999],[-46.51806965,-23.616919699999993],[-46.5181446,-23.61680191],[-46.518219560000006,-23.616569919999996],[-46.51829451,-23.616359329999998],[-46.51834805,-23.6162237],[-46.51840159,-23.616148750000004],[-46.51847654,-23.616102349999995],[-46.51870497,-23.615948879999998],[-46.51902976,-23.615788260000006],[-46.51928318,-23.615659770000008],[-46.51949733,-23.615541989999997],[-46.5196401,-23.615492020000005],[-46.51978286,-23.615470600000005],[-46.51998274,-23.615445619999996],[-46.52017547,-23.6154135],[-46.52031467,-23.615381369999998],[-46.52051098,-23.615334970000006],[-46.52067159,-23.615281439999993],[-46.52088217,-23.61516721999999],[-46.52098568,-23.61508513],[-46.52103922,-23.615028020000004],[-46.52111774,-23.61487812],[-46.52119626,-23.614685379999997],[-46.52128906,-23.614406990000003],[-46.52136758,-23.61420353999999],[-46.52149964,-23.61404293],[-46.52164955,-23.613946559999995],[-46.52178875,-23.613882310000005],[-46.52204573,-23.61380022],[-46.52224561,-23.613785949999993],[-46.52245976,-23.61377880999999],[-46.52272031,-23.613839479999996],[-46.52280633,-23.613862809999997],[-46.52293089,-23.61389659],[-46.52326283,-23.614000099999988],[-46.52345199,-23.61403222],[-46.52368756,-23.61407505],[-46.52390171,-23.614071479999996],[-46.52405162,-23.614053639999995],[-46.52448706,-23.614035789999992],[-46.52481185,-23.6139537],[-46.5250153,-23.613910870000005],[-46.52513665,-23.61391087],[-46.52536508,-23.613953700000003],[-46.52555782,-23.613982249999992],[-46.52576126,-23.613971539999998],[-46.52598255,-23.61397868],[-46.52637516,-23.613967969999994],[-46.52678562,-23.613918009999995],[-46.52698192,-23.61389302],[-46.52721749,-23.61389301999999],[-46.52757441,-23.61389659],[-46.52789207,-23.61390373],[-46.52812406,-23.613893019999995],[-46.52832037,-23.61388231],[-46.52846314,-23.613860900000002],[-46.52868443,-23.613850189999997],[-46.52910559,-23.613853760000005],[-46.5293126,-23.613864469999992],[-46.529466080000006,-23.61388588],[-46.529648110000004,-23.613975109999995],[-46.52992294,-23.61406433999999],[-46.53026558,-23.61422852999999],[-46.53050115,-23.614342739999998],[-46.53070816,-23.61444625],[-46.53084022,-23.614517630000005],[-46.53098299,-23.614613999999996],[-46.53110077,-23.61467467],[-46.53120785,-23.614681809999997],[-46.53135418,-23.61464255],[-46.53148267,-23.61457474],[-46.53160403,-23.614446250000004],[-46.53171467000001,-23.614317760000002],[-46.53188956,-23.614224959999998],[-46.53203233000001,-23.614149999999988],[-46.53216796000001,-23.61411787999999],[-46.53244992,-23.614135730000005],[-46.53282112,-23.614174990000002],[-46.53316733,-23.61422853],[-46.53340647,-23.614282059999997],[-46.53369200000001,-23.614335599999997],[-46.53386689,-23.614353449999996],[-46.53429163,-23.61437486],[-46.53455575,-23.614335599999997],[-46.53482344,-23.614217820000004],[-46.53509113,-23.614046500000004],[-46.53531598,-23.61389659],[-46.53549088,-23.613753819999996],[-46.53581924,-23.613582500000003],[-46.53607622,-23.613446869999997],[-46.53626182,-23.613336230000005],[-46.53644385,-23.613282689999995],[-46.53653308,-23.61323986],[-46.53666157,-23.613132780000004],[-46.53676508,-23.613032850000007],[-46.53697566,-23.612929340000004],[-46.53718267,-23.612793710000005],[-46.53750747,-23.612572420000003],[-46.53772162,-23.612458210000003],[-46.53797146,-23.612361839999995],[-46.53815706,-23.612265469999993],[-46.538342660000005,-23.612158389999998],[-46.538538960000004,-23.611997779999992],[-46.53876739,-23.61179077],[-46.53894585,-23.61165157],[-46.53913502,-23.611519510000008],[-46.53945982,-23.611323200000008],[-46.53974178,-23.611123330000005],[-46.53988455,-23.61099841],[-46.54034498,-23.61070572999999],[-46.54143358,-23.610020449999993],[-46.541619180000005,-23.60991694],[-46.54190828,-23.609745619999998],[-46.54224022,-23.609552879999992],[-46.54276846,-23.609206669999995],[-46.543250300000004,-23.608903289999994],[-46.5434823,-23.608767659999998],[-46.54403552,-23.608432159999996],[-46.54448524,-23.608143049999995],[-46.54467797,-23.608035980000004],[-46.54486714,-23.607925329999997],[-46.54500991,-23.6077897],[-46.54510985,-23.607650509999992],[-46.54522406,-23.60746491],[-46.54529188,-23.607329280000002],[-46.54538467,-23.607154389999998],[-46.54554529,-23.60691168],[-46.5456131,-23.606776049999993],[-46.54588436,-23.606490520000005],[-46.5460771,-23.606272799999996],[-46.54624842,-23.606015820000003],[-46.54640546,-23.60584092999999],[-46.54650183,-23.605765970000004],[-46.54667315,-23.60569459],[-46.54685875,-23.60567674],[-46.54708361,-23.60571599999999],[-46.54731204,-23.605798099999998],[-46.547551170000006,-23.60588019],[-46.54763683,-23.60590874],[-46.54804333,-23.606095829999997],[-46.54819408,-23.605986120000004],[-46.54845463,-23.60581123],[-46.54868663,-23.605714859999992],[-46.54914705,-23.605622060000005],[-46.54944330000001,-23.605586370000005],[-46.54977166,-23.605618489999994],[-46.55011787,-23.605704149999998],[-46.55043553,-23.60588618],[-46.5506711,-23.60607892],[-46.55099946,-23.60638944],[-46.55126408,-23.60667810999999],[-46.55127429,-23.60668925],[-46.55209164,-23.607577979999995],[-46.55246283,-23.607970589999997],[-46.55289113,-23.608459569999997],[-46.553201650000005,-23.608777219999993],[-46.55333014,-23.60895568],[-46.55342294,-23.60912344],[-46.553555,-23.609401829999992],[-46.55362282,-23.60958743],[-46.55370848,-23.60985512],[-46.55380128,-23.610090690000003],[-46.55394762,-23.610333390000005],[-46.55413321,-23.610526129999997],[-46.554318810000005,-23.610672469999997],[-46.55483634,-23.610961569999997],[-46.5552468,-23.611218549999997],[-46.55608556,-23.611728949999993],[-46.55640679,-23.611910969999993],[-46.55664949,-23.61201091],[-46.55699214,-23.61206445],[-46.55736333,-23.612053739999997],[-46.55781662,-23.61192168],[-46.55816283,-23.61173608],[-46.55856258,-23.611482670000004],[-46.5593014,-23.61102225],[-46.559719,-23.610758130000004],[-46.56277779,-23.608895009999998],[-46.56580804,-23.607024749999994],[-46.56663966,-23.606457249999995],[-46.56710365,-23.60607892],[-46.56751411,-23.605721999999997],[-46.56786389,-23.60542575],[-46.56827078,-23.60516162999999],[-46.56886684,-23.60476902],[-46.56969846,-23.604255059999993],[-46.57353534,-23.601863699999992],[-46.57476314,-23.601096319999993],[-46.57504511,-23.600925],[-46.57539846,-23.60076082],[-46.57562688,-23.600703710000005],[-46.57605519,-23.60063589999999],[-46.57654774,-23.600589499999995],[-46.576797580000004,-23.60056451],[-46.57712238,-23.60048599],[-46.577325820000006,-23.600396759999995],[-46.57827522,-23.59987923],[-46.57902119,-23.599511600000003],[-46.5795748,-23.599218019999995],[-46.57958466000001,-23.599229859999994],[-46.5797515,-23.599359579999998],[-46.57992176,-23.599504190000005],[-46.58027798,-23.599751439999995],[-46.58057544,-23.59996345],[-46.58069406,-23.600126509999996],[-46.58074072,-23.600233549999995],[-46.58076829,-23.60037064999999],[-46.58074441000001,-23.60054113],[-46.58066551,-23.60071815],[-46.58052241,-23.600946589999996],[-46.58023491,-23.601295959999998],[-46.57998245,-23.601594210000002],[-46.57983896,-23.6017898],[-46.57977586,-23.601933799999994],[-46.579757640000004,-23.60203552999999],[-46.57978485,-23.602142769999997],[-46.57984782,-23.602258609999996],[-46.57994174,-23.60252346],[-46.58001892,-23.602743689999997],[-46.58015892,-23.603067810000002],[-46.58018681,-23.603231789999995],[-46.58020124,-23.603354089999996],[-46.58018266,-23.603425960000003],[-46.58012839,-23.6034952],[-46.58001334,-23.603630769999995],[-46.57984356,-23.603796759999998],[-46.57968073,-23.60400151],[-46.57951458,-23.604200319999997],[-46.57933136,-23.604414299999995],[-46.57934655,-23.604581359999994],[-46.57934655,-23.604700589999993],[-46.57934655,-23.604730080000007],[-46.57936466,-23.6048504],[-46.57942058,-23.60516235],[-46.57957762000001,-23.605919020000005],[-46.57964901,-23.606225969999997],[-46.57964901,-23.606397290000004],[-46.57965614,-23.60659001999999],[-46.57975608,-23.6067899],[-46.57994882,-23.60794632],[-46.58030574,-23.609923650000006],[-46.58048420000001,-23.61101581999999],[-46.58068102,-23.61204302],[-46.58116948,-23.614592149999996],[-46.58156209,-23.616947820000007],[-46.5819904,-23.619439109999995],[-46.58214744,-23.62022434],[-46.5824187,-23.621716260000003],[-46.58268996,-23.62362934],[-46.58285414,-23.62447881],[-46.58303974,-23.625206929999994],[-46.58312540000001,-23.62582797],[-46.583096850000004,-23.626241989999997],[-46.58301118,-23.626548940000003],[-46.58288983,-23.62686303],[-46.58271851000001,-23.62707718],[-46.58255654,-23.627229899999993],[-46.58246867,-23.627312750000005],[-46.58184763,-23.62784813],[-46.58165489,-23.62811225],[-46.58147643,-23.628561969999996],[-46.58141219,-23.629004549999994],[-46.58153354,-23.62958988999999],[-46.58173341,-23.630417949999995],[-46.58205464,-23.6317671],[-46.5821403,-23.632009810000003],[-46.58235445,-23.632409560000006],[-46.58259716,-23.63259515],[-46.58308257,-23.632873549999996],[-46.58373216,-23.633266159999998],[-46.58425326,-23.633644499999992],[-46.584545940000005,-23.63390148],[-46.58473867,-23.63419415],[-46.58490999,-23.634593899999995],[-46.58496710000001,-23.634922269999993],[-46.58496710000001,-23.635357709999997],[-46.58489572,-23.63578601],[-46.58471012,-23.636635479999992],[-46.58443172,-23.637542049999997],[-46.584348430000006,-23.637810429999988],[-46.583982,-23.638991139999998],[-46.58339309,-23.64116001999999],[-46.58344861,-23.641380360000003],[-46.58355925,-23.64162664],[-46.58367347,-23.64185506],[-46.58384479,-23.64224054],[-46.584001830000005,-23.642579609999995],[-46.58411605,-23.642875849999992],[-46.58422669000001,-23.64324705],[-46.58435875,-23.643686059999997],[-46.58443014,-23.643964459999992],[-46.58450152,-23.644182179999994],[-46.58459432,-23.644299960000005],[-46.584801330000005,-23.644549799999997],[-46.58491555,-23.644681860000002],[-46.58494767,-23.644796079999995],[-46.58490127,-23.644888880000003],[-46.58481204,-23.644963829999995],[-46.58471924,-23.64507091],[-46.58462287,-23.645199399999996],[-46.58475374,-23.645278039999994],[-46.58497456,-23.645415090000007],[-46.58518585,-23.645555959999996],[-46.58572266,-23.645911930000004],[-46.58605007,-23.646144159999995],[-46.58633942,-23.64634784],[-46.5864917,-23.646458250000002],[-46.58676582,-23.64661815],[-46.58721315,-23.646917009999996],[-46.58749869,-23.647097849999994],[-46.58780897,-23.647324370000003],[-46.58818397,-23.647606099999997],[-46.58850187,-23.647832629999993],[-46.58884451,-23.6480858],[-46.58905771,-23.64823238],[-46.58927282,-23.648382759999997],[-46.58943272,-23.648487450000005],[-46.58950886,-23.648540749999988],[-46.58963259,-23.648643549999992],[-46.58973729,-23.648740629999995],[-46.58979882,-23.648792750000002],[-46.58989909,-23.648877690000003],[-46.5900133,-23.64896905999999],[-46.59011229,-23.649018549999997],[-46.59025696,-23.64909089],[-46.59041686,-23.649174639999995],[-46.59055392,-23.649264109999997],[-46.59074808,-23.649393550000003],[-46.59097651,-23.649524899999996],[-46.59120875,-23.649639109999995],[-46.59151332,-23.649779979999995],[-46.59192068,-23.6500046],[-46.59204441,-23.65006551],[-46.59221002,-23.650162589999994],[-46.5923033,-23.650227320000003],[-46.59239086,-23.650255870000002],[-46.59243599,-23.650283499999993],[-46.59248414,-23.65031298],[-46.59261929,-23.650402439999997],[-46.59266688,-23.650457650000003],[-46.59275825,-23.650560440000003],[-46.5928401,-23.650646099999992],[-46.59291054,-23.65069559],[-46.59300571,-23.650720340000007],[-46.59315039,-23.650748890000003],[-46.59331029,-23.650767929999994],[-46.59344544,-23.65077554],[-46.59352539,-23.65079838999999],[-46.59361676,-23.650836459999997],[-46.59378618,-23.650914499999992],[-46.59395369,-23.650990650000004],[-46.59408313,-23.65105156],[-46.59419544,-23.651118190000002],[-46.59431537,-23.651200039999992],[-46.59448479,-23.651323769999998],[-46.59461804,-23.651403719999998],[-46.59474177,-23.651487480000004],[-46.59490357000001,-23.651561719999997],[-46.59502159,-23.65161883],[-46.59512058,-23.651641669999997],[-46.59522147,-23.65164547],[-46.59528238,-23.651645469999995],[-46.59533188,-23.651658800000003],[-46.59541754000001,-23.651748269999995],[-46.59551842,-23.651826309999997],[-46.595634540000006,-23.65191769],[-46.59571449,-23.65200143999999],[-46.59575637,-23.652069969999996],[-46.59580396,-23.652170860000002],[-46.59586678,-23.652279360000005],[-46.59592008,-23.652349800000003],[-46.59602668,-23.65243546],[-46.59613137,-23.652515410000003],[-46.59628176,-23.652629619999995],[-46.596365510000005,-23.652700049999996],[-46.59648163,-23.65278381],[-46.59662821,-23.65285043],[-46.59676336,-23.65285805],[-46.59688899,-23.652877079999996],[-46.5969994,-23.652886599999995],[-46.59708316,-23.65288659999999],[-46.59716120000001,-23.65289612],[-46.59726209,-23.65290183],[-46.59741248,-23.65292467],[-46.59749623,-23.652934189999993],[-46.5975876,-23.65296274],[-46.59764281,-23.652985589999993],[-46.5977456,-23.653004620000004],[-46.59781223,-23.65301224],[-46.59787504,-23.65300653],[-46.59795309,-23.653031270000003],[-46.59805588,-23.65305221],[-46.59814154,-23.65306363],[-46.59822149000001,-23.653080769999995],[-46.59830906,-23.65307886],[-46.59840424,-23.653063629999995],[-46.59854891,-23.65306173],[-46.59869738,-23.653036979999996],[-46.59880018,-23.65301794999999],[-46.5989734,-23.652979879999993],[-46.59903432,-23.652949419999995],[-46.59913521,-23.652957030000003],[-46.59919802,-23.652974169999993],[-46.59924371,-23.65299891],[-46.5993465,-23.65305220999999],[-46.59943407,-23.65309599],[-46.59947785,-23.65313978],[-46.599542570000004,-23.653189269999995],[-46.59959777,-23.653233049999997],[-46.59965488,-23.653299680000003],[-46.59970057,-23.65332823],[-46.5997177,-23.653383430000005],[-46.59980907,-23.653444349999997],[-46.59994232,-23.653509070000002],[-46.60012316,-23.653589019999995],[-46.60026212,-23.653625189999996],[-46.6003592,-23.65365184],[-46.60047913,-23.6536842],[-46.60058953,-23.65370323000001],[-46.60065045,-23.65370323],[-46.60071517,-23.65369752],[-46.60082938,-23.653724169999997],[-46.6009217,-23.65374415999999],[-46.6010502,-23.65380126999999],[-46.60116917,-23.65388692999999],[-46.60127862,-23.654015419999997],[-46.60145946,-23.654167699999995],[-46.60163078,-23.654215289999993],[-46.6018259,-23.65428192],[-46.60195915,-23.654339019999995],[-46.60209716,-23.654377099999998],[-46.60234737,-23.65461388],[-46.60240042,-23.65497886],[-46.60246357,-23.65504411],[-46.60250582,-23.655083510000004],[-46.60252541,-23.655124849999996],[-46.60253242,-23.655163269999992],[-46.60254431,-23.655205710000004],[-46.60256852,-23.655243499999994],[-46.60258673,-23.655261460000002],[-46.60261078,-23.655282019999998],[-46.60264345,-23.655302089999992],[-46.60271258,-23.65534522],[-46.602955730000005,-23.655459819999997],[-46.60300644,-23.655483440000005],[-46.60311184,-23.65557333],[-46.60311947,-23.655599039999995],[-46.60313142,-23.655652779999997],[-46.60314575,-23.6556924],[-46.60317893,-23.655741429999996],[-46.60319258,-23.655764610000002],[-46.60321278,-23.65579012],[-46.60325524,-23.65582218],[-46.60332441,-23.65586685],[-46.60338004,-23.655897309999997],[-46.6034523,-23.655930619999992],[-46.60352252,-23.65594515],[-46.60361037,-23.655956749999998],[-46.60367502,-23.6559719],[-46.6037324,-23.656001749999998],[-46.60380153,-23.656024539999994],[-46.60388908,-23.656046510000003],[-46.60391529,-23.65605113],[-46.60399189,-23.656060559999997],[-46.60406138,-23.656063699999997],[-46.60413577,-23.65606577999999],[-46.6041848,-23.65606744],[-46.60424407,-23.656068899999998],[-46.60432665,-23.65607023],[-46.60438481,-23.65607167],[-46.60442684,-23.65607194],[-46.60449737,-23.656071579999995],[-46.6045353,-23.656071000000004],[-46.60460215,-23.65606388999999],[-46.604660200000005,-23.656060759999992],[-46.60473563,-23.656059080000002],[-46.6047789,-23.65605828],[-46.60481687,-23.656053940000003],[-46.60486065,-23.656042700000004],[-46.60491373,-23.656020350000002],[-46.60496063,-23.65600268],[-46.6049993,-23.655990610000007],[-46.60503588,-23.655985250000008],[-46.60507982,-23.655981759999996],[-46.60511008,-23.65598061],[-46.60512784,-23.65598045],[-46.60515027,-23.655980590000006],[-46.60516621,-23.655980689999996],[-46.60517994,-23.65598078],[-46.60526045,-23.655982639999994],[-46.60532044,-23.655992299999994],[-46.60538348,-23.65600502],[-46.60542542,-23.65601477],[-46.6054541,-23.656019809999997],[-46.60550003,-23.65602386],[-46.60555801,-23.656028540000005],[-46.60559781,-23.656032559999996],[-46.60564223,-23.656046999999997],[-46.60572363,-23.65609417],[-46.60584672,-23.656159030000005],[-46.60595646,-23.656202939999993],[-46.60618399,-23.656235129999995],[-46.60628517,-23.656247229999995],[-46.6064305,-23.65625856],[-46.60652743000001,-23.6562685],[-46.60662465,-23.65629146],[-46.60679643,-23.65634999],[-46.60698523,-23.656443010000004],[-46.60709614,-23.656502889999988],[-46.60727018,-23.656640349999996],[-46.60731261,-23.656675190000005],[-46.60733058,-23.656693620000002],[-46.60736444,-23.65676278],[-46.60738769,-23.656785589999995],[-46.60742812,-23.656810069999995],[-46.60755056,-23.656877499999997],[-46.60759515,-23.656894639999994],[-46.60762651000001,-23.656896189999998],[-46.60767389,-23.65686644],[-46.60770004,-23.656856509999994],[-46.6077405,-23.65685997],[-46.60783446000001,-23.656893730000004],[-46.60786998,-23.656910330000002],[-46.60791197,-23.656935519999994],[-46.60807499,-23.65704933],[-46.608332,-23.65726307],[-46.60839104,-23.657317150000004],[-46.60847858,-23.657409209999994],[-46.60855135,-23.657503869999992],[-46.60861814,-23.657581489999995],[-46.6086735,-23.657657070000006],[-46.60872906,-23.65772582],[-46.60874933,-23.657739059999997],[-46.60882733,-23.657846320000004],[-46.60888296,-23.65788472],[-46.60893692,-23.6579089],[-46.60903592,-23.657921359999992],[-46.60907412,-23.657923639999996],[-46.60912461,-23.65791538],[-46.60913926,-23.657916820000004],[-46.60921627,-23.657952809999994],[-46.60940170000001,-23.65805495],[-46.609439460000004,-23.65806548],[-46.60946856,-23.65805068],[-46.60948156,-23.658050149999994],[-46.609527070000006,-23.658063529999993],[-46.60958492,-23.65808739],[-46.60959106,-23.65809198],[-46.6096122,-23.658121549999997],[-46.60962213,-23.6581348],[-46.60968012,-23.65816294],[-46.6099231,-23.65827653],[-46.609925110000006,-23.658278],[-46.60992612,-23.65828069999999],[-46.60992644,-23.658282450000005],[-46.60991211,-23.658346459999997],[-46.60992933000001,-23.658366069999996],[-46.61007012,-23.658436310000003],[-46.61013446,-23.65846876],[-46.61015911,-23.658484089999998],[-46.61018796,-23.658518680000004],[-46.61023721,-23.65854898],[-46.61046791,-23.658651119999995],[-46.61063714,-23.658728579999995],[-46.61065483,-23.658733240000004],[-46.610674370000005,-23.65873407],[-46.61068716,-23.658731499999988],[-46.61070363,-23.6587239],[-46.610791500000005,-23.658646239999996],[-46.61080364,-23.658637389999996],[-46.61081411,-23.65863221],[-46.61082442,-23.658629809999997],[-46.61083529,-23.658629180000005],[-46.61084703,-23.658630240000004],[-46.61085779,-23.658632760000003],[-46.61093188,-23.65867008],[-46.6110953,-23.658754129999988],[-46.61132816,-23.65886823999999],[-46.61138552,-23.658884949999994],[-46.61146388,-23.658901779999997],[-46.61152717,-23.658917649999992],[-46.61158378,-23.658932339999993],[-46.6116434,-23.65895141],[-46.61175349,-23.658987779999997],[-46.61185051,-23.65901983],[-46.61187352000001,-23.65902887],[-46.61190837,-23.659042559999996],[-46.61194706,-23.65906842],[-46.6119805,-23.65910722999999],[-46.612020980000004,-23.65915736000001],[-46.61205791,-23.659183219999992],[-46.61207159,-23.659189019999992],[-46.612085480000005,-23.659194399999997],[-46.61209955,-23.659199339999997],[-46.61211379,-23.659203859999998],[-46.61212818,-23.659207909999992],[-46.61216555,-23.659217809999998],[-46.61222087,-23.659237339999997],[-46.61231964,-23.659290519999995],[-46.61264276,-23.659470800000005],[-46.61291988,-23.659614300000005],[-46.613197410000005,-23.65973741],[-46.61341411,-23.659865689999997],[-46.61353462,-23.65995804],[-46.61354773,-23.65996846],[-46.61356127,-23.659978390000003],[-46.61357524,-23.659987809999997],[-46.61358961,-23.659996710000005],[-46.61360435,-23.660005060000003],[-46.61361946,-23.660012859999995],[-46.61363488,-23.6600201],[-46.6136506,-23.66002676],[-46.61367425,-23.66003625],[-46.61389089,-23.660114370000002],[-46.61398324,-23.660140909999992],[-46.61402835,-23.660158879999997],[-46.61416715,-23.660239440000005],[-46.61450725,-23.66021673],[-46.61471664,-23.660078719999994],[-46.61489272,-23.659921669999996],[-46.61506881,-23.659707519999994],[-46.61515922,-23.65953619999999],[-46.61520681,-23.659336329999995],[-46.61522109,-23.65913645],[-46.61523061,-23.658988919999988],[-46.61530675,-23.658817600000003],[-46.61547807,-23.65866532],[-46.61563988,-23.658536829999992],[-46.61611101,-23.658260809999998],[-46.61637275,-23.65812756],[-46.61648716,-23.658037119999992],[-46.61650123,-23.658026],[-46.61679647,-23.657773810000005],[-46.61700586,-23.657640559999997],[-46.61721525,-23.657526339999993],[-46.61748175,-23.657469240000005],[-46.61780536,-23.657497790000004],[-46.6180909,-23.657545379999995],[-46.61839547,-23.65765959],[-46.618681,-23.657830919999995],[-46.6188904,-23.6580879],[-46.61904268,-23.658211629999997],[-46.61927111,-23.658268740000004],[-46.61956616,-23.658373429999997],[-46.61975652,-23.658506680000002],[-46.61998495,-23.65869704],[-46.62002302,-23.658830289999997],[-46.62002302,-23.65892547],[-46.62000398,-23.659115820000007],[-46.62002302,-23.65937281],[-46.62013723,-23.659487020000007],[-46.62036566,-23.659582200000003],[-46.62064168,-23.659667860000003],[-46.62090818,-23.65978206999999],[-46.62108902,-23.65992483999999],[-46.62121275,-23.66012472],[-46.62129841,-23.660353139999998],[-46.62137455,-23.660457839999996],[-46.62151732,-23.660495909999998],[-46.62165057,-23.66046735999999],[-46.62179334,-23.660410249999998],[-46.62198369,-23.66035314],[-46.622174050000005,-23.660296039999995],[-46.62245959,-23.66025797],[-46.62266898,-23.660305559999998],[-46.6228403,-23.660476879999997],[-46.62298307,-23.66071482],[-46.62311632,-23.660943249999992],[-46.62323053000001,-23.661209749999998],[-46.62330667,-23.66133348],[-46.62339234,-23.66133348],[-46.6235351,-23.661200230000006],[-46.62369691,-23.660962290000008],[-46.62385871,-23.660771930000003],[-46.62403003000001,-23.66055301999999],[-46.62421087,-23.660410249999995],[-46.62445833,-23.660276999999997],[-46.62466773,-23.66016279],[-46.62483905,-23.660039059999995],[-46.62494374,-23.659905809999994],[-46.6250294,-23.659744],[-46.62531494,-23.659563159999994],[-46.62552433,-23.65945847],[-46.62573372,-23.65943943],[-46.62588601,-23.659467979999995],[-46.6260383,-23.65956316],[-46.62620962,-23.659743999999996],[-46.62635714,-23.659902949999996],[-46.62656178,-23.66009616],[-46.62660342,-23.66040621],[-46.626567730000005,-23.660667949999997],[-46.62657962,-23.661012970000005],[-46.62663911,-23.661381790000004],[-46.6266867,-23.66164352999999],[-46.62671049,-23.66192905999999],[-46.62685326,-23.662262189999996],[-46.62699603,-23.66257152],[-46.62705552,-23.662857050000007],[-46.62703172,-23.663225869999994],[-46.62697223,-23.663594679999996],[-46.62686516,-23.663832629999998],[-46.62681757,-23.664058679999997],[-46.62686516,-23.664225240000004],[-46.62692465,-23.664498879999996],[-46.62694844,-23.66471302999999],[-46.62694844,-23.664939080000003],[-46.62698413,-23.665117539999997],[-46.62703172,-23.665295999999994],[-46.62704362,-23.665450660000005],[-46.62700793,-23.6657124],[-46.62691275,-23.666009839999997],[-46.62690085,-23.666235889999992],[-46.62694844,-23.66654522],[-46.62715069,-23.666818850000002],[-46.62736485,-23.667080589999998],[-46.62736485,-23.667318539999993],[-46.62731726,-23.667497],[-46.627186390000006,-23.66785391999999],[-46.6271031,-23.66811566],[-46.62698413,-23.66848448],[-46.626960340000004,-23.66866294],[-46.62701982,-23.668948469999997],[-46.62717449,-23.669091239999997],[-46.62748382,-23.66930539],[-46.62776935,-23.669519539999992],[-46.62804299,-23.669674209999993],[-46.62841181,-23.669876459999998],[-46.62854268,-23.670054920000002],[-46.628590270000004,-23.670340459999995],[-46.62857837,-23.67061409],[-46.62857837,-23.670852040000003],[-46.62870924,-23.6710424],[-46.62898288,-23.671220859999995],[-46.62912565,-23.671268450000003],[-46.62938739,-23.67132792999999],[-46.62964913,-23.671387419999995],[-46.62986328,-23.67151829],[-46.63014881,-23.671756239999997],[-46.63030348,-23.67194659],[-46.63043435,-23.672220229999997],[-46.63050637,-23.672358869999997],[-46.63086569,-23.67305056],[-46.63091024,-23.673136319999994],[-46.63094593,-23.673386169999997],[-46.63089834000001,-23.673897749999995],[-46.63071275,-23.67468059000001],[-46.63071989,-23.674887610000006],[-46.6306485,-23.675166000000004],[-46.63050573000001,-23.675294490000002],[-46.63026303,-23.67537302],[-46.63004888,-23.675494369999996],[-46.62989897,-23.67563],[-46.62972051,-23.6757799],[-46.62968482,-23.67595836],[-46.62979903,-23.67617251],[-46.629948940000006,-23.676372389999994],[-46.63024161,-23.676629369999993],[-46.63033441,-23.676822109999993],[-46.63036297,-23.676979149999998],[-46.63037010000001,-23.677186169999995],[-46.63038438,-23.677350350000005],[-46.63044149,-23.67750739],[-46.63052715,-23.67766444],[-46.63057712,-23.677935699999995],[-46.63057982,-23.677946760000005],[-46.6306485,-23.67822837],[-46.63057712,-23.67853531999999],[-46.63043435,-23.67881371999999],[-46.63036297,-23.67903501],[-46.63029158,-23.679206329999996],[-46.63032014,-23.67953469],[-46.63042007,-23.67974883999999],[-46.63062709,-23.67998441],[-46.6309269,-23.680227119999994],[-46.63115533,-23.680384160000003],[-46.63148369,-23.68060545],[-46.63174067,-23.68079105],[-46.63204049,-23.680926680000006],[-46.63229747,-23.681048030000003],[-46.63264725,-23.681240769999995],[-46.63284712,-23.681447780000003],[-46.63296134,-23.681747589999993],[-46.63300417,-23.68206882],[-46.633047,-23.682404319999996],[-46.63317549,-23.682675579999994],[-46.63343247,-23.68291115],[-46.63346102,-23.683111019999995],[-46.63337536,-23.683310899999995],[-46.63325401000001,-23.683453669999995],[-46.633118380000006,-23.683553600000003],[-46.63309697,-23.683674959999998],[-46.63316835,-23.683846279999997],[-46.63324687,-23.68398191],[-46.63331112,-23.68419606],[-46.63331112,-23.684424489999998],[-46.63328256,-23.68464578],[-46.63329684,-23.68485992999999],[-46.63328256,-23.685195429999997],[-46.63323973,-23.685445269999995],[-46.63324687,-23.685673699999995],[-46.63328256,-23.68590212999999],[-46.63338964,-23.686130560000002],[-46.63353955,-23.686401820000004],[-46.63356096,-23.68661597],[-46.6334753,-23.68683012],[-46.63344675,-23.686994300000002],[-46.63353955,-23.687229870000003],[-46.633632350000006,-23.68748685],[-46.63368231,-23.687722419999997],[-46.63381794,-23.687943709999992],[-46.63405351,-23.68810789],[-46.63434618,-23.68827921],[-46.63468883000001,-23.688443400000008],[-46.63488156,-23.688593299999997],[-46.6349815,-23.68877176000001],[-46.63500292,-23.688957359999993],[-46.63505288,-23.689164370000004],[-46.63513141,-23.68944276999999],[-46.63528131,-23.689656919999997],[-46.63540266,-23.689792549999996],[-46.63549546,-23.68993532],[-46.63551688,-23.690035249999998],[-46.63548119,-23.690170879999997],[-46.63543122,-23.690327929999995],[-46.63545977,-23.690442139999995],[-46.63554543,-23.690584910000002],[-46.63560968000001,-23.6907134],[-46.63561018,-23.69091307999999],[-46.63560968000001,-23.69095611],[-46.63539553,-23.691141700000003],[-46.63503147,-23.69128447],[-46.63487442,-23.691291609999993],[-46.63468169,-23.691291609999997],[-46.63436046,-23.69129161],[-46.63406065,-23.69127732999999],[-46.63393216,-23.69124878],[-46.63371801,-23.69125592],[-46.63343961,-23.69127733],[-46.63317549,-23.69128447],[-46.63298275,-23.691284469999996],[-46.63279715,-23.691355859999998],[-46.632711490000005,-23.691498620000004],[-46.63257586,-23.691734189999995],[-46.63255445,-23.691805569999996],[-46.63249734,-23.691969759999996],[-46.63245451,-23.692148219999996],[-46.63242596,-23.692312399999995],[-46.63244024,-23.692590799999998],[-46.6324331,-23.692890610000003],[-46.63231174,-23.69309762],[-46.63217612,-23.69322611],[-46.63199766,-23.693397429999997],[-46.631912,-23.693597309999998],[-46.63184061,-23.69379004],[-46.63182633,-23.693989919999996],[-46.6318192,-23.69426118],[-46.63179778,-23.694525299999995],[-46.63180492000001,-23.694846520000002],[-46.63186917,-23.695239140000005],[-46.63194055000001,-23.69551039],[-46.63193341,-23.695838759999997],[-46.63189058,-23.69621709],[-46.63182633,-23.696509769999995],[-46.63169071,-23.696595430000002],[-46.63140517,-23.69669537],[-46.63109108,-23.696802439999992],[-46.63069847,-23.69694520999999],[-46.63041293,-23.69706656],[-46.63019878,-23.69714508],[-46.629948940000006,-23.69720218999999],[-46.62980617,-23.697302129999997],[-46.62968482,-23.69738065],[-46.62954919,-23.69750913999999],[-46.62932076,-23.697723289999995],[-46.62909233,-23.697866059999996],[-46.62902095,-23.697937439999997],[-46.6289567,-23.6981516],[-46.6289924,-23.69833006],[-46.62902095,-23.69844427],[-46.62905664000001,-23.698651279999996],[-46.6290495,-23.69879404999999],[-46.62905664000001,-23.69896537],[-46.6291423,-23.69912242],[-46.62927079,-23.699329429999988],[-46.62927793,-23.69945078],[-46.62922796,-23.699607830000005],[-46.62907806,-23.699800559999996],[-46.62889246,-23.70001471],[-46.62873541,-23.700171760000007],[-46.62857123,-23.700343079999996],[-46.6282857,-23.70048585],[-46.62790022,-23.700657169999996],[-46.62764324,-23.700792799999995],[-46.62731488,-23.701006950000004],[-46.62710073,-23.701242519999997],[-46.62690085,-23.701356729999997],[-46.62685088,-23.701485219999995],[-46.6268723,-23.7016494],[-46.62685802,-23.70181359],[-46.62682233000001,-23.70200632],[-46.62678664,-23.702134809999993],[-46.62665101,-23.702291860000003],[-46.62649396,-23.702334690000004],[-46.62629409000001,-23.702327549999993],[-46.62601569,-23.702306140000005],[-46.62573016,-23.702227609999994],[-46.62547317,-23.70215623],[-46.62510198,-23.70191352],[-46.6249949,-23.70179931],[-46.6248093,-23.70163513],[-46.62463798,-23.70164227],[-46.62443811000001,-23.701777890000002],[-46.6242311,-23.701906389999998],[-46.6241383,-23.702084850000002],[-46.6241383,-23.702241889999996],[-46.62408833,-23.702584529999996],[-46.62408833,-23.702877209999997],[-46.62407405,-23.7030985],[-46.62406691,-23.70331265],[-46.62405264,-23.703533939999993],[-46.62406691,-23.703619600000003],[-46.6241383,-23.70376237],[-46.62420968,-23.703933689999992],[-46.62423823,-23.704047899999996],[-46.62418113,-23.704183529999998],[-46.6241383,-23.704326300000005],[-46.62410974,-23.704511900000004],[-46.62413116,-23.70471176999999],[-46.6242311,-23.7048474],[-46.62439528,-23.70491164],[-46.62455946,-23.70507583],[-46.62460229,-23.705240010000004],[-46.62458801,-23.70551127],[-46.62438814,-23.705732560000005],[-46.62412402,-23.705903879999997],[-46.62384562,-23.705968129999995],[-46.62366716,-23.705996679999995],[-46.62338877,-23.70614123],[-46.62319861,-23.706199489999996],[-46.62304394,-23.70621139],[-46.62278518,-23.706250049999998],[-46.62241041,-23.70638687],[-46.6221338,-23.70653261],[-46.6220178,-23.70665753],[-46.62186313,-23.706797329999997],[-46.62178283,-23.70688358],[-46.62167873,-23.70694902],[-46.62151871,-23.707036459999998],[-46.62144019,-23.707107850000003],[-46.62135453,-23.707147109999994],[-46.62124745,-23.707136399999996],[-46.62111182,-23.70709714],[-46.62095478,-23.70709714],[-46.62069779,-23.707118559999994],[-46.62056216,-23.707147109999994],[-46.62038371,-23.70717209],[-46.62024808,-23.70726489],[-46.62001965,-23.70738268],[-46.6198983,-23.70747191],[-46.61972697000001,-23.70750046],[-46.61956636,-23.7075183],[-46.61937005,-23.707561139999992],[-46.61904169,-23.70762894999999],[-46.6189132,-23.707653929999996],[-46.61875258,-23.70769676],[-46.61854914,-23.70777885999999],[-46.61843493,-23.707893069999994],[-46.6183734,-23.707939300000003],[-46.61822278,-23.707997689999996],[-46.61814973,-23.708019520000004],[-46.61811588,-23.708028399999996],[-46.61803049,-23.708023970000003],[-46.61783217,-23.708009270000005],[-46.61778765,-23.708017290000004],[-46.6177636,-23.70802292999999],[-46.61766015,-23.70807823],[-46.617392380000005,-23.708267229999997],[-46.61731217,-23.708298049999996],[-46.61717768,-23.70833193],[-46.61714198,-23.70835637],[-46.61710626000001,-23.708384900000002],[-46.61706593,-23.708448639999997],[-46.61704423,-23.708523909999997],[-46.61704123,-23.708595989999996],[-46.6170374,-23.70865577],[-46.61702733,-23.708717169999996],[-46.61700648,-23.708799830000004],[-46.61698124,-23.70887264],[-46.61685185,-23.709149019999998],[-46.61668608,-23.709598919999998],[-46.61663143,-23.709680609999992],[-46.61657589,-23.709764779999993],[-46.61654545,-23.70980561],[-46.61652396,-23.709834200000003],[-46.61650246,-23.709866890000004],[-46.61649339,-23.709905360000004],[-46.6164933,-23.70992256],[-46.61650549000001,-23.7099824],[-46.61653371,-23.71003494],[-46.61679215,-23.710520090000006],[-46.61680684,-23.710615169999997],[-46.61680269,-23.710741309999996],[-46.61679071,-23.710831359999997],[-46.61679851,-23.71087891],[-46.61685783,-23.71093814],[-46.61714331,-23.711156319999994],[-46.61733972,-23.71139545999999],[-46.61759353,-23.711726579999997],[-46.61761395,-23.711928999999994],[-46.61768635,-23.712243849999993],[-46.61771112,-23.712271800000003],[-46.61774391,-23.712300599999995],[-46.61813661,-23.712614229999993],[-46.61817637,-23.712673369999994],[-46.6187231,-23.713022989999995],[-46.61879606000001,-23.71311699],[-46.61882457,-23.713157399999996],[-46.61892173,-23.713299030000005],[-46.61900788,-23.713383869999998],[-46.619052440000004,-23.71341968999999],[-46.61914466,-23.713476810000003],[-46.61948402,-23.713686750000004],[-46.61964107,-23.713772070000005],[-46.61971235,-23.71380563999999],[-46.61976249,-23.713828160000002],[-46.61979614,-23.713837899999998],[-46.61983557,-23.713838799999994],[-46.61997526,-23.713831059999993],[-46.62005973,-23.713848489999997],[-46.62012039,-23.713868829999992],[-46.62014832,-23.7138892],[-46.62016373,-23.713903519999995],[-46.62018309,-23.71396296],[-46.62019924,-23.713995429999997],[-46.62021605,-23.71402749],[-46.62023622,-23.714052220000003],[-46.62026442,-23.71407686],[-46.62031123,-23.714108279999998],[-46.62063999,-23.71431960999999],[-46.620747460000004,-23.714403459999996],[-46.62078545000001,-23.714447349999997],[-46.62081044,-23.71448385],[-46.62086227,-23.71455045],[-46.62090809,-23.714591389999995],[-46.62101003,-23.714713680000003],[-46.62115197,-23.715029599999998],[-46.62116635,-23.71504566],[-46.62120403,-23.71508111],[-46.62124787,-23.715111459999996],[-46.62156118,-23.715268670000004],[-46.62178009,-23.715366009999997],[-46.6221801,-23.715527810000005],[-46.62220335,-23.715544759999997],[-46.6222225,-23.715561189999995],[-46.62226542,-23.7156027],[-46.62248757,-23.71581963999998],[-46.62251748,-23.715845780000002],[-46.62274918,-23.715972949999998],[-46.62288162,-23.715998980000002],[-46.62298998,-23.716033619999997],[-46.62306017,-23.716054049999997],[-46.62316903,-23.71605767],[-46.62320895,-23.71606137],[-46.62337140000001,-23.71607642],[-46.62351446000001,-23.716109169999992],[-46.62367719,-23.716160950000003],[-46.62400501,-23.71621555],[-46.62435153,-23.716288479999996],[-46.62482842,-23.716360490000003],[-46.62499924,-23.716370039999997],[-46.62500907,-23.71637059],[-46.62514386,-23.716368789999994],[-46.6252026,-23.716370309999995],[-46.62524329,-23.71637373],[-46.62531657000001,-23.71639708],[-46.62547211,-23.716445339999996],[-46.62569246,-23.716484369999996],[-46.6259173,-23.71648594999999],[-46.62621331,-23.71644663],[-46.62652101,-23.716411800000003],[-46.62678434000001,-23.716407409999995],[-46.6269334,-23.716395750000004],[-46.62697339,-23.71639263],[-46.62714419,-23.7163437],[-46.62742811,-23.71622703],[-46.62748644,-23.716204740000002],[-46.62753522,-23.71619168],[-46.62759668,-23.716184589999997],[-46.62764228,-23.716185179999993],[-46.62768455,-23.71618889000001],[-46.627727,-23.716202910000007],[-46.62780529,-23.716231729999997],[-46.62784681,-23.716257540000004],[-46.62788262000001,-23.71629661],[-46.62793309,-23.716375559999996],[-46.62798861,-23.716518059999995],[-46.62800077,-23.716690640000003],[-46.62800191,-23.716866679999995],[-46.62799742,-23.717001519999997],[-46.62799853,-23.717080169999996],[-46.62800089,-23.717128529999993],[-46.62802343,-23.717190149999993],[-46.62806408,-23.717260509999996],[-46.628073,-23.717275949999994],[-46.628106030000005,-23.71731751],[-46.62814163,-23.717346119999995],[-46.62820083,-23.717367839999998],[-46.628330870000006,-23.717399069999995],[-46.62844304,-23.71744452],[-46.62858018,-23.71753307],[-46.62879867,-23.717688940000002],[-46.62892128,-23.71776416000001],[-46.62922249,-23.71804088999999],[-46.62942207,-23.71830183],[-46.62946042,-23.718354279999993],[-46.62948732,-23.718436889999996],[-46.62950355,-23.718517240000004],[-46.62950311,-23.7185712],[-46.62949423,-23.718636530000005],[-46.62962517,-23.718962200000004],[-46.63010107,-23.71931912],[-46.63158823,-23.720300649999995],[-46.63283745,-23.72146064],[-46.63420564,-23.72268010999999],[-46.63506819,-23.72372112999999],[-46.63536562,-23.72461342],[-46.635901,-23.725267779999996],[-46.637001500000004,-23.725862639999992],[-46.63839944,-23.726398019999998],[-46.64018403,-23.727201089999998],[-46.64274195,-23.72812313],[-46.64529987,-23.728955940000002],[-46.64797677000001,-23.729907729999997],[-46.65053469,-23.73032413],[-46.65249774,-23.730532329999996],[-46.6541893,-23.730524959999997],[-46.65277965,-23.733155229999998],[-46.65106644000001,-23.73562987],[-46.64878216,-23.73848522999999],[-46.64764001,-23.741530939999993],[-46.64716412,-23.74438629],[-46.64687859,-23.749335570000003],[-46.64687859,-23.75200057],[-46.64621234,-23.755522169999995],[-46.64468948,-23.757806450000004],[-46.64259556,-23.760471449999994],[-46.63964503,-23.763041259999998],[-46.63450539000001,-23.769227859999997],[-46.6313645,-23.77313018],[-46.62850915,-23.7765566],[-46.62451165000001,-23.781315529999997],[-46.62154526,-23.784630909999994],[-46.621584920000004,-23.788239759999986],[-46.62234634,-23.791380650000004],[-46.62329813,-23.795187779999996],[-46.62329813,-23.797852779999992],[-46.62244152,-23.799946699999992],[-46.62206081,-23.802230989999998],[-46.62291742,-23.803849020000005],[-46.624059560000006,-23.80603813],[-46.62415473,-23.80870312],[-46.62348849,-23.811748829999996],[-46.62377402,-23.81412829],[-46.62567759,-23.81831614],[-46.62815223,-23.822884709999993],[-46.63110276,-23.827072559999994],[-46.635005080000006,-23.83135559000001],[-46.63472351,-23.83423375],[-46.63424762,-23.836280079999995],[-46.6338669,-23.838040879999994],[-46.6334386,-23.840943829999997],[-46.63320065,-23.843894360000004],[-46.63329583,-23.84498891],[-46.63324824,-23.846131049999993],[-46.63296271,-23.84708284],[-46.63277235,-23.848082209999994],[-46.63277235,-23.84922435],[-46.63262958,-23.850509259999995],[-46.63239164,-23.851365869999995],[-46.63191574,-23.852032110000003],[-46.63110673,-23.852983900000005],[-46.63029771,-23.853792919999997],[-46.62877485,-23.85464951999999],[-46.62782307,-23.855172999999997],[-46.6263478,-23.855744069999993],[-46.62487254,-23.856172379999997],[-46.62382558,-23.857076569999997],[-46.62244549,-23.85812354],[-46.62116058000001,-23.85898014],[-46.61949496,-23.859979509999995],[-46.6179721,-23.860598170000003],[-46.61706791,-23.86107407],[-46.61644925,-23.86169273],[-46.6162113,-23.862692099999997],[-46.61635407,-23.864214959999998],[-46.61649684,-23.865595040000006],[-46.61662057,-23.866451650000002],[-46.61680617,-23.867236869999992],[-46.61692038,-23.867993540000008],[-46.6169061,-23.86839329],[-46.616934660000005,-23.869207059999997],[-46.61696321000001,-23.86953543],[-46.61696321000001,-23.869906629999996],[-46.61700604,-23.87012078],[-46.61714881,-23.870192159999988],[-46.61717736,-23.870292099999997],[-46.61714881,-23.870434870000004],[-46.6170619,-23.870550660000003],[-46.61701154,-23.870588739999995],[-46.61699586,-23.87059925999999],[-46.61698015,-23.87061227],[-46.61697259,-23.870626589999997],[-46.61697318,-23.8706397],[-46.6169785,-23.87065471],[-46.61698109000001,-23.870673459999995],[-46.61697622,-23.87069028],[-46.61696793,-23.870710220000003],[-46.61695835,-23.870720759999994],[-46.61693652,-23.87073687],[-46.6169161,-23.870745489999997],[-46.61689981,-23.870745389999996],[-46.61687873,-23.87074964],[-46.61685282,-23.870766349999997],[-46.61682546,-23.870796769999995],[-46.61680016,-23.870824090000006],[-46.616793210000004,-23.87084714],[-46.61679034,-23.870868979999997],[-46.616795,-23.870883360000004],[-46.61680442,-23.870894659999994],[-46.61681794,-23.87090222],[-46.61683079000001,-23.87090979],[-46.61684023,-23.870919210000004],[-46.61684758,-23.870934849999994],[-46.61684746,-23.870952339999995],[-46.61684527,-23.870975409999996],[-46.61684722,-23.87098666],[-46.61687411,-23.871024279999997],[-46.61689566,-23.871049999999997],[-46.61690301,-23.87106564999999],[-46.6169041,-23.871105609999997],[-46.61689788,-23.871120549999997],[-46.61688828,-23.871135479999992],[-46.61686847,-23.87115409],[-46.616822750000004,-23.871188780000004],[-46.616802250000006,-23.871207389999995],[-46.61678251,-23.871215390000003],[-46.61676215,-23.87121589],[-46.616741160000004,-23.871206399999995],[-46.61669311,-23.871185519999997],[-46.61664241,-23.871155889999997],[-46.61658699,-23.871120600000005],[-46.61654524,-23.871072289999997],[-46.61653108,-23.871058479999995],[-46.61651959,-23.87105215999999],[-46.61650394,-23.871055819999995],[-46.61649232,-23.871068859999998],[-46.61648203,-23.871084399999997],[-46.61647376,-23.87110246],[-46.61646889,-23.871118659999997],[-46.61646874,-23.87113989],[-46.61647069,-23.87115238000001],[-46.61647194,-23.871168609999998],[-46.61647184,-23.871183599999995],[-46.61647171,-23.87120107999999],[-46.61646549,-23.87121665],[-46.61644704,-23.87123526],[-46.61643337000001,-23.87124829],[-46.61642313,-23.871256350000003],[-46.61639594,-23.871261809999996],[-46.61636606,-23.87126413],[-46.61630352,-23.871276869999992],[-46.61623753,-23.871297089999988],[-46.61619307,-23.871346139999996],[-46.61614849,-23.87141205],[-46.616127,-23.87147809],[-46.61611992000001,-23.87151862999999],[-46.61611971000001,-23.871548579999992],[-46.61613096000001,-23.871591110000008],[-46.61612615,-23.871599820000004],[-46.61611452,-23.871612849999995],[-46.61608175,-23.871639509999994],[-46.61606392,-23.871665619999998],[-46.61604809,-23.871697370000003],[-46.61603372,-23.87171226],[-46.61601944,-23.87171717],[-46.61599906,-23.87171892],[-46.61598274,-23.87172258],[-46.61596434,-23.871732449999996],[-46.61595408,-23.871744249999992],[-46.61595122,-23.871764829999993],[-46.61595372,-23.871796679999996],[-46.61595195000001,-23.871855979999996],[-46.61594224,-23.871886509999996],[-46.61593465000001,-23.871903319999994],[-46.61592094,-23.87192259],[-46.61588135,-23.8719542],[-46.61581517,-23.872001250000004],[-46.61578379,-23.872024789999998],[-46.61577351,-23.87203846],[-46.61576936,-23.87205028999999],[-46.61577127,-23.872068410000004],[-46.6157833,-23.872095950000002],[-46.61580269,-23.87213726],[-46.61582825,-23.872171740000006],[-46.61585457,-23.872194369999995],[-46.6158775,-23.87221636],[-46.61589028,-23.872231409999998],[-46.61589766,-23.872244559999995],[-46.61590362,-23.872265820000003],[-46.61590210000001,-23.872289529999996],[-46.61589717,-23.8723151],[-46.61588263,-23.87235684],[-46.61587489,-23.872395499999993],[-46.61587582,-23.87245731],[-46.61587765,-23.87248665],[-46.61587955,-23.872506019999996],[-46.61587476,-23.872512849999996],[-46.61586996,-23.87251969],[-46.61586109,-23.872525879999994],[-46.61580667,-23.87254179],[-46.61577675,-23.872549729999996],[-46.61575428,-23.87255959],[-46.61572769,-23.87257566],[-46.61569287,-23.8726048],[-46.61564912,-23.872649490000004],[-46.61562105,-23.872684279999998],[-46.61561417000001,-23.872696100000002],[-46.61560731,-23.872707920000003],[-46.61559884,-23.872753450000005],[-46.61560745,-23.872980710000004],[-46.61560998,-23.873006320000005],[-46.6156139,-23.873028819999995],[-46.61562323,-23.87305447],[-46.61563397,-23.87307201999999],[-46.61564401,-23.8730908],[-46.61565808,-23.87311835],[-46.61568567,-23.873154709999994],[-46.61571258,-23.873187960000006],[-46.6157328,-23.873210549999992],[-46.61574957,-23.873351899999996],[-46.61572277,-23.873444339999995],[-46.61569333,-23.87353434],[-46.61569587,-23.87356599],[-46.61571428,-23.873600139999997],[-46.61573273,-23.873624539999998],[-46.61579363,-23.87362471999999],[-46.61583867,-23.873615119999993],[-46.61589435,-23.873590940000003],[-46.61593151,-23.87356426],[-46.61595536000001,-23.87355946],[-46.61596857,-23.873566810000003],[-46.61598169,-23.873600929999995],[-46.61598421,-23.87363502999999],[-46.61593623,-23.873727400000003],[-46.61585391,-23.873800199999998],[-46.61579557,-23.873824369999994],[-46.61573197,-23.873841229999996],[-46.61565517,-23.87384829999999],[-46.61562065,-23.873874989999994],[-46.61560996000001,-23.87390417],[-46.61564167,-23.873921309999997],[-46.6157105,-23.873921510000002],[-46.61575819,-23.87391434999999],[-46.61581113,-23.873916940000008],[-46.61583223,-23.87394135],[-46.61584797,-23.873980359999994],[-46.61586336,-23.874124039999998],[-46.61588174,-23.874165490000003],[-46.61591082,-23.874182619999992],[-46.61593465000001,-23.874180250000002],[-46.61596119,-23.874163289999995],[-46.6159719,-23.8741268],[-46.6159667,-23.874099999999995],[-46.61596443,-23.873992869999995],[-46.61597509,-23.87397342],[-46.61600159,-23.8739662],[-46.61603068,-23.873976029999998],[-46.6160808,-23.874027300000005],[-46.61610158,-23.874141789999992],[-46.61610663,-23.874214849999998],[-46.61616969,-23.874348950000005],[-46.6162173,-23.874366130000002],[-46.61626496,-23.874363830000004],[-46.61630472,-23.874351780000005],[-46.61635239000001,-23.874347050000004],[-46.61641601,-23.87432532],[-46.61645037,-23.874340029999992],[-46.61646357,-23.87435225],[-46.61646875,-23.874383919999996],[-46.61645276,-23.874415519999996],[-46.61642358,-23.874432479999992],[-46.61639704,-23.874449440000003],[-46.61638101,-23.874490789999996],[-46.61638096,-23.8745054],[-46.61640732,-23.874539559999995],[-46.61644956,-23.87457377],[-46.61646796,-23.874610340000004],[-46.61647047,-23.874651739999997],[-46.61645715,-23.87467360999999],[-46.61643329,-23.87468328],[-46.61638567,-23.874673410000003],[-46.61635133,-23.874648949999994],[-46.61633029,-23.874607500000003],[-46.61627222,-23.874558629999992],[-46.61624314,-23.87454638],[-46.61620603,-23.87455601],[-46.61619536,-23.87458032],[-46.61619523,-23.874616840000005],[-46.616208300000004,-23.87466556999999],[-46.61625847,-23.874704680000004],[-46.61629803,-23.87474861999999],[-46.61636137,-23.874807239999996],[-46.61641156,-23.87483904],[-46.61642464,-23.874887769999997],[-46.61642059,-23.87490846],[-46.61641655,-23.87492914],[-46.61637929,-23.874982599999996],[-46.61635678,-23.87498618],[-46.61633425,-23.87498976],[-46.61627075,-23.874979839999998],[-46.61622055,-23.874950469999998],[-46.61614378,-23.874945369999995],[-46.61610406,-23.8749477],[-46.61608811,-23.874964689999995],[-46.61607238,-23.875003379999992],[-46.61603423,-23.875026909999992],[-46.615965790000004,-23.875034890000002],[-46.61591568,-23.875028309999998],[-46.61589442,-23.875003450000005],[-46.61588943,-23.87499575],[-46.61587901,-23.874949459999996],[-46.61586065,-23.87489828],[-46.61583439,-23.87483734],[-46.61580808,-23.874788559999995],[-46.61578429,-23.87477874999999],[-46.61576577,-23.874771390000006],[-46.61574721,-23.874781069999997],[-46.61573649,-23.874819999999996],[-46.6157336,-23.874888159999994],[-46.61575455,-23.874953970000004],[-46.61578355,-23.87499056999999],[-46.61579939,-23.875003480000007],[-46.61582188,-23.87501786],[-46.61584275,-23.87504076],[-46.61586469,-23.87512432999999],[-46.6158756,-23.87518401],[-46.61587547,-23.875221490000005],[-46.61584949,-23.87523165],[-46.61581243,-23.875229829999995],[-46.61577535,-23.87523653],[-46.61573619,-23.875304590000002],[-46.61571386,-23.87533178],[-46.61570448,-23.875364140000002],[-46.61571921,-23.875391439999994],[-46.61574877,-23.875417099999996],[-46.61582836,-23.875442890000002],[-46.61583942000001,-23.875461669999996],[-46.61583192,-23.875487209999992],[-46.61579846,-23.87551608],[-46.61573163,-23.875548259999995],[-46.61550168,-23.875595299999993],[-46.61548682,-23.87560547],[-46.61547934,-23.875625899999996],[-46.61549036,-23.875653199999988],[-46.61554363,-23.875784580000005],[-46.61555465,-23.875815279999994],[-46.61556941,-23.875832359999997],[-46.61559532,-23.87584437],[-46.61573423,-23.875865240000007],[-46.61575274,-23.875872099999995],[-46.61576007,-23.875892579999995],[-46.61574506,-23.875947059999998],[-46.61573203,-23.87596236],[-46.61562442,-23.876001229999996],[-46.61559844,-23.876013089999994],[-46.61558355,-23.876031790000006],[-46.61557978,-23.876047109999995],[-46.61557786,-23.876065849999996],[-46.61558143,-23.876105059999993],[-46.61557946,-23.87613913],[-46.61556639,-23.876166360000003],[-46.61549179,-23.876302480000003],[-46.61538716,-23.876545849999992],[-46.61538709,-23.876566300000004],[-46.61539629,-23.87658507],[-46.61542581,-23.87662093999999],[-46.61549822,-23.87668762],[-46.61553521,-23.87670989],[-46.61556291,-23.876735529999994],[-46.615610960000005,-23.876776570000008],[-46.61564978,-23.876802239999993],[-46.61567755,-23.876810849999995],[-46.61571088,-23.87681606],[-46.61573866,-23.87682295999999],[-46.61576081,-23.876848590000005],[-46.61578852,-23.876872529999996],[-46.61583291,-23.87689992],[-46.61585874,-23.876930680000008],[-46.61586601,-23.876969889999994],[-46.61587106,-23.87711475],[-46.61587654,-23.877138630000005],[-46.615895,-23.877160829999998],[-46.6159042,-23.8771779],[-46.6159004,-23.87720344999999],[-46.6158651,-23.87723232],[-46.61585021,-23.87725103],[-46.61584829,-23.87726977],[-46.61585933,-23.877288539999995],[-46.6159166,-23.877341539999996],[-46.61598685,-23.877391160000002],[-46.61601089,-23.877404869999996],[-46.61603682,-23.877408359999993],[-46.6161425,-23.877396729999997],[-46.61619065,-23.877403699999995],[-46.61620543,-23.877417380000008],[-46.61621094000001,-23.87743272],[-46.61619977,-23.877448029999996],[-46.61609952,-23.877495449999998],[-46.61607726,-23.877503899999997],[-46.61605683,-23.87751577],[-46.61605305,-23.87753620999999],[-46.61605482000001,-23.87756007],[-46.6160714,-23.877589090000004],[-46.61608619,-23.877599360000005],[-46.61611766,-23.877607969999996],[-46.61613991,-23.877606340000007],[-46.616175150000004,-23.877596219999994],[-46.61620298,-23.87758948],[-46.61621222,-23.87759462],[-46.61622693,-23.877627039999997],[-46.61623051,-23.877664539999998],[-46.61623403,-23.877719080000002],[-46.61624323,-23.877739570000003],[-46.61626912,-23.877754979999995],[-46.61629504,-23.87776016],[-46.61635432,-23.877763750000007],[-46.61636357,-23.87777059],[-46.61636538,-23.877782529999994],[-46.6163579,-23.87780125],[-46.61632625,-23.87781912000001],[-46.61628723,-23.87784797],[-46.6162315,-23.877890399999995],[-46.61619617,-23.877926080000005],[-46.616168120000005,-23.87799926],[-46.61616798,-23.878036749999996],[-46.61617714,-23.878069149999995],[-46.61621223,-23.878099929999998],[-46.61627144,-23.87812396],[-46.61656786,-23.878175269999996],[-46.61669375,-23.87820801000001],[-46.6167861,-23.878291780000005],[-46.61680083,-23.878319089999994],[-46.61680626,-23.878358289999998],[-46.61679497,-23.878405969999996],[-46.61678185,-23.87844683],[-46.61676335,-23.878484899999993],[-46.61671451,-23.87862884],[-46.616849,-23.878758219999998],[-46.616934660000005,-23.878829600000007],[-46.6170917,-23.87892954000001],[-46.61703459,-23.879029479999996],[-46.61677761,-23.87907231],[-46.61662057,-23.87912942],[-46.61656346,-23.87922935],[-46.61667768,-23.87932929],[-46.61676334,-23.879400679999996],[-46.61679189,-23.879529170000005],[-46.6166634,-23.879586269999994],[-46.61653491,-23.879629100000002],[-46.616406420000004,-23.87978615],[-46.61650635,-23.880071679999997],[-46.61660629,-23.880328669999994],[-46.61664912,-23.88075697],[-46.61664912,-23.880871179999996],[-46.6166634,-23.881128159999996],[-46.61664912,-23.881342320000005],[-46.61663484,-23.88149936],[-46.6167098,-23.881543379999993],[-46.61681687,-23.881614759999994],[-46.61682282,-23.881781330000003],[-46.61681687,-23.88193004],[-46.61675739,-23.882013320000006],[-46.61675739,-23.882108499999994],[-46.61676334,-23.882209630000002],[-46.61680498,-23.882316699999997],[-46.61688826000001,-23.88235835],[-46.61690015,-23.882489220000007],[-46.61688826000001,-23.882608189999996],[-46.61688231,-23.88275691],[-46.61691205,-23.882828290000003],[-46.617025080000005,-23.882929419999993],[-46.617025080000005,-23.88296511],[-46.61698938,-23.883060289999992],[-46.61695369,-23.88313762],[-46.61696559,-23.883238749999997],[-46.61706672,-23.88330418],[-46.61706672,-23.88335772],[-46.61704292,-23.883494540000004],[-46.617025080000005,-23.883565919999988],[-46.61704292,-23.88366705],[-46.61711431,-23.883738430000005],[-46.61721543,-23.883797920000003],[-46.61725113000001,-23.883815769999988],[-46.61726897,-23.883910939999993],[-46.61726302,-23.883994220000005],[-46.61734035,-23.884023970000005],[-46.61734035,-23.884131040000003],[-46.61733441,-23.884196479999996],[-46.6173582,-23.88438089],[-46.6173582,-23.88448201],[-46.61745933,-23.884577189999998],[-46.61754261,-23.88464263],[-46.61754856,-23.884755649999992],[-46.61754856,-23.884892469999997],[-46.61746528,-23.8849817],[-46.61746528,-23.885112570000004],[-46.61748907,-23.885249389999995],[-46.61743553,-23.885332669999997],[-46.61744148,-23.885415950000002],[-46.61747123,-23.885511129999994],[-46.61748312,-23.88560631],[-46.61745933,-23.88571339],[-46.61749502,-23.88579667],[-46.61751287,-23.885874000000005],[-46.6176021,-23.88595728],[-46.61761994,-23.88606436],[-46.61752476,-23.886165479999992],[-46.61745338,-23.88623092],[-46.617382,-23.886302299999993],[-46.61732251,-23.88637368999999],[-46.61729871,-23.886474809999996],[-46.61729871,-23.886581889999995],[-46.61734035,-23.88665922],[-46.61733441,-23.8867306],[-46.61724518,-23.886772249999996],[-46.61723923,-23.886909060000004],[-46.61728087000001,-23.88698045],[-46.61733441,-23.88703993],[-46.61740579,-23.887129160000008],[-46.617447430000006,-23.887200550000003],[-46.61747717,-23.887307619999998],[-46.61747123,-23.88742065],[-46.61739389,-23.887474189999995],[-46.61731656,-23.887670490000005],[-46.61728087000001,-23.887735930000005],[-46.61731656,-23.88783705000001],[-46.61738794,-23.887908440000004],[-46.61738794,-23.88804526],[-46.61735225,-23.888158279999992],[-46.61729277,-23.88823560999999],[-46.61722733,-23.888324839999996],[-46.61723923,-23.88839622999999],[-46.61717974,-23.888521150000003],[-46.61709051,-23.888592530000004],[-46.61698938,-23.888622279999996],[-46.61689421,-23.888687710000003],[-46.61674549,-23.888735299999993],[-46.61671575,-23.888818580000002],[-46.61673954,-23.888943499999993],[-46.61679308,-23.888997040000003],[-46.6169418,-23.889110069999997],[-46.61697154,-23.889211190000008],[-46.61690015,-23.889288529999995],[-46.61677523,-23.88936586],[-46.6166979,-23.889455090000006],[-46.616632470000006,-23.88955026999999],[-46.61658488,-23.88968114],[-46.61657893,-23.889806060000005],[-46.6166979,-23.889930979999992],[-46.61673359,-23.89000236],[-46.61671575,-23.890097539999996],[-46.61669195,-23.890168930000005],[-46.61675144,-23.890210570000004],[-46.61675144,-23.890305749999992],[-46.616686,-23.890394969999992],[-46.61662057,-23.8905199],[-46.61657893,-23.890632920000005],[-46.61657298,-23.890710249999994],[-46.61659677,-23.890793529999993],[-46.61664436,-23.890906560000005],[-46.61664436,-23.89103148],[-46.61660867,-23.89113856],[-46.61653134,-23.89120994],[-46.61644211,-23.891287270000003],[-46.61641831,-23.89135271],[-46.61632314,-23.891441939999996],[-46.61633503,-23.891513319999994],[-46.61637667,-23.8916085],[-46.61638262,-23.89169773],[-46.61635288,-23.89178101],[-46.61629339,-23.891947569999996],[-46.6162577,-23.892066549999992],[-46.61627555,-23.892203370000004],[-46.61628149,-23.892328290000002],[-46.61628149,-23.892465110000003],[-46.61626365,-23.89260192],[-46.6162458,-23.89276254],[-46.61618037,-23.892941000000004],[-46.61615062,-23.89311351],[-46.6160257,-23.893381199999997],[-46.61595432,-23.89352397],[-46.61587665,-23.893733269999988],[-46.61588485,-23.89387056],[-46.61573386,-23.894266369999997],[-46.61561976,-23.89449454],[-46.61566753,-23.894679199999995],[-46.61550421,-23.89512888999999],[-46.61526841,-23.89549570999999],[-46.61523453,-23.895808249999995],[-46.61533566,-23.896016449999998],[-46.61544273,-23.89633173],[-46.61546653,-23.896539929999992],[-46.61545463,-23.89674219],[-46.61537135,-23.896920649999995],[-46.615288070000005,-23.89709315999999],[-46.61524643,-23.897235930000004],[-46.61525833,-23.89742033],[-46.61529997,-23.89762259],[-46.615288070000005,-23.897818890000003],[-46.61522858,-23.897991399999995],[-46.61515125,-23.898324529999993],[-46.61509771,-23.898568419999997],[-46.61506202,-23.898752829999996],[-46.61502038,-23.898949139999996],[-46.6150061,-23.89943931],[-46.61499183,-23.899696289999998],[-46.61496327,-23.899867610000012],[-46.61483478000001,-23.900010379999998],[-46.61449214,-23.90021025],[-46.61423516,-23.900338739999995],[-46.61403528,-23.90056717],[-46.6139639,-23.90080988],[-46.61399245,-23.90115252],[-46.61399245,-23.901438049999996],[-46.61399245,-23.90168076],[-46.61407811,-23.901937739999997],[-46.61406384,-23.902137610000004],[-46.61400673,-23.902351770000003],[-46.61397818,-23.90250881],[-46.61399245,-23.90268013],[-46.61399245,-23.902808619999995],[-46.61387824,-23.90295138999999],[-46.61379258,-23.903165539999996],[-46.61382113,-23.90327976],[-46.61386396,-23.90352246000001],[-46.6139639,-23.903693780000005],[-46.61397818,-23.90389366000001],[-46.61390679,-23.904093529999994],[-46.61377830000001,-23.90432196],[-46.61367836,-23.904536110000002],[-46.61357843,-23.904750260000004],[-46.61350704,-23.905035799999997],[-46.61342138,-23.905335610000005],[-46.61326434,-23.90563542],[-46.61307874,-23.905849570000004],[-46.61283604,-23.905849570000004],[-46.61266471,-23.905835299999993],[-46.61257386,-23.905926150000006],[-46.61252195,-23.90597807],[-46.61239346,-23.906092280000003],[-46.61220786,-23.906263600000003],[-46.6121793,-23.906434920000002],[-46.61209364,-23.906649069999997],[-46.61189377,-23.90674900999999],[-46.61165106,-23.907063099999988],[-46.6115654,-23.907262969999998],[-46.61147974,-23.907420020000004],[-46.61136553,-23.907562790000004],[-46.61123823,-23.907878059999998],[-46.61162876,-23.908165579999988],[-46.6118786,-23.908320249999996],[-46.61215224,-23.90846302],[-46.61228311,-23.908641479999993],[-46.61234259,-23.90877235],[-46.61235319,-23.908910119999998],[-46.61235449,-23.908927009999996],[-46.61225931,-23.909022189999998],[-46.61210465,-23.909212550000003],[-46.61193809,-23.90939101],[-46.61183101,-23.90964085],[-46.61179532,-23.90979550999999],[-46.61159306,-23.90999776999999],[-46.61150978,-23.910211919999995],[-46.61156927,-23.910461760000008],[-46.61160496,-23.910580739999997],[-46.61172393,-23.910699709999992],[-46.61175963,-23.910890069999994],[-46.61183101,-23.911068529999998],[-46.61178342,-23.911389749999998],[-46.61164065,-23.9116158],[-46.61140271,-23.911758569999993],[-46.61125994,-23.911901339999996],[-46.61118856,-23.91209168999999],[-46.61122019,-23.91222878],[-46.61122425,-23.912246359999994],[-46.61130753,-23.912365329999993],[-46.61141460000001,-23.912638969999993],[-46.61156927,-23.912841220000004],[-46.61166445,-23.913067270000006],[-46.61167635,-23.913245729999996],[-46.61168824,-23.913436090000005],[-46.61164065,-23.913614549999995],[-46.61154548,-23.913852489999996],[-46.61136702,-23.91406665],[-46.61096251,-23.914019060000005],[-46.61060559,-23.913959569999996],[-46.61023677,-23.913959569999996],[-46.61004641,-23.91399526],[-46.60984416,-23.91419752],[-46.6096538,-23.914375980000006],[-46.60946345,-23.91439977],[-46.60909463,-23.91441167],[-46.60872581,-23.91443546],[-46.60846407,-23.91455444],[-46.60829751,-23.91476859],[-46.60827372,-23.91495893999999],[-46.60819044,-23.915184990000007],[-46.60807146,-23.915399139999998],[-46.60802387,-23.9155895],[-46.60804767,-23.915708470000002],[-46.60824992,-23.91582745],[-46.60849977,-23.915910729999993],[-46.60876151,-23.915934520000004],[-46.60893997000001,-23.9160416],[-46.60902325,-23.916196260000003],[-46.60898755,-23.91642231],[-46.60905894,-23.91661266999999],[-46.6092136,-23.916803030000004],[-46.60940396,-23.917040970000006],[-46.60953483,-23.917397889999993],[-46.60964191,-23.917659629999996],[-46.60974898,-23.917885680000005],[-46.60977278,-23.91817122],[-46.60978467000001,-23.918397269999996],[-46.60978467000001,-23.91854003],[-46.60982037,-23.91874228999999],[-46.60990365,-23.91892075000001],[-46.60990841,-23.919099210000002],[-46.60969425,-23.919289560000003],[-46.60952769,-23.91942043],[-46.60921836,-23.919634579999997],[-46.60898042,-23.91984873999999],[-46.60873057,-23.920205659999997],[-46.60864729,-23.920324629999996],[-46.60864729,-23.920479290000003],[-46.60874247,-23.920741030000002],[-46.60874247,-23.92100276999999],[-46.6086116,-23.92122881999999],[-46.60876626,-23.92187128000001],[-46.60875437,-23.92224009],[-46.60876626,-23.922620809999998],[-46.60883765,-23.922870649999997],[-46.609016110000006,-23.923120499999992],[-46.60925405,-23.923275159999992],[-46.6095039,-23.923608280000003],[-46.60969425,-23.923822440000002],[-46.61005117,-23.924000899999992],[-46.61031291,-23.92408418],[-46.61045568,-23.924226940000004],[-46.61046758,-23.924500579999993],[-46.6103605,-23.924655249999997],[-46.61024153,-23.924798019999997],[-46.61009876,-23.92497647],[-46.6099441,-23.92513114],[-46.60990841,-23.925285800000005],[-46.60983702,-23.92545237],[-46.60963477000001,-23.925654620000003],[-46.6094801,-23.9257379],[-46.60945631,-23.92592826],[-46.60942062,-23.926130509999993],[-46.609408720000005,-23.92623759],[-46.60936113,-23.926511230000003],[-46.60927785,-23.926749169999994],[-46.60924216000001,-23.92697522],[-46.60928975,-23.927177480000005],[-46.6095039,-23.927332140000008],[-46.60971805,-23.927427319999993],[-46.60999169,-23.927451109999993],[-46.61031291,-23.927451109999993],[-46.61066983,-23.927498699999994],[-46.61087209000001,-23.92742732],[-46.61109814000001,-23.927415420000003],[-46.61128849,-23.927534400000003],[-46.61141936,-23.927855619999995],[-46.61144316,-23.92814116],[-46.61140747,-23.92850997],[-46.61137177,-23.92872413],[-46.61132419,-23.928854999999995],[-46.6112766,-23.92912863],[-46.61132419,-23.929259499999993],[-46.61145506,-23.92944985999999],[-46.61165731,-23.929556939999998],[-46.61183577,-23.929616419999995],[-46.61201423,-23.929747290000005],[-46.61204992,-23.929794879999996],[-46.61225218,-23.929806779999993],[-46.61250202,-23.929806779999996],[-46.61270427,-23.92983058],[-46.61281135,-23.92993765],[-46.613001710000006,-23.930187490000005],[-46.61313258,-23.93055631],[-46.61331104,-23.930806149999995],[-46.61356088,-23.931020310000008],[-46.61378693,-23.931056],[-46.61402487,-23.931044100000005],[-46.61431041,-23.931008410000004],[-46.61473871,-23.930889439999998],[-46.61491717,-23.93077045999999],[-46.61515512,-23.93063959],[-46.61536927,-23.930496819999995],[-46.61559532,-23.93049682000001],[-46.61579757,-23.930473029999998],[-46.61594034,-23.930413539999996],[-46.61615449,-23.93041354],[-46.61627346,-23.930508719999988],[-46.61630916,-23.9306039],[-46.61624967,-23.93093701999999],[-46.61620208,-23.931198770000005],[-46.61615449,-23.93156758],[-46.6161069,-23.931983989999996],[-46.61585706,-23.93316181999999],[-46.61577378,-23.93336407],[-46.61557152,-23.933637709999996],[-46.61539306,-23.933792380000003],[-46.61526219,-23.933911349999992],[-46.61519081,-23.934113610000004],[-46.615024250000005,-23.934351550000006],[-46.61504804,-23.934518109999996],[-46.61513132,-23.93474415999999],[-46.61516701,-23.934958310000003],[-46.61519081,-23.93519626000001],[-46.61517891,-23.935648359999995],[-46.61520271,-23.935993379999992],[-46.6152146,-23.936255120000002],[-46.61510753,-23.936433579999996],[-46.61495286,-23.93646927],[-46.61473871,-23.936469269999996],[-46.61444128,-23.93646927],[-46.61403677,-23.936493069999994],[-46.61375124,-23.93657635],[-46.61356088,-23.93673101],[-46.61343001,-23.936980859999995],[-46.61332293,-23.937195009999996],[-46.61304929,-23.937409160000005],[-46.61283514,-23.93759952],[-46.61268048,-23.937694690000004],[-46.61246633,-23.93776608],[-46.612157,-23.937754179999995],[-46.61181197,-23.937730389999995],[-46.61159782,-23.937659],[-46.61111003,-23.93759952],[-46.61062224,-23.937409160000005],[-46.61001548,-23.937183110000003],[-46.60972995,-23.937123619999998],[-46.60939682,-23.937076030000004],[-46.6090637,-23.937040339999996],[-46.60876626,-23.93694516],[-46.60848073,-23.936909469999993],[-46.60823089000001,-23.93688568],[-46.60802863,-23.936957059999994],[-46.60783827,-23.937052239999993],[-46.60758843,-23.937278290000005],[-46.60749325,-23.937551930000005],[-46.60737428,-23.937813670000004],[-46.60727910000001,-23.938039719999992],[-46.60719582,-23.93821818],[-46.60712444,-23.938384739999996],[-46.60701736,-23.938694070000004],[-46.60695787,-23.938896320000005],[-46.60699357,-23.939110469999992],[-46.60716013,-23.93932462],[-46.60724341,-23.939443599999993],[-46.60738618,-23.939788619999995],[-46.60749325,-23.940086049999998],[-46.60756464,-23.940371590000005],[-46.60762412,-23.940561939999995],[-46.60765982,-23.9407404],[-46.60782638,-23.940906969999997],[-46.60813571,-23.941073529999993],[-46.60832606,-23.941204400000004],[-46.60848073,-23.94154942],[-46.60844504,-23.941799259999996],[-46.60832606,-23.942084799999996],[-46.6081476,-23.942298949999998],[-46.60796915,-23.94248931],[-46.60776689,-23.94272724999999],[-46.60762412,-23.942953299999992],[-46.60754084,-23.943119870000004],[-46.60738618,-23.94335781],[-46.607291,-23.94364334999999],[-46.60714823,-23.943905089999998],[-46.60702926,-23.944059749999997],[-46.60691029,-23.9442739],[-46.60681511,-23.944499949999994],[-46.6068508,-23.94467841],[-46.60702926,-23.94494015],[-46.60725531,-23.945142409999995],[-46.60746946,-23.94532087],[-46.60762412,-23.94549933],[-46.60762412,-23.94571348],[-46.60749325,-23.945891940000006],[-46.60727910000001,-23.946117989999998],[-46.60712444,-23.946284549999994],[-46.607053050000005,-23.946451110000005],[-46.607053050000005,-23.946641470000003],[-46.60712444,-23.94683182],[-46.60723151,-23.946962689999992],[-46.60732669,-23.94723633],[-46.60749325,-23.947438589999997],[-46.60757653,-23.947581349999997],[-46.60757653,-23.94772412],[-46.60746946,-23.947950170000002],[-46.60743377,-23.948128630000003],[-46.60762412,-23.94824759999999],[-46.60789776000001,-23.948271400000003],[-46.60810002,-23.948295189999996],[-46.60829037,-23.948295190000003],[-46.60849263,-23.948235709999995],[-46.60865919,-23.9482595],[-46.60886144,-23.948378469999998],[-46.6090518,-23.948568830000003],[-46.60907559,-23.948771079999997],[-46.609016110000006,-23.94892575],[-46.6090637,-23.94922318],[-46.60919457,-23.949354049999997],[-46.60942062,-23.94948492],[-46.60968236,-23.9495801],[-46.60988461,-23.9496039],[-46.61011066,-23.94953251],[-46.61027722,-23.94952062],[-46.61046758,-23.949580100000002],[-46.610646040000006,-23.949758560000003],[-46.6108126,-23.949972709999997],[-46.61086019,-23.950258250000005],[-46.6108364,-23.95038912000001],[-46.61075311,-23.95053188999999],[-46.61057466,-23.950710350000005],[-46.61044378,-23.95088881],[-46.6103605,-23.951043469999995],[-46.6103605,-23.95118624],[-46.61030102,-23.95138849],[-46.61026533,-23.951483669999995],[-46.61007497,-23.951685920000003],[-46.60982512,-23.9518049],[-46.6094801,-23.9518168],[-46.60920646,-23.95188818],[-46.60892093,-23.952019049999997],[-46.6085997,-23.9522451],[-46.60844504,-23.952459250000004],[-46.60820709,-23.952816170000002],[-46.60799294,-23.953125500000002],[-46.6077074,-23.953339650000004],[-46.60733859,-23.953518109999997],[-46.607053050000005,-23.953637079999996],[-46.60689839,-23.953851230000005],[-46.60687459,-23.954053489999996],[-46.6068508,-23.95430333],[-46.6068508,-23.954469889999995],[-46.60688649000001,-23.954850609999994],[-46.60695787,-23.955112349999993],[-46.60692218,-23.955385989999996],[-46.60679131,-23.95564773],[-46.60675562,-23.956004650000004],[-46.60674372,-23.956183109999998],[-46.60660096,-23.956218799999995],[-46.60645819,-23.956302079999997],[-46.60627973,-23.956432949999996],[-46.60627973,-23.956682789999995],[-46.60626783000001,-23.956825560000002],[-46.60649388000001,-23.956980229999992],[-46.60661285,-23.957063510000005],[-46.60680321,-23.95728956],[-46.60699357,-23.95752750000001],[-46.60716013,-23.95776544999999],[-46.60727910000001,-23.95801528999999],[-46.60737428,-23.95808667],[-46.60751705,-23.958217549999993],[-46.6077431,-23.958288929999995],[-46.60788586,-23.958300830000002],[-46.60799294,-23.958360309999996],[-46.60810002,-23.958455489999995],[-46.60826658,-23.958503080000003],[-46.60838555,-23.958586359999998],[-46.60833796,-23.958764819999995],[-46.60826658,-23.958907589999995],[-46.60820709,-23.959062249999995],[-46.6081595,-23.959240710000003],[-46.6081714,-23.959395379999997],[-46.60825468,-23.959573839999997],[-46.60857591,-23.959716609999997],[-46.60876626,-23.959787990000002],[-46.6090637,-23.959883169999998],[-46.60909939,-23.960085419999995],[-46.60909939,-23.96021628999999],[-46.609016110000006,-23.96050183],[-46.60894472,-23.96066839],[-46.60871868,-23.96085875],[-46.60857591,-23.9610491],[-46.60848073,-23.961287049999992],[-46.60838555,-23.961477409999997],[-46.60831417,-23.961870020000003],[-46.60831417,-23.96206037],[-46.60834986,-23.96229831999999],[-46.60836176,-23.962512469999997],[-46.60831417,-23.96271473],[-46.6081833,-23.96294078],[-46.60813571,-23.963107339999997],[-46.60812381000001,-23.963119230000004],[-46.60808812,-23.96325011],[-46.60824278,-23.963392870000003],[-46.60843314,-23.96353564],[-46.60858781,-23.963749790000005],[-46.60869488,-23.96391635],[-46.60881385,-23.96404722],[-46.609016110000006,-23.964130510000007],[-46.60924216000001,-23.964201889999988],[-46.60939682,-23.964225679999995],[-46.60955149,-23.964261379999993],[-46.60974184,-23.964273270000007],[-46.61001548,-23.96430897],[-46.61024153,-23.964380349999995],[-46.61043189,-23.9645826],[-46.61045568,-23.96478486],[-46.61041729,-23.96496356],[-46.6103605,-23.96515367],[-46.610255630000005,-23.96536822],[-46.61017711,-23.965560949999997],[-46.61014856,-23.96574655],[-46.61020566,-23.965846490000004],[-46.61031988,-23.96589646],[-46.61041982,-23.96589646],[-46.61056972,-23.965875039999997],[-46.61079815000001,-23.965896459999996],[-46.61102658,-23.96595357000001],[-46.61120504,-23.966060639999995],[-46.61135375,-23.96625219],[-46.61143704,-23.96631762],[-46.61153221,-23.9664009],[-46.61159765,-23.966531769999996],[-46.61166308,-23.966698339999997],[-46.61169878,-23.966829210000004],[-46.61171067,-23.966977919999998],[-46.61166903,-23.967180180000003],[-46.61165119,-23.967305099999997],[-46.61163334,-23.967447869999994],[-46.61165119,-23.96755494],[-46.611674980000004,-23.96766202],[-46.61169878,-23.96781667999999],[-46.61175826,-23.96801298999999],[-46.61177611,-23.968173599999997],[-46.61180585,-23.96831637],[-46.6118118,-23.968435339999996],[-46.61180585,-23.968560260000004],[-46.61180585,-23.968691139999997],[-46.6118237,-23.96883985],[-46.61180585,-23.96904211],[-46.61172852,-23.969155129999997],[-46.61159765,-23.969351439999997],[-46.61162144,-23.96941806],[-46.61168688,-23.96945375],[-46.6117999,-23.969477549999997],[-46.6119397,-23.96948647],[-46.61206164,-23.969483500000003],[-46.61217467,-23.969483500000003],[-46.61229067,-23.969486469999993],[-46.61241261,-23.969483499999996],[-46.61255241,-23.969486469999993],[-46.61267733,-23.96944483],[-46.61276656,-23.969394269999995],[-46.61284984,-23.969337749999994],[-46.61290338,-23.969230679999995],[-46.61290338,-23.96911171],[-46.61287363,-23.968986780000005],[-46.61282902,-23.96887078],[-46.61275169,-23.96878453],[-46.61268328,-23.96869233],[-46.61266841,-23.968585249999993],[-46.612701120000004,-23.968487100000004],[-46.6127844,-23.96836515],[-46.61286471,-23.96826402],[-46.61294502,-23.968159919999994],[-46.6130283,-23.96806177],[-46.61312645,-23.96797254],[-46.61323948,-23.967936849999997],[-46.61337332,-23.967916030000005],[-46.61357558,-23.96789521],[-46.61383137,-23.967805980000005],[-46.61395629,-23.967764340000002],[-46.61406337,-23.96772269],[-46.61414665,-23.96764239],[-46.61418531,-23.967573979999997],[-46.61420018,-23.967475829999994],[-46.61421208,-23.967356849999994],[-46.61425967,-23.96722300999999],[-46.61434295,-23.967148649999995],[-46.61444705,-23.967109979999993],[-46.614569,-23.967071319999995],[-46.61469095,-23.96703859999999],[-46.61485156,-23.96699101],[-46.61500325,-23.966949369999995],[-46.61521146,-23.966901779999997],[-46.61537802,-23.96687799],[-46.61555053,-23.96686311],[-46.61569627,-23.96686311],[-46.61577955,-23.966883930000005],[-46.61586283,-23.96694045],[-46.61594909,-23.967008859999993],[-46.61599965,-23.967104029999994],[-46.61604724,-23.967196240000003],[-46.6161335,-23.967374700000004],[-46.61620488,-23.967499620000005],[-46.61627032,-23.967597769999994],[-46.61632683,-23.967678080000006],[-46.61640713,-23.967719720000005],[-46.61651718,-23.967719719999998],[-46.61663913,-23.967689979999996],[-46.61671052,-23.967663210000005],[-46.61680272,-23.967624539999996],[-46.61690682,-23.967582899999996],[-46.61700497,-23.96753234],[-46.61712097,-23.967484749999997],[-46.61724292,-23.967419310000004],[-46.61740651,-23.96735388],[-46.61748979,-23.967309259999997],[-46.61760281,-23.967279519999998],[-46.61772008,-23.967291519999996],[-46.61776956,-23.967328430000002],[-46.61787222,-23.967438860000005],[-46.61814547000001,-23.96778501],[-46.61829607,-23.96797578],[-46.61877377,-23.968500259999995],[-46.61899676,-23.968754149999995],[-46.61904579,-23.9688496],[-46.61907105,-23.968930259999993],[-46.61906878,-23.968966819999995],[-46.61904846,-23.969019739999997],[-46.61901396,-23.969105499999994],[-46.61896899,-23.969257030000005],[-46.61895822000001,-23.96936123],[-46.61895965,-23.969434409999998],[-46.61897728,-23.969471119999994],[-46.61901874,-23.969515290000007],[-46.61908618,-23.969548649999997],[-46.6192075,-23.969562249999996],[-46.61954361,-23.969604690000004],[-46.61974622,-23.969662720000006],[-46.619904780000006,-23.969753390000005],[-46.6200493,-23.96985676999999],[-46.62014821,-23.96993791],[-46.62027079,-23.97004846],[-46.62035567000001,-23.970142309999993],[-46.620418750000006,-23.97022138],[-46.62046189,-23.970307640000005],[-46.62050487,-23.97041402],[-46.6205334,-23.970586159999996],[-46.62053862,-23.97068315],[-46.62058176,-23.970767579999997],[-46.62060736,-23.97080433],[-46.62066475,-23.970848609999987],[-46.62071834,-23.97086907],[-46.62075412,-23.97087661999999],[-46.621434640000004,-23.970974459999997],[-46.62155938,-23.970992389999996],[-46.62223361,-23.971089309999996],[-46.62251768,-23.97116799],[-46.62315414,-23.97140455],[-46.62315886,-23.971406309999992],[-46.6234296,-23.971406239999997],[-46.62361301,-23.971372680000005],[-46.62404241,-23.971192539999997],[-46.62412202,-23.971196709999997],[-46.624133900000004,-23.9712041],[-46.62416942,-23.97124928],[-46.62417727,-23.971259270000004],[-46.62438796,-23.97156136],[-46.6244746,-23.971685590000003],[-46.62469766,-23.97205318999999],[-46.62485014,-23.972319480000003],[-46.62494422,-23.972475239999998],[-46.62499934,-23.972513569999993],[-46.62502248,-23.972522779999988],[-46.6251034,-23.972537099999997],[-46.62515471,-23.97254424000001],[-46.62524151,-23.972549479999998],[-46.62535199,-23.97255649],[-46.62544469,-23.972552659999995],[-46.62549991,-23.972547099999993],[-46.62555317,-23.97254879],[-46.62560054,-23.972554129999992],[-46.6256479,-23.9725649],[-46.62572294,-23.97259555000001],[-46.62580197,-23.97264249],[-46.62590273,-23.972700270000004],[-46.62600346,-23.97275262],[-46.6260647,-23.97278691],[-46.6261121,-23.972808559999997],[-46.62617332000001,-23.972833799999993],[-46.62622861,-23.97285724],[-46.626274,-23.97286439],[-46.62634306,-23.97286967999999],[-46.62640813,-23.972864089999995],[-46.62651259,-23.97283124],[-46.62657166,-23.97278941],[-46.62661098,-23.972738579999998],[-46.62666604,-23.972671390000006],[-46.62670737,-23.972638670000002],[-46.62676057,-23.97261318],[-46.62682561,-23.9725931],[-46.62688676,-23.972592960000004],[-46.62694598,-23.972609139999996],[-46.62697958,-23.97263263],[-46.62703097,-23.9726742],[-46.62706067,-23.972712200000004],[-46.62709043,-23.972779200000005],[-46.62713806,-23.972886029999998],[-46.62717772,-23.972965700000003],[-46.62720558,-23.973058079999994],[-46.62723734,-23.97313413],[-46.62729285,-23.97324277],[-46.6273523,-23.97334414],[-46.62739389,-23.973405669999995],[-46.62742954,-23.973459969999997],[-46.6274632,-23.97350883],[-46.62748694,-23.973532340000006],[-46.62751659,-23.97355765],[-46.62755412,-23.97357751],[-46.62760543,-23.973584650000003],[-46.62769024,-23.973582650000004],[-46.6278125,-23.97356605],[-46.62794859,-23.973556689999995],[-46.62802156,-23.97355108],[-46.62813596,-23.973550839999994],[-46.62822082,-23.973565139999998],[-46.62824452,-23.97357052],[-46.62829581,-23.973577659999993],[-46.62835898,-23.97359202],[-46.62843989,-23.97360452],[-46.62847144,-23.973600830000006],[-46.62859367,-23.97357337],[-46.62868043,-23.973562299999998],[-46.62874158000001,-23.97356035],[-46.62881058,-23.9735457],[-46.62885,-23.973532920000004],[-46.62893079,-23.97350193000001],[-46.62895639,-23.973481930000002],[-46.628976050000006,-23.97346194999999],[-46.62900951,-23.973431059999992],[-46.62905084,-23.973396529999995],[-46.62909615,-23.97337105],[-46.62914738,-23.97335281],[-46.62919471,-23.97334908],[-46.62927165,-23.97335072],[-46.62934666,-23.973368670000006],[-46.62939405,-23.973388499999995],[-46.62942765,-23.973413810000004],[-46.62944943,-23.973442759999998],[-46.62947517,-23.973478949999997],[-46.62948315,-23.97351338],[-46.6294773,-23.973540579999998],[-46.62945376,-23.973585939999992],[-46.62940851,-23.97363498],[-46.62937314,-23.973684],[-46.62934955,-23.97371487],[-46.62933388,-23.97375478],[-46.62932611,-23.973801929999993],[-46.62932622,-23.973845429999997],[-46.62933615,-23.973870780000006],[-46.62936978,-23.97390333],[-46.62940731,-23.97392138],[-46.62946258,-23.973939369999997],[-46.629545470000004,-23.973951879999998],[-46.62961652,-23.973964399999996],[-46.62968758,-23.973982369999998],[-46.62977445,-23.97401299],[-46.62985346,-23.97405088],[-46.62995023,-23.974097790000002],[-46.63006484,-23.97417003],[-46.63012609,-23.97420977],[-46.63018933,-23.974251320000004],[-46.63028025,-23.974319990000005],[-46.63031867,-23.974349119999996],[-46.63033058,-23.9743585],[-46.63034209,-23.974368310000003],[-46.63035316,-23.974378519999995],[-46.63036381,-23.974389110000004],[-46.630374,-23.97440007],[-46.63038372,-23.974411390000004],[-46.63039297,-23.974423049999988],[-46.63042266,-23.97446104999999],[-46.63044839,-23.97449362],[-46.63045199,-23.974500749999994],[-46.63045509,-23.97450804],[-46.63045766,-23.97451544000001],[-46.63045968,-23.974522889999992],[-46.63046114,-23.974530349999995],[-46.63046203,-23.97453776999999],[-46.63046233,-23.974545090000003],[-46.63046215,-23.974553810000007],[-46.63046154,-23.974562690000003],[-46.63046054,-23.974571699999995],[-46.63045911,-23.974580769999996],[-46.63045072,-23.97462774],[-46.63043315,-23.974698469999996],[-46.63041757,-23.97477101],[-46.63041374,-23.974816330000007],[-46.63042375,-23.974870689999996],[-46.63044361,-23.97491958],[-46.6304674,-23.974964839999988],[-46.630505,-23.97501188],[-46.63055049,-23.975057099999997],[-46.63058607,-23.97508057999999],[-46.63064729,-23.975111250000005],[-46.630746020000004,-23.975147290000002],[-46.63082892,-23.975161589999992],[-46.630923640000006,-23.975177699999996],[-46.63101049,-23.97519924999999],[-46.63113092,-23.975238860000005],[-46.63133034,-23.975301849999997],[-46.63144488,-23.975350530000004],[-46.63156731,-23.975401010000002],[-46.63170709,-23.975464819999996],[-46.6317157,-23.975468989999992],[-46.63172395000001,-23.975473419999997],[-46.63173181,-23.975478119999995],[-46.63173922000001,-23.975483049999994],[-46.63174615,-23.97548819],[-46.63179845,-23.97552917],[-46.63189135,-23.975597840000002],[-46.63192881,-23.975628060000002],[-46.63193748,-23.97563466999999],[-46.63194669,-23.975640959999996],[-46.6319564,-23.975646899999997],[-46.63196659,-23.97565247],[-46.63197723,-23.975657649999995],[-46.63198828,-23.97566244],[-46.63199971,-23.975666820000004],[-46.63201385,-23.975671879999993],[-46.63206121,-23.97567902],[-46.63212041,-23.975684319999996],[-46.6322348,-23.975678629999997],[-46.63231565,-23.97566939],[-46.6324182,-23.975656470000004],[-46.63251884,-23.97567074],[-46.63256031,-23.975686960000004],[-46.63270051,-23.97574283],[-46.63277608,-23.975777970000003],[-46.63280914,-23.97579333],[-46.63297113,-23.975879969999998],[-46.63306598,-23.975939569999994],[-46.63318454,-23.976013609999995],[-46.63327938,-23.976071410000003],[-46.63334063,-23.97610751],[-46.63339427,-23.976134380000005],[-46.63339942,-23.97613664],[-46.63340479,-23.97613837999999],[-46.63341033,-23.97613959],[-46.63341972,-23.97614113],[-46.63342984,-23.976142509999995],[-46.63343997,-23.97614331],[-46.63345004,-23.97614351999999],[-46.63346,-23.97614316],[-46.63346979,-23.97614221],[-46.63348866,-23.976139799999995],[-46.6335419,-23.97613243],[-46.63357937,-23.97612691],[-46.63360896,-23.97612683999999],[-46.63363856,-23.97613222],[-46.63367805,-23.97614843999999],[-46.63371955,-23.97617371000001],[-46.63380854,-23.976256900000003],[-46.6339015,-23.976347310000005],[-46.63394902000001,-23.976416079999993],[-46.63402217,-23.976475729999997],[-46.63407163,-23.976528180000003],[-46.634125,-23.976566120000005],[-46.63416254,-23.9765896],[-46.63420402,-23.976611259999995],[-46.63426127000001,-23.976625629999994],[-46.63432443,-23.976639979999998],[-46.63437971,-23.976656169999995],[-46.63442318,-23.976685070000002],[-46.63446271,-23.976713979999996],[-46.634520050000006,-23.97676097],[-46.63456953,-23.976822489999996],[-46.63460517,-23.976871350000003],[-46.63464273,-23.976902080000002],[-46.6346783,-23.976923750000005],[-46.63475337,-23.976963459999997],[-46.63487383,-23.97701212000001],[-46.63503965,-23.977058869999997],[-46.63511853,-23.977081679999998],[-46.63516403,-23.97709483],[-46.63526471,-23.977125419999993],[-46.6353595,-23.97716145],[-46.63542099,-23.97719571],[-46.63544051000001,-23.977206579999994],[-46.63551163,-23.977249920000002],[-46.635546180000006,-23.977271690000002],[-46.63556894,-23.977286040000006],[-46.63560652,-23.977324020000008],[-46.63563424,-23.97736021],[-46.635662,-23.97741271],[-46.63568184,-23.977456159999996],[-46.63569776,-23.977508690000004],[-46.63570188,-23.97757031],[-46.63568823,-23.97763197],[-46.63566277,-23.977697279999994],[-46.63563135,-23.97775353999999],[-46.63559597,-23.97779894],[-46.63553494000001,-23.977842579999997],[-46.63546998,-23.977893480000002],[-46.63539909,-23.97794258],[-46.63534003,-23.977986220000002],[-46.63528492,-23.978029839999998],[-46.63522586,-23.978073479999992],[-46.63516091,-23.978131629999996],[-46.63511369,-23.97817524],[-46.63505861,-23.978233369999998],[-46.635017340000005,-23.978289649999997],[-46.63497015,-23.97834594],[-46.63493285,-23.978413099999997],[-46.63490936,-23.97848202],[-46.63489181,-23.978556379999997],[-46.63489006,-23.97863976],[-46.63490015,-23.978721299999997],[-46.63492397,-23.978779249999988],[-46.63493988,-23.978826349999988],[-46.6349657,-23.978889719999998],[-46.6349876,-23.978962179999996],[-46.63500152,-23.979005649999998],[-46.6350274,-23.97909259],[-46.63505321,-23.979154160000004],[-46.635067170000006,-23.9792085],[-46.63508315,-23.97928459],[-46.63509332,-23.97939695],[-46.63510348,-23.979507490000007],[-46.63510174000001,-23.97959269],[-46.63509816,-23.97968985],[-46.63509807,-23.979692379999996],[-46.63509038,-23.979768530000005],[-46.63508271,-23.97985012],[-46.63507108,-23.97992627],[-46.63505552,-23.98000787],[-46.63502225,-23.98010763],[-46.63498902,-23.980220089999985],[-46.63496951,-23.98029807],[-46.63495006,-23.980403239999994],[-46.63494258,-23.980553710000002],[-46.63493686,-23.980628039999996],[-46.63492525,-23.98070963],[-46.63490567,-23.980765860000005],[-46.63486448,-23.980852959999996],[-46.6348429,-23.98089651],[-46.63480949,-23.98094551999999],[-46.63476426,-23.980994570000007],[-46.63475263,-23.981007380000005],[-46.634703290000004,-23.981061770000004],[-46.63464231,-23.981128969999993],[-46.634601010000004,-23.98117801],[-46.6345617,-23.98122885],[-46.63453621,-23.981285100000004],[-46.63451664000001,-23.98134495],[-46.63449506,-23.981390319999996],[-46.63445967,-23.981435709999996],[-46.63439475,-23.981497490000006],[-46.63434162,-23.98154655],[-46.63428457,-23.981608309999995],[-46.63423147,-23.98167006],[-46.63419216,-23.9817209],[-46.63414501,-23.981795319999993],[-46.6341254,-23.98184068],[-46.63410005,-23.981944049999996],[-46.63408442,-23.982003899999995],[-46.63407072,-23.982040189999996],[-46.634043240000004,-23.982096439999996],[-46.63399215,-23.982170860000004],[-46.63392333,-23.98225259],[-46.63386237,-23.98232522999999],[-46.63380336,-23.982388810000003],[-46.63374824,-23.982430609999994],[-46.63369705,-23.982470610000004],[-46.63365374,-23.982505150000005],[-46.63360653,-23.98255057],[-46.63356916,-23.98259416],[-46.63354167,-23.98264316],[-46.63351621,-23.982712089999996],[-46.63348682,-23.98278466],[-46.63345356,-23.982888049999996],[-46.63342621000001,-23.98298781],[-46.63341262,-23.983069400000005],[-46.63337551,-23.983205429999995],[-46.63334809,-23.98328162],[-46.63332661,-23.98336142],[-46.633318900000006,-23.983428509999996],[-46.63331518,-23.983513710000004],[-46.63330744,-23.983569910000003],[-46.63330175,-23.983653299999993],[-46.63330213,-23.98379287],[-46.6333045,-23.983943299999996],[-46.63332856000001,-23.984084629999998],[-46.63335057,-23.984202389999997],[-46.63336866,-23.984327419999996],[-46.633386810000005,-23.9844742],[-46.63338857,-23.98448295],[-46.63338946,-23.984488519999992],[-46.63338987,-23.984494129999995],[-46.633389820000005,-23.984499740000004],[-46.63338932,-23.984505319999993],[-46.63338921,-23.984506210000003],[-46.633388020000005,-23.984512850000005],[-46.63338627,-23.984519399999996],[-46.63338603,-23.984520079999996],[-46.63338395,-23.98452582],[-46.63338109,-23.984532069999997],[-46.63337771,-23.984538079999997],[-46.63337124,-23.984548549999996],[-46.6333496,-23.98457397],[-46.6332984,-23.98461034],[-46.63324132,-23.984655779999997],[-46.63320788,-23.98469573],[-46.63312731,-23.984810109999998],[-46.63308208,-23.984860959999995],[-46.63307415,-23.984871149999993],[-46.63303686,-23.984919069999997],[-46.63302726,-23.984938439999997],[-46.63302357,-23.984946530000006],[-46.63302042,-23.98495485],[-46.63301782,-23.98496338],[-46.63301578,-23.98497206999999],[-46.63301428,-23.9849809],[-46.63301337,-23.98498981],[-46.63301377,-23.985001179999994],[-46.63301491,-23.98501252],[-46.63301677,-23.985023799999997],[-46.63301936,-23.985034990000003],[-46.63302265,-23.98504604],[-46.63302666,-23.98505691],[-46.63302737,-23.985058659999993],[-46.63306506,-23.985136510000004],[-46.63314631000001,-23.985272279999997],[-46.63318394,-23.98532837],[-46.63321373,-23.985397189999993],[-46.63325937,-23.985500389999995],[-46.63328522,-23.98557465],[-46.63331896,-23.9856507],[-46.63333494,-23.985723169999993],[-46.63336085,-23.985819179999996],[-46.63337489,-23.98590615],[-46.63338893,-23.98599493],[-46.63339507,-23.986076490000002],[-46.63338935,-23.98614719],[-46.63337772,-23.986225150000003],[-46.63336412000001,-23.986301309999998],[-46.63334458,-23.986370229999995],[-46.63331126,-23.9864555],[-46.63329364,-23.986504479999994],[-46.63328611,-23.98651614],[-46.63327802,-23.98652749],[-46.63326936,-23.986538469999996],[-46.63326016,-23.986549090000004],[-46.63325044,-23.986559299999996],[-46.63324023,-23.98656909999999],[-46.63322953,-23.986578460000004],[-46.63322677,-23.986580759999995],[-46.63317559,-23.986622560000004],[-46.63312642,-23.98667705],[-46.63307528,-23.98673335],[-46.6330202,-23.98678967],[-46.63297497,-23.986844150000003],[-46.63293762,-23.986893180000003],[-46.63290423,-23.98695125],[-46.63289055,-23.9869966],[-46.63287491,-23.9870492],[-46.63287112,-23.98710721],[-46.63287076,-23.98711131],[-46.63287008,-23.987122500000005],[-46.63287005,-23.987133789999998],[-46.63287064000001,-23.987145140000003],[-46.63287186,-23.987156529999993],[-46.6328737,-23.98716791],[-46.63287616,-23.98717926],[-46.63287923,-23.987190569999992],[-46.63288443,-23.987201609999996],[-46.63289023,-23.987212399999997],[-46.63289662,-23.9872229],[-46.632903580000004,-23.987233109999995],[-46.63291109,-23.98724296],[-46.63291914,-23.987252459999993],[-46.6329277,-23.98726157],[-46.632936740000005,-23.987270269999993],[-46.63294853,-23.98728104],[-46.63300388,-23.987326229999997],[-46.63303354,-23.987351539999995],[-46.63307706,-23.987394939999998],[-46.63311664,-23.987438349999994],[-46.63315027,-23.987474529999997],[-46.6331681,-23.9875053],[-46.63318992,-23.987548750000006],[-46.63320579,-23.987581339999995],[-46.63321773,-23.987617559999997],[-46.63321785000001,-23.987662869999994],[-46.63320613,-23.987704590000003],[-46.63317662,-23.98773547],[-46.63312346,-23.98777366],[-46.63306833,-23.987815469999994],[-46.63304208,-23.987831640000007],[-46.63299742,-23.987859140000005],[-46.63294229,-23.987897329999996],[-46.63286360000001,-23.98797726],[-46.63281631,-23.98800455],[-46.63275327,-23.988033689999995],[-46.63266069,-23.988088280000003],[-46.63255824,-23.98813927],[-46.63244005000001,-23.988202979999997],[-46.63236518,-23.988241210000005],[-46.63229621,-23.988272179999996],[-46.6322233,-23.98830315999999],[-46.6321425,-23.988334149999996],[-46.63206766,-23.98838145],[-46.6320027,-23.988434159999994],[-46.63196733,-23.988486799999997],[-46.63192609,-23.988553969999995],[-46.63187508,-23.98866102],[-46.63182202,-23.9887409],[-46.63180038,-23.988762689999994],[-46.63174724,-23.988809939999996],[-46.63169018000001,-23.988866260000005],[-46.63162331,-23.988942540000004],[-46.63154662,-23.989035160000004],[-46.63148374,-23.989127730000003],[-46.63142869,-23.989202169999995],[-46.63136967,-23.989263929999996],[-46.63129686,-23.989331169999993],[-46.63121414,-23.98938572999999],[-46.63110182,-23.989431299999996],[-46.63100525,-23.98946777],[-46.630881040000006,-23.989497050000004],[-46.63077066,-23.989537169999995],[-46.63066427,-23.989588169999998],[-46.63055594,-23.989653659999995],[-46.63045549000001,-23.989717330000005],[-46.63036289,-23.989761039999998],[-46.63024469,-23.989826560000004],[-46.63015407,-23.989872079999998],[-46.63004968,-23.989939380000003],[-46.62996303,-23.989995760000003],[-46.629903930000005,-23.990028530000004],[-46.62983103,-23.99006312999999],[-46.62973445,-23.990095970000002],[-46.62962801,-23.990132459999998],[-46.62951565,-23.99016897],[-46.62940723,-23.99020003],[-46.62935007,-23.990214809999998],[-46.629292910000004,-23.9902296],[-46.62916596,-23.990276239999996],[-46.62916795000001,-23.99029925],[-46.62916831,-23.990434689999994],[-46.62917653,-23.990553170000002],[-46.62919247,-23.99060876],[-46.62922685,-23.99067398],[-46.62929033,-23.990782670000005],[-46.62937216,-23.99087197],[-46.62946984,-23.990973330000003],[-46.6296413,-23.991110790000004],[-46.6298707,-23.99125296],[-46.63000515,-23.99133005],[-46.63012121,-23.991416859999998],[-46.63037451,-23.99163878],[-46.6305776,-23.991788269999994],[-46.63079376,-23.991903860000004],[-46.63089653000001,-23.991942329999997],[-46.63097819,-23.99196633],[-46.63113887,-23.992004660000003],[-46.6312179,-23.992023830000004],[-46.63143386,-23.99206446],[-46.63171299,-23.992102519999992],[-46.63205263,-23.992125929999997],[-46.63233431,-23.99213255],[-46.63245802,-23.992129849999998],[-46.63250567,-23.992133290000005],[-46.63257913,-23.99213683],[-46.63278979,-23.992162950000004],[-46.63296362,-23.99219642],[-46.63314009,-23.99223471],[-46.63330608,-23.99229237999999],[-46.6334589,-23.992345230000005],[-46.63355380000001,-23.99239338999999],[-46.63364608,-23.992448799999995],[-46.63370942,-23.992506700000003],[-46.63375694,-23.99255979],[-46.63381774,-23.99265398],[-46.63387855,-23.992753],[-46.63392885,-23.992856879999998],[-46.63399788,-23.993074379999996],[-46.63406161,-23.993282219999994],[-46.63414678,-23.993623029999988],[-46.63417869,-23.9937463],[-46.63419881,-23.99378914],[-46.63421841,-23.99383085],[-46.63429511,-23.993961279999997],[-46.63440343,-23.99410614],[-46.63456973,-23.99427989],[-46.63469376,-23.994390849999995],[-46.634849360000004,-23.994494489999997],[-46.63499438,-23.994586059999993],[-46.63513406,-23.9946462],[-46.63525526,-23.99468704],[-46.6353527,-23.994698900000007],[-46.63551063,-23.99469128999999],[-46.63570681,-23.99464177999999],[-46.63583418,-23.9946059],[-46.635963,-23.994545140000007],[-46.63615226,-23.99444314],[-46.6363126,-23.99435812],[-46.63645717,-23.994277980000007],[-46.63663318,-23.994199209999998],[-46.63682968,-23.99410784999999],[-46.63699368000001,-23.994046460000003],[-46.63709834,-23.994025489999995],[-46.63719171,-23.99401884],[-46.6372582,-23.994017439999997],[-46.63732469,-23.994016040000005],[-46.63747185,-23.99402751],[-46.63760915,-23.994055929999995],[-46.6377125,-23.99409869],[-46.63780200000001,-23.994158799999994],[-46.63789432,-23.99422389],[-46.63800254000001,-23.99433005],[-46.63817411,-23.994501359999994],[-46.63833513,-23.99466303],[-46.63865177,-23.994937999999998],[-46.638701950000005,-23.99499833999999],[-46.63875739,-23.99505868],[-46.63882348,-23.995155259999997],[-46.63890541,-23.995275999999997],[-46.63892655,-23.995317799999995],[-46.63896893,-23.995401609999995],[-46.63902989,-23.995551410000008],[-46.63909369,-23.995776179999996],[-46.63919482,-23.99617740999999],[-46.63926384,-23.996390069999997],[-46.63935662,-23.99662444],[-46.63941458,-23.996774870000003],[-46.63945819,-23.996911469999997],[-46.63948942,-23.99696996000001],[-46.63954198,-23.997086950000003],[-46.63957325,-23.997159739999994],[-46.63958534,-23.997187709999995],[-46.63959646,-23.997203409999997],[-46.63961127,-23.997220789999993],[-46.63962561,-23.99723479000001],[-46.63964874,-23.997246219999997],[-46.63967695,-23.99726104],[-46.63970483,-23.99727253],[-46.63976632,-23.997292489999996],[-46.63982537,-23.99731173],[-46.63992256,-23.997348779999996],[-46.64009873,-23.997490949999996],[-46.64023139,-23.99757904],[-46.64032685,-23.99763826],[-46.64042442,-23.99768953],[-46.64054801,-23.99775261],[-46.64066289,-23.997803809999994],[-46.64074085,-23.997823370000003],[-46.64083181,-23.997846849999995],[-46.6409184,-23.99786239],[-46.64105905000001,-23.997875729999997],[-46.64120821,-23.997859220000002],[-46.6413228,-23.997850820000004],[-46.64141999,-23.997820610000005],[-46.64153235,-23.997796309999995],[-46.64153357,-23.997795659999994],[-46.64163375,-23.99774226],[-46.64173727,-23.997682219999998],[-46.641819330000004,-23.997654070000003],[-46.64192302000001,-23.997627809999997],[-46.6420635,-23.99760538],[-46.64217381,-23.99760493000001],[-46.64230587,-23.997630229999995],[-46.6424098,-23.997653660000008],[-46.64254198,-23.997704780000003],[-46.642634310000005,-23.997747500000003],[-46.64266121,-23.99775994],[-46.64268322,-23.997770550000002],[-46.64276744,-23.997811159999998],[-46.64283254,-23.997854609999997],[-46.64288899,-23.997900089999998],[-46.64297376,-23.997989159999992],[-46.643041180000004,-23.998064400000004],[-46.64311942,-23.998143560000003],[-46.64320418,-23.99822666999999],[-46.64329748,-23.99828789],[-46.64337996,-23.99834717],[-46.64346242,-23.998402469999995],[-46.64355781,-23.998449770000008],[-46.64373039,-23.998511690000004],[-46.64396298,-23.99859516],[-46.64422958,-23.998711309999997],[-46.64453499,-23.998801469999997],[-46.64472428,-23.998862569999993],[-46.64491192,-23.99892313],[-46.64520855,-23.998985499999996],[-46.64559183,-23.999079319999996],[-46.6458215,-23.999159839999997],[-46.64600772,-23.9992028],[-46.64622209,-23.999251599999997],[-46.64641916,-23.99930445],[-46.64658378,-23.999353449999997],[-46.64678089,-23.999412249999995],[-46.64698025,-23.99948695],[-46.647246800000005,-23.999593150000006],[-46.64747858,-23.999691489999996],[-46.64762401,-23.999768459999995],[-46.64777578,-23.99984334],[-46.6479145,-23.999904379999997],[-46.64810386,-24.000007699999998],[-46.64812052,-24.000016790000004],[-46.64828537,-24.0001115],[-46.64846974,-24.000218030000003],[-46.64868661,-24.00033836],[-46.64883442,-24.00044664],[-46.64900576,-24.00058145],[-46.64916853,-24.00069603999999],[-46.64944164,-24.000918049999992],[-46.64964091,-24.001079199999996],[-46.64987643,-24.001265390000007],[-46.65016762,-24.00151398],[-46.65049393,-24.001340890000005],[-46.6505796,-24.001069630000003],[-46.65069381,-24.00089831],[-46.65083658000001,-24.00071270999999],[-46.65099362,-24.000484280000002],[-46.65116494,-24.00024158],[-46.65130771,-24.000041700000008],[-46.65140765,-23.999813280000005],[-46.65150758,-23.999641950000004],[-46.65152186,-23.99941353000001],[-46.65155042,-23.999270759999998],[-46.65162180000001,-23.99907088],[-46.65167891,-23.99891384],[-46.65179312,-23.998671129999995],[-46.651878780000004,-23.998514089999993],[-46.65202155,-23.998285659999997],[-46.65219287,-23.998114339999994],[-46.652407020000005,-23.997957300000003],[-46.65257834,-23.997843079999996],[-46.65276394,-23.997757419999996],[-46.65307803,-23.99760037999999],[-46.6532779,-23.997443329999985],[-46.65347778000001,-23.99730056],[-46.65367765,-23.997015029999993],[-46.65390608,-23.99677232],[-46.65406313,-23.996543900000006],[-46.654234450000004,-23.996301189999997],[-46.65447144,-23.99603468999999],[-46.65457614,-23.995701569999998],[-46.65462373,-23.995482659999997],[-46.65470939,-23.995301819999995],[-46.65490926,-23.99510193999999],[-46.65514721,-23.994911589999994],[-46.65541371,-23.99464509],[-46.65552792,-23.994492799999993],[-46.65567069000001,-23.994292929999997],[-46.6557278,-23.994121609999993],[-46.65575635,-23.994016910000003],[-46.65581346,-23.993836069999997],[-46.65594671,-23.993740889999994],[-46.65612755,-23.993664750000004],[-46.65625128,-23.993579089999997],[-46.656365490000006,-23.993474390000003],[-46.65648922,-23.99332211],[-46.65664151,-23.993217409999993],[-46.65680331,-23.99314126999999],[-46.65696512,-23.99302705],[-46.65726969,-23.992836699999998],[-46.6574886,-23.992741519999992],[-46.65761233,-23.992655859999992],[-46.65780269,-23.992551160000005],[-46.65796449,-23.992446459999996],[-46.65811678000001,-23.99235129],[-46.65824051,-23.99224659],[-46.65856411,-23.992189479999993],[-46.65893531,-23.992084789999996],[-46.6592494,-23.991903950000005],[-46.65950638,-23.991789729999997],[-46.65977288,-23.991513720000007],[-46.66000131,-23.991351910000002],[-46.66015359000001,-23.991094930000003],[-46.66026781,-23.99084746999999],[-46.66036299,-23.990533379999995],[-46.66036299,-23.990247839999995],[-46.66036299,-23.990038450000004],[-46.66044865,-23.989800500000005],[-46.6605819,-23.989600629999995],[-46.66079129,-23.98941027],[-46.66089599,-23.98927702],[-46.66097213,-23.98914377],[-46.66104827,-23.989020040000003],[-46.66122911,-23.988829680000002],[-46.6614385,-23.988620289999997],[-46.6615432,-23.988420419999997],[-46.66165741,-23.98828717],[-46.66184934,-23.988180389999997],[-46.66199739,-23.988299119999994],[-46.66216441,-23.98834509],[-46.66231013,-23.988353069999995],[-46.66250834,-23.9883987],[-46.66270692,-23.988473],[-46.66291566,-23.988528079999995],[-46.6630615,-23.988545610000003],[-46.66322729,-23.988496030000004],[-46.66343406,-23.988398219999997],[-46.66362077,-23.988357969999996],[-46.6638908,-23.988326369999996],[-46.66413979000001,-23.98827588],[-46.66445105,-23.988215169999997],[-46.6646796,-23.98819357],[-46.66490803,-23.988162419999995],[-46.6651788,-23.988188149999992],[-46.66542938,-23.988261880000003],[-46.66560692,-23.988317299999995],[-46.66577455,-23.988411039999995],[-46.66600371,-23.988437220000005],[-46.66629467,-23.98841493999999],[-46.66659627,-23.98841167],[-46.6668871,-23.988379840000004],[-46.6671674,-23.98833856],[-46.66734408,-23.988327090000006],[-46.66760383,-23.988305150000006],[-46.66791607,-23.98832087],[-46.66817644,-23.9883467],[-46.66827103,-23.988422129999996],[-46.66850081,-23.98849608],[-46.6686885,-23.988532260000003],[-46.66884475,-23.98854967],[-46.66907416,-23.98859495999999],[-46.66929306,-23.988630800000006],[-46.66950192,-23.98869542],[-46.66973109,-23.988721599999995],[-46.66995023,-23.988776549999994],[-46.67017915,-23.988783610000002],[-46.67044979,-23.988799779999997],[-46.67064739,-23.988797630000004],[-46.67095902,-23.988765560000004],[-46.67127078,-23.98874305],[-46.67155157,-23.988739990000003],[-46.67187459,-23.988784249999988],[-46.6721544,-23.98870475],[-46.67238271,-23.988664030000002],[-46.67264221,-23.988622979999995],[-46.67288092,-23.988582149999992],[-46.67310885,-23.98845925],[-46.67330094,-23.988433259999997],[-46.67338996,-23.988480069999994],[-46.67349302,-23.988808649999992],[-46.67368653,-23.988946060000004],[-46.67387447,-23.989001350000006],[-46.67394863,-23.989105659999993],[-46.67406464,-23.98922863],[-46.67425295,-23.989312580000007],[-46.67440969,-23.9893682],[-46.67460828,-23.98944249],[-46.674774680000006,-23.98944067],[-46.67488858,-23.989401199999996],[-46.67508532000001,-23.989332160000004],[-46.67524058,-23.98927312],[-46.67535423,-23.98921454],[-46.6755714,-23.989116599999992],[-46.67568468,-23.989029360000007],[-46.67580874,-23.98897066],[-46.67602714,-23.988968280000005],[-46.67623415,-23.98888956],[-46.67636811,-23.98879253],[-46.67642803,-23.98860075],[-46.67656162,-23.988475059999995],[-46.67663331,-23.988334750000003],[-46.67666847,-23.98823880000001],[-46.67680237,-23.988136989999994],[-46.67693255,-23.988203419999998],[-46.67711195,-23.988402139999998],[-46.67725928,-23.98853432],[-46.67743794,-23.988675710000006],[-46.67760558,-23.98876944],[-46.67786731,-23.98890037],[-46.67798307,-23.989004220000005],[-46.67813845,-23.988954740000004],[-46.678242080000004,-23.98892494],[-46.67841826,-23.988875229999998],[-46.67870946,-23.98887204],[-46.67899063,-23.98889763],[-46.67931501,-23.989046979999994],[-46.67956609,-23.989158909999993],[-46.67974413,-23.98925251999999],[-46.68000525,-23.98933567],[-46.68022452,-23.98940016],[-46.68046458,-23.989464430000005],[-46.68060981,-23.98943417],[-46.68071232,-23.98931837],[-46.68076296,-23.98921269],[-46.68082436,-23.98913557],[-46.68090545,-23.988972220000008],[-46.68102889,-23.988865739999994],[-46.6811309,-23.988711720000005],[-46.68136811,-23.988556219999992],[-46.68147075,-23.988449969999998],[-46.68156335,-23.988372509999998],[-46.68173978,-23.988341899999998],[-46.68184303,-23.988283429999996],[-46.68207183,-23.98828091999999],[-46.6821866,-23.98830833],[-46.68242605,-23.988324819999995],[-46.68267564,-23.988322080000007],[-46.68282136,-23.988330039999994],[-46.68301884,-23.98831830999999],[-46.68324751,-23.98830625],[-46.68342232,-23.988151429999995],[-46.68367117,-23.98809135999999],[-46.68393166,-23.988126719999993],[-46.68409856,-23.988163110000002],[-46.68430593,-23.988113049999992],[-46.68443939,-23.987977799999996],[-46.68452135,-23.987881329999997],[-46.68455105,-23.987766329999996],[-46.68454906,-23.987613449999994],[-46.6845165,-23.98750869],[-46.68447241,-23.987318039999998],[-46.68442857,-23.987146509999995],[-46.68437483,-23.98701331],[-46.68431094,-23.986899329999996],[-46.68422551,-23.986728259999992],[-46.68423404,-23.986584819999994],[-46.6842843,-23.986450470000005],[-46.68439746,-23.986353670000007],[-46.68464668,-23.986322259999998],[-46.68484352,-23.986262760000002],[-46.68495705,-23.98619462],[-46.68508035,-23.986078580000004],[-46.68522458,-23.985971879999997],[-46.68530678,-23.98589451999999],[-46.68533636,-23.98576997],[-46.68540779,-23.985664060000005],[-46.68550992,-23.98551959],[-46.68558098,-23.98538502],[-46.68567296,-23.985259779999993],[-46.68575417000001,-23.985105980000004],[-46.68581333,-23.98485686],[-46.68581134,-23.984703980000006],[-46.68586122,-23.984540979999995],[-46.68589142,-23.984464189999994],[-46.68603627000001,-23.984405260000003],[-46.68625441,-23.98438375],[-46.68654535,-23.984361439999997],[-46.68681959,-23.984315099999996],[-46.68694376,-23.984265949999998],[-46.687088730000006,-23.984216579999995],[-46.68725513,-23.98421473999999],[-46.68745309,-23.98424124],[-46.68758953,-23.9843353],[-46.68765342,-23.98444927],[-46.68768661,-23.98460181],[-46.687751,-23.984754],[-46.68786689,-23.98486741],[-46.68803453,-23.984961119999994],[-46.6882013,-23.98498796],[-46.68834689,-23.98498636],[-46.68847069,-23.984908539999996],[-46.68857307,-23.984783179999994],[-46.68868559,-23.984638599999997],[-46.68882994,-23.984541440000005],[-46.68894296,-23.984435080000004],[-46.689025660000006,-23.984395939999995],[-46.68920183,-23.984346219999995],[-46.68934742,-23.984344609999997],[-46.68949364000001,-23.984390790000003],[-46.6896302,-23.9844944],[-46.68980812,-23.984578450000008],[-46.68995471,-23.98465329],[-46.6901013,-23.98472812],[-46.690268190000005,-23.984764509999994],[-46.69043371,-23.98469579],[-46.69052631,-23.984618320000003],[-46.6906407,-23.984617059999994],[-46.69075585,-23.984673120000004],[-46.69089204,-23.984748070000002],[-46.69101796,-23.98483269],[-46.69118472,-23.984859519999993],[-46.69136114,-23.98482891],[-46.69158881,-23.984740390000002],[-46.69175383,-23.98463345],[-46.691929,-23.984507279999995],[-46.69201107,-23.984420370000002],[-46.69200895,-23.984257939999996],[-46.69211069,-23.98408479999999],[-46.69223324,-23.983911430000003],[-46.69237746,-23.983804719999995],[-46.6924802,-23.983708019999998],[-46.69271739,-23.983552499999995],[-46.69286248,-23.983512670000003],[-46.692978,-23.98359741],[-46.6930008,-23.983750059999995],[-46.69302372000001,-23.983912259999993],[-46.69305692,-23.984064799999995],[-46.69314224,-23.984226319999998],[-46.69332041,-23.984329469999995],[-46.69340473,-23.984414550000004],[-46.69353089,-23.984518269999995],[-46.69363626,-23.98462222999999],[-46.69370141,-23.984831749999998],[-46.69365166,-23.98500432],[-46.69357097,-23.985196329999994],[-46.69345782,-23.985293149999993],[-46.6933983,-23.9855136],[-46.69336948,-23.98569549000001],[-46.6934236,-23.985857349999996],[-46.69348737,-23.985961769999996],[-46.69357194,-23.98606596],[-46.69357319,-23.98616150999999],[-46.69363747,-23.986304139999994],[-46.69373269,-23.986427319999997],[-46.69393166,-23.986530249999994],[-46.69415005,-23.98652783],[-46.69427447,-23.986497790000005],[-46.69438999,-23.986582519999995],[-46.69446479,-23.986734599999995],[-46.69450927,-23.986953899999993],[-46.69451152,-23.98712589],[-46.69456502,-23.98723998],[-46.69462917,-23.98737306],[-46.69474556,-23.987524669999992],[-46.69488176,-23.987599620000005],[-46.69499741,-23.987693909999994],[-46.69508173,-23.987778980000005],[-46.69517708,-23.98791172],[-46.69528233,-23.988006120000005],[-46.69537731,-23.98811019],[-46.69549358,-23.988252250000002],[-46.69564143,-23.988422629999995],[-46.69570521,-23.988527040000005],[-46.69579066,-23.988698109999998],[-46.69587611,-23.988869179999995],[-46.69594001,-23.988983150000003],[-46.69607684,-23.98910587],[-46.69625414,-23.989142139999995],[-46.69639898,-23.989083199999993],[-46.69656475,-23.989033579999994],[-46.69673115,-23.989031740000005],[-46.69689317,-23.98910875],[-46.6970116,-23.989321900000004],[-46.69712202,-23.989507580000005],[-46.6973371,-23.989648550000002],[-46.69741053,-23.98969552],[-46.69745839,-23.98977620999999],[-46.69748627,-23.98991925],[-46.69746842,-23.99014402],[-46.69750594,-23.990229619999994],[-46.69777158,-23.99026012],[-46.69804862,-23.990366949999995],[-46.69831576000001,-23.990512119999998],[-46.69859838,-23.990647560000006],[-46.69880319,-23.990798189999996],[-46.69888213,-23.990868989999992],[-46.69901307,-23.990939209999997],[-46.69921599,-23.990946520000005],[-46.69935025,-23.99087336],[-46.69947887,-23.990766809999993],[-46.69963831,-23.99063125],[-46.69986613,-23.990522789999996],[-46.70004773,-23.99050490999999],[-46.70018406,-23.990589410000002],[-46.70027904,-23.99069347],[-46.70047726,-23.99073906],[-46.70065419,-23.99074665],[-46.70090442,-23.990791660000003],[-46.70108159,-23.99081835999999],[-46.70117645,-23.990912869999995],[-46.70136478,-23.990996789999997],[-46.701458,-23.990967089999998],[-46.70157165,-23.990908489999995],[-46.701718,-23.990964199999997],[-46.70180321,-23.99111616],[-46.70191899,-23.991219989999998],[-46.702034520000005,-23.99130472],[-46.70220155,-23.991350649999998],[-46.7023573,-23.991329799999992],[-46.70249212,-23.991299639999998],[-46.70260652,-23.991298369999992],[-46.7027837,-23.99132506999999],[-46.70298243,-23.991408870000008],[-46.703160110000006,-23.99147379],[-46.70334807,-23.991529040000007],[-46.70346322,-23.9915851],[-46.7036404,-23.991611799999998],[-46.70370204,-23.991553779999997],[-46.70381544,-23.991476069999997],[-46.70392871,-23.991388799999992],[-46.70406328000001,-23.991339520000004],[-46.70415549,-23.991233379999997],[-46.70428893,-23.99109811],[-46.70448252,-23.990949260000004],[-46.70466373,-23.99088752],[-46.7048581,-23.990837579999994],[-46.705052,-23.99075181],[-46.70519453,-23.99071438],[-46.70532484,-23.99073683],[-46.70546705,-23.99067552],[-46.70550511,-23.990603420000003],[-46.70554238,-23.990471610000004],[-46.70561833,-23.990315469999995],[-46.70564244,-23.990171860000004],[-46.70575834,-23.990086950000002],[-46.70588865,-23.990109389999997],[-46.70603212,-23.99014362999999],[-46.70614959,-23.99017816],[-46.70631891,-23.99020017],[-46.70649886,-23.990042870000007],[-46.70669338,-23.99000487],[-46.706759330000004,-23.99007581],[-46.70690437,-23.990229490000004],[-46.70708889,-23.990418560000002],[-46.70725931,-23.990524169999997],[-46.70741531,-23.990522440000003],[-46.70770162,-23.990543140000003],[-46.70784525,-23.99058932],[-46.70798935,-23.990671329999998],[-46.70809398,-23.990717950000004],[-46.70823871,-23.99084774],[-46.70830545,-23.990978389999995],[-46.70848918,-23.99110774],[-46.70862154000001,-23.991285450000003],[-46.70862328,-23.99141683],[-46.70859964000001,-23.991596279999996],[-46.70852417,-23.991788240000005],[-46.70843458,-23.99189674999999],[-46.70834485,-23.991993309999994],[-46.7082819,-23.99214931],[-46.70832279,-23.9922922],[-46.70846736,-23.99241004],[-46.70861115,-23.992468159999998],[-46.70896279,-23.99251203],[-46.70924989,-23.99259244],[-46.70929157,-23.99279505000001],[-46.70918931,-23.992927590000004],[-46.70911352,-23.993095669999995],[-46.70912794,-23.993203019999996],[-46.70929899,-23.993356399999996],[-46.70940473,-23.99348662],[-46.70944593,-23.9936534],[-46.7095152,-23.993975150000004],[-46.70963709,-23.9943441],[-46.70981051,-23.99467664000001],[-46.70995683,-23.994925859999995],[-46.7101412,-23.995102990000003],[-46.71036426,-23.99525579],[-46.71061269,-23.995360529999992],[-46.71083527,-23.995477499999993],[-46.71114775,-23.99550985],[-46.71140823,-23.995542770000004],[-46.71168203,-23.995599440000007],[-46.7119043,-23.995692529999992],[-46.71215178,-23.995725599999993],[-46.71234631,-23.995687589999992],[-46.712489,-23.9956621],[-46.71269732,-23.995683669999988],[-46.71291754,-23.995621479999993],[-46.71308512,-23.995512099999992],[-46.71314838,-23.995379989999993],[-46.71319865,-23.995248029999996],[-46.7132218,-23.995032759999997],[-46.71329838,-23.99492439],[-46.71362133,-23.99476549],[-46.713777330000006,-23.994763749999997],[-46.71394618,-23.994749919999997],[-46.71423171,-23.99471089],[-46.71439992,-23.994649279999997],[-46.71461887,-23.994491539999995],[-46.7147346,-23.994394679999992],[-46.71494071000001,-23.994249029999995],[-46.71526492,-23.994185680000005],[-46.71544693,-23.994183639999996],[-46.71562972,-23.994241330000005],[-46.71577494,-23.99440694],[-46.71604889,-23.994475539999993],[-46.71623201,-23.99455711],[-46.71641544,-23.994662569999996],[-46.71655986,-23.994768459999996],[-46.7166794,-23.994958239999995],[-46.716772150000004,-23.99508861],[-46.71677468,-23.995279700000005],[-46.71688043,-23.995409919999997],[-46.7170247,-23.995503870000004],[-46.71718134,-23.99554989],[-46.71735145,-23.995631599999992],[-46.71765141,-23.995699919999996],[-46.71792489,-23.99573269],[-46.71814542,-23.99569437999999],[-46.71826163000001,-23.995633350000002],[-46.718404480000004,-23.995619809999994],[-46.71853448,-23.995618350000004],[-46.71867748,-23.995616739999992],[-46.71878037,-23.995531969999995],[-46.71893527,-23.995446620000003],[-46.71906353000001,-23.99531378],[-46.71921778,-23.99518065],[-46.71931972000001,-23.99502422],[-46.71939693,-23.994963629999997],[-46.7194995,-23.994854970000002],[-46.71952344,-23.994699409999996],[-46.71941769,-23.994569199999997],[-46.719352060000006,-23.99452215],[-46.71924599,-23.994368050000002],[-46.71923030000001,-23.99416516],[-46.71928023,-23.994009309999992],[-46.71938328,-23.993936480000002],[-46.71956402,-23.99383889],[-46.71970607,-23.993765620000005],[-46.71995132,-23.993631470000004],[-46.72015853,-23.993569419999996],[-46.72032674,-23.993507809999997],[-46.72048179,-23.993434399999995],[-46.72062399,-23.99337307],[-46.72076588,-23.993287860000002],[-46.72088114000001,-23.993155169999994],[-46.72098339,-23.99302262],[-46.72111180000001,-23.992901730000003],[-46.72126701,-23.992840259999998],[-46.72143458,-23.992730870000003],[-46.72153715,-23.992622209999997],[-46.72183456,-23.992499419999998],[-46.72200356,-23.992497519999997],[-46.72222503,-23.99253087],[-46.72232903,-23.9925297],[-46.72247203,-23.992528089999997],[-46.72258983,-23.992586499999998],[-46.72272126,-23.992692529999996],[-46.72282685,-23.992810789999997],[-46.72290739,-23.993001020000005],[-46.72301378000001,-23.993179000000005],[-46.72309512,-23.993428939999994],[-46.72327855,-23.993534389999997],[-46.72350178,-23.99369911],[-46.72364685,-23.993852770000007],[-46.72388212,-23.99394569],[-46.72410456,-23.99405068999999],[-46.72432604,-23.994084039999997],[-46.72445588,-23.994070630000003],[-46.72450708,-23.99401033],[-46.72470034,-23.993876759999992],[-46.72489327,-23.99371929999999],[-46.72500852,-23.993586599999993],[-46.72515088,-23.993537219999993],[-46.72537061,-23.993439179999996],[-46.72561681,-23.993376689999998],[-46.72579913,-23.993398529999997],[-46.72603329,-23.993407840000003],[-46.72622941,-23.993489240000002],[-46.72637305,-23.993535409999996],[-46.7266868,-23.993663270000003],[-46.72684408,-23.99375707],[-46.72698708,-23.993755460000003],[-46.72712928,-23.993694129999994],[-46.72733664,-23.993644009999993],[-46.72755685,-23.99358180000001],[-46.72772585,-23.993579899999997],[-46.72782985,-23.993578719999995],[-46.72805085,-23.993576229999995],[-46.72819481,-23.993646279999997],[-46.72826188,-23.993800819999997],[-46.72826364,-23.993932200000007],[-46.72826507,-23.99403969],[-46.72824162,-23.99423108],[-46.72826986,-23.994397989999992],[-46.72839132,-23.99473109],[-46.72845888,-23.994921459999993],[-46.72857795,-23.995075399999998],[-46.72867071,-23.995205759999997],[-46.72868515,-23.995313099999997],[-46.72867438,-23.995480460000003],[-46.72872846,-23.995635140000005],[-46.72889794000001,-23.995669059999997],[-46.7290541,-23.99567925],[-46.72924862,-23.995641220000003],[-46.72936499,-23.995592120000005],[-46.72946867,-23.99556706],[-46.72953319,-23.995530499999994],[-46.72971424,-23.99545678],[-46.72985564,-23.99533573999999],[-46.72990589,-23.995203769999993],[-46.72996865,-23.995035830000006],[-46.73008438,-23.994938959999992],[-46.73022562,-23.99480597],[-46.73043283,-23.9947439],[-46.73057583,-23.99474229],[-46.73068095,-23.994824720000004],[-46.73079971000001,-23.994954779999993],[-46.73090515,-23.995061089999997],[-46.73101075,-23.995179349999994],[-46.73118039,-23.99522522],[-46.73144119,-23.995281999999996],[-46.73150747,-23.995376820000004],[-46.73158723,-23.995507309999997],[-46.73166747,-23.995673639999993],[-46.73176023,-23.995803990000002],[-46.73190499,-23.99593376],[-46.73208779,-23.995991419999992],[-46.73229452,-23.995893519999996],[-46.732449720000005,-23.995832039999996],[-46.73265645,-23.995734139999993],[-46.73283781,-23.995684309999994],[-46.73291501,-23.995623709999997],[-46.73309605,-23.99554999],[-46.73323778000001,-23.99545283],[-46.73337918,-23.995331769999993],[-46.73348142,-23.99519922],[-46.73355766,-23.995066959999992],[-46.73369874,-23.994922019999997],[-46.73397095000001,-23.99485921999999],[-46.73419147,-23.994820880000002],[-46.73441247,-23.994818379999998],[-46.73476299,-23.99477858],[-46.7350092,-23.994716070000003],[-46.73522924,-23.994641910000006],[-46.73551412,-23.994555069999997],[-46.73578568,-23.99444448],[-46.73597924,-23.994334789999996],[-46.73618612,-23.994248829999997],[-46.73640616,-23.99417465999999],[-46.736651720000005,-23.994064369999997],[-46.73681831,-23.993883309999998],[-46.73697287,-23.99377405],[-46.73710143,-23.993665079999992],[-46.73715182,-23.99354505999999],[-46.73724042,-23.993364879999998],[-46.73731585,-23.993172899999998],[-46.73737909,-23.99304078],[-46.73741536,-23.992837299999998],[-46.73745196,-23.99265770999999],[-46.73748903,-23.99251393999999],[-46.73755227,-23.992381829999996],[-46.7376537,-23.99218955],[-46.73783393,-23.99205611],[-46.73797565000001,-23.991958939999993],[-46.7382342,-23.991848509999997],[-46.7384812,-23.991845710000003],[-46.7385856,-23.99187438],[-46.7387103,-23.991962559999994],[-46.73882208,-23.99205685999999],[-46.7389402,-23.992139129999998],[-46.73905158,-23.992203569999994],[-46.73917589,-23.992261880000004],[-46.7393582,-23.992283709999995],[-46.73950899,-23.992377559999994],[-46.73964573,-23.99239393],[-46.73979498,-23.992374310000002],[-46.73991824,-23.992355000000003],[-46.7399895,-23.992336269999996],[-46.74009302000001,-23.99229926],[-46.74022261,-23.992267929999997],[-46.74034547,-23.992218749999996],[-46.74052073,-23.992198840000004],[-46.74067656,-23.992185130000003],[-46.74080624,-23.992159769999994],[-46.74091008,-23.99214664],[-46.7410071,-23.99210969999999],[-46.74109785,-23.992090759999996],[-46.74123379,-23.992047400000004],[-46.74134421,-23.992040179999993],[-46.74141514,-23.991997560000005],[-46.74146642,-23.991943229999997],[-46.74155044,-23.99190644],[-46.74159489,-23.991828290000008],[-46.74167875,-23.99177955],[-46.74174952,-23.991725],[-46.741840280000005,-23.991706049999998],[-46.74193063,-23.991657239999995],[-46.74208623,-23.991625609999996],[-46.74219673000001,-23.991624350000002],[-46.74230771,-23.991658930000003],[-46.742450700000006,-23.991657300000004],[-46.7425677,-23.99165597],[-46.7427172,-23.99165427],[-46.74285523,-23.991766189999996],[-46.74294622,-23.99176515],[-46.74314122,-23.99176293],[-46.74325878,-23.991803409999996],[-46.74333173,-23.991910079999997],[-46.7434769,-23.99206969],[-46.74351117,-23.992200700000005],[-46.74350644,-23.992332150000003],[-46.74346311,-23.99249391],[-46.7433941,-23.992679850000002],[-46.74336955,-23.99278763],[-46.74337774,-23.99291296],[-46.74343151,-23.99304375],[-46.74350542,-23.993222089999996],[-46.74365589,-23.993292050000004],[-46.74375924,-23.993243090000004],[-46.74383058,-23.99323033999999],[-46.74398024,-23.993240580000005],[-46.74412324,-23.99323894999999],[-46.74420838,-23.993285769999996],[-46.74431383,-23.993392070000006],[-46.74437386,-23.993504869999995],[-46.744466790000004,-23.993647160000002],[-46.74455892,-23.993729719999994],[-46.74472247,-23.99380551],[-46.74483979,-23.993828059999995],[-46.74491771,-23.993821199999996],[-46.74504056,-23.993772019999994],[-46.74515106,-23.993770770000005],[-46.74525458,-23.993733749999997],[-46.74539108,-23.993732199999993],[-46.74552204,-23.993802379999998],[-46.74564667,-23.993884579999992],[-46.74582891,-23.993900419999996],[-46.74596517,-23.993880949999998],[-46.7460804,-23.99374823999999],[-46.74628614,-23.993578659999997],[-46.74638348,-23.993565610000005],[-46.7465268,-23.993587869999995],[-46.74671578,-23.99362155],[-46.7467438,-23.993770549999997],[-46.7467012,-23.99398605],[-46.74665186,-23.994183710000005],[-46.74667939,-23.994296870000003],[-46.74679728,-23.994361229999996],[-46.74697928,-23.994359150000005],[-46.74706963,-23.99431034],[-46.74721021,-23.994129559999998],[-46.74732023,-23.99409247],[-46.74745633,-23.99406106],[-46.74754595,-23.9939585],[-46.74763695,-23.993957469999994],[-46.74767668,-23.99401077],[-46.74769747,-23.994106090000002],[-46.74777066000001,-23.994230679999998],[-46.74786784,-23.994205679999993],[-46.74796526,-23.9941986],[-46.74815295,-23.99413673],[-46.74831424,-23.994045310000004],[-46.74846205000001,-23.993918190000002],[-46.74870897,-23.993909409999997],[-46.74883271,-23.993925910000005],[-46.74902811,-23.993953550000004],[-46.74914063,-23.99410157999999],[-46.749338290000004,-23.994296419999998],[-46.74943732,-23.994408770000003],[-46.74950442,-23.994563289999995],[-46.74951222,-23.994658759999993],[-46.74947507,-23.994796559999997],[-46.74941811,-23.994910689999998],[-46.74933562,-23.99506095],[-46.74928443,-23.99512126],[-46.749234210000004,-23.995253230000003],[-46.74923598,-23.995384599999994],[-46.74926558,-23.995553890000007],[-46.74935283,-23.9956604],[-46.74942381,-23.99571692999999],[-46.74961227,-23.995807949999996],[-46.74972966,-23.995835279999994],[-46.74994055,-23.99585437],[-46.75006496,-23.99582428],[-46.75023666,-23.995829490000002],[-46.75038554000001,-23.995877960000005],[-46.7504335,-23.995963419999995],[-46.75048215,-23.99609904],[-46.75053156,-23.99629199],[-46.75058869,-23.996477679999995],[-46.75067681,-23.996648689999994],[-46.75076368,-23.996726530000004],[-46.75091344,-23.996839499999997],[-46.75105568,-23.996974050000002],[-46.75118271,-23.997137440000003],[-46.75130481,-23.997319999999995],[-46.75138701,-23.99762964],[-46.75132492,-23.99784536],[-46.75138048,-23.998107519999998],[-46.7513569,-23.99828697],[-46.75129384,-23.99843104],[-46.75124410000001,-23.998598839999996],[-46.75128601,-23.998813369999997],[-46.7514308,-23.998943119999993],[-46.75167797,-23.998952240000005],[-46.75187297,-23.998950010000005],[-46.752054820000005,-23.998935980000002],[-46.7522235,-23.998910170000002],[-46.75247018,-23.998883459999995],[-46.75262651,-23.99890556],[-46.75277081,-23.998999470000008],[-46.75279827000001,-23.999106659999995],[-46.75280118,-23.99932164000001],[-46.75282945,-23.99948854999999],[-46.75294742,-23.99955888],[-46.75328501,-23.999523959999994],[-46.75355861,-23.999563829999996],[-46.7537306,-23.99959053],[-46.7539259,-23.999609799999995],[-46.75403588,-23.999665880000002],[-46.75416175,-23.999743279999997],[-46.75421098,-23.99992188999999],[-46.75427591,-24.000107490000005],[-46.75442538000001,-24.00019895999999],[-46.75474048,-24.000231179999993],[-46.75485846,-24.000301500000006],[-46.75490005,-24.000492150000003],[-46.75486251,-24.000600089999995],[-46.75476077,-24.000768489999995],[-46.75464636,-24.00096092],[-46.7546613,-24.001104089999988],[-46.7547679,-24.001293990000008],[-46.75484769,-24.001424480000004],[-46.75499215,-24.00153033],[-46.75512508,-24.001743820000005],[-46.75527003,-24.00188551],[-46.75553264,-24.002073619999994],[-46.755715130000006,-24.00210737],[-46.75600098,-24.002092150000003],[-46.7562987,-24.001993170000002],[-46.75637671,-24.00199228],[-46.75661072,-24.0019896],[-46.75676722,-24.002023640000008],[-46.7570412,-24.00209217],[-46.75736752,-24.00218399],[-46.75766556,-24.002108900000003],[-46.757845950000004,-24.001987379999996],[-46.75798701,-24.001842419999996],[-46.7582571,-24.001624309999993],[-46.75847763,-24.001585949999996],[-46.75864745,-24.001643719999993],[-46.75872853,-24.001869749999997],[-46.75883627,-24.002143249999992],[-46.75895458,-24.002237460000003],[-46.75909937,-24.002367189999994],[-46.75937353,-24.002447660000005],[-46.75957081,-24.002612630000005],[-46.75985699,-24.002621290000004],[-46.760039,-24.0026192],[-46.7602735,-24.002652340000004],[-46.76049354,-24.002578149999994],[-46.76067555,-24.002576049999995],[-46.76084553,-24.002645769999997],[-46.76104233000001,-24.002774909999996],[-46.76123848,-24.002856270000002],[-46.76160494,-24.00303124],[-46.76176339,-24.003208589999996],[-46.76189617,-24.00341014],[-46.76196475,-24.003672140000003],[-46.76191584,-24.00389965999999],[-46.76204991,-24.00419675],[-46.76216757,-24.00424318],[-46.76241459,-24.00424034],[-46.76272612,-24.00420092],[-46.76294665,-24.004162550000007],[-46.76327265,-24.004230469999992],[-46.76352097000001,-24.004323169999992],[-46.76392579,-24.004449909999998],[-46.76406961,-24.004507979999996],[-46.76425309,-24.00461338],[-46.764496460000004,-24.004534130000003],[-46.76464695,-24.0045085],[-46.76474556,-24.004493029999995],[-46.76489578,-24.004448300000004],[-46.7650501,-24.004322289999998],[-46.76525681,-24.00422435000001],[-46.76542178,-24.004117329999996],[-46.76554627,-24.004092009999997],[-46.76571768,-24.004075699999998],[-46.76576468,-24.004089490000005],[-46.76591614,-24.004135530000003],[-46.76599467,-24.004172849999996],[-46.76606267,-24.004200729999997],[-46.76620834,-24.00420383],[-46.76635967000001,-24.00424031],[-46.76649033,-24.004286589999992],[-46.76657965,-24.004352449999995],[-46.76668457,-24.00441814],[-46.76679983,-24.004478919999997],[-46.76691515,-24.004544490000004],[-46.76705667,-24.00462408],[-46.76719832,-24.004713229999997],[-46.76725735,-24.004846340000004],[-46.76724858000001,-24.00496589],[-46.767218820000004,-24.005071349999998],[-46.76719405,-24.005162419999998],[-46.76725822000001,-24.005290690000002],[-46.76732654,-24.00534246],[-46.76738466,-24.005408680000002],[-46.76746963,-24.00553671000001],[-46.76751741,-24.00560783],[-46.76760206,-24.005711969999997],[-46.7677584,-24.00573406],[-46.76782067,-24.005723779999997],[-46.7679512,-24.005760500000004],[-46.76800912,-24.00581239],[-46.76808284,-24.00587843],[-46.768125620000006,-24.005963939999997],[-46.76813694,-24.006030709999997],[-46.7681545,-24.006173849999996],[-46.7681562,-24.006298060000006],[-46.76814223,-24.00641767],[-46.76812859,-24.006561169999994],[-46.7680931,-24.006628470000003],[-46.76802277,-24.006810849999994],[-46.76793093,-24.006940909999997],[-46.76784949,-24.00707086],[-46.7677421,-24.007205889999994],[-46.76764005,-24.007350399999996],[-46.76766736,-24.007445650000005],[-46.76776748,-24.007540059999997],[-46.76790126,-24.007624520000004],[-46.76800346000001,-24.00768068],[-46.76809785,-24.00773692],[-46.76822296,-24.007756979999996],[-46.76835576,-24.007769780000004],[-46.76843387,-24.007776049999993],[-46.76855186,-24.00784636],[-46.76870076,-24.007894809999996],[-46.76882636,-24.00795069999999],[-46.76895146,-24.00797075],[-46.76904585,-24.008026999999995],[-46.76921065,-24.008096769999998],[-46.76934405000001,-24.00815257],[-46.76950036,-24.00817226],[-46.76966417,-24.00817037],[-46.76978099,-24.00815469],[-46.769835,-24.008111059999997],[-46.76991954,-24.008016909999995],[-46.76998106,-24.0079517],[-46.7700965,-24.007835689999993],[-46.77019791,-24.007834519999992],[-46.77030712,-24.007833260000005],[-46.77043252,-24.007874809999993],[-46.77056582,-24.007923439999995],[-46.77066021,-24.007979689999992],[-46.77080102,-24.008006730000005],[-46.77091793,-24.007998209999997],[-46.77105736000001,-24.00792493],[-46.77115009,-24.007859350000007],[-46.77125871,-24.0078151],[-46.771382440000004,-24.007734829999993],[-46.77154527,-24.007661279999994],[-46.771653300000004,-24.007574019999996],[-46.77178493000001,-24.007500830000005],[-46.77184547,-24.007363950000002],[-46.77189061,-24.00724159],[-46.77193624,-24.007155060000006],[-46.77199707,-24.00703968],[-46.7720426,-24.006945979999998],[-46.77210353,-24.006837769999994],[-46.77215637,-24.00670816],[-46.77217869,-24.00662905999999],[-46.77220822,-24.006506879999993],[-46.77222245,-24.006406370000004],[-46.77224398,-24.00626995],[-46.77225821,-24.006169450000005],[-46.77230374,-24.00607575],[-46.77234907,-24.005967719999994],[-46.77241000000001,-24.005859509999997],[-46.77257165,-24.00569996000001],[-46.77274179,-24.00559049],[-46.77288181,-24.005560199999998],[-46.77303753,-24.0055369],[-46.77327856,-24.00547677],[-46.77341798,-24.005403489999996],[-46.77367344000001,-24.005257190000002],[-46.77373378,-24.005105979999996],[-46.77380261,-24.00500485],[-46.77392604,-24.004903079999995],[-46.77404246,-24.004858729999995],[-46.7742437,-24.004741730000003],[-46.77426553,-24.004626799999997],[-46.77424075,-24.004526749999993],[-46.77413747,-24.00439177],[-46.77403469,-24.004292619999998],[-46.77396233,-24.00413578],[-46.77406236,-24.004034289999993],[-46.77406976,-24.004005530000004],[-46.7741927,-24.003867940000006],[-46.77423813,-24.00376706999999],[-46.77429945,-24.003687519999996],[-46.77431191,-24.003458029999997],[-46.77433413,-24.003371769999998],[-46.77425465,-24.00326518],[-46.77410556,-24.00320241],[-46.77401117,-24.003146159999996],[-46.77387689,-24.003025879999992],[-46.7737744,-24.00294822],[-46.77368624,-24.002777229999996],[-46.77368516,-24.00269841],[-46.77369821,-24.00251190999999],[-46.77370384,-24.00235417],[-46.77376379,-24.002174299999997],[-46.77375966,-24.00187333],[-46.77378179,-24.001779909999996],[-46.77378841,-24.00169382],[-46.77378684,-24.00157917],[-46.77376147,-24.00143612],[-46.77369048,-24.00137961],[-46.77354159,-24.001331159999996],[-46.77343238,-24.001332420000008],[-46.77328418,-24.00133414],[-46.77311198,-24.00129313],[-46.77287689,-24.001217010000005],[-46.77263498,-24.001212640000006],[-46.77249419,-24.0011856],[-46.77235309,-24.00113706],[-46.77214121,-24.001046340000002],[-46.77181203,-24.000935469999998],[-46.77162394,-24.00087314],[-46.77149894,-24.000860249999995],[-46.77130383,-24.00085534],[-46.77115543,-24.000842720000005],[-46.77092142,-24.000845419999997],[-46.77079009,-24.000940109999995],[-46.77064277,-24.001006319999995],[-46.770534940000005,-24.0011079],[-46.77040233,-24.001109429999993],[-46.77027684,-24.00106071],[-46.77023656,-24.00096801],[-46.77018819,-24.00085389],[-46.77011652,-24.000747210000004],[-46.77003665000001,-24.000611959999993],[-46.77003557,-24.00053314],[-46.77003322,-24.00036115],[-46.77000874,-24.0002826],[-46.77002317,-24.00019643],[-46.7700216,-24.000081769999994],[-46.76998171,-24.000017729999993],[-46.76993413,-23.999960939999994],[-46.76984705,-23.999868769999992],[-46.76974486,-23.99981262],[-46.76967348,-23.999727439999997],[-46.76959421000001,-23.999635180000002],[-46.76941265,-23.999479600000004],[-46.76920194,-23.999474859999992],[-46.76911673,-23.99951885],[-46.76899242,-23.99955612],[-46.76892153,-23.999506770000004],[-46.76888145,-23.999428389999995],[-46.76885717,-23.999364169999996],[-46.7687461,-23.999229280000005],[-46.76862071000001,-23.999187719999995],[-46.76842522,-23.99915414],[-46.76829173,-23.999091179999994],[-46.76826735,-23.999019789999995],[-46.76818077,-23.998963449999998],[-46.76809408,-23.998899939999994],[-46.76796850000001,-23.998844060000003],[-46.76788152,-23.998759049999997],[-46.76785704,-23.998680500000003],[-46.76785626,-23.998623169999995],[-46.76794108,-23.99855051999999],[-46.7680496,-23.998499099999993],[-46.76814193,-23.99840486],[-46.76825785,-23.998324689999997],[-46.76831118,-23.998230899999992],[-46.76837143,-23.99807252999999],[-46.76837054,-23.99800803999999],[-46.76834577,-23.997907979999987],[-46.76834469,-23.997829159999995],[-46.76836672,-23.99772855999999],[-46.76842785,-23.997634690000005],[-46.76848138,-23.997555229999996],[-46.76852661,-23.997440039999994],[-46.76861074,-23.997317219999996],[-46.76869498,-23.997201579999995],[-46.76884063,-23.997013549999988],[-46.76893237,-23.99687631999999],[-46.7690166,-23.996760669999997],[-46.76913984,-23.996644579999995],[-46.76917825,-23.99660112999999],[-46.76922417,-23.996536099999993],[-46.7693319,-23.99642735],[-46.76935422,-23.996348249999993],[-46.76934534,-23.99626952],[-46.76923526,-23.996206289999996],[-46.76913308000001,-23.996150130000004],[-46.76894529,-23.996109290000003],[-46.76876432,-23.995996710000007],[-46.76864605,-23.995904900000003],[-46.76862937,-23.995826249999997],[-46.76862741,-23.995682929999994],[-46.768603420000005,-23.99564021],[-46.76854063,-23.99561226],[-46.76842324,-23.995584949999998],[-46.76828255000001,-23.99556507],[-46.76811124,-23.99558855],[-46.76796304,-23.99559026],[-46.76776843,-23.995621170000003],[-46.767651830000005,-23.995651180000003],[-46.76745722,-23.995682099999996],[-46.76729361,-23.995698320000002],[-46.76714463,-23.9956427],[-46.76711157,-23.9955069],[-46.76707032,-23.995342529999995],[-46.76702878,-23.995156669999993],[-46.76702711,-23.995034849999996],[-46.76693936,-23.994892519999997],[-46.76678179,-23.994779659999992],[-46.7666411,-23.994759779999995],[-46.76644483,-23.994668869999995],[-46.76635015,-23.99459112],[-46.76635678,-23.994505039999993],[-46.76640923,-23.994346759999992],[-46.76649366,-23.994245449999994],[-46.76652241,-23.99406593999999],[-46.76658246,-23.993893239999995],[-46.76655789,-23.993807509999993],[-46.76650202,-23.993714980000004],[-46.76645414,-23.993636700000003],[-46.76640646,-23.993572739999994],[-46.76629629,-23.99350234],[-46.76621741,-23.99343875],[-46.76616924,-23.99333896],[-46.76616826,-23.9932673],[-46.76621369,-23.993166440000003],[-46.76622851,-23.993108929999995],[-46.76623514,-23.993022849999996],[-46.76623386,-23.992929689999997],[-46.76620081,-23.9927939],[-46.766223030000006,-23.99270764],[-46.76626047,-23.99259253],[-46.7662825,-23.992491940000004],[-46.76628083,-23.992370120000004],[-46.76626338,-23.99223414],[-46.76626162000001,-23.992105159999998],[-46.76625235,-23.99199776],[-46.76622007,-23.991919289999995],[-46.766172000000005,-23.99182666999999],[-46.76612433,-23.991762719999993],[-46.76602156,-23.991663559999996],[-46.7660122,-23.991548990000002],[-46.76594814,-23.991427890000004],[-46.76594657,-23.991313240000004],[-46.7659453,-23.991220079999998],[-46.76599073,-23.99111922],[-46.76594948,-23.990954849999994],[-46.76591721,-23.990876379999996],[-46.76583794,-23.99078412],[-46.76572845,-23.99076387999999],[-46.76561906,-23.990750809999998],[-46.76547028,-23.990709520000003],[-46.7653371,-23.99066804999999],[-46.7651811,-23.99066984],[-46.76506381,-23.99064969],[-46.76488393,-23.990615929999993],[-46.764773950000006,-23.99055985999999],[-46.76471078,-23.99050325],[-46.76464019,-23.990475390000004],[-46.7645539,-23.99044055],[-46.76436593,-23.990385370000006],[-46.76423197,-23.990286579999996],[-46.76408299,-23.990230950000004],[-46.76395654,-23.990110570000002],[-46.76386157,-23.990011319999994],[-46.76382091,-23.989889950000002],[-46.76385815,-23.989760509999996],[-46.76389549,-23.98963824],[-46.76398743,-23.989515340000008],[-46.76407166,-23.9893997],[-46.76417929,-23.989283789999995],[-46.76425543,-23.98914674],[-46.76436316,-23.98903799],[-46.7644084,-23.988922789999997],[-46.76446923,-23.988807419999997],[-46.76455288,-23.988648780000002],[-46.7645518,-23.988569959999996],[-46.76451163,-23.988484409999998],[-46.76444846,-23.9884278],[-46.76429159,-23.988365100000003],[-46.76419019,-23.988366270000007],[-46.7640966,-23.98836734999999],[-46.7639484,-23.988369049999992],[-46.76379163,-23.988313519999995],[-46.76361926,-23.988258159999997],[-46.76350129,-23.98818785],[-46.76344552,-23.988102489999996],[-46.76338156,-23.987988549999994],[-46.76334139,-23.98790300000001],[-46.76321592,-23.987854280000004],[-46.76310692,-23.987869860000004],[-46.76299851,-23.98792845],[-46.76287459000001,-23.987994379999996],[-46.76270349,-23.98803218],[-46.76257139,-23.988069529999994],[-46.76240038,-23.988114499999995],[-46.76231517,-23.988158479999992],[-46.76216757,-23.988203179999996],[-46.76205047,-23.98819736000001],[-46.7619717,-23.98814093],[-46.76197082000001,-23.98807643],[-46.76198515,-23.987983099999997],[-46.76198379,-23.98788276999999],[-46.76196711,-23.987804130000004],[-46.76191817000001,-23.987647009999993],[-46.76185412,-23.98752590999999],[-46.76186825,-23.987418240000004],[-46.76187439,-23.98729633],[-46.76189613,-23.987174239999998],[-46.76193406,-23.987094959999997],[-46.761948,-23.98697296],[-46.76197725,-23.98682928],[-46.76202229,-23.98669976],[-46.76198953,-23.986585460000008],[-46.76201858,-23.986427450000004],[-46.76196983,-23.98628467],[-46.76181228000001,-23.986171800000008],[-46.76171869,-23.986172880000005],[-46.76151513,-23.986117880000002],[-46.76140593,-23.98611912999999],[-46.76124994,-23.98612092],[-46.76101596,-23.986123609999993],[-46.76089059,-23.986082049999993],[-46.76081181,-23.986025619999992],[-46.76077925,-23.985925650000002],[-46.7607617,-23.98578251],[-46.76075956,-23.985624859999998],[-46.76072621,-23.985467559999996],[-46.76066265,-23.98538229],[-46.76062872,-23.985181999999995],[-46.7605324,-23.98498242],[-46.76062405,-23.98483802999999],[-46.76071588,-23.984707969999995],[-46.76086973000001,-23.984548519999997],[-46.76100875,-23.984446590000005],[-46.7610844,-23.98427370999999],[-46.76109844,-23.984158870000005],[-46.76112652,-23.983929200000002],[-46.76103001,-23.983715299999997],[-46.76091984,-23.98364489],[-46.76085745,-23.983645609999996],[-46.76073383,-23.983733030000003],[-46.76056361,-23.98383533],[-46.76036102,-23.983851990000005],[-46.76019002,-23.983896950000002],[-46.75997105,-23.983856459999995],[-46.75996891,-23.98369881],[-46.76004418,-23.983497270000008],[-46.76001025,-23.983296969999998],[-46.759960920000005,-23.983111199999993],[-46.75995917,-23.982982209999996],[-46.75995644,-23.98278155999999],[-46.75993831,-23.982595420000003],[-46.75987533000001,-23.982553139999997],[-46.75976439,-23.982425409999994],[-46.75968445,-23.98228298],[-46.75946451,-23.982170829999994],[-46.75938633,-23.982157389999998],[-46.75916542,-23.98197357999999],[-46.75900671,-23.981774720000008],[-46.75886477,-23.98166168],[-46.75864522,-23.98157818999999],[-46.75839312,-23.981394730000005],[-46.75839517,-23.981162970000003],[-46.75834042,-23.980960530000004],[-46.75829883,-23.980769880000004],[-46.75821905,-23.980639399999998],[-46.75825529,-23.980435919999998],[-46.75831866,-23.980315739999998],[-46.75842119,-23.980207059999994],[-46.7585242,-23.98013419999999],[-46.75857393,-23.979966400000002],[-46.75853315,-23.97983546999999],[-46.75855655,-23.97964407999999],[-46.75856728,-23.979476719999997],[-46.75866899,-23.979308320000005],[-46.75877087,-23.979151870000003],[-46.758872100000005,-23.978947640000005],[-46.75890931,-23.97881581],[-46.75890753,-23.97868444],[-46.75890574,-23.978553060000003],[-46.75887683,-23.978338379999997],[-46.75878535,-23.97830358999999],[-46.75864172,-23.97825745999999],[-46.75849809,-23.97821132],[-46.75832847,-23.97816548],[-46.758106360000006,-23.978084409999997],[-46.75796224,-23.978002450000005],[-46.75785599,-23.97783643],[-46.7578144,-23.97764579],[-46.75781262000001,-23.977514409999994],[-46.75777152,-23.977359589999992],[-46.75752406,-23.977326589999997],[-46.75739408,-23.977328079999992],[-46.75721259,-23.977366],[-46.75705694,-23.977391670000003],[-46.75687626,-23.9774893],[-46.75673376,-23.977526769999994],[-46.75653976,-23.97760066],[-46.75646161,-23.977589609999995],[-46.756395,-23.97747091999999],[-46.75638054,-23.97736358],[-46.75637876,-23.977232199999992],[-46.75637666,-23.977076940000007],[-46.75638914,-23.97679887],[-46.75632195,-23.976685760000002],[-46.75627585,-23.976545339999994],[-46.75623179,-23.97636427],[-46.75616469,-23.976209749999995],[-46.75614205,-23.97607384],[-46.75611751,-23.975941920000004],[-46.75602089,-23.975767039999987],[-46.75600915,-23.975620640000002],[-46.75597564,-23.97549759],[-46.75588942,-23.97541893999999],[-46.75575976,-23.97544432000001],[-46.75555196,-23.975458639999996],[-46.75535731,-23.975484759999993],[-46.75507184,-23.975523860000003],[-46.75484758,-23.975523639999995],[-46.75478041,-23.97536315],[-46.75471587,-23.975157630000005],[-46.75471296,-23.974942649999992],[-46.75477617,-23.97481053],[-46.75483577,-23.97465177],[-46.75479212,-23.974547949999998],[-46.7547487,-23.974461639999998],[-46.75473087,-23.974345179999997],[-46.75472893,-23.974201860000004],[-46.75476533,-23.974010320000005],[-46.75484122,-23.97385415999999],[-46.75490426,-23.973710099999998],[-46.75490248,-23.97357872],[-46.7548739,-23.973387929999998],[-46.7548328,-23.973233109999995],[-46.75475287,-23.973090680000002],[-46.75465962,-23.972924509999995],[-46.75470984,-23.97279254],[-46.7548252,-23.972671770000005],[-46.75490221,-23.972599209999995],[-46.75506989,-23.97250173],[-46.7551729,-23.972428879999992],[-46.75536625,-23.97230721999999],[-46.7554691,-23.97222242999999],[-46.75563742,-23.972172720000007],[-46.75600071,-23.972120779999997],[-46.75614368,-23.97211914],[-46.75635262,-23.972188420000002],[-46.75647089,-23.97228263],[-46.75660168,-23.97234086],[-46.75668145,-23.972471350000003],[-46.75682734,-23.97268469],[-46.75711539,-23.972836680000004],[-46.75722246,-23.97306241],[-46.75732822,-23.973192599999997],[-46.75747265,-23.973298450000005],[-46.75765365,-23.973224709999993],[-46.75775666,-23.97315185],[-46.75789753,-23.972994949999993],[-46.75794855,-23.972922700000005],[-46.75805123,-23.97282596],[-46.75815295,-23.972657560000002],[-46.75826766,-23.972489009999997],[-46.75841031,-23.97246349],[-46.75861924,-23.972532759999993],[-46.75876481000001,-23.97272222],[-46.7588441,-23.972816869999992],[-46.7588077,-23.973008409999995],[-46.75890112,-23.973186520000002],[-46.7590839,-23.973244149999992],[-46.75920088,-23.973242810000002],[-46.75930534,-23.973277449999998],[-46.75938382,-23.973312379999996],[-46.75952858,-23.973442119999998],[-46.75965937,-23.97350034],[-46.75973687,-23.973463619999997],[-46.75983939,-23.97335494],[-46.75987627,-23.97319922999999],[-46.75995248,-23.97306695],[-46.76005467,-23.972934379999995],[-46.76013087,-23.972802109999993],[-46.76019456,-23.97270582],[-46.76025696,-23.97251398],[-46.7602672,-23.97231078999999],[-46.76026573,-23.972203299999997],[-46.76022544,-23.972108199999997],[-46.76021066,-23.97197698],[-46.76018207,-23.971786179999995],[-46.76006233,-23.971584490000005],[-46.76000807,-23.97141787],[-46.76003195,-23.971262309999997],[-46.76010816,-23.971130040000002],[-46.76015804000001,-23.97097418],[-46.76019459,-23.97079458],[-46.7602578,-23.97066246],[-46.76026901,-23.970530929999992],[-46.76022807,-23.97038805999999],[-46.76021248,-23.970197120000005],[-46.76025017,-23.97010112],[-46.76032718,-23.970028569999993],[-46.76039087,-23.969932269999997],[-46.76040192,-23.969788799999996],[-46.76053011,-23.96965594],[-46.76057999,-23.969500079999992],[-46.76070866,-23.96940304],[-46.76081118,-23.96929435],[-46.76091354,-23.969173730000005],[-46.76098974,-23.969041450000002],[-46.76113092,-23.968908439999996],[-46.76131061,-23.968739139999997],[-46.76146561,-23.96866568999999],[-46.76163376,-23.968604029999998],[-46.76188022,-23.968565370000004],[-46.76202319,-23.968563729999996],[-46.76228314,-23.968560739999997],[-46.76241344,-23.96858314],[-46.7625179,-23.96861777000001],[-46.76260807,-23.968557009999998],[-46.76269759,-23.96844847],[-46.76277378,-23.9683162],[-46.76288897,-23.96818348],[-46.76303032,-23.968062399999997],[-46.76317101,-23.967893549999996],[-46.76329871,-23.96772485],[-46.76337490000001,-23.967592579999998],[-46.76337279,-23.967437319999995],[-46.76337035,-23.967258169999997],[-46.76339472,-23.96713842999999],[-46.76343095000001,-23.96693495],[-46.76342867,-23.966767739999998],[-46.76344037,-23.966672049999996],[-46.7634909,-23.966563959999995],[-46.76350211,-23.96643243],[-46.7635653,-23.966300310000005],[-46.76362817,-23.9661443],[-46.76363938,-23.966012769999992],[-46.76366326,-23.965857209999996],[-46.76359682,-23.965750469999996],[-46.76345287,-23.965680449999997],[-46.76327043,-23.965646710000005],[-46.76308603,-23.965469649999996],[-46.76285014,-23.965329019999995],[-46.76269141,-23.965127770000006],[-46.76258484,-23.964937869999993],[-46.76247729,-23.96467631000001],[-46.7624625,-23.964545079999994],[-46.76249955,-23.964401320000004],[-46.76249727,-23.96423411],[-46.7624305,-23.964103480000002],[-46.76246705,-23.963923880000003],[-46.7625041,-23.96378011],[-46.76263325,-23.9637189],[-46.76277524,-23.9636456],[-46.76293072,-23.963607980000003],[-46.76307238,-23.96351079],[-46.76327903,-23.96341285],[-46.76345952,-23.963303269999997],[-46.76374431,-23.963216380000006],[-46.76388581,-23.96310724999999],[-46.76410546,-23.963009160000002],[-46.7642983,-23.96285166],[-46.76447797,-23.962682359999995],[-46.76463263,-23.962585019999995],[-46.76476195,-23.96253575],[-46.76491807,-23.962545900000002],[-46.7649582,-23.962629059999998],[-46.76506364,-23.962735350000003],[-46.765245920000005,-23.962757139999994],[-46.76545207,-23.96262338],[-46.76555393,-23.96246692],[-46.76569413,-23.962262229999993],[-46.76579582,-23.962093829999993],[-46.76579371,-23.961938569999997],[-46.76586909,-23.961746580000003],[-46.76600912,-23.961529949999996],[-46.76617628,-23.961396629999996],[-46.76636912000001,-23.961239120000002],[-46.7665613,-23.96103384],[-46.76667615,-23.960877230000005],[-46.76683064,-23.96076795],[-46.76706507,-23.960801079999992],[-46.76720949,-23.960906929999997],[-46.7672506,-23.961061739999998],[-46.76740965,-23.96128687],[-46.76751672,-23.961512599999995],[-46.76766196,-23.96167816],[-46.76783287000001,-23.961819530000007],[-46.76798965,-23.961877449999996],[-46.7682244,-23.961934469999996],[-46.76836867,-23.96202837],[-46.76842114,-23.962063599999997],[-46.76848743,-23.9621584],[-46.76856688,-23.96226499],[-46.76867215000001,-23.96235933999999],[-46.768841110000004,-23.962357389999994],[-46.76898375,-23.962331859999995],[-46.76908641,-23.96223511],[-46.76912345,-23.962091339999997],[-46.7691998,-23.961971009999992],[-46.76926299,-23.961838889999996],[-46.76933917,-23.96170661],[-46.76933722,-23.961563289999997],[-46.76929611,-23.961408479999996],[-46.76932063,-23.961300689999998],[-46.76933232,-23.961204989999995],[-46.76936952,-23.961073160000005],[-46.76939339,-23.960917599999995],[-46.76946991,-23.96080921],[-46.76958655,-23.960783979999995],[-46.76978182,-23.96080561999999],[-46.76996605,-23.96097072],[-46.77008482,-23.961100750000004],[-46.77029505,-23.961265559999998],[-46.77047961,-23.961454550000003],[-46.7705987,-23.961608470000005],[-46.77070316,-23.961643099999996],[-46.7708856,-23.96167682999999],[-46.77095009,-23.96164024999999],[-46.77098827,-23.961580079999997],[-46.77113041,-23.961518719999997],[-46.77131089,-23.961409129999993],[-46.77145124,-23.961216380000003],[-46.77151427,-23.961072310000002],[-46.77155065,-23.96088077],[-46.77169083,-23.960676079999992],[-46.771753360000005,-23.960496179999996],[-46.77195935,-23.960350460000004],[-46.7721525,-23.960216840000005],[-46.77229366,-23.960083809999997],[-46.7724748,-23.960021990000005],[-46.77261776,-23.960020339999996],[-46.77285251,-23.96007734999999],[-46.77304696,-23.960039269999992],[-46.77313712,-23.95997851],[-46.77314832,-23.959846979999995],[-46.77314652,-23.959715599999996],[-46.77313173,-23.95958438],[-46.77312993000001,-23.959453],[-46.77312764,-23.959285790000006],[-46.77309936,-23.959118889999992],[-46.77305907,-23.959023789999993],[-46.7729918,-23.95885734],[-46.77302621,-23.95852247],[-46.77311294,-23.9582109],[-46.77326612,-23.958006059999995],[-46.77344561,-23.957824809999998],[-46.77358579,-23.957620119999994],[-46.77376594,-23.957486640000003],[-46.77403886,-23.95748348999999],[-46.77418214,-23.95750572],[-46.77443054,-23.957610359999993],[-46.77458862,-23.957763820000004],[-46.77475675,-23.957702149999992],[-46.77487241,-23.957605249999993],[-46.77490878,-23.957413699999996],[-46.77490731,-23.95730621],[-46.775034,-23.95706584],[-46.77504487,-23.95691043],[-46.77513404,-23.956778],[-46.77522223,-23.95657392],[-46.77531042,-23.956369829999996],[-46.77541178,-23.956177529999994],[-46.77538415,-23.9560584],[-46.7753177,-23.955951659999993],[-46.77519942,-23.955857470000005],[-46.775055,-23.95575163],[-46.77484526,-23.955622659999996],[-46.77468817,-23.95554086],[-46.77454342,-23.95541114],[-46.77445065,-23.95528081],[-46.77450116,-23.955172720000004],[-46.77453835,-23.95504089],[-46.77453557,-23.954837859999998],[-46.7744683,-23.954671399999988],[-46.77440071,-23.954481059999996],[-46.77434741,-23.954386119999995],[-46.77425514,-23.954291619999985],[-46.77411137,-23.954233559999995],[-46.77400577000001,-23.95411532],[-46.77405611,-23.95399529],[-46.77417111,-23.953850619999997],[-46.77433843,-23.953729229999993],[-46.77445293,-23.953548729999994],[-46.77469822,-23.953426440000005],[-46.77481387,-23.953329550000003],[-46.77504665,-23.95324324],[-46.77524077,-23.953181269999998],[-46.7753431,-23.953060629999992],[-46.77528964,-23.952953739999995],[-46.77519638,-23.952787589999996],[-46.77511628,-23.95263323],[-46.77503684,-23.952526640000002],[-46.77493059,-23.95236064],[-46.77482531,-23.952266290000004],[-46.77468007,-23.952100740000002],[-46.77457398,-23.95194668],[-46.77446773,-23.95178067],[-46.77441444,-23.951685729999998],[-46.77438698,-23.95157854],[-46.77424174,-23.951412979999997],[-46.77413614,-23.951294750000002],[-46.7740312,-23.95122429],[-46.77387427,-23.95115442999999],[-46.77380815,-23.95107158],[-46.77379287,-23.95090453],[-46.77382989,-23.950760759999998],[-46.77384077,-23.950605340000003],[-46.77392977,-23.950460969999995],[-46.77401992,-23.950400199999997],[-46.77416255,-23.95037466999999],[-46.77439548,-23.950300299999995],[-46.77455061,-23.950238780000003],[-46.77475707,-23.95012889],[-46.77485972000001,-23.950032140000005],[-46.77505334,-23.94993433999999],[-46.77526111,-23.949919990000005],[-46.77565113,-23.949927429999995],[-46.77596351,-23.949959649999993],[-46.77615795,-23.949921569999994],[-46.77640649,-23.950038139999997],[-46.77657658,-23.95011978999999],[-46.77663069,-23.950274449999995],[-46.77672526,-23.95053615],[-46.77687033,-23.950689760000003],[-46.77697577,-23.950796049999997],[-46.77713171,-23.950794240000004],[-46.77719571,-23.95072183],[-46.7772342,-23.950685550000003],[-46.77729673,-23.950505650000004],[-46.77737372000001,-23.95043308],[-46.77747571,-23.95028855999999],[-46.7776292,-23.950107609999996],[-46.77771837,-23.94997518],[-46.77789916,-23.94988946999999],[-46.77823671000001,-23.94986167],[-46.77848444000001,-23.949918520000004],[-46.77871835,-23.949915809999997],[-46.77887381,-23.94987818],[-46.77893747,-23.949781880000003],[-46.778923660000004,-23.949722309999995],[-46.77889537,-23.949555409999995],[-46.77891907,-23.949387900000005],[-46.77896941,-23.949267870000003],[-46.77911039,-23.94912289],[-46.77925252,-23.949061519999997],[-46.77942064,-23.948999839999995],[-46.77960257,-23.94899773],[-46.77986297,-23.949030549999996],[-46.78000805,-23.949184159999998],[-46.78044017,-23.94941804999999],[-46.780648420000006,-23.949439520000006],[-46.78093481,-23.949472040000003],[-46.78106296,-23.949339150000004],[-46.78115212,-23.949206719999992],[-46.78125428,-23.94907414],[-46.78138193,-23.948905430000003],[-46.78143244,-23.94879734],[-46.78149528,-23.94864132],[-46.78149266,-23.948450230000002],[-46.78152984,-23.948318399999998],[-46.78163249,-23.94822165],[-46.78181327,-23.94813593],[-46.78201873,-23.94795437],[-46.78205591,-23.947822539999997],[-46.7821709,-23.947677859999988],[-46.78229822,-23.947485260000008],[-46.78245318,-23.947411789999993],[-46.7825828,-23.9473864],[-46.78280371,-23.94738383],[-46.78290849,-23.94744234],[-46.78305144,-23.947440679999996],[-46.78325805,-23.94734272],[-46.78340017,-23.947281349999997],[-46.78350315,-23.947208479999997],[-46.78361862,-23.947099629999997],[-46.78368196,-23.946979439999996],[-46.78371946,-23.946871499999997],[-46.78375631,-23.946715789999995],[-46.78387179,-23.94660694],[-46.78389696,-23.946546919999996],[-46.78389548,-23.946439429999998],[-46.7838537,-23.946236849999995],[-46.78377409,-23.946118319999997],[-46.78360318,-23.945976969999993],[-46.78343113,-23.945752009999996],[-46.78337652,-23.945561520000002],[-46.78341288,-23.94536997],[-46.78348855000001,-23.945201859999994],[-46.78362952,-23.945056879999996],[-46.78373036,-23.94482875],[-46.78372872,-23.944709319999994],[-46.78375159,-23.9444821],[-46.78386657,-23.944337420000004],[-46.78404816,-23.94431142],[-46.7842296,-23.944273470000006],[-46.78440972,-23.944139980000003],[-46.78448637,-23.94404353],[-46.78462734,-23.94389855],[-46.78479413,-23.943741329999998],[-46.7849356,-23.94363218],[-46.7850236,-23.943416140000004],[-46.78507328,-23.94324833],[-46.78514862,-23.943056330000005],[-46.78522412,-23.94287628],[-46.78535242,-23.94275533],[-46.78546789,-23.942646479999997],[-46.78558254,-23.942477919999998],[-46.78578815,-23.942308300000004],[-46.78605791,-23.9420782],[-46.78621154,-23.941909180000003],[-46.78645679,-23.94178687999999],[-46.78671438,-23.941616649999993],[-46.78688199,-23.941519140000004],[-46.78716639,-23.941408320000004],[-46.78746345,-23.941273470000006],[-46.78765754,-23.941211479999996],[-46.78787762000001,-23.941149189999997],[-46.78805905000001,-23.941111250000002],[-46.78830627,-23.941132259999993],[-46.78863113,-23.94112846999999],[-46.78885154,-23.941090069999994],[-46.78912409,-23.94106301],[-46.78940915,-23.940999960000003],[-46.78956623,-23.94108173999999],[-46.78985458,-23.94125756],[-46.78996035,-23.941387730000006],[-46.79007944,-23.94154162],[-46.79028999,-23.941730290000002],[-46.79053886,-23.941870729999998],[-46.79064413,-23.94196507],[-46.79076323,-23.94211895999999],[-46.79093496,-23.942320029999998],[-46.79115867,-23.942520490000003],[-46.79151166,-23.94267166],[-46.79181054,-23.942668169999994],[-46.79195397,-23.94270233],[-46.79202026,-23.942797120000012],[-46.79208672,-23.942903849999997],[-46.79216634,-23.94302237],[-46.79216782000001,-23.943129859999996],[-46.79239087,-23.943282539999995],[-46.79249665,-23.943412699999996],[-46.79266739,-23.943542109999996],[-46.79289012,-23.9436709],[-46.79315067,-23.943715640000004],[-46.79351336,-23.94362779],[-46.79365548,-23.943566400000005],[-46.79382407,-23.943540539999997],[-46.79399201,-23.943466910000005],[-46.79408215,-23.94340612999999],[-46.79420978,-23.94323741],[-46.79441571,-23.943091659999993],[-46.79449186,-23.94295938],[-46.79455469,-23.942803359999992],[-46.79463084,-23.942671069999996],[-46.79477014,-23.942406649999995],[-46.79491126,-23.942273599999996],[-46.79501323,-23.942129070000004],[-46.79515452,-23.942007969999995],[-46.79525699,-23.94189926],[-46.795371790000004,-23.941742629999993],[-46.79540813,-23.941551090000004],[-46.79540631,-23.941419709999998],[-46.79539149000001,-23.94128849],[-46.79533753,-23.941145780000003],[-46.79536121,-23.94097826999999],[-46.79535989,-23.94088272],[-46.79542354,-23.940786419999995],[-46.79552567,-23.940653830000002],[-46.79557566,-23.940509899999995],[-46.79567648,-23.94028176999999],[-46.79585658,-23.94014827],[-46.79606399000001,-23.940109999999997],[-46.7962719,-23.94010757],[-46.796491970000005,-23.940045269999988],[-46.79671238,-23.940006859999993],[-46.79702291,-23.939907660000003],[-46.79748938000001,-23.939806639999997],[-46.79787838,-23.939742369999994],[-46.79812659,-23.939835019999993],[-46.79836098,-23.939868109999995],[-46.79867185,-23.939792799999996],[-46.79899538,-23.939693449999996],[-46.79920279,-23.93965518],[-46.79945051,-23.939712009999997],[-46.7997507,-23.93980405],[-46.80003806,-23.939908189999997],[-46.80032426,-23.939928719999994],[-46.80063679,-23.939972839999996],[-46.80093615,-23.94000517],[-46.80114356,-23.939966900000005],[-46.80124619,-23.939870129999996],[-46.801256360000004,-23.939666949999996],[-46.80116341,-23.939524699999996],[-46.80116093000001,-23.939345549999995],[-46.80110563,-23.939107300000003],[-46.80102584,-23.938976840000002],[-46.80090741,-23.938870719999997],[-46.80095756,-23.93873872999999],[-46.80111349,-23.93873691],[-46.80129507,-23.938710890000007],[-46.80163391000001,-23.93877858],[-46.80197076,-23.93870296],[-46.80229279,-23.938496110000006],[-46.80266879,-23.93843198],[-46.80313607,-23.938390659999992],[-46.80363018,-23.93840874],[-46.80390372,-23.93845331],[-46.80433468,-23.93860353],[-46.80462254,-23.938743490000004],[-46.80500285,-23.93898987],[-46.80526556,-23.939189850000005],[-46.80555292,-23.93929397999999],[-46.80587911000001,-23.939385699999995],[-46.80609983,-23.939557500000006],[-46.80617873,-23.939452039999995],[-46.806303650000004,-23.93932712],[-46.80640478,-23.93920814],[-46.80653565,-23.939130810000005],[-46.80663678,-23.93900589],[-46.80670221,-23.93891070999999],[-46.80677954,-23.93876199],[-46.80684498,-23.938631119999997],[-46.80691041,-23.938524049999998],[-46.80696395,-23.938422919999994],[-46.80699369,-23.93836938],[-46.80696395,-23.93824446],[-46.80693421,-23.93813144],[-46.80689852,-23.93789943999999],[-46.80689852,-23.93773288],[-46.80688067,-23.93761985],[-46.80686877,-23.937477079999994],[-46.80686877,-23.937370009999995],[-46.80689852,-23.937161809999996],[-46.80691041,-23.937090419999997],[-46.80694611,-23.9369774],[-46.80698180000001,-23.93686436999999],[-46.80701154,-23.936804889999998],[-46.80702939,-23.93676325],[-46.8070389,-23.936560599999993],[-46.80697228,-23.93637976],[-46.80694373,-23.93621795],[-46.80688662,-23.93607519],[-46.80681048,-23.935932419999997],[-46.80673433,-23.935799170000003],[-46.80665819,-23.935627849999992],[-46.80659157,-23.935447010000004],[-46.80655349,-23.935285199999992],[-46.80655349,-23.935104370000005],[-46.80659157,-23.93499967],[-46.80669626,-23.934856899999993],[-46.80676289,-23.934714129999993],[-46.80688662,-23.934552329999995],[-46.80697228,-23.93443812],[-46.80704842,-23.934314379999993],[-46.80711505,-23.934190650000005],[-46.80720071,-23.934057400000004],[-46.80727685,-23.93392415],[-46.80732444,-23.933838489999996],[-46.80736251,-23.933552960000004],[-46.80736251,-23.93342922],[-46.80736251,-23.93326742],[-46.80736251,-23.933153209999997],[-46.80736251,-23.933058029999998],[-46.80729589,-23.932848639999996],[-46.80732444,-23.93274394],[-46.80740058,-23.932667799999997],[-46.8075148,-23.932563099999992],[-46.80766708,-23.9324584],[-46.80779081,-23.93235371],[-46.807933580000004,-23.932229979999995],[-46.80803828,-23.93211575999999],[-46.80813346,-23.931915889999996],[-46.80816201,-23.93177312],[-46.80818105,-23.931535170000004],[-46.80818105,-23.931392409999997],[-46.80818105,-23.931230599999996],[-46.80818105,-23.931144939999992],[-46.80811442,-23.931068799999988],[-46.80808587,-23.93093555],[-46.80800972,-23.93076423],[-46.80798117,-23.930592910000005],[-46.80798117,-23.93046918],[-46.80803828,-23.930316890000004],[-46.80803828,-23.93017412],[-46.80802876,-23.93004087],[-46.80802876,-23.929860029999997],[-46.80800972,-23.929679189999998],[-46.80798117,-23.92947932],[-46.80798117,-23.92936511],[-46.80800021,-23.929231859999998],[-46.80803828,-23.92909861],[-46.8082215,-23.928939179999997],[-46.80835237,-23.92883211],[-46.80845944,-23.92870124],[-46.80856652,-23.928570369999996],[-46.8086498,-23.92834431999999],[-46.80872118,-23.9279874],[-46.80879257,-23.927761350000004],[-46.80885205,-23.92766617],[-46.80894723,-23.92752339999999],[-46.80899482,-23.927368739999995],[-46.80901862,-23.92720218],[-46.80898292,-23.927035609999997],[-46.80892344,-23.926880949999994],[-46.80898292,-23.92671439],[-46.80898292,-23.926583519999994],[-46.8090781,-23.926381259999996],[-46.8090781,-23.92625039],[-46.8090781,-23.926179010000002],[-46.80912569,-23.92602434],[-46.80922087,-23.925917270000003],[-46.80925656,-23.92578640000001],[-46.80933984,-23.925631729999992],[-46.80948261,-23.925441369999998],[-46.80956589,-23.9253343],[-46.80967297,-23.925203429999993],[-46.80974435000001,-23.925108249999997],[-46.80980384,-23.924882199999995],[-46.80973245,-23.924644250000007],[-46.80964917,-23.924418209999992],[-46.80960158,-23.924156470000007],[-46.80957779,-23.92391852],[-46.80956589,-23.923704369999996],[-46.80956589,-23.923502110000005],[-46.80961348,-23.923276060000003],[-46.80970866,-23.923133299999996],[-46.80995612,-23.922712130000008],[-46.81011317,-23.92244087],[-46.81027021,-23.922269549999996],[-46.81037015,-23.922041119999996],[-46.81052719,-23.92179842],[-46.81064141,-23.921527160000004],[-46.81074135000001,-23.921298730000004],[-46.81078418,-23.921084579999995],[-46.81078418,-23.92085614999999],[-46.81079845,-23.920713380000002],[-46.81082273,-23.92060373],[-46.81089471,-23.92023769],[-46.81091723,-23.920200889999997],[-46.81097937,-23.920101160000005],[-46.81099164,-23.920047859999997],[-46.81100056,-23.919978399999994],[-46.811003150000005,-23.91991901],[-46.811003150000005,-23.919918429999996],[-46.81100937,-23.91978319],[-46.81100235,-23.919704699999997],[-46.81099701,-23.91965824],[-46.81098929,-23.91959128],[-46.81097617,-23.91953324],[-46.81096397,-23.91948039],[-46.81092601000001,-23.919431440000004],[-46.81085153,-23.919352869999994],[-46.81080094,-23.9193174],[-46.8107807,-23.91929422],[-46.81074025,-23.919242069999996],[-46.81070671,-23.919189679999995],[-46.81067563,-23.919144519999996],[-46.81065578,-23.91910893],[-46.81063128,-23.919065249999996],[-46.81059934,-23.9190071],[-46.81059538,-23.918988329999994],[-46.81057458000001,-23.918906299999996],[-46.81055505,-23.918822840000004],[-46.81054754,-23.918772030000003],[-46.81054475,-23.91871896],[-46.81054949,-23.918665039999997],[-46.81056108,-23.91862069],[-46.81058296,-23.918584750000004],[-46.81061874,-23.918535349999996],[-46.810669610000005,-23.91848083],[-46.81069235,-23.918459029999998],[-46.81076785,-23.918378689999997],[-46.81079574,-23.918336159999996],[-46.81081202,-23.918292989999998],[-46.81081765,-23.91824802],[-46.8108062,-23.918176150000004],[-46.81077365,-23.918114529999997],[-46.81070024,-23.918066239999998],[-46.810612150000004,-23.9180548],[-46.81051297,-23.91806031],[-46.81043981,-23.91806856],[-46.81035753,-23.918081080000004],[-46.81027652,-23.91809101999999],[-46.81016414,-23.91809992],[-46.810078280000006,-23.918103679999998],[-46.81001477,-23.91810195],[-46.80994886,-23.918076479999996],[-46.80992602,-23.91806308],[-46.80992036000001,-23.918059339999996],[-46.80991519,-23.918055040000006],[-46.80991057,-23.91805023999999],[-46.80990656,-23.918044980000005],[-46.80990321,-23.918039359999995],[-46.80990056,-23.918033429999998],[-46.80989865,-23.918027260000002],[-46.80989749,-23.91802094],[-46.80989712,-23.91801454],[-46.80989711,-23.918011450000005],[-46.80989712,-23.9180114],[-46.80989722,-23.91800713],[-46.80989911,-23.917928290000003],[-46.80991052000001,-23.917847750000004],[-46.80992576,-23.91771436],[-46.80998438,-23.91756197000001],[-46.81003158,-23.9174858],[-46.81009481,-23.917414830000002],[-46.81021649,-23.917311010000002],[-46.81031365,-23.91723141999999],[-46.81039287,-23.91717954],[-46.81046359,-23.91713976],[-46.81060215,-23.917103529999988],[-46.81078871,-23.917110659999988],[-46.8109498,-23.917148939999997],[-46.81114572,-23.917205450000008],[-46.81126158,-23.91723763],[-46.81136517,-23.917249900000005],[-46.8113738,-23.917250639999992],[-46.81138246,-23.917250809999995],[-46.81139112,-23.917250420000002],[-46.81139972,-23.917249449999996],[-46.81140397,-23.917248699999995],[-46.81148374,-23.91723207],[-46.81151617,-23.917218949999995],[-46.81153907,-23.917205820000007],[-46.81157246,-23.917178670000002],[-46.81158393,-23.917159390000002],[-46.81158775,-23.91714098],[-46.81158493,-23.917118180000003],[-46.81157164,-23.91707168999999],[-46.81155456,-23.91700852999999],[-46.81154602,-23.916973439999992],[-46.81154416,-23.91693924],[-46.81154421,-23.91689978],[-46.8115481,-23.91684191],[-46.81155866,-23.916784909999993],[-46.81157456,-23.916732540000005],[-46.8115765,-23.916708870000008],[-46.81157653,-23.916688690000008],[-46.81156988,-23.91665975],[-46.81155944,-23.916636069999992],[-46.81152613,-23.916588669999996],[-46.81148139,-23.916537759999997],[-46.81140905,-23.91645702],[-46.81137764,-23.916421030000002],[-46.81135861,-23.91638768],[-46.81134605,-23.91632957],[-46.81134515,-23.916288359999985],[-46.81135094,-23.91623575],[-46.81135959,-23.916171740000003],[-46.81136944,-23.91611344],[-46.81137233,-23.916088889999994],[-46.81137236,-23.916067839999997],[-46.8113638,-23.916045039999997],[-46.81134381,-23.916023089999992],[-46.81131809,-23.916008159999997],[-46.81126284,-23.915982669999998],[-46.81110522,-23.915919520000003],[-46.81105282,-23.91589228999999],[-46.81101377,-23.915865059999994],[-46.81098903,-23.915832590000008],[-46.810977630000004,-23.91579573999999],[-46.81097387,-23.91575891],[-46.81098059,-23.915721209999994],[-46.81099304,-23.915673869999992],[-46.81105946,-23.91554130999999],[-46.81112969,-23.9154048],[-46.81114918,-23.915344800000003],[-46.811156860000004,-23.915307979999998],[-46.81115404,-23.915277290000002],[-46.8111417,-23.915230800000003],[-46.81112556,-23.915180789999997],[-46.81111322,-23.915142199999995],[-46.81110182,-23.915107109999994],[-46.81110514,-23.915027800000004],[-46.81112357,-23.9149603],[-46.81115533,-23.914906629999997],[-46.81120378,-23.914856030000006],[-46.81129227,-23.914790139999997],[-46.81136742,-23.91472423],[-46.81141461,-23.91466865],[-46.81144637,-23.9146119],[-46.81146815,-23.914539799999996],[-46.81147827,-23.9144462],[-46.81147166,-23.91440169],[-46.81146671,-23.914363319999996],[-46.81144092,-23.914304590000004],[-46.81141597,-23.914244720000003],[-46.81139772,-23.914161830000005],[-46.81138784,-23.914069739999995],[-46.81139122,-23.914025239999997],[-46.81141131,-23.913966949999995],[-46.81148646,-23.91385248],[-46.81158574,-23.913733319999995],[-46.81168213,-23.913643099999998],[-46.81174965,-23.913577190000005],[-46.81177161,-23.913554410000003],[-46.81179452,-23.913524619999997],[-46.81180694,-23.91350183],[-46.81181651000001,-23.913470269999998],[-46.81182322,-23.913441339999995],[-46.81182326,-23.91341327],[-46.81181758,-23.913382580000004],[-46.81179289,-23.913306259999995],[-46.811758440000006,-23.91322116],[-46.81175086,-23.913178190000004],[-46.81174521,-23.913125560000005],[-46.811747190000006,-23.913069450000002],[-46.8117616,-23.91298352],[-46.81177625,-23.91288861],[-46.81178204,-23.91283161999999],[-46.8117821,-23.91278250999999],[-46.81177454,-23.912733399999993],[-46.8117596,-23.912668919999998],[-46.81175585,-23.912621560000005],[-46.81175877,-23.912573340000005],[-46.81176836,-23.91253038],[-46.81179321,-23.912469899999998],[-46.81184267,-23.91236735],[-46.81188758,-23.91228147],[-46.81190574,-23.912235],[-46.81190682,-23.9121837],[-46.8119002,-23.912146869999997],[-46.81188498,-23.912118789999997],[-46.81185928,-23.912090700000004],[-46.81179738,-23.91204767],[-46.81172688,-23.91201164],[-46.81155588,-23.911937579999993],[-46.81145488,-23.91189713],[-46.81139963,-23.91187515],[-46.81134343,-23.9118444],[-46.81130056,-23.91181805],[-46.81126366,-23.911787979999996],[-46.81123415,-23.911757249999997],[-46.81121515000001,-23.91170549],[-46.81119806,-23.911655490000005],[-46.81118475,-23.911626529999996],[-46.81114989,-23.91158852],[-46.81110705,-23.911547259999995],[-46.81101848,-23.911484019999993],[-46.81089848,-23.911397089999994],[-46.81081723,-23.911342310000002],[-46.8107639,-23.911301030000004],[-46.81074202,-23.911268560000003],[-46.81073444,-23.911228209999997],[-46.8107364,-23.911192260000004],[-46.81075266,-23.91115369],[-46.81078128,-23.9111318],[-46.81081275,-23.911115170000002],[-46.81085661,-23.911103820000005],[-46.81089162,-23.91109784],[-46.81091286,-23.91109837],[-46.81094717,-23.91110442],[-46.81097711,-23.91111948],[-46.811037520000006,-23.91115563],[-46.81110611,-23.91119026999999],[-46.8111415,-23.911204339999998],[-46.81118234,-23.911210900000004],[-46.81122101,-23.911210939999997],[-46.81125315,-23.911205960000007],[-46.8112804,-23.91119597],[-46.81130711,-23.911173449999993],[-46.81132567,-23.91114891],[-46.81133987,-23.91111486],[-46.81135191,-23.911065259999994],[-46.81135345,-23.91100676],[-46.81135828,-23.910954150000002],[-46.81137453,-23.91091646],[-46.81139173,-23.910884909999996],[-46.81142227,-23.910857749999998],[-46.81145184,-23.910839370000005],[-46.81149617,-23.910827189999996],[-46.81152935,-23.910824630000004],[-46.81156387,-23.910829719999995],[-46.81160548,-23.910844739999998],[-46.81164139,-23.910865069999996],[-46.81166719,-23.91089220999999],[-46.8116843,-23.91092819],[-46.81169284,-23.910964149999995],[-46.81170608,-23.911047470000003],[-46.81172403,-23.911177269999996],[-46.81173012000001,-23.911266669999996],[-46.81173674,-23.911306129999993],[-46.81174814,-23.911331579999988],[-46.81176051,-23.911348259999997],[-46.81177957,-23.91135879],[-46.81180244,-23.91136496],[-46.8118501,-23.911365009999997],[-46.81187298,-23.911361530000004],[-46.811892050000004,-23.911349269999988],[-46.81191877,-23.911329999999992],[-46.81193787,-23.91130021],[-46.81194936,-23.911256380000008],[-46.81196375,-23.91118449],[-46.81197241,-23.911124860000005],[-46.81198581,-23.911074019999994],[-46.81200303,-23.9110223],[-46.81201453,-23.910976710000003],[-46.81201552,-23.910947769999996],[-46.81201747,-23.910910939999997],[-46.81200798,-23.910875860000004],[-46.81199564,-23.910839009999997],[-46.81196206,-23.910772550000004],[-46.81192878,-23.910708499999995],[-46.81190139,-23.91067038],[-46.81186693,-23.910618109999994],[-46.811826960000005,-23.910568089999998],[-46.81179079,-23.910525959999998],[-46.81176034,-23.910488209999997],[-46.8117499,-23.910452249999995],[-46.811748990000005,-23.910418929999995],[-46.81175285,-23.910379470000002],[-46.81176742,-23.91035646],[-46.81178269,-23.910340699999995],[-46.81180938,-23.910330199999997],[-46.8118866,-23.910322389999997],[-46.81197907000001,-23.91031723],[-46.81202599,-23.910314589999995],[-46.81206387000001,-23.910299969999993],[-46.812086,-23.91026898999999],[-46.81209134,-23.910235029999992],[-46.81208938000001,-23.910205819999998],[-46.8120809,-23.91018061],[-46.81206601,-23.91015772],[-46.81204983,-23.910136660000003],[-46.81200184,-23.910112269999992],[-46.81189181,-23.910064579999997],[-46.81170649,-23.90999795999999],[-46.81159884,-23.90995487],[-46.81152453,-23.909922350000006],[-46.81144929,-23.909878420000002],[-46.81139595,-23.909841540000002],[-46.81136929,-23.909817830000005],[-46.81134741,-23.90978887],[-46.81134076,-23.90977132],[-46.81133887,-23.909755549999993],[-46.81134271,-23.909732750000003],[-46.81136372,-23.90970208],[-46.81139616,-23.909677559999995],[-46.81143813,-23.909653920000004],[-46.81146675,-23.90963465999999],[-46.81148584,-23.909612759999998],[-46.81149778,-23.9095901],[-46.81151418,-23.90954652],[-46.81153016,-23.909504569999992],[-46.8115531,-23.90945636],[-46.81158177,-23.90939501],[-46.81161517,-23.909344379999997],[-46.81164734000001,-23.909310340000005],[-46.811691530000004,-23.90926277999999],[-46.81173024,-23.909228239999997],[-46.81176569000001,-23.909194209999995],[-46.8117875,-23.90916768],[-46.81181151,-23.90913964],[-46.8118317,-23.909112599999997],[-46.81184534,-23.90909257],[-46.81185585,-23.909065110000004],[-46.81186133,-23.909042070000005],[-46.81186301,-23.90900449],[-46.81186088,-23.908965400000003],[-46.81185547,-23.908940839999996],[-46.81184079,-23.908911269999997],[-46.81181795,-23.908880670000006],[-46.81179456,-23.9088606],[-46.81176409,-23.908843530000002],[-46.81172691,-23.90883923000001],[-46.8116719,-23.908838670000005],[-46.81158312,-23.908835070000002],[-46.81152158,-23.908829999999995],[-46.81147639,-23.908819929999996],[-46.81144481,-23.908811369999995],[-46.8114214,-23.908800319999997],[-46.81140508,-23.90878779],[-46.8113893,-23.90876972],[-46.81137843,-23.908752170000003],[-46.81137245,-23.908738639999996],[-46.8113703,-23.90871809],[-46.8113725,-23.90870405999999],[-46.8113922,-23.908658520000003],[-46.8114734,-23.90852005],[-46.81151066,-23.90845081],[-46.81153835,-23.908403490000005],[-46.8115646,-23.908351510000003],[-46.81158754,-23.908302430000003],[-46.81160762,-23.90825072],[-46.81162295,-23.908188470000002],[-46.81163925,-23.908110440000005],[-46.81165365,-23.908029779999996],[-46.81166133,-23.90797979999999],[-46.81165815,-23.907941779999994],[-46.81165055,-23.90792172],[-46.81162444000001,-23.907897649999995],[-46.81159667,-23.907883589999997],[-46.81153896,-23.907865489999992],[-46.81146322,-23.907845880000004],[-46.81140364,-23.907826059999994],[-46.81136657,-23.90778392],[-46.81135954,-23.90772574],[-46.81136722,-23.907682159999997],[-46.81137469,-23.907631709999993],[-46.81138048,-23.907577829999997],[-46.81138537,-23.907543169999997],[-46.8113868,-23.907431060000008],[-46.81136035,-23.907358939999998],[-46.81129912,-23.907282609999992],[-46.81120904,-23.907223540000004],[-46.81110825,-23.907161779999996],[-46.81110733,-23.907161239999997],[-46.81110598,-23.9071605],[-46.81110477,-23.90715988],[-46.81110282000001,-23.90715899],[-46.81110083,-23.90715818],[-46.8110988,-23.907157470000005],[-46.81109672,-23.90715685],[-46.81109462,-23.907156339999997],[-46.81109279,-23.907155969999994],[-46.81102762,-23.907144579999997],[-46.8109213,-23.907137559999992],[-46.81087486,-23.90713603999999],[-46.81083721,-23.907126489999996],[-46.81081249000001,-23.907115719999993],[-46.81079414,-23.907092649999992],[-46.81077744,-23.90706103],[-46.81077172,-23.907040289999998],[-46.81077065,-23.90702066],[-46.8107754,-23.906993029999995],[-46.81078205,-23.906969649999997],[-46.81079853,-23.906938249999993],[-46.81081966,-23.906905120000005],[-46.81086722,-23.906848489999998],[-46.81093999,-23.90676552],[-46.81098663,-23.906710029999996],[-46.81102593,-23.906664830000004],[-46.81104123,-23.906639120000005],[-46.811053990000005,-23.906607179999998],[-46.81106216,-23.90658123],[-46.81106935,-23.906547049999997],[-46.81107213,-23.906503489999995],[-46.81107088000001,-23.90645853],[-46.81106588,-23.906408769999995],[-46.8110478,-23.90634798],[-46.81102835,-23.906311100000003],[-46.81100922,-23.906277069999994],[-46.81099774,-23.906261899999993],[-46.81099422,-23.906257240000002],[-46.8109658,-23.906222130000003],[-46.81090331,-23.90614027],[-46.81081581,-23.906024989999988],[-46.81077948,-23.90596402],[-46.81076333,-23.905913760000004],[-46.81073434,-23.905799250000005],[-46.81071696,-23.905749269999994],[-46.81069639,-23.905687359999998],[-46.81067933,-23.905638230000005],[-46.81066863,-23.90561496000001],[-46.81065455,-23.905592280000004],[-46.81064491000001,-23.9055875],[-46.81062692,-23.90558107],[-46.8105972,-23.90558011],[-46.81048341,-23.905596169999992],[-46.81036657,-23.905618790000002],[-46.8102704,-23.905633030000008],[-46.81021189,-23.90563110999999],[-46.81016504,-23.90561518],[-46.81013801,-23.90560024999999],[-46.81009193,-23.90556411],[-46.81001565,-23.90550139999999],[-46.80990895,-23.905428060000002],[-46.80970687,-23.905274639999995],[-46.8096898,-23.90525914],[-46.80968042,-23.905248420000003],[-46.80967713,-23.90524064],[-46.80967586,-23.905230619999998],[-46.809677,-23.90522281],[-46.80969458,-23.90519522],[-46.80978547,-23.905079149999995],[-46.80979078,-23.905071560000003],[-46.809797190000005,-23.905061789999994],[-46.80980297,-23.905051709999995],[-46.80980811,-23.905041330000003],[-46.80981259,-23.90503069],[-46.80981502,-23.905022980000002],[-46.80981651,-23.905017179999994],[-46.8098174,-23.905011269999996],[-46.80981767,-23.905005309999996],[-46.80981745,-23.905001690000002],[-46.80981685,-23.90499811],[-46.80981589000001,-23.904994590000005],[-46.80981383,-23.90498902],[-46.80981139,-23.904983569999995],[-46.80980856,-23.904978290000003],[-46.809802000000005,-23.904967659999997],[-46.80979481,-23.904957369999995],[-46.80978702,-23.904947459999992],[-46.80978521,-23.904945519999988],[-46.80978321,-23.904943739999997],[-46.80977622,-23.904938119999994],[-46.80977467,-23.904937060000005],[-46.80977297,-23.904936229999997],[-46.80976971,-23.90493489],[-46.809764630000004,-23.90493312],[-46.80975938,-23.904931859999998],[-46.809754,-23.90493114],[-46.80974967,-23.90493108],[-46.80974539,-23.904931589999997],[-46.80973858,-23.90493315999999],[-46.80973193,-23.904935250000005],[-46.80972549,-23.904937819999997],[-46.8097193,-23.90494088],[-46.80968321,-23.90496053],[-46.80959468,-23.905011219999995],[-46.80957372,-23.905018400000003],[-46.80954588,-23.905022279999997],[-46.80952768,-23.90502154],[-46.80947396,-23.905013649999997],[-46.80945954,-23.90500761],[-46.80944178,-23.90499802],[-46.80941622,-23.90497879000001],[-46.80940229,-23.90496155],[-46.80939277,-23.904943259999996],[-46.80937245,-23.90488105],[-46.80936167,-23.904834269999995],[-46.80934559,-23.90472947],[-46.80932901,-23.904633329999996],[-46.80931106,-23.904542099999997],[-46.80929418,-23.90446646],[-46.80927839,-23.90441308],[-46.8092637,-23.904382850000005],[-46.80924318,-23.904350880000006],[-46.80922564,-23.90433048],[-46.80920617,-23.90431364],[-46.80917216,-23.904290640000003],[-46.80913913,-23.904273860000004],[-46.80910131,-23.904262460000005],[-46.80908097,-23.904261669999986],[-46.80904706,-23.904260049999994],[-46.8090006,-23.904262940000002],[-46.80889996,-23.90427499999999],[-46.80886125,-23.90427785],[-46.80883509,-23.904277979999996],[-46.80881377,-23.904274510000004],[-46.80879339,-23.904265699999993],[-46.80878558,-23.904255049999996],[-46.80878161,-23.904237250000005],[-46.80878116,-23.90422216],[-46.80879347,-23.90417132],[-46.80882376,-23.904046460000004],[-46.80885302,-23.903912679999994],[-46.80885764,-23.90387257],[-46.80886137,-23.90384672],[-46.8088612,-23.903816429999996],[-46.80885421,-23.90377815],[-46.80884045,-23.903742579999992],[-46.80882619,-23.903719610000003],[-46.80878819,-23.903677919999996],[-46.80872969,-23.903606029999995],[-46.80869557,-23.903565210000004],[-46.80868091,-23.90354032999999],[-46.80867888,-23.903524309999998],[-46.80867785,-23.903512729999992],[-46.80868162,-23.903495779999997],[-46.80870271,-23.903455599999997],[-46.80874108,-23.903391269999997],[-46.80875636,-23.903352890000004],[-46.80876199,-23.90332168],[-46.80875996,-23.90330564999999],[-46.80875312,-23.903293219999995],[-46.80874338,-23.90328436],[-46.80873175,-23.90328173],[-46.80865914,-23.903284749999997],[-46.80856233,-23.903288769999996],[-46.80850328,-23.903290829999996],[-46.80843741,-23.90328847],[-46.80840541,-23.903279719999993],[-46.80838405,-23.903269129999995],[-46.80837095,-23.903257809999996],[-46.80835867,-23.903234499999996],[-46.80835855000001,-23.90321223],[-46.80838819,-23.903043590000003],[-46.80843732000001,-23.90273933],[-46.80845527,-23.902616080000005],[-46.80845679,-23.902583339999996],[-46.80845327,-23.902561529999993],[-46.80843964,-23.902547560000002],[-46.80840903,-23.90252899],[-46.8083564,-23.902510529999997],[-46.80826644,-23.902484460000004],[-46.80819678,-23.90245204],[-46.80813559,-23.902419600000005],[-46.808072620000004,-23.90237],[-46.80800614000001,-23.902300159999996],[-46.80791911,-23.902192989999996],[-46.80787126,-23.90211994],[-46.80784378,-23.90205303],[-46.80781291,-23.901989260000004],[-46.80779057,-23.901933230000004],[-46.8077783,-23.90191016],[-46.80776827,-23.901895959999994],[-46.80775382,-23.90188432],[-46.80773438,-23.901872699999995],[-46.80771885,-23.901866159999997],[-46.80769391,-23.90186016],[-46.8076618,-23.901856239999997],[-46.8075586,-23.901855710000003],[-46.8074889,-23.901857819999996],[-46.80741722,-23.90185459],[-46.80738038,-23.901847630000002],[-46.80734061,-23.901833560000004],[-46.80729691,-23.901812389999993],[-46.80725514,-23.90178853999999],[-46.80722208,-23.901748180000002],[-46.80720926,-23.901722830000004],[-46.80719148,-23.901659659999996],[-46.80716291,-23.901572479999995],[-46.80714287,-23.901494289999988],[-46.80710252,-23.90137866],[-46.80707216,-23.90131644999999],[-46.80704289,-23.901279169999995],[-46.80701857,-23.901257899999994],[-46.80698554,-23.90123846],[-46.8069409,-23.90122263],[-46.80686431,-23.90120606],[-46.80680613,-23.901191189999995],[-46.80677507,-23.90117708],[-46.80674883,-23.901159389999997],[-46.80673034,-23.901142550000003],[-46.80671464,-23.901115739999998],[-46.80670589,-23.901064330000008],[-46.80670379,-23.900992619999997],[-46.80670358,-23.90095521],[-46.80671178,-23.90090684],[-46.80677535,-23.900758429999993],[-46.80682368,-23.900614759999993],[-46.80686201,-23.900496099999994],[-46.80687869,-23.900449250000005],[-46.80690555,-23.900403899999997],[-46.80693403,-23.90034452],[-46.80696078,-23.900280479999996],[-46.807000480000006,-23.900164820000004],[-46.8070137,-23.90010396],[-46.807015150000005,-23.90006029],[-46.80699965,-23.90001516],[-46.80696163,-23.899881259999997],[-46.80692895000001,-23.89979722],[-46.80690671,-23.899758349999995],[-46.80687945,-23.89973196999999],[-46.8068165,-23.89968706],[-46.80671531,-23.899633700000003],[-46.80661915,-23.89957892],[-46.80655404,-23.899536460000004],[-46.80652388000001,-23.899512560000005],[-46.80649467,-23.89948419],[-46.80647348,-23.899461589999994],[-46.80646926,-23.899440649999995],[-46.80646417,-23.899396130000003],[-46.80645608,-23.89933558],[-46.80644502,-23.89926169],[-46.80643759,-23.899224939999993],[-46.80641991,-23.89918225],[-46.80638188,-23.899132539999997],[-46.80632833,-23.899081129999995],[-46.80626996,-23.899032399999996],[-46.80623981,-23.89900759999999],[-46.80617761,-23.898966019999992],[-46.80607454,-23.898891670000005],[-46.8060151,-23.89885743],[-46.80596942,-23.89882556999999],[-46.80592953,-23.89879101],[-46.80589253,-23.898754659999994],[-46.80585937,-23.89871295],[-46.80580473,-23.898638359999996],[-46.80575302,-23.89856734],[-46.80571142,-23.898508959999997],[-46.80568316,-23.89847523999999],[-46.80564714,-23.898442439999997],[-46.80561596,-23.89840785],[-46.80559254,-23.89837499],[-46.80557977,-23.898342979999995],[-46.80557188,-23.898316290000004],[-46.80556881,-23.8982878],[-46.80556867000001,-23.89826196],[-46.80557892000001,-23.89818975],[-46.80560085,-23.898083629999995],[-46.80560919,-23.898017669999998],[-46.80560608,-23.89798026],[-46.80558833,-23.89792333],[-46.80556377,-23.897860190000003],[-46.80554278,-23.897835189999995],[-46.80551663000001,-23.897817570000004],[-46.80547905,-23.89780624],[-46.80545192,-23.897802529999993],[-46.80541935,-23.897804260000004],[-46.80539464,-23.897813529999993],[-46.80537254,-23.897819240000008],[-46.805358700000006,-23.89781879],[-46.80534059,-23.897815890000004],[-46.80533375,-23.897808220000005],[-46.80533146,-23.897795499999994],[-46.80533192,-23.89777667],[-46.80533451,-23.897746620000003],[-46.80534209,-23.897715529999992],[-46.80535573,-23.897681859999995],[-46.80538894,-23.897640539999998],[-46.80542939,-23.89760115],[-46.80545538,-23.897573409999996],[-46.80546206,-23.897555559999997],[-46.80546481,-23.897527039999993],[-46.80546079,-23.897502109999998],[-46.80544902,-23.89747454999999],[-46.80542936,-23.897455260000005],[-46.80539531,-23.897426909999993],[-46.80532435,-23.897376469999998],[-46.80526893,-23.89733663999999],[-46.80524072,-23.897310929999996],[-46.80521342,-23.89727810999999],[-46.805197760000006,-23.897247889999992],[-46.80518299,-23.897204299999988],[-46.80517601,-23.89716781],[-46.80517392,-23.89714109],[-46.80517877,-23.89711437],[-46.80519124,-23.89709293],[-46.80520954,-23.897076799999997],[-46.80523948,-23.897062410000004],[-46.805314890000005,-23.897041559999995],[-46.8053439,-23.897033409999988],[-46.80536515,-23.89702528999999],[-46.80537478000001,-23.897015439999993],[-46.8053805,-23.896999379999997],[-46.8053821,-23.896939689999993],[-46.80537488,-23.896858649999995],[-46.80536699,-23.896834629999997],[-46.80534361,-23.896808019999998],[-46.80530278,-23.896779700000003],[-46.80523287,-23.89674439],[-46.80515911,-23.896714449999997],[-46.80511059,-23.89669508],[-46.80506882,-23.896671219999998],[-46.8050416,-23.896651749999993],[-46.80502211,-23.896629570000005],[-46.80500452,-23.896601139999998],[-46.80499177,-23.89657002],[-46.80497943,-23.896496299999995],[-46.80497426,-23.896437519999996],[-46.80496584,-23.896315509999994],[-46.80495333,-23.896253979999994],[-46.80493666,-23.896215760000008],[-46.80489748,-23.896135759999993],[-46.80487625,-23.896065170000004],[-46.80487473,-23.896027070000002],[-46.80488223,-23.895983379999997],[-46.80488887,-23.8959584],[-46.80489842,-23.895934299999997],[-46.80491573,-23.89591284000001],[-46.80495624,-23.89588502999999],[-46.80502961,-23.89584549],[-46.80510591,-23.89580949],[-46.80516187,-23.8957727],[-46.80520814,-23.89573596],[-46.80524185,-23.89570283999999],[-46.80526484,-23.895659079999998],[-46.80527047,-23.89562787],[-46.8052674,-23.895595809999996],[-46.80525425,-23.89557479999999],[-46.80523534000001,-23.89555503],[-46.80521201,-23.89553988],[-46.805161,-23.8955223],[-46.80501303,-23.895477170000007],[-46.80485563,-23.89543159],[-46.80475969,-23.89540066],[-46.80469275,-23.89537781],[-46.80466363,-23.895363690000003],[-46.80464126,-23.895345979999995],[-46.80462563,-23.895321999999993],[-46.80462067,-23.895298859999997],[-46.804620490000005,-23.895266790000004],[-46.80463343,-23.895157149999996],[-46.8046508,-23.894972650000007],[-46.80465149,-23.89492187],[-46.80464456,-23.894895170000005],[-46.80462958,-23.89487575999999],[-46.80461693,-23.894864229999996],[-46.80459265,-23.89485098],[-46.80457031,-23.894837720000005],[-46.80455376,-23.89482266],[-46.80452938,-23.894791589999997],[-46.80450884,-23.894754269999996],[-46.80450486,-23.894734690000003],[-46.80450472,-23.894710630000002],[-46.80451131,-23.89467675],[-46.80454475,-23.89459641],[-46.80458728,-23.894494429999998],[-46.804615,-23.894430150000005],[-46.80463518,-23.89440155],[-46.80467085,-23.894373759999997],[-46.80471526,-23.894351280000002],[-46.80476546,-23.894323419999992],[-46.80480016,-23.894295649999993],[-46.80482325,-23.894267029999998],[-46.80484243,-23.894233979999996],[-46.80486498,-23.894175400000005],[-46.80487982,-23.89410206],[-46.80489466,-23.894028709999994],[-46.80493091,-23.89384301999999],[-46.80498429,-23.893525689999997],[-46.80500367,-23.89335542999999],[-46.80500296,-23.893283930000003],[-46.80499093,-23.893208259999998],[-46.80496914,-23.893121949999998],[-46.80494561,-23.893068599999992],[-46.80492217,-23.893033069999998],[-46.80490368,-23.893017130000004],[-46.80487552,-23.893002999999997],[-46.80483094,-23.89299431],[-46.80475254,-23.893000020000002],[-46.80467226,-23.893014649999994],[-46.80463644,-23.893016599999992],[-46.80458609,-23.89301684],[-46.80452988,-23.893007300000004],[-46.80446686,-23.892991560000002],[-46.80443733,-23.892985979999995],[-46.80441132,-23.892986609999998],[-46.80438699,-23.89298774],[-46.804366,-23.89299446],[-46.80434061,-23.8930068],[-46.80431025,-23.89301814],[-46.80428316,-23.893023870000004],[-46.80426049,-23.89302449],[-46.80423278,-23.893016970000005],[-46.80420946,-23.893002319999994],[-46.80418498,-23.89297851],[-46.80417272,-23.892961260000003],[-46.804164580000005,-23.89293451],[-46.80416137,-23.892911430000005],[-46.80416502,-23.89286965999999],[-46.8041757,-23.89281809],[-46.80418901,-23.892773489999996],[-46.80421764,-23.892698519999996],[-46.80428084,-23.89257083],[-46.80437669,-23.89239487],[-46.80443533,-23.89229787],[-46.80447382,-23.892254930000004],[-46.80453552,-23.892206540000004],[-46.80464454,-23.89213564],[-46.80475267,-23.892078999999995],[-46.8048009,-23.892044920000004],[-46.80484427,-23.892008200000003],[-46.80491643,-23.891926790000003],[-46.80496862,-23.891878420000005],[-46.8050206,-23.89182204],[-46.80507059,-23.891758560000003],[-46.80516192,-23.89163875],[-46.80522148,-23.891555610000008],[-46.80528307,-23.89148583],[-46.805345640000006,-23.891420499999995],[-46.80537739,-23.89138383],[-46.80540439,-23.8913641],[-46.80544593,-23.891347880000005],[-46.80548562,-23.8913459],[-46.805528280000004,-23.891354610000004],[-46.80558555,-23.89138196],[-46.80567106,-23.89143591],[-46.80575168,-23.89148274],[-46.80581385,-23.891518979999997],[-46.80586535,-23.891550809999988],[-46.80592952,-23.89159862],[-46.80602295,-23.891683700000005],[-46.80609203,-23.891744839999998],[-46.80613382,-23.89177405],[-46.80618046,-23.891802330000004],[-46.80620274,-23.89180401],[-46.8062211,-23.891796799999998],[-46.80623552,-23.891778919999997],[-46.8062538,-23.891711210000004],[-46.80625898,-23.891644280000005],[-46.80625772,-23.891592609999996],[-46.80626048,-23.891566770000004],[-46.80626999,-23.89153554],[-46.80629395,-23.891489989999997],[-46.80630825,-23.891449829999996],[-46.8063185,-23.891379399999995],[-46.80634572,-23.89120327],[-46.80637048,-23.89108465999999],[-46.80640854,-23.89092077999999],[-46.80643018,-23.89085052],[-46.80645703,-23.89080519],[-46.80650423,-23.89075975],[-46.80657343,-23.890711090000003],[-46.80663757,-23.89066714000001],[-46.80666791,-23.890637369999997],[-46.80668132,-23.89061236],[-46.80668279,-23.890571819999995],[-46.80668234,-23.890490749999998],[-46.80667889,-23.890464249999997],[-46.80667878,-23.890444650000003],[-46.80668548,-23.89042947],[-46.80670572,-23.89041333999999],[-46.80673667,-23.890406960000007],[-46.80678317,-23.8904112],[-46.8068452,-23.890423379999998],[-46.80700014,-23.890457859999998],[-46.80704683,-23.890464299999994],[-46.80708361,-23.89046234],[-46.80712034,-23.890451480000003],[-46.8071734,-23.890416479999995],[-46.80727261,-23.890324250000003],[-46.80729376,-23.89029564],[-46.807303270000006,-23.890264419999998],[-46.80730882,-23.89021895999999],[-46.80730567,-23.89017443],[-46.80729188,-23.890132620000003],[-46.80727134,-23.8900962],[-46.80724863,-23.8900696],[-46.80723723,-23.89005626],[-46.80719329,-23.890022780000002],[-46.80713502,-23.889990089999998],[-46.80705731,-23.88994591000001],[-46.80697094000001,-23.88991069],[-46.8068826,-23.889870130000006],[-46.80681366,-23.88983481],[-46.80678158,-23.889810910000005],[-46.80676209,-23.889788720000002],[-46.806751320000004,-23.889766499999997],[-46.80674535,-23.889738919999992],[-46.80674618,-23.889713070000003],[-46.80674989,-23.889666900000005],[-46.80676579,-23.88956794],[-46.8067921,-23.88942258999999],[-46.80679867,-23.889385149999995],[-46.80679853,-23.8893602],[-46.80679255,-23.889329050000004],[-46.80677965,-23.88930319],[-46.80675417,-23.889249849999995],[-46.80674233,-23.889210709999993],[-46.80673637,-23.889183120000002],[-46.8067361,-23.88913501],[-46.80673958,-23.88906461],[-46.80674711,-23.889023609999995],[-46.80677114,-23.88898500000001],[-46.80686191,-23.88885361],[-46.80692747,-23.88876131],[-46.80695432,-23.888714420000003],[-46.806974350000004,-23.888659749999995],[-46.80698937,-23.888619149999993],[-46.80701117,-23.88857852000001],[-46.80704148000001,-23.888544060000005],[-46.80709717,-23.88850327],[-46.80713435,-23.888481739999992],[-46.80718447,-23.888439630000004],[-46.80721042,-23.888405649999992],[-46.80723247,-23.888365460000003],[-46.80724579,-23.888323529999997],[-46.80725322,-23.88826648],[-46.80725642,-23.888146189999997],[-46.80725959,-23.888018769999995],[-46.80726313,-23.887826080000004],[-46.8072606,-23.887785750000003],[-46.80725551,-23.887766429999996],[-46.8072477,-23.887754759999996],[-46.80723767,-23.887743609999998],[-46.80722214,-23.887734519999995],[-46.80719941000001,-23.887727999999996],[-46.80718392,-23.887728079999995],[-46.80716733,-23.887728149999997],[-46.80714689,-23.887735369999994],[-46.80711711,-23.887752819999996],[-46.80707858,-23.887787629999995],[-46.80704562,-23.88783054],[-46.8070209,-23.887860699999997],[-46.80698951,-23.887887319999997],[-46.80695376,-23.887900429999995],[-46.80693255,-23.887917460000004],[-46.80691908,-23.88793445],[-46.80690379,-23.88796838],[-46.80687518,-23.8880478],[-46.80685412,-23.888090659999996],[-46.80682914,-23.888126419999995],[-46.80680215,-23.88814793],[-46.80676639,-23.888159669999997],[-46.80671606,-23.8881617],[-46.80667535,-23.888153869999993],[-46.80664236,-23.88814155],[-46.80661902,-23.888123839999988],[-46.80659651,-23.888080300000002],[-46.80658663,-23.888043819999996],[-46.806586360000004,-23.887995709999995],[-46.80659859,-23.88793062],[-46.80662892,-23.88781466],[-46.80665754,-23.88765709],[-46.80666894,-23.887575959999996],[-46.80668049,-23.88751978000001],[-46.80669715,-23.887468250000005],[-46.80671728,-23.887432289999996],[-46.80676108,-23.887386870000004],[-46.80680252,-23.887352609999994],[-46.80684694,-23.887330130000002],[-46.80687014,-23.887323780000003],[-46.80690306,-23.887324509999992],[-46.80697473,-23.88732774],[-46.80706866,-23.88733086],[-46.80715287,-23.88732600999999],[-46.80721285,-23.887315919999995],[-46.80728149,-23.887297789999998],[-46.80736652,-23.887267989999998],[-46.80742355,-23.887249010000005],[-46.80746219,-23.88723368],[-46.80749016,-23.887213949999996],[-46.80751806,-23.887182639999992],[-46.80754091,-23.88715034],[-46.80755185,-23.88712686999999],[-46.80756823,-23.887088609999992],[-46.80758398,-23.8870361],[-46.80759265,-23.88700296],[-46.80759856,-23.88697189],[-46.8076006,-23.88694032],[-46.8076005,-23.88692351],[-46.80758169,-23.886875530000005],[-46.80756312,-23.88684265],[-46.80752992000001,-23.8867938],[-46.80748312,-23.886734339999997],[-46.80741685,-23.886657150000005],[-46.80737496,-23.886611899999988],[-46.8073472,-23.88658638],[-46.80733581,-23.886572730000008],[-46.80733476,-23.886559359999996],[-46.80702178000001,-23.886646850000005],[-46.80691907,-23.886683079999994],[-46.80682549,-23.886717170000004],[-46.80670236,-23.88678294],[-46.80608716,-23.887198010000002],[-46.80555131,-23.887486529999993],[-46.80547146,-23.88752266],[-46.80537552,-23.887544139999996],[-46.80524295,-23.887557380000004],[-46.80514457,-23.887551529999993],[-46.80505766,-23.887551939999998],[-46.80496619,-23.887554469999998],[-46.80468243,-23.887524259999996],[-46.80448792,-23.887504149999994],[-46.80433683,-23.887477509999993],[-46.80421088,-23.887448659999993],[-46.80416056,-23.887448899999995],[-46.80391167,-23.887521569999997],[-46.80382982,-23.887535829999997],[-46.80382485,-23.88753669],[-46.80374709,-23.88753706],[-46.80366015,-23.887531160000005],[-46.803591540000006,-23.887531479999996],[-46.80353211,-23.887535960000005],[-46.80345672000001,-23.88755313999999],[-46.8034042,-23.887565999999996],[-46.80329459,-23.88759806],[-46.80313478,-23.88764928],[-46.80295675,-23.88771321],[-46.80275513,-23.88781472],[-46.8026785,-23.887853299999996],[-46.80248464000001,-23.887950949999997],[-46.80232731,-23.888037909999998],[-46.80225667,-23.8880845],[-46.8021634,-23.888175370000003],[-46.80197927,-23.88837811],[-46.80191788,-23.88844359],[-46.80182447,-23.888507110000003],[-46.80177667,-23.888549400000002],[-46.80152911,-23.888863889999996],[-46.80141112,-23.889034779999992],[-46.80127951,-23.889222560000004],[-46.80125466,-23.889277350000004],[-46.8012503,-23.889315219999997],[-46.801184830000004,-23.889471150000002],[-46.80111285,-23.889690189999992],[-46.80103864,-23.88991765],[-46.80095806,-23.89023558],[-46.80092486,-23.890435509999996],[-46.80092731,-23.890464950000002],[-46.80095755,-23.890559439999997],[-46.80096013,-23.890609889999997],[-46.80094917,-23.89069616999999],[-46.80094511,-23.890788709999995],[-46.80094534,-23.890832870000004],[-46.80096643000001,-23.8909232],[-46.80097832,-23.89100515999999],[-46.80096744000001,-23.891106160000003],[-46.80097352,-23.89137739999999],[-46.80098491,-23.892197499999995],[-46.80099477000001,-23.892740009999994],[-46.80099738,-23.892798880000004],[-46.8009725,-23.892849480000002],[-46.80080681,-23.893079469999996],[-46.80070678,-23.89318929],[-46.80060891,-23.893275969999994],[-46.80048137,-23.8933733],[-46.8003447,-23.893474879999992],[-46.80024897,-23.8935342],[-46.80007112,-23.89363598],[-46.79998675,-23.893680529999994],[-46.79982699,-23.893742270000004],[-46.79976761,-23.893759369999998],[-46.79962594,-23.89378316],[-46.79954821,-23.893789830000003],[-46.79936298,-23.8937949],[-46.7992532,-23.89379541],[-46.7991754,-23.893789469999998],[-46.79908155,-23.89377517999999],[-46.79874955,-23.89371154],[-46.79847928,-23.893641300000006],[-46.79830743,-23.89358532],[-46.79813729,-23.893516739999995],[-46.79785356,-23.893402369999997],[-46.79733986,-23.89315241],[-46.79722299,-23.893110890000003],[-46.797099360000004,-23.893090439999995],[-46.79699183,-23.893082519999997],[-46.79669912000001,-23.893092299999996],[-46.79653218,-23.89309727],[-46.79643621,-23.893112439999996],[-46.79638137,-23.89312322],[-46.79616458,-23.893210439999997],[-46.79578147,-23.89341829999999],[-46.7952662,-23.89371722],[-46.79520685,-23.89373850999999],[-46.79513373,-23.893751480000002],[-46.79501942,-23.893766320000005],[-46.79479776000001,-23.893795090000005],[-46.79457602,-23.893817149999997],[-46.79447772,-23.893826009999994],[-46.79424463,-23.893862849999998],[-46.79362305,-23.893962459999997],[-46.79360821,-23.893964559999997],[-46.79306998,-23.89404072],[-46.7924644,-23.894136049999993],[-46.79183721,-23.894227219999994],[-46.79147257,-23.894279409999996],[-46.79138651,-23.89429172],[-46.79098344,-23.894329810000006],[-46.79085371,-23.894347259999993],[-46.79070203,-23.89436765],[-46.79052558,-23.8944031],[-46.79027279,-23.89443649],[-46.78990073,-23.894472319999995],[-46.78971948,-23.894492420000002],[-46.78953828000001,-23.89453445],[-46.78947391,-23.894554319999997],[-46.78942623,-23.89456536999999],[-46.78935467,-23.894569909999994],[-46.78923774,-23.894554780000004],[-46.78918764,-23.894550490000004],[-46.78875835,-23.89460178],[-46.78852466,-23.89463952999999],[-46.78844124,-23.894670399999992],[-46.78835786,-23.894721009999998],[-46.78824594,-23.894806770000002],[-46.78818159,-23.89483322],[-46.78809334,-23.894842159999993],[-46.78794305,-23.89484246],[-46.78783566,-23.89482073],[-46.78754447000001,-23.894753309999995],[-46.78667303,-23.894447939999996],[-46.78637469,-23.894384909999992],[-46.78587356,-23.89431351],[-46.7856445,-23.894289820000004],[-46.7853676,-23.894215789999997],[-46.78507167,-23.894161519999997],[-46.78473284,-23.894124899999998],[-46.78443939,-23.8941123],[-46.78413158,-23.894082190000002],[-46.78398537,-23.89407189],[-46.78382857,-23.89406084],[-46.78326775,-23.893963220000003],[-46.78203407,-23.89380767],[-46.7810438,-23.893688929999996],[-46.78026356,-23.893613649999995],[-46.78006486,-23.893586060000004],[-46.77920404,-23.89346652],[-46.779204,-23.89346651],[-46.77827105,-23.893356420000007],[-46.77802143,-23.893335479999998],[-46.77773421,-23.89331138],[-46.77721780000001,-23.89327342],[-46.77697787,-23.893255780000008],[-46.77686564,-23.89320772999999],[-46.77682979,-23.89317709],[-46.77680587,-23.893148629999995],[-46.77676514,-23.893067549999998],[-46.77666861,-23.892838619999996],[-46.77666442,-23.892828659999996],[-46.77664834,-23.89276726],[-46.77661987,-23.892661919999995],[-46.77626239,-23.866276029999998],[-46.77611997,-23.855753390000004],[-46.77611778,-23.8557071],[-46.77624426,-23.855722000000004],[-46.7762747,-23.8557025],[-46.77628396,-23.855696569999996],[-46.77633568,-23.85563108],[-46.7765026,-23.855478359999996],[-46.776582260000005,-23.85534366],[-46.77686489,-23.85492873],[-46.7773858,-23.854350309999997],[-46.77779631,-23.853934480000007],[-46.77783103000001,-23.85389931],[-46.77824053,-23.853470100000006],[-46.77846125,-23.853202269999993],[-46.77863033,-23.85299708999999],[-46.77872205,-23.852804079999995],[-46.77875816,-23.852667609999997],[-46.77877544,-23.852602300000004],[-46.77885027,-23.852319510000004],[-46.77899447,-23.851783930000003],[-46.77901106,-23.851528769999998],[-46.77905553,-23.85121898999999],[-46.77912871,-23.85057022999999],[-46.77915299,-23.850398939999994],[-46.77955071,-23.848522339999995],[-46.77956283000001,-23.84844216],[-46.77951663,-23.848289699999995],[-46.7789362,-23.846373720000003],[-46.77889524,-23.846238540000005],[-46.77889938,-23.846172929999998],[-46.7789393,-23.846074590000004],[-46.77938634,-23.84497465],[-46.77942224,-23.844894529999998],[-46.7794383,-23.844821660000004],[-46.77945195,-23.844201920000003],[-46.77952357,-23.844103649999994],[-46.77998065,-23.843656319999997],[-46.78000054,-23.84362721],[-46.78002048,-23.843583510000002],[-46.78009311,-23.84313161],[-46.78021021000001,-23.842369930000004],[-46.78018554,-23.842311329999994],[-46.780094270000006,-23.841972500000004],[-46.78007524,-23.841744069999994],[-46.78011331,-23.841534679999995],[-46.78017993,-23.841296730000003],[-46.78022752,-23.841134930000003],[-46.78027511,-23.84087793999999],[-46.7803227,-23.84073517999999],[-46.78017993,-23.840478189999995],[-46.78003717,-23.84044964],[-46.77970404,-23.840430610000002],[-46.77948513,-23.840497230000004],[-46.77930429,-23.84056386],[-46.77904731,-23.840735179999996],[-46.77881888,-23.84094457],[-46.77871418,-23.841087340000005],[-46.77858094,-23.841287210000004],[-46.77851431,-23.841372869999997],[-46.77831444,-23.841477569999995],[-46.77812408,-23.841582259999996],[-46.77788613,-23.841715509999997],[-46.77771481,-23.841791659999988],[-46.77763867,-23.8418678],[-46.77752445,-23.84194394],[-46.77737217,-23.842001049999993],[-46.77719133,-23.842020090000002],[-46.77697242,-23.841991529999994],[-46.77682013,-23.841991530000005],[-46.77661074,-23.842029599999993],[-46.77639183,-23.842153340000003],[-46.77621099,-23.842239],[-46.77601112,-23.84234369],[-46.775896900000006,-23.84239128],[-46.77582076,-23.842495979999995],[-46.77582076,-23.842629230000004],[-46.77574462,-23.842810069999988],[-46.77565896,-23.842990910000008],[-46.77555426,-23.84312416],[-46.77545908,-23.843228849999996],[-46.77532583,-23.843352579999998],[-46.77516403,-23.843390649999996],[-46.77501174,-23.843390649999993],[-46.77480235,-23.84335258],[-46.77461199,-23.84330499],[-46.77441212,-23.84338114],[-46.77426935,-23.84348583],[-46.774040920000004,-23.843657150000002],[-46.77378394000001,-23.843761849999996],[-46.7736031,-23.843780889999998],[-46.7733366,-23.843828479999996],[-46.77320335,-23.843837990000004],[-46.77307962,-23.843799919999995],[-46.77293685,-23.84372378],[-46.77278457,-23.84364764],[-46.77265132000001,-23.84357148999999],[-46.77252759,-23.843514389999996],[-46.77228012,-23.84338114000001],[-46.7720041,-23.843362100000004],[-46.77175664,-23.843390649999996],[-46.77152821,-23.843419210000004],[-46.77131882,-23.843438239999994],[-46.77116653,-23.84348582999999],[-46.77099521,-23.84349535],[-46.77079534000001,-23.843457280000006],[-46.77063354,-23.843381139999998],[-46.77048125,-23.843304989999993],[-46.77030041,-23.84320982],[-46.77015764,-23.843143190000003],[-46.77003391,-23.843181259999998],[-46.76985307,-23.84323836999999],[-46.76961513,-23.843333549999997],[-46.76947236,-23.843381139999995],[-46.76934863,-23.843362100000004],[-46.76919634,-23.84330499],[-46.76903454,-23.84325741],[-46.76887273,-23.84322885],[-46.76861575,-23.843228849999992],[-46.76843491,-23.84325741],[-46.76829215,-23.843285959999992],[-46.76804468,-23.843362100000004],[-46.76783529000001,-23.84339064999999],[-46.76761638,-23.843409689999998],[-46.76740699,-23.843419209999993],[-46.76717856,-23.843343070000003],[-46.76703579000001,-23.843238370000005],[-46.76686447,-23.843152709999995],[-46.76675977,-23.84306705],[-46.76664556,-23.842971869999996],[-46.76644568,-23.842914759999992],[-46.76617918,-23.84285766],[-46.76596979,-23.84285766],[-46.76580799,-23.842819580000008],[-46.76560811,-23.842733920000004],[-46.76547486,-23.84264826],[-46.765360650000005,-23.842610189999995],[-46.76520836000001,-23.842610190000002],[-46.76507511,-23.84261018999999],[-46.76484669,-23.84260067],[-46.76462778,-23.84255308],[-46.76446597,-23.84249598],[-46.76434224,-23.8424008],[-46.76421851,-23.8422961],[-46.76418995,-23.842153339999992],[-46.76425658,-23.841953459999992],[-46.76431369,-23.841772619999997],[-46.76437079,-23.841582259999996],[-46.76437079,-23.841429980000004],[-46.76428513,-23.84128721],[-46.76415188000001,-23.841134930000006],[-46.76398056,-23.84103023],[-46.76379972,-23.840906499999992],[-46.7636284,-23.840820840000003],[-46.76352371,-23.840716139999994],[-46.763428530000006,-23.840563859999996],[-46.76328576,-23.840487709999998],[-46.76318106,-23.840421090000003],[-46.76307637,-23.840249769999993],[-46.76300022,-23.840087960000005],[-46.7629336,-23.839935680000004],[-46.76290505,-23.83975484],[-46.76287649,-23.83962159],[-46.76290505,-23.839393159999997],[-46.7629336,-23.839221839999993],[-46.76300974,-23.83901245],[-46.76305733,-23.83880305],[-46.76308589,-23.838622220000005],[-46.76310492,-23.83846992999999],[-46.76305733,-23.83827957],[-46.7630383,-23.838136799999994],[-46.76300022,-23.837917890000003],[-46.76295264,-23.837679950000002],[-46.7629336,-23.83748007],[-46.76290505,-23.83730875],[-46.76290505,-23.837108879999988],[-46.76286697,-23.836928039999997],[-46.76280035,-23.83676624],[-46.76269565,-23.836585399999997],[-46.76263855,-23.836471179999993],[-46.7625624,-23.836299860000004],[-46.76253385,-23.836166610000003],[-46.76256573,-23.835946269999997],[-46.76267483,-23.835639859999997],[-46.76275811,-23.835473299999993],[-46.76282355000001,-23.835282940000003],[-46.76283545,-23.835163969999996],[-46.76290088,-23.834985510000003],[-46.76295442,-23.83480704999999],[-46.76298416,-23.834705919999998],[-46.76306744,-23.83454531],[-46.76316857,-23.834462020000004],[-46.76329944,-23.834378740000002],[-46.76344221000001,-23.834313310000006],[-46.76364446,-23.83429546],[-46.76378723,-23.834277619999998],[-46.76396569,-23.83427762],[-46.76412036,-23.834283570000004],[-46.7643583,-23.83434305],[-46.76450702,-23.834349],[-46.76466763,-23.834396589999997],[-46.76481635,-23.834426330000007],[-46.76493532,-23.83449177],[-46.7650305,-23.834563149999994],[-46.76511378,-23.83465833],[-46.76520896000001,-23.834705919999998],[-46.76529819,-23.834723769999993],[-46.76538147,-23.834670229999993],[-46.76542906,-23.83462264],[-46.76551234,-23.83442633],[-46.76561942,-23.834265719999994],[-46.76564321,-23.83406941],[-46.76564321,-23.83395639],[-46.76564321,-23.833837419999995],[-46.76561942,-23.83367085],[-46.76561942,-23.833545929999996],[-46.76560752,-23.833409109999998],[-46.76558967,-23.833266349999995],[-46.76555993,-23.833117629999997],[-46.76555398,-23.833016500000003],[-46.76553613,-23.832903480000002],[-46.76548855,-23.83280235],[-46.76544691,-23.832725020000005],[-46.76537302,-23.832608840000002],[-46.76523694,-23.832628149999998],[-46.76513224,-23.83262815],[-46.76497996,-23.83262815000001],[-46.7647896,-23.832599599999998],[-46.764637310000005,-23.832561530000003],[-46.76439937,-23.832494900000004],[-46.76414239,-23.832456829999995],[-46.76393299,-23.832352139999998],[-46.76379023,-23.83223792],[-46.76371408,-23.83207612],[-46.76365698,-23.831876239999996],[-46.76355228,-23.831619259999993],[-46.76348565,-23.83140035],[-46.76342855,-23.831190959999997],[-46.76337144,-23.83096253],[-46.76327626,-23.83079121],[-46.76321915,-23.830581819999995],[-46.76311446,-23.830439050000003],[-46.76306687,-23.830220140000005],[-46.76306687,-23.83002026999999],[-46.76309542,-23.829848939999994],[-46.76309542,-23.82970617999999],[-46.76306687,-23.829468230000003],[-46.76306687,-23.82928739],[-46.76300976,-23.82913273],[-46.76297169,-23.82908752],[-46.76292648,-23.829035170000004],[-46.76289317,-23.828978059999997],[-46.76286699,-23.828897159999993],[-46.76284082,-23.82882816],[-46.76281227,-23.828740119999996],[-46.7627623,-23.828656829999996],[-46.76274326,-23.82856879],[-46.76270281,-23.828466479999996],[-46.76269567,-23.828385580000003],[-46.76267664,-23.828309430000004],[-46.76266474,-23.828192839999993],[-46.76266236,-23.828059589999995],[-46.76263857,-23.827895410000004],[-46.76263857,-23.827759779999997],[-46.76263857,-23.82764556],[-46.76264808,-23.827574180000003],[-46.7626695,-23.827471859999996],[-46.76267426,-23.82741],[-46.76269805,-23.82736717],[-46.7627504,-23.82733147],[-46.76276944,-23.827281509999995],[-46.76280751,-23.827200600000005],[-46.76286937,-23.827174430000003],[-46.76294314,-23.827169669999996],[-46.76297645,-23.827176810000008],[-46.7630288,-23.827141119999997],[-46.76305259,-23.82708401],[-46.76306449,-23.82701739],[-46.76307877,-23.826912689999993],[-46.76313825,-23.826796099999996],[-46.76324771000001,-23.826677120000003],[-46.76335954,-23.82661288],[-46.76349993,-23.82656053],[-46.76363556,-23.82656529000001],[-46.76372003,-23.826567670000003],[-46.76376643,-23.82656767],[-46.76380926,-23.82654981999999],[-46.76383781,-23.826510559999996],[-46.76387708,-23.82644275],[-46.763912770000005,-23.82637255],[-46.76394549,-23.826292239999994],[-46.76399307,-23.82624466],[-46.76404364,-23.826188139999996],[-46.76410907,-23.82612866],[-46.7642221,-23.826063220000005],[-46.76437081,-23.825968039999992],[-46.76447492,-23.8259264],[-46.76465635,-23.825825280000004],[-46.76468312,-23.82581634999999],[-46.76473963,-23.8258342],[-46.76479614,-23.825828249999997],[-46.76483183,-23.82579553],[-46.76487645,-23.825721169999998],[-46.76493594,-23.825652760000004],[-46.76498352000001,-23.82563194],[-46.76502517,-23.825605180000004],[-46.76507275,-23.825507019999993],[-46.7650906,-23.82539995],[-46.76511737,-23.825328559999992],[-46.76513819,-23.82523933],[-46.76518875,-23.825132259999997],[-46.76527203,-23.82512928],[-46.76537019,-23.825099539999997],[-46.765453470000004,-23.82505492],[-46.76549511,-23.825022210000004],[-46.7655427,-23.825007339999996],[-46.76563788,-23.824992459999994],[-46.76568249,-23.824956769999996],[-46.76572116,-23.82490322999999],[-46.76575388,-23.82485862],[-46.76579849000001,-23.824843749999996],[-46.76583716,-23.824814],[-46.76586393,-23.824772359999997],[-46.76590854,-23.824727749999997],[-46.76595316,-23.82470693],[-46.76603346,-23.824665289999995],[-46.766072130000005,-23.82457308],[-46.7660751,-23.824510619999998],[-46.76612269,-23.824433289999998],[-46.7661911,-23.824400569999998],[-46.76627141,-23.824367859999995],[-46.76636064,-23.824352979999993],[-46.76646177,-23.824314320000003],[-46.76655992,-23.824278629999995],[-46.76663725,-23.8242697],[-46.76672945,-23.824231039999997],[-46.76678894,-23.82417155],[-46.76682166,-23.82410610999999],[-46.76686032,-23.824034730000005],[-46.76693171000001,-23.823978219999997],[-46.76700607,-23.82397822],[-46.76707448,-23.82400796],[-46.76716965,-23.823987140000003],[-46.76722914,-23.823951449999996],[-46.76726186,-23.823820579999996],[-46.76732135,-23.823692679999997],[-46.76736596,-23.823627250000005],[-46.76744329,-23.82356181],[-46.76752955,-23.823540990000005],[-46.76766161,-23.82351303],[-46.76771872,-23.823445220000004],[-46.76781151,-23.823373839999988],[-46.76786505,-23.823273899999997],[-46.76789717,-23.823195379999994],[-46.76796856,-23.82298836],[-46.76801496,-23.82289913],[-46.76804708,-23.822820609999997],[-46.76810062,-23.822717099999995],[-46.76818985,-23.822527939999993],[-46.76823982,-23.82247797],[-46.76829336,-23.822370890000002],[-46.7683576,-23.82227452],[-46.76840757,-23.822192430000005],[-46.76846825,-23.82208893],[-46.7685432,-23.821985420000004],[-46.768636,-23.821921170000003],[-46.76872523,-23.821842649999997],[-46.7688323,-23.821753419999997],[-46.76896079,-23.821653489999996],[-46.76910356,-23.821524990000004],[-46.76914996,-23.821467890000008],[-46.76919993,-23.82138580000001],[-46.76926774,-23.82132155],[-46.76937482,-23.821260870000003],[-46.76946405,-23.82120376999999],[-46.76953543,-23.821171640000003],[-46.76962109,-23.821135949999995],[-46.76969962,-23.821093119999997],[-46.76975672,-23.82105386],[-46.76978885,-23.821018169999988],[-46.76985666,-23.82097890999999],[-46.76996374,-23.82095392],[-46.77005654,-23.820907519999995],[-46.77017075,-23.82084685],[-46.77026355,-23.820739769999992],[-46.77030995,-23.820668389999998],[-46.77033136,-23.820604139999997],[-46.77036706,-23.820525619999998],[-46.77039561,-23.820472079999995],[-46.77043844,-23.820414979999995],[-46.77049555,-23.820379279999997],[-46.77056693,-23.82035787],[-46.77067401,-23.820354300000005],[-46.770781080000006,-23.820365009999996],[-46.77087031,-23.820340020000003],[-46.7709988,-23.82031861],[-46.77103806,-23.82026863999999],[-46.77110588,-23.820250789999996],[-46.77116299,-23.82020795999999],[-46.77117726,-23.82015798999999],[-46.7712308,-23.820111589999993],[-46.7713236,-23.82007947],[-46.7714628,-23.820054490000004],[-46.77160556,-23.82001523],[-46.77174476,-23.819922429999995],[-46.7718911,-23.819797509999994],[-46.77200769,-23.81965057],[-46.77207313,-23.819594059999996],[-46.77211477,-23.819516729999997],[-46.77215641,-23.819403709999996],[-46.77219508,-23.819347190000002],[-46.77224564000001,-23.819290680000005],[-46.77231108,-23.81924309],[-46.77236164,-23.819189550000008],[-46.77244195000001,-23.819109249999997],[-46.77261148,-23.81893674],[-46.77271261,-23.81888617],[-46.77280184,-23.81883263],[-46.77297138,-23.818698789999992],[-46.7730725,-23.818591709999996],[-46.7732004,-23.81844597],[-46.77329522,-23.81827489],[-46.7733352,-23.818248240000003],[-46.77337898,-23.81821207],[-46.77343989,-23.81816448],[-46.77349319,-23.81811689],[-46.77353317,-23.818111180000006],[-46.77357124,-23.818105470000003],[-46.77360931,-23.81811688999999],[-46.77363025,-23.818141640000004],[-46.773677840000005,-23.81814735],[-46.77372352,-23.818126410000005],[-46.7737654,-23.81812831],[-46.77381299,-23.818149249999998],[-46.77384535,-23.818164479999997],[-46.773894840000004,-23.81815687],[-46.77391578,-23.8181226],[-46.77392721,-23.818073109999997],[-46.7739234,-23.81802742],[-46.77390627,-23.817979839999992],[-46.77385487000001,-23.817955089999995],[-46.77381870000001,-23.817911310000003],[-46.77381299,-23.817844679999993],[-46.77382441,-23.81778567],[-46.77387962,-23.817732369999998],[-46.77394243,-23.81766575000001],[-46.77403761,-23.81761435],[-46.77422785,-23.817555459999998],[-46.77432065,-23.81754832],[-46.77441821,-23.81754832],[-46.77451814,-23.817543560000004],[-46.77462046,-23.81755546],[-46.77464664,-23.817593529999996],[-46.7747323,-23.81764112],[-46.77480368,-23.81766729],[-46.77487744,-23.817698230000005],[-46.77498690000001,-23.81772439999999],[-46.77512729,-23.8177363],[-46.77531764,-23.81772678],[-46.77546041,-23.81768632999999],[-46.77557225,-23.81767776],[-46.77562935,-23.81767776],[-46.77569003,-23.81767062],[-46.7757864,-23.81762779],[-46.77584707,-23.81757783],[-46.77587563,-23.81753856],[-46.77589704,-23.81747432],[-46.77590775000001,-23.81739937],[-46.77598627,-23.817342259999997],[-46.77605409,-23.81732084],[-46.77611476,-23.81729586],[-46.77613261,-23.817253029999996],[-46.77616116,-23.817149520000005],[-46.77626824,-23.817088849999998],[-46.77635747,-23.817060289999993],[-46.77643599000001,-23.81700675],[-46.7765038,-23.81696748999999],[-46.77654663,-23.81690325],[-46.77656805,-23.816853280000004],[-46.77667513,-23.816831859999997],[-46.77679291,-23.81681045],[-46.77685002,-23.816814020000006],[-46.77694995,-23.81680331],[-46.77703918000001,-23.816796169999993],[-46.77714626,-23.816774759999998],[-46.7772462,-23.816717649999998],[-46.77725333,-23.816653410000004],[-46.77725333,-23.816557039999996],[-46.77722121000001,-23.816432119999998],[-46.77723549000001,-23.816328609999996],[-46.77728546,-23.81626436],[-46.77739253,-23.816242949999992],[-46.77746035,-23.81628221],[-46.77753887,-23.816303619999992],[-46.77756742,-23.816264359999998],[-46.77758527,-23.81623581],[-46.77766379,-23.816196549999994],[-46.77772447,-23.81617513],[-46.7778137,-23.816135870000004],[-46.7778708,-23.816096610000002],[-46.77792434,-23.816028799999998],[-46.777992160000004,-23.81596098],[-46.77813492,-23.815900310000004],[-46.77821345,-23.815850340000004],[-46.77828751,-23.815769140000004],[-46.77839458,-23.815697749999998],[-46.778467160000005,-23.815628750000002],[-46.77858137,-23.81557164],[-46.778717,-23.8155074],[-46.77888118,-23.81542887],[-46.7790525,-23.815328940000004],[-46.77918813,-23.815250419999998],[-46.77929521,-23.81517188999999],[-46.77944512,-23.815079089999994],[-46.77955933,-23.81500057],[-46.77965927000001,-23.81490776999999],[-46.77971637,-23.814822110000005],[-46.7797949,-23.81474359],[-46.77992339,-23.814672210000005],[-46.78000191,-23.81464365],[-46.78009471,-23.81460796],[-46.78023748,-23.81456512999999],[-46.78048732,-23.814450919999995],[-46.7806515,-23.81437239],[-46.78083710000001,-23.814286729999992],[-46.78101556,-23.81419393],[-46.78127968,-23.814101139999995],[-46.78148669,-23.81402261],[-46.78165088,-23.813979779999993],[-46.78177937,-23.813901259999994],[-46.78192927,-23.81383702],[-46.78203635,-23.813744219999997],[-46.78214342,-23.813665689999997],[-46.78225764,-23.813565759999996],[-46.78239327,-23.813465820000005],[-46.78250748,-23.813394439999996],[-46.782664530000005,-23.81333019],[-46.7828644,-23.813294499999998],[-46.78302858,-23.813294500000005],[-46.78317849,-23.813315910000004],[-46.78334267,-23.813287360000004],[-46.78352113,-23.813251669999993],[-46.78365676,-23.81317315],[-46.78380667,-23.813116040000008],[-46.783992270000006,-23.813073209999995],[-46.78419928,-23.81308035],[-46.78439773,-23.813064169999993],[-46.78462377,-23.813040369999992],[-46.78477844,-23.81296899],[-46.78500449,-23.812838119999995],[-46.785242430000004,-23.812766729999996],[-46.78544469,-23.812671559999995],[-46.78570643,-23.812612069999993],[-46.78595627,-23.812635859999997],[-46.78609904,-23.81274294],[-46.78634888,-23.812683449999994],[-46.78664632,-23.812612069999997],[-46.78691995,-23.81250499],[-46.78726498000001,-23.812314639999997],[-46.78783605,-23.81198151],[-46.78839522,-23.81176736],[-46.7889187,-23.811588899999997],[-46.78940649,-23.81143424],[-46.79001325,-23.811303369999994],[-46.79071519,-23.811243879999996],[-46.79133385,-23.811208189999995],[-46.79205959,-23.81120818999999],[-46.79270204,-23.811303369999994],[-46.79339209,-23.81137475],[-46.79387988,-23.81146993],[-46.79424869,-23.811588900000004],[-46.79480787,-23.81169598],[-46.79508626,-23.81172096],[-46.79520405,-23.811563919999994],[-46.79525402,-23.81152465999999],[-46.79527543,-23.811463979999996],[-46.79531469,-23.81140687],[-46.79539322,-23.8114033],[-46.79552171,-23.811452079999995],[-46.79577869,-23.811423529999995],[-46.79598808,-23.811418769999996],[-46.796202230000006,-23.811380699999997],[-46.79638307,-23.811318829999994],[-46.79648777,-23.811280759999992],[-46.79664957,-23.81120937999999],[-46.79681613,-23.811109439999992],[-46.79693511,-23.81106661],[-46.79720636,-23.810900049999997],[-46.79746811,-23.81075252],[-46.79766798,-23.810647819999996],[-46.79795827,-23.810476499999996],[-46.79822477,-23.810267109999998],[-46.79830092,-23.81023379999999],[-46.79842941,-23.81018145],[-46.79857693,-23.810114820000003],[-46.79869115,-23.810057720000003],[-46.79881488,-23.809981569999998],[-46.79889102,-23.80991495],[-46.79901000000001,-23.809838809999995],[-46.79910042000001,-23.80981501],[-46.79920035,-23.809786459999994],[-46.79930505,-23.809786459999994],[-46.79938595,-23.809734109999994],[-46.79944306,-23.80966273],[-46.79952872,-23.809591339999994],[-46.7996239,-23.809539],[-46.79968576,-23.80951996],[-46.79979046,-23.809458089999996],[-46.79982377,-23.80938194999999],[-46.79988564000001,-23.809310569999997],[-46.79989516,-23.809139249999998],[-46.79992371,-23.809115449999993],[-46.7999713,-23.809086899999993],[-46.8000522,-23.80901075],[-46.80011407,-23.808948889999996],[-46.80018545,-23.808882259999994],[-46.8002378,-23.808749010000003],[-46.80029966,-23.808672870000006],[-46.80034249,-23.80860625],[-46.80038057,-23.80851583],[-46.80040436,-23.808411130000003],[-46.80040436,-23.80832547],[-46.80043291,-23.808249330000002],[-46.80049954,-23.808144630000005],[-46.80053761,-23.808078009999996],[-46.80061375,-23.808082759999994],[-46.80065182,-23.808158909999996],[-46.80073748,-23.808144630000008],[-46.80078983,-23.808078010000003],[-46.8008279,-23.80798759],[-46.80083742,-23.807887649999998],[-46.80086122,-23.807816269999993],[-46.80095639000001,-23.80780675],[-46.80102302,-23.807830539999998],[-46.80106109,-23.80788289],[-46.80120862,-23.807882889999995],[-46.80127048,-23.807859100000005],[-46.80130856,-23.807816269999993],[-46.80129904,-23.807697289999997],[-46.80129904,-23.80759735],[-46.80135139,-23.80755927999999],[-46.80149415,-23.807573559999994],[-46.8016274,-23.807559280000003],[-46.80167975,-23.80747838],[-46.80179397,-23.80738796],[-46.80201952,-23.807241199999996],[-46.80190581,-23.807058979999997],[-46.80185715,-23.806833409999992],[-46.80183158,-23.806194399999995],[-46.80178902,-23.806088939999995],[-46.80169441,-23.806007829999995],[-46.80165979,-23.805992169999996],[-46.80148479,-23.805913010000005],[-46.80140546,-23.805778940000003],[-46.80121452,-23.80538125],[-46.80106081,-23.80507463],[-46.80101338,-23.80501726],[-46.80096097,-23.80499356],[-46.8008984,-23.805008349999998],[-46.80077397,-23.80513408],[-46.80061293,-23.805255220000003],[-46.8005348,-23.80528454],[-46.80050339,-23.805275120000005],[-46.80050301,-23.805273899999992],[-46.80046595,-23.8051552],[-46.80048601000001,-23.805039739999994],[-46.80070517,-23.80479444],[-46.80079685,-23.80469181],[-46.80086351,-23.804523189999998],[-46.800873190000004,-23.80441741],[-46.80085679,-23.804316589999996],[-46.80071419,-23.80410121],[-46.80050316,-23.80381417],[-46.80033431,-23.803579740000004],[-46.80031275,-23.80348856],[-46.800328070000006,-23.803440399999996],[-46.80043733,-23.80338206],[-46.80060411,-23.803332969999992],[-46.8007393,-23.803250440000003],[-46.8007806,-23.803182899999996],[-46.80078508,-23.803081950000003],[-46.80069264,-23.802582729999997],[-46.80061735,-23.802285230000003],[-46.80060451,-23.801958530000004],[-46.80057138,-23.80171364],[-46.80048144,-23.8015556],[-46.80043411,-23.801512639999995],[-46.800361,-23.801513100000005],[-46.80021536,-23.801595690000003],[-46.80012188,-23.801668359999994],[-46.80001257,-23.801721899999997],[-46.7999498,-23.801707870000005],[-46.79979245,-23.801617530000005],[-46.79954109,-23.80152778],[-46.79944162,-23.801494750000003],[-46.79937323,-23.801427890000003],[-46.79927263,-23.801241090000005],[-46.79920925,-23.801145369999997],[-46.79896277,-23.801007520000006],[-46.798742350000005,-23.800864710000006],[-46.79862132,-23.800740509999994],[-46.79854155,-23.800543959999995],[-46.79849304,-23.80033761],[-46.79844024,-23.800261050000003],[-46.798372,-23.80021341],[-46.79819955,-23.80020006],[-46.79803704,-23.80011936],[-46.79771232,-23.799996419999996],[-46.79743485,-23.799906819999993],[-46.79723036,-23.79979753999999],[-46.79708385,-23.79976001],[-46.79687466,-23.799722850000002],[-46.79665503,-23.799685749999995],[-46.796487340000006,-23.79960989],[-46.79626658,-23.79941902],[-46.79615071,-23.79928517999999],[-46.79602201000001,-23.798824609999993],[-46.79594687,-23.79854634],[-46.79600696,-23.798190339999994],[-46.79609977,-23.79802638],[-46.7961621,-23.797977930000002],[-46.79644321,-23.797851250000008],[-46.79650519,-23.797754750000006],[-46.79653227,-23.797655259999992],[-46.79650351,-23.79752409],[-46.79642969,-23.79742843],[-46.79620873,-23.797208719999997],[-46.79563694,-23.796145369999998],[-46.79549927,-23.795886699999993],[-46.79528946,-23.795763040000004],[-46.79517393,-23.795677249999997],[-46.79512087,-23.79556223],[-46.79511989,-23.795427680000003],[-46.79510854,-23.79530280000001],[-46.79499301,-23.795217000000005],[-46.79455168,-23.794854480000005],[-46.79445634,-23.79467245],[-46.79451546,-23.794181899999995],[-46.79450327,-23.793941680000003],[-46.79433476,-23.79375048],[-46.7942301,-23.79372229],[-46.79395853,-23.79372396000001],[-46.79372839,-23.79367732],[-46.79350807,-23.79354411],[-46.7932819,-23.793444429999994],[-46.79309939,-23.793363999999993],[-46.79271154,-23.79317414],[-46.79236477,-23.79288791999999],[-46.79172144,-23.79203644],[-46.79116459,-23.791411790000005],[-46.79024715,-23.790382649999998],[-46.79004766,-23.7902397],[-46.78969821,-23.78957863999999],[-46.78918502,-23.78749728],[-46.78912793,-23.78726573],[-46.78898903,-23.78683406],[-46.78906699,-23.78649184],[-46.78915126,-23.786291919999996],[-46.7894164,-23.785991929999998],[-46.78991064,-23.78553631999999],[-46.79022397,-23.785147479999992],[-46.79045279,-23.784714279999992],[-46.79047302,-23.784650159999998],[-46.79089783,-23.783303880000002],[-46.79101763,-23.782415559999993],[-46.79102916000001,-23.781860420000008],[-46.79110090000001,-23.781183099999993],[-46.79106415,-23.7806169],[-46.79074919,-23.779284829999998],[-46.7906473,-23.77905562000001],[-46.78983245,-23.77722273],[-46.7895501,-23.776587599999996],[-46.78916535,-23.77572213],[-46.78875434,-23.774845349999996],[-46.7883678,-23.774323830000007],[-46.78775193,-23.77369147],[-46.78594151,-23.772815769999998],[-46.78446145,-23.772227560000005],[-46.78213081,-23.771152230000002],[-46.78167233,-23.77097858],[-46.78124723,-23.77081756999999],[-46.78096444,-23.770634169999997],[-46.78068381,-23.770452169999995],[-46.78018661,-23.770046079999997],[-46.7785397,-23.767954039999992],[-46.77731686,-23.766650980000005],[-46.77722465,-23.766552719999996],[-46.77697693,-23.766424339999997],[-46.7763631,-23.76610623],[-46.77595447,-23.765964259999997],[-46.77429816,-23.765711389999996],[-46.77311398,-23.765550769999994],[-46.77310564,-23.76554963999999],[-46.77260872000001,-23.76543821],[-46.77227737,-23.765275849999995],[-46.77204539,-23.765123590000005],[-46.7716586,-23.764666590000004],[-46.77100611,-23.763305389999992],[-46.77036496000001,-23.76228967999999],[-46.76952492,-23.76105054],[-46.76931478,-23.76058325],[-46.76909335,-23.759780640000002],[-46.7690488,-23.759292919999996],[-46.76909277,-23.759038859999997],[-46.7692681,-23.758553550000002],[-46.76969865,-23.757361809999992],[-46.7698493,-23.75696027],[-46.7699961,-23.756569009999996],[-46.77009018,-23.755611579999993],[-46.76998548,-23.75476449],[-46.76980479,-23.75401052],[-46.76999515,-23.753653610000004],[-46.77023309,-23.753225299999993],[-46.77036396,-23.75302305],[-46.77044724,-23.752927869999994],[-46.77061381,-23.75282079],[-46.77074468,-23.752725619999996],[-46.77087555,-23.752666129999998],[-46.77100642,-23.752594750000004],[-46.77118488,-23.75255905],[-46.77131575000001,-23.75255905],[-46.77144662,-23.752535259999995],[-46.77160128,-23.752523360000005],[-46.77167267,-23.752499569999994],[-46.77174405,-23.75239249],[-46.77182733,-23.752261620000006],[-46.77187492,-23.752106959999995],[-46.7719582,-23.75199988],[-46.77212476,-23.751916599999994],[-46.77223184,-23.751869009999997],[-46.77238650000001,-23.751869010000004],[-46.77258876,-23.751940389999994],[-46.77274342,-23.75207126],[-46.77290999,-23.75217834],[-46.77296947,-23.752237830000002],[-46.77307655,-23.75226162],[-46.77318362,-23.75226162],[-46.7733026,-23.75227352],[-46.77344536,-23.752309209999996],[-46.77363572,-23.75230921],[-46.77379039,-23.752309209999996],[-46.774064020000004,-23.752392489999995],[-46.77425438,-23.752475769999997],[-46.77436146,-23.75260664],[-46.77451612000001,-23.7527851],[-46.77471838,-23.752951659999994],[-46.77494442,-23.752999249999995],[-46.77518237,-23.75299924999999],[-46.77539652,-23.753023049999992],[-46.77567016,-23.75304684],[-46.77583672,-23.753082539999998],[-46.7759319,-23.75308254],[-46.77618174,-23.752963559999994],[-46.776312610000005,-23.752856489999996],[-46.77644349,-23.75266613],[-46.77658625,-23.752475769999997],[-46.77665764,-23.752333],[-46.77668143,-23.75220213],[-46.77670523,-23.75203556999999],[-46.77665764,-23.751821419999995],[-46.77664574,-23.751619169999998],[-46.77670523,-23.751416909999996],[-46.77677661,-23.751226560000003],[-46.77684799,-23.7510243],[-46.77701456,-23.750738769999998],[-46.77716922,-23.75063168999999],[-46.77737147,-23.7506079],[-46.77757373,-23.750631689999995],[-46.77778788,-23.75063169],[-46.77806152,-23.750691179999997],[-46.77822808,-23.750703069999993],[-46.77844223,-23.750631689999995],[-46.77854931,-23.75053651],[-46.77865638,-23.750381849999997],[-46.77877536,-23.750167699999995],[-46.77887054,-23.75000113000001],[-46.77900141,-23.74991784999999],[-46.77916797,-23.749882160000002],[-46.77937022,-23.74988216],[-46.77957248,-23.74987026],[-46.77975094,-23.74978698],[-46.7799294,-23.74971559999999],[-46.78009596,-23.749703699999998],[-46.78028631,-23.7497275],[-46.78044098,-23.749786980000003],[-46.78054806,-23.749929749999993],[-46.78067893,-23.750143899999998],[-46.7808098,-23.75032235999999],[-46.78086928,-23.750477030000006],[-46.78104774,-23.750703069999993],[-46.78113102,-23.750833939999996],[-46.78127379,-23.750964810000003],[-46.78148794,-23.75094102],[-46.78163071,-23.750881530000008],[-46.78182107,-23.750774459999995],[-46.78195194,-23.7505841],[-46.78205901,-23.750417540000004],[-46.7821304,-23.75028667],[-46.78224937,-23.75017958999999],[-46.78238024,-23.750084409999992],[-46.7825468,-23.74995354],[-46.78274906,-23.749822669999997],[-46.78287993000001,-23.749751290000006],[-46.7830108,-23.749632319999993],[-46.78310598000001,-23.749537140000005],[-46.78323685,-23.74945386],[-46.783272540000006,-23.749239709999994],[-46.78320115,-23.74906125],[-46.78320115,-23.748882789999993],[-46.78317736,-23.74874002],[-46.78330823,-23.748621049999993],[-46.78352238,-23.748537759999994],[-46.78370084,-23.748442590000007],[-46.7838793,-23.748359300000004],[-46.78405776,-23.748311720000004],[-46.78435519,-23.748228430000005],[-46.78453365,-23.74819274],[-46.78473591000001,-23.748145149999996],[-46.78497385,-23.748026180000004],[-46.7851999,-23.747919099999997],[-46.78535457000001,-23.747823930000003],[-46.78553303,-23.747788229999998],[-46.78574718000001,-23.74770495],[-46.78588995,-23.747621669999997],[-46.78596133,-23.747431319999997],[-46.78600892,-23.747276650000003],[-46.7860922,-23.74713388],[-46.78624686,-23.747003010000004],[-46.78637773,-23.746884039999998],[-46.78647291,-23.74681266],[-46.786639480000005,-23.746753169999998],[-46.78682983,-23.7466223],[-46.7869726,-23.746491430000003],[-46.78710347,-23.746443839999994],[-46.78735331,-23.746420040000004],[-46.78749608,-23.746360560000003],[-46.787650750000005,-23.746277279999997],[-46.78779351,-23.746051230000003],[-46.78792438,-23.74586087],[-46.78801956,-23.74567051],[-46.78809095,-23.745563440000005],[-46.78820992,-23.745468259999996],[-46.78834079,-23.745408769999997],[-46.78848356,-23.745408770000008],[-46.78860253,-23.745468259999996],[-46.78876909,-23.74550395],[-46.78893566,-23.745527750000008],[-46.78913791,-23.745492050000006],[-46.78938775,-23.7452779],[-46.78949483,-23.745099440000008],[-46.78959001,-23.744885290000003],[-46.78968519,-23.74470682999999],[-46.78979226,-23.74455217],[-46.78991123,-23.744397499999998],[-46.79013728,-23.744195249999997],[-46.79030385,-23.744100069999995],[-46.79045851,-23.744016789999996],[-46.79056559,-23.743933510000005],[-46.79066076,-23.743707460000003],[-46.79072025,-23.743469509999994],[-46.79073215,-23.743183979999998],[-46.79069646,-23.743005520000004],[-46.79062507,-23.742874649999997],[-46.790518,-23.742684289999996],[-46.79039902,-23.742458239999994],[-46.79032764,-23.742267879999993],[-46.79022056,-23.74205373],[-46.79010159,-23.74179199],[-46.78999452,-23.74154215],[-46.78991123,-23.741351789999992],[-46.78989934,-23.741185229999996],[-46.78999452,-23.741054359999996],[-46.79016108,-23.74105435999999],[-46.79032764,-23.741090049999993],[-46.79061318,-23.74118522999999],[-46.7909463,-23.74126851],[-46.79125563,-23.741209019999996],[-46.79146978000001,-23.741078149999996],[-46.79164824,-23.740887799999992],[-46.79177911,-23.740745030000003],[-46.79189808,-23.74064985],[-46.79210034,-23.740578469999992],[-46.792255000000004,-23.740530879999998],[-46.79243346,-23.74049519],[-46.79261192,-23.740483290000004],[-46.79274279,-23.740400010000002],[-46.79300453,-23.74022155],[-46.79311161,-23.740066879999993],[-46.79321869,-23.739900319999997],[-46.79334956,-23.739733760000004],[-46.79353991,-23.739698070000003],[-46.79376596,-23.739769450000004],[-46.79390873,-23.73979324999999],[-46.79406339,-23.739793249999998],[-46.79428944,-23.73969807],[-46.7944798,-23.739579089999996],[-46.79469395,-23.739472019999994],[-46.79482482,-23.739353050000002],[-46.79508656,-23.739245970000002],[-46.79534830000001,-23.739138889999992],[-46.79555056,-23.739126999999993],[-46.79570522,-23.739091300000002],[-46.79583609,-23.739008019999993],[-46.79597886,-23.73890095],[-46.79609545,-23.73871535],[-46.79606155,-23.738580080000002],[-46.79604013,-23.738437309999995],[-46.79605441,-23.73826599],[-46.79601872,-23.738108939999993],[-46.79601872,-23.738001869999994],[-46.79604013,-23.737873379999996],[-46.79611865,-23.737730609999996],[-46.79625428,-23.737673500000003],[-46.79638991000001,-23.737673500000003],[-46.79654696,-23.737616399999993],[-46.79660406,-23.737473629999993],[-46.79660406,-23.73735228],[-46.79658979,-23.737216649999993],[-46.79656837,-23.73714526],[-46.79646843,-23.737038189999993],[-46.7963685,-23.737002490000002],[-46.79624001,-23.736988220000004],[-46.79609724,-23.736988219999997],[-46.79597589,-23.73704532],[-46.79588309,-23.73698108],[-46.79581884,-23.736824030000005],[-46.79578315,-23.736724099999996],[-46.79576887,-23.73659561],[-46.79571177,-23.736474249999997],[-46.79568321,-23.736352900000004],[-46.79561183,-23.736252960000005],[-46.79558327,-23.73613875000001],[-46.795569,-23.736017400000005],[-46.79558327,-23.735903180000008],[-46.79568321,-23.735760420000002],[-46.79579029,-23.73570331],[-46.79586881,-23.735589089999994],[-46.79594019,-23.735410639999998],[-46.79599730000001,-23.735253589999992],[-46.79604013,-23.735182209999994],[-46.79611865,-23.73508227],[-46.79621859,-23.734925229999995],[-46.79625428,-23.734825290000003],[-46.79628997,-23.734718210000004],[-46.79633994,-23.73463969],[-46.79643274,-23.734546890000008],[-46.79654696,-23.73444695],[-46.79664689,-23.734389849999992],[-46.79676111,-23.734311320000003],[-46.79684677,-23.73425422],[-46.79692529,-23.734232800000008],[-46.79702523,-23.734232799999997],[-46.79717513,-23.73426849000001],[-46.79725366,-23.734232799999997],[-46.79729649000001,-23.734154279999995],[-46.79733218,-23.73406148],[-46.79738215,-23.733975819999998],[-46.79743212000001,-23.733883019999997],[-46.79751778,-23.73357607],[-46.79752491,-23.733426160000004],[-46.7975035,-23.7332834],[-46.79749636,-23.73314777],[-46.79751778,-23.733005000000006],[-46.79757488,-23.732876509999997],[-46.79763913,-23.732755160000007],[-46.797674820000005,-23.732640940000003],[-46.79771051,-23.732519589999995],[-46.79773907,-23.732455339999994],[-46.79785328,-23.732305440000005],[-46.79791753,-23.732241189999996],[-46.79804602,-23.732084149999995],[-46.79812454,-23.73194852],[-46.79818878,-23.73179860999999],[-46.79825303,-23.73165585],[-46.798303,-23.73154163],[-46.79836724,-23.73139886],[-46.79841007,-23.731277510000005],[-46.79846718,-23.73114902],[-46.79850287,-23.731020529999995],[-46.79852429,-23.730913449999996],[-46.7985457,-23.730770689999996],[-46.7985457,-23.730635059999997],[-46.7985457,-23.730535119999995],[-46.7985457,-23.73043518],[-46.79852429,-23.730278140000003],[-46.79851715,-23.730178200000005],[-46.79851715,-23.7300854],[-46.7985457,-23.72998546],[-46.7985814,-23.72984983],[-46.79862423,-23.72971421],[-46.79862423,-23.729607129999998],[-46.79860281,-23.72949292],[-46.79853857,-23.729378699999998],[-46.79844577,-23.72927876],[-46.79838152,-23.729193099999993],[-46.79832441,-23.72906461],[-46.79826731,-23.72895754],[-46.7982102,-23.728864739999995],[-46.798081710000005,-23.728643449999996],[-46.79798891,-23.728472130000004],[-46.79785328,-23.728257969999994],[-46.79765341,-23.728129480000007],[-46.79746067,-23.72805096],[-46.79723938,-23.727972439999995],[-46.7970395,-23.727858219999995],[-46.79691101,-23.727765429999998],[-46.79681108,-23.727701180000007],[-46.79668972,-23.72752986],[-46.79656837,-23.727465609999996],[-46.79641847,-23.72746561],[-46.79625428,-23.72750131],[-46.79608296,-23.727544139999996],[-46.7959045,-23.72754414],[-46.79570463,-23.72750131],[-46.79560469,-23.72738709],[-46.79552617,-23.727265739999996],[-46.79545478000001,-23.72713725],[-46.79541195,-23.727030170000006],[-46.79529774,-23.72687313],[-46.79509786,-23.726773189999992],[-46.79494082000001,-23.72668039],[-46.79487657,-23.726601869999996],[-46.79484088,-23.72644483],[-46.79481947,-23.72622354],[-46.79473381,-23.72608077],[-46.79470525,-23.725923719999997],[-46.7946767,-23.725766679999992],[-46.79461959,-23.725573940000004],[-46.79454821000001,-23.72535979],[-46.79449824,-23.725202749999998],[-46.79444113,-23.72505998],[-46.79440544,-23.724952899999995],[-46.79436261,-23.724774440000004],[-46.79436261,-23.724688779999997],[-46.79436261,-23.724553149999995],[-46.79432692,-23.724453219999994],[-46.79421271,-23.72437469],[-46.79405566,-23.72431759],[-46.79393431,-23.72422479],[-46.79385579,-23.72412485],[-46.79381296,-23.724017769999993],[-46.79381296,-23.723903559999997],[-46.79387006,-23.723782210000003],[-46.79383437,-23.723632299999995],[-46.79379154,-23.723568059999995],[-46.79369874,-23.723475259999997],[-46.79361308000001,-23.723411009999992],[-46.79355597,-23.723275379999993],[-46.79348459,-23.72318258],[-46.79345604,-23.72310406],[-46.79344176,-23.72300411999999],[-46.79340607,-23.72288277],[-46.79339893,-23.722768560000006],[-46.79332041,-23.722668619999997],[-46.79322761,-23.722611509999997],[-46.79309912,-23.72258296],[-46.79296349,-23.72250444],[-46.79284927,-23.72231169999999],[-46.79274934,-23.72211183],[-46.79268509,-23.721897679999994],[-46.79263512,-23.72172635],[-46.79262798,-23.721583589999998],[-46.79259229,-23.721447959999992],[-46.79258515,-23.72130519],[-46.79258515,-23.721169560000003],[-46.79259229,-23.721055349999997],[-46.79260657,-23.720941129999996],[-46.79261371,-23.72086261],[-46.79260071,-23.720691000000002],[-46.79258717,-23.72064393],[-46.79248988,-23.72030552],[-46.79234021,-23.719873159999988],[-46.79221414,-23.71957522],[-46.791971700000005,-23.719229990000002],[-46.79192636,-23.71918092],[-46.79187393,-23.719108249999998],[-46.79173723000001,-23.718784859999992],[-46.7917412,-23.718741279999996],[-46.7917649,-23.7186977],[-46.79178662,-23.718666829999997],[-46.79183794,-23.718608740000004],[-46.792447890000005,-23.718029650000005],[-46.79247949,-23.717969729999997],[-46.79251506,-23.71787349],[-46.79259625,-23.717383109999997],[-46.79262013,-23.717038029999998],[-46.79252968000001,-23.716567550000008],[-46.7925063,-23.716084399999993],[-46.79246923,-23.715437769999998],[-46.79246359,-23.714974599999998],[-46.79249728,-23.714723969999994],[-46.79260399,-23.714438860000005],[-46.79282321,-23.714017580000004],[-46.79287483,-23.713509040000005],[-46.79289081,-23.713162129999997],[-46.79295611,-23.71285158],[-46.79296238,-23.712292159999993],[-46.7929517,-23.712201619999995],[-46.79295058,-23.712192089999995],[-46.79281844,-23.711831819999997],[-46.79269428,-23.711320579999995],[-46.7925186,-23.711053059999987],[-46.79251665,-23.71101486],[-46.79251667,-23.710994849999988],[-46.79252853,-23.710967570000005],[-46.79254633,-23.710942109999994],[-46.79258982,-23.710902110000003],[-46.79266493,-23.710853029999992],[-46.79281118000001,-23.710771239999993],[-46.79293375000001,-23.71065852],[-46.79303864,-23.71038024],[-46.79306439,-23.710276569999998],[-46.79306836000001,-23.710240179999992],[-46.79302501,-23.71006371],[-46.79292435,-23.7098781],[-46.79291649,-23.70981442],[-46.79297596,-23.709501559999996],[-46.79297794,-23.709485180000005],[-46.79297796000001,-23.709470630000002],[-46.79296808,-23.709454249999997],[-46.79294834,-23.70943605],[-46.79292068,-23.70942512],[-46.79265201,-23.709379500000004],[-46.79262437,-23.709368569999995],[-46.79256907,-23.709333980000004],[-46.7925671,-23.70932852],[-46.79255525,-23.709310320000004],[-46.79253947,-23.70927211],[-46.79254543,-23.709224809999988],[-46.79257711000001,-23.709108409999995],[-46.79259295,-23.709052010000008],[-46.79258506,-23.709022899999994],[-46.79254955,-23.708941030000002],[-46.79251011,-23.708822760000004],[-46.79251409,-23.708786370000006],[-46.79257945,-23.708528089999998],[-46.79260325,-23.708378939999996],[-46.79260334,-23.70822794],[-46.79260934,-23.708115159999995],[-46.79256605,-23.707845899999995],[-46.7924774,-23.707416529999996],[-46.79245573,-23.70733465],[-46.7923373,-23.70715086],[-46.792185280000005,-23.706988859999992],[-46.79218133,-23.706985229999997],[-46.79217936,-23.70697248999999],[-46.79217543,-23.70694884],[-46.79218137,-23.706917919999995],[-46.79219523,-23.706870620000004],[-46.79224288,-23.706495899999997],[-46.79222716,-23.70635582],[-46.79219562,-23.70623574],[-46.79213446000001,-23.706113809999998],[-46.7921064,-23.70606284],[-46.79187398,-23.705640690000006],[-46.79175954,-23.705384129999995],[-46.79169244,-23.70527676],[-46.79145946,-23.705047419999996],[-46.79136867,-23.704912760000003],[-46.79135296,-23.7047654],[-46.79138277,-23.704470699999995],[-46.79145408,-23.704194229999995],[-46.79154901,-23.704039649999995],[-46.79156681,-23.703996],[-46.79157673,-23.703937799999995],[-46.79157683,-23.703781349999996],[-46.79153745,-23.70357576],[-46.79154144,-23.70350663],[-46.79155726,-23.703475710000006],[-46.79159088,-23.703428430000006],[-46.79167286,-23.703343479999997],[-46.791747060000006,-23.703266610000004],[-46.79178066,-23.703222970000002],[-46.79179254,-23.70319749999999],[-46.79179257,-23.703141110000008],[-46.79174922,-23.70298100999999],[-46.79167231,-23.702740830000007],[-46.79166644,-23.702671699999996],[-46.79166846,-23.702584379999998],[-46.79170021,-23.702380650000002],[-46.79173984,-23.70217329],[-46.79174383,-23.70212963],[-46.79173201,-23.70206595],[-46.79171624,-23.702022280000005],[-46.79169651,-23.70198407],[-46.791645190000004,-23.701896719999997],[-46.79156822,-23.701782069999997],[-46.79166956,-23.701660739999998],[-46.79195044,-23.70135309],[-46.79206219,-23.701165749999998],[-46.79207979,-23.701123949999992],[-46.79210483,-23.700951389999997],[-46.79213818,-23.70090045],[-46.79260057,-23.700624939999997],[-46.79283872,-23.700502599999997],[-46.79295491,-23.700462319999996],[-46.79326813,-23.700379699999996],[-46.79377838,-23.700260189999995],[-46.79392026,-23.700234349999995],[-46.79428097000001,-23.70020424],[-46.794692860000005,-23.700148569999996],[-46.79471252,-23.700133979999993],[-46.79483952,-23.69979772],[-46.79485129,-23.699781349999995],[-46.79509961,-23.699747939999998],[-46.79544263,-23.6997324],[-46.79550606,-23.699723650000003],[-46.79591363,-23.69966747],[-46.79661699,-23.69951652],[-46.79665831,-23.699492779999996],[-46.79678819,-23.699417969999992],[-46.7968808,-23.69940135],[-46.79738141,-23.699347219999993],[-46.79757458000001,-23.699328490000006],[-46.79791921,-23.6992149],[-46.79848733,-23.698993639999994],[-46.79899024,-23.69887015],[-46.79929282,-23.698771419999996],[-46.79943355,-23.698699370000003],[-46.79967756,-23.698585419999993],[-46.79977629,-23.69850994],[-46.80003552,-23.698467200000003],[-46.80019257,-23.698438649999996],[-46.80034247,-23.698352990000004],[-46.80049595,-23.698310159999995],[-46.80063515,-23.698235200000003],[-46.80072438,-23.698181669999997],[-46.80084930000001,-23.698092439999993],[-46.80089927,-23.69802462000001],[-46.8009421,-23.697949669999993],[-46.80097779,-23.697878290000002],[-46.80100634,-23.69779262],[-46.80100991,-23.69776049999999],[-46.8008037,-23.697551209999997],[-46.80041507,-23.6972117],[-46.79990238,-23.696907080000003],[-46.79960956000001,-23.696743250000008],[-46.7993656,-23.696657999999996],[-46.799115,-23.69662477],[-46.79872065,-23.696624569999994],[-46.7985313,-23.69671786999999],[-46.79828881,-23.696732239999996],[-46.79802272,-23.696700779999997],[-46.79795877,-23.69665733],[-46.79790181,-23.69661863],[-46.79762927,-23.69649869],[-46.79745203,-23.696438630000003],[-46.79734493,-23.696196179999998],[-46.79726726,-23.69582917],[-46.7971618,-23.695706159999997],[-46.79708176,-23.69554463],[-46.79704341,-23.69539695],[-46.79701086,-23.695132299999994],[-46.7971403,-23.694894119999997],[-46.797343700000006,-23.69459073],[-46.797677840000006,-23.694362279999993],[-46.79787315000001,-23.694226220000004],[-46.79813966,-23.69360674],[-46.79832533,-23.693145870000002],[-46.79841472,-23.692853370000005],[-46.79848802,-23.69252282],[-46.79854587,-23.691912439999996],[-46.79863537,-23.691735589999997],[-46.79872307000001,-23.69155714],[-46.79879635,-23.691374060000005],[-46.7987763,-23.691219809999993],[-46.79884506,-23.690937089999995],[-46.79898245,-23.69073959],[-46.79908378,-23.690561620000004],[-46.79925026,-23.69021565999999],[-46.79944957,-23.689993539999993],[-46.79959798,-23.68984369],[-46.79969912,-23.689651389999998],[-46.79974221,-23.689388090000005],[-46.79976008,-23.68917763999999],[-46.79985656,-23.688899610000007],[-46.79988315,-23.68869362],[-46.80021714,-23.688455600000005],[-46.80066133,-23.687929609999998],[-46.8008494,-23.68764551],[-46.801126,-23.68738427],[-46.8012329,-23.687234909999997],[-46.80130797,-23.687033349999997],[-46.80130218000001,-23.68687426],[-46.80133936,-23.686674619999994],[-46.80144982,-23.686405759999996],[-46.8014331,-23.686150039999998],[-46.80129965,-23.68599173],[-46.80118921,-23.685739579999996],[-46.80107618,-23.685454050000004],[-46.8009929,-23.685239899999996],[-46.80093341,-23.685067389999997],[-46.80089772000001,-23.684906770000005],[-46.80088582,-23.68474021],[-46.80088582,-23.68460934],[-46.80088582,-23.684478470000006],[-46.80089772000001,-23.684323799999998],[-46.80088582,-23.684157239999998],[-46.80086798,-23.68402637],[-46.80085013,-23.683865759999993],[-46.80081444,-23.68371109],[-46.80080254,-23.68358617],[-46.80079659,-23.683467199999996],[-46.80077875,-23.683348229999996],[-46.8007609,-23.683270889999996],[-46.80073116,-23.683175710000004],[-46.80068357,-23.683044839999997],[-46.80059434,-23.68288423],[-46.8005289,-23.68271172],[-46.80043373,-23.682527309999998],[-46.80035639,-23.682336950000003],[-46.80029096,-23.682182290000004],[-46.80022552,-23.682009780000005],[-46.80014224,-23.681890810000002],[-46.80007086,-23.681730190000003],[-46.79984128,-23.681551989999996],[-46.79972915,-23.68134546],[-46.79972113,-23.681242199999996],[-46.79974316,-23.681133399999997],[-46.79987731,-23.680653949999993],[-46.79989934,-23.680309110000007],[-46.79991079,-23.680228199999995],[-46.7999534,-23.6799274],[-46.80000946,-23.67975775],[-46.79994525,-23.679424420000004],[-46.79994726,-23.67937278999999],[-46.80005338,-23.67886937],[-46.80006939,-23.67867022],[-46.800043360000004,-23.67842126],[-46.79997529,-23.67824608999999],[-46.79983113,-23.677982389999993],[-46.79968698,-23.677768469999993],[-46.79949276,-23.677521379999998],[-46.79938864,-23.67741257999999],[-46.79922247,-23.677279810000005],[-46.79916039,-23.6772042],[-46.79912235,-23.677112],[-46.79908832,-23.677005049999998],[-46.79899631,-23.676888379999998],[-46.79890019,-23.676766519999997],[-46.79882074,-23.676666399999995],[-46.79876319,-23.676585630000005],[-46.79870016,-23.676509899999996],[-46.79864261,-23.676434179999998],[-46.79861795,-23.676381179999996],[-46.79862069,-23.676325649999995],[-46.79864536,-23.676219640000003],[-46.79867276,-23.67607577],[-46.7986755,-23.67596472],[-46.79867276,-23.67581833],[-46.79865906,-23.675724940000006],[-46.79861796,-23.67557855],[-46.79853849,-23.675136849999998],[-46.79852752,-23.67511918],[-46.79849464,-23.675101510000005],[-46.79842065,-23.675058600000003],[-46.79835038,-23.67500466],[-46.79833844,-23.674995499999994],[-46.7982343,-23.674914729999998],[-46.79811647,-23.67484152999999],[-46.797987660000004,-23.674727940000004],[-46.79789723,-23.674626990000004],[-46.79771637,-23.67431905],[-46.79764511,-23.67424081],[-46.7975492,-23.674157509999997],[-46.79743685,-23.674086840000005],[-46.79737382,-23.674046459999996],[-46.79725051,-23.673950539999996],[-46.79720959,-23.673904049999997],[-46.79706111,-23.673590799999996],[-46.79705594,-23.673551749999998],[-46.79706691,-23.673453309999992],[-46.79707239,-23.673364969999994],[-46.79707239,-23.67331197],[-46.79706417,-23.673248859999994],[-46.79704499,-23.673198379999988],[-46.79702307,-23.67314033],[-46.79700937,-23.673107519999995],[-46.79699019,-23.673082279999996],[-46.79697101,-23.67306461],[-46.79692441,-23.673024229999996],[-46.79688057,-23.673024219999995],[-46.79683946,-23.67303684],[-46.79680109,-23.673054510000004],[-46.79675999,-23.673067130000003],[-46.79674081,-23.67306966],[-46.79669696,-23.67305451],[-46.79665312000001,-23.67302169999999],[-46.79662298000001,-23.672966159999998],[-46.79661201,-23.67289044999999],[-46.79663668,-23.672797059999997],[-46.79666134,-23.672706199999993],[-46.79666682,-23.67262038],[-46.79664765,-23.672524469999992],[-46.79662573,-23.67245631999999],[-46.79660106,-23.67240836],[-46.796343480000004,-23.672161],[-46.79632978,-23.672095379999995],[-46.79632155,-23.672037319999998],[-46.796313330000004,-23.671938879999995],[-46.7962969,-23.671842969999993],[-46.7962695,-23.671749590000005],[-46.79623662,-23.671689009999994],[-46.79619551,-23.671618329999998],[-46.79596534000001,-23.671237210000005],[-46.79591053,-23.67111352],[-46.79586669,-23.67101256],[-46.795806400000004,-23.670883839999995],[-46.79574887,-23.670762679999996],[-46.79570776,-23.67067433999999],[-46.79565601,-23.67056549],[-46.795617330000006,-23.670487559999998],[-46.79556527,-23.670379029999996],[-46.79550499,-23.67024777],[-46.79545806,-23.670111620000004],[-46.79545018,-23.670088769999996],[-46.79543649,-23.669995379999992],[-46.79545294,-23.66984646],[-46.79547486,-23.669763169999996],[-46.79548857,-23.669672310000003],[-46.79548583,-23.66956881999999],[-46.79546118,-23.669452720000002],[-46.79542829,-23.66932399],[-46.7953872,-23.66917759],[-46.79537623000001,-23.66908926],[-46.79538447000001,-23.66897568],[-46.79538396,-23.668967669999997],[-46.79536775,-23.66876737],[-46.79534064,-23.668639980000002],[-46.79530502,-23.668564260000004],[-46.79525843,-23.668498639999996],[-46.79509676,-23.668329519999993],[-46.7950447,-23.668248749999997],[-46.79504196,-23.66819574],[-46.79506937,-23.668125079999996],[-46.7951461,-23.668026639999997],[-46.79522283,-23.66790549],[-46.79525846,-23.667814629999995],[-46.79526942,-23.667751529999993],[-46.79525847,-23.66770358],[-46.79523106,-23.667643],[-46.79515708,-23.667509219999996],[-46.79509132,-23.66741078],[-46.79503926,-23.66733001],[-46.7950009,-23.667244189999998],[-46.79498172,-23.667057420000003],[-46.79502557,-23.666953930000005],[-46.79542019,-23.666582919999993],[-46.79548597,-23.666489529999993],[-46.79552707,-23.666386050000003],[-46.79555173,-23.666277520000005],[-46.79555402,-23.666191689999994],[-46.79555448,-23.666174030000004],[-46.79554901,-23.666088219999995],[-46.79552435,-23.665974639999995],[-46.79551065,-23.665863580000003],[-46.79548601,-23.665394109999998],[-46.79546957,-23.665288110000002],[-46.79545039,-23.665230049999998],[-46.79538737,-23.66513161],[-46.79533805,-23.665071030000004],[-46.79528873,-23.665033170000005],[-46.795212,-23.664980170000003],[-46.79513528,-23.66491959],[-46.79506403,-23.664843860000005],[-46.79498457,-23.66475552],[-46.79493525,-23.664674749999993],[-46.79490238,-23.664394590000004],[-46.79488321,-23.66429867],[-46.79487772000001,-23.664243139999993],[-46.79486951,-23.664210329999992],[-46.79484759000001,-23.66416994],[-46.79481197,-23.66413713],[-46.79474072,-23.664089169999997],[-46.794664,-23.664041209999997],[-46.79459001,-23.664008389999992],[-46.79454343,-23.663965479999998],[-46.79450507,-23.66389229],[-46.79449412,-23.663808990000003],[-46.79435988,-23.663109839999994],[-46.79431878,-23.663024019999998],[-46.79423811,-23.66285045],[-46.79422837,-23.66281452999999],[-46.79436541,-23.662218860000003],[-46.79439282,-23.662110330000004],[-46.79443118,-23.661981609999994],[-46.79446681,-23.661847839999997],[-46.79448873,-23.66177465],[-46.79448601,-23.661709019999996],[-46.79442573,-23.661524770000003],[-46.79433806,-23.661181500000005],[-46.79428875,-23.661019950000004],[-46.79422573,-23.660838229999992],[-46.79411341,-23.660459609999997],[-46.79408875,-23.660366229999998],[-46.79409698,-23.660272840000008],[-46.79439568,-23.659853869999996],[-46.79441213,-23.659682229999994],[-46.79440665,-23.659593890000004],[-46.79437925,-23.659520699999995],[-46.79433815,-23.659439929999998],[-46.79429432,-23.65933138999999],[-46.79428062,-23.659200139999996],[-46.79417925,-23.658935110000005],[-46.79410801,-23.658836680000007],[-46.79398745,-23.65874076],[-46.793831280000006,-23.658629699999995],[-46.79371072,-23.65854638999999],[-46.79362222,-23.658468839999998],[-46.79350744,-23.658366529999995],[-46.79343398,-23.658273779999988],[-46.79338741,-23.658185439999997],[-46.79332714,-23.657935559999995],[-46.79332167,-23.657806839999992],[-46.79333263,-23.6576554],[-46.79339296,-23.65710264],[-46.79342037,-23.656941109999995],[-46.79345873,-23.65681996],[-46.7935215,-23.656687510000005],[-46.79354615,-23.656586539999992],[-46.79356535,-23.656493159999997],[-46.79357083,-23.656407339999998],[-46.79355714,-23.656319],[-46.79352974,-23.65622309],[-46.79349687,-23.65614736],[-46.793463990000006,-23.65609939999999],[-46.79341193,-23.656053969999995],[-46.79334891,-23.656021149999997],[-46.79326945,-23.656006000000005],[-46.79317354,-23.655983279999997],[-46.79310779,-23.655960559999993],[-46.79306395,-23.655922699999998],[-46.79305847,-23.65591008],[-46.79305874,-23.65586585999999],[-46.79307012,-23.655847150000003],[-46.79308398,-23.65578641],[-46.79306992,-23.6557406],[-46.79304881,-23.655708450000006],[-46.79294737,-23.655598059999992],[-46.79294675,-23.65554638999999],[-46.79296499,-23.655497569999994],[-46.79297524,-23.65545373999999],[-46.79300123,-23.6553629],[-46.79298968,-23.655313890000002],[-46.79298553,-23.6552718],[-46.79270293,-23.654553419999992],[-46.79250643,-23.65380633],[-46.79224267,-23.65302726],[-46.7920527,-23.65233737],[-46.79187738,-23.651890870000003],[-46.79186171,-23.65185097],[-46.7918087,-23.651636159999995],[-46.791804320000004,-23.651624699999992],[-46.79179339,-23.651560160000002],[-46.79180256,-23.651528199999998],[-46.7918352,-23.65147811],[-46.79187508,-23.651455949999995],[-46.79223944,-23.651257039999997],[-46.79226449,-23.651227470000006],[-46.7922802,-23.651183669999995],[-46.79230892,-23.65072564],[-46.79229957,-23.65031355],[-46.79231442,-23.650252829999996],[-46.79233820000001,-23.650193069999997],[-46.79238636,-23.65012524],[-46.792462560000004,-23.650026019999995],[-46.7925022,-23.649969109999997],[-46.79253913000001,-23.649875600000005],[-46.79254107,-23.64986064],[-46.79254247,-23.649815189999995],[-46.7925471,-23.64966462],[-46.79254543,-23.64962916],[-46.79252025000001,-23.649544399999996],[-46.79237762,-23.649163029999993],[-46.79238815,-23.649082599999993],[-46.79239953,-23.6490214],[-46.7924926,-23.648722],[-46.79265731,-23.648335709999994],[-46.7927162,-23.648159560000003],[-46.79279651,-23.64770551],[-46.79278403,-23.647448429999997],[-46.79273477,-23.647183559999995],[-46.79263937,-23.64716363999999],[-46.79246985,-23.647066489999997],[-46.79229827,-23.64695102],[-46.79123829,-23.64617059],[-46.79019645,-23.64540488],[-46.79006668,-23.645309499999993],[-46.79000502,-23.64526419],[-46.78961809,-23.64495459],[-46.78950268,-23.644862250000003],[-46.78946384,-23.64481169],[-46.7894282,-23.64473144],[-46.78925841,-23.644069580000004],[-46.7891504,-23.643708990000004],[-46.78911563,-23.643646119999996],[-46.78884963,-23.643237900000003],[-46.78879948,-23.643106790000004],[-46.78877992,-23.643001029999994],[-46.78876814,-23.642848679999993],[-46.78879958,-23.64269385],[-46.78881591,-23.64250188999999],[-46.7888261,-23.642399969999996],[-46.7883385,-23.64142238],[-46.78824128000001,-23.641279089999998],[-46.78818521,-23.64121012999999],[-46.78766075,-23.640648900000002],[-46.78726346,-23.640341359999997],[-46.78662774,-23.639857610000007],[-46.78653275,-23.639814939999997],[-46.78646348000001,-23.63980117],[-46.7863431,-23.639807459999997],[-46.78575461,-23.639847279999998],[-46.78568502,-23.639842839999993],[-46.78563676,-23.639830500000002],[-46.78544797,-23.639671099999994],[-46.7853288,-23.639523329999996],[-46.78529311,-23.639462149999993],[-46.78516907,-23.638907229999997],[-46.78510783,-23.638611139999995],[-46.78509344,-23.638563309999995],[-46.78507695,-23.638488589999994],[-46.78504158,-23.63845538],[-46.7850109,-23.638427700000005],[-46.78496896,-23.638397169999998],[-46.78493814,-23.638384829999996],[-46.78479269,-23.63834792],[-46.78428801,-23.638227269999998],[-46.78415451,-23.638186069999996],[-46.7840006,-23.638104120000005],[-46.7834812,-23.63785227],[-46.7828998,-23.637667330000003],[-46.78265598,-23.63758898],[-46.78253232,-23.637574189999995],[-46.78247096,-23.63757914],[-46.78225836,-23.63759098],[-46.78211539,-23.637602340000004],[-46.78198541,-23.63762424],[-46.78133071,-23.637714809999995],[-46.78132922,-23.6377049],[-46.78132681,-23.637649469999996],[-46.78131279,-23.637624110000004],[-46.7812994,-23.63759382],[-46.78122889,-23.637502689999998],[-46.78112577,-23.63739702],[-46.7809877,-23.63727512],[-46.78084603,-23.63715594],[-46.78069824,-23.637051509999992],[-46.78066165,-23.63701992],[-46.78049182,-23.636916950000003],[-46.77989082,-23.636591319999997],[-46.779454,-23.636338990000002],[-46.77890965,-23.63598199],[-46.77890633,-23.635979810000002],[-46.7779371,-23.635430869999997],[-46.777870390000004,-23.63539308],[-46.77745864,-23.63513548],[-46.7774321,-23.635110569999995],[-46.77742343,-23.635084700000004],[-46.77742607,-23.63506059],[-46.77744247,-23.63502892],[-46.77745819,-23.635006020000002],[-46.77749147,-23.634954189999995],[-46.77757786000001,-23.634834819999995],[-46.77762635,-23.63475186000001],[-46.77771198,-23.634647279999996],[-46.77775439,-23.634576349999996],[-46.77779229,-23.634482330000004],[-46.77780207,-23.634399580000007],[-46.77779702,-23.634312309999995],[-46.77778593,-23.634233219999995],[-46.77775972,-23.634119430000002],[-46.7777213,-23.63403352],[-46.77769664,-23.63398754],[-46.77760063,-23.63375868],[-46.7775312,-23.633589709999995],[-46.77732739,-23.633143569999998],[-46.77731985,-23.63312705],[-46.7772256,-23.63293811999999],[-46.77704132,-23.63253908],[-46.77700024,-23.632435950000005],[-46.77679732,-23.6316253],[-46.77668431,-23.63134389],[-46.77656496,-23.63109052999999],[-46.77635354,-23.63073620000001],[-46.77618379,-23.630655579999992],[-46.77613107,-23.630626619999997],[-46.77593605,-23.630542669999993],[-46.77580787,-23.630468429999997],[-46.77567993,-23.630371350000004],[-46.77556183,-23.6302835],[-46.7753648,-23.630153829999998],[-46.77515783,-23.630026360000002],[-46.77499509,-23.62993811999999],[-46.77479254,-23.629863229999998],[-46.77459473,-23.629808939999997],[-46.77447862,-23.629766799999995],[-46.77434046,-23.62969933],[-46.774153,-23.62960402],[-46.7739876,-23.629534019999998],[-46.77385921,-23.629480339999997],[-46.77371592,-23.62942883],[-46.77354528,-23.629386199999995],[-46.77336971,-23.629338960000002],[-46.77326591,-23.62930606],[-46.77316214,-23.629270880000004],[-46.77301143,-23.62921701],[-46.77290544,-23.62915667],[-46.77281442,-23.62908733],[-46.77274318,-23.62902273],[-46.77267952,-23.628944500000003],[-46.77258911,-23.62881576],[-46.77249103,-23.628709810000004],[-46.77242241,-23.62863153],[-46.77232914,-23.628539329999995],[-46.772238400000006,-23.628442569999997],[-46.77209612,-23.62829511],[-46.77199982,-23.628255420000006],[-46.77186608,-23.628240529999996],[-46.77160076,-23.628240479999995],[-46.77138289,-23.628208859999997],[-46.7712743,-23.628159930000006],[-46.77116344,-23.62809041],[-46.77105501,-23.62802548],[-46.77085289,-23.627909470000002],[-46.7706188,-23.62776804],[-46.77026104,-23.62759583],[-46.77017701,-23.627569960000002],[-46.77010771,-23.62755791999999],[-46.77000858,-23.627552479999995],[-46.76985009,-23.627532799999994],[-46.76969172,-23.627501709999997],[-46.76968721,-23.62750034],[-46.769590380000004,-23.627471099999998],[-46.769467,-23.627412909999993],[-46.76932926,-23.627306600000004],[-46.76916464,-23.627161210000008],[-46.76907435,-23.627021059999993],[-46.76895171,-23.62665444],[-46.76881464,-23.626244290000002],[-46.76857447,-23.625734979999997],[-46.768269890000006,-23.625220549999995],[-46.76814871,-23.625006269999997],[-46.76814816,-23.625005290000004],[-46.76784519,-23.624459799999997],[-46.76744221,-23.62380625999999],[-46.76731196,-23.62367245],[-46.76694331,-23.623357779999996],[-46.76648343,-23.622978880000005],[-46.76601124,-23.62257486],[-46.76560523,-23.62223872],[-46.76546044,-23.622097099999994],[-46.76535173,-23.621894210000004],[-46.7652853,-23.621637789999998],[-46.76524931,-23.621472049999998],[-46.76522297,-23.621389099999995],[-46.76520265,-23.6213293],[-46.76516164,-23.621252009999996],[-46.76485559,-23.620943619999995],[-46.76416348,-23.62039735999999],[-46.76389306,-23.62007578],[-46.76357796,-23.61962302],[-46.76325052000001,-23.619152849999995],[-46.76314774,-23.618984629999993],[-46.76307558,-23.618889769999992],[-46.76301572,-23.6188181],[-46.76297026,-23.61876963],[-46.76241286,-23.61854383],[-46.76232162,-23.61847959],[-46.76185113,-23.618119819999997],[-46.76137253,-23.617762229999997],[-46.76121656,-23.6176457],[-46.76118986,-23.61762574],[-46.76103479,-23.61746671],[-46.76096899000001,-23.61736229],[-46.76094879,-23.617292859999996],[-46.76085422,-23.616707229999992],[-46.76080485,-23.616198939999997],[-46.7606512,-23.615678229999997],[-46.76059909,-23.615482359999987],[-46.76054039,-23.615261769999993],[-46.76049131,-23.615155559999998],[-46.76044533,-23.61509656],[-46.76042944,-23.61507616999999],[-46.76032593,-23.614984899999996],[-46.76021189000001,-23.614903170000005],[-46.759800180000006,-23.61472856],[-46.75966118,-23.614636999999995],[-46.75960132,-23.614565319999997],[-46.75944249,-23.61436586],[-46.75923445,-23.61407171999999],[-46.75917270000001,-23.6139808],[-46.7591065,-23.613918690000002],[-46.75898016,-23.613811839999993],[-46.75882277,-23.613679730000005],[-46.75859031,-23.61339086],[-46.75842939,-23.613191379999996],[-46.75832001,-23.613059669999995],[-46.75822508,-23.612945379999992],[-46.75814217,-23.612883120000006],[-46.75805502,-23.612826619999996],[-46.75788667,-23.61276315],[-46.75775861,-23.612711899999994],[-46.75769517,-23.612686510000007],[-46.75744364,-23.612599259999985],[-46.75735773,-23.612569549999996],[-46.7571378,-23.612493509999997],[-46.75650694,-23.61224172],[-46.75637481,-23.61210791],[-46.75624058,-23.61197864],[-46.75606072,-23.61176235],[-46.75582661,-23.611480119999992],[-46.75577523,-23.611416829999996],[-46.75572381,-23.61137461],[-46.75566096,-23.611335],[-46.7555752,-23.61131118999999],[-46.75547226,-23.61130317],[-46.755355,-23.61132148],[-46.7551633,-23.611389759999994],[-46.75483999,-23.611513230000003],[-46.7545797,-23.61156034999999],[-46.75436123,-23.6115541],[-46.75421002,-23.611523759999994],[-46.75400539,-23.611438099999994],[-46.75384358,-23.611361959999993],[-46.75369368,-23.61125012],[-46.75351998,-23.611124010000008],[-46.75340576,-23.61103835],[-46.75322254,-23.610916999999997],[-46.75302981,-23.610764709999998],[-46.75291321000001,-23.61069809],[-46.75275617,-23.61062194],[-46.75265147,-23.610574350000004],[-46.7525206,-23.61051725],[-46.75244208,-23.61045537999999],[-46.75243494,-23.61036019999999],[-46.7524278,-23.610241230000003],[-46.75243256,-23.610143670000003],[-46.75237783,-23.609908099999995],[-46.75229217,-23.609734400000004],[-46.75219462,-23.609582120000002],[-46.75210658,-23.609436969999997],[-46.75197809000001,-23.60925612999999],[-46.75189956,-23.60909194999999],[-46.75184484,-23.608946800000005],[-46.75180569,-23.60878406],[-46.75179963,-23.60875883],[-46.75172467,-23.608500649999996],[-46.7516747,-23.608247239999997],[-46.75166757,-23.608125890000004],[-46.75169612,-23.608036659999996],[-46.75174609,-23.607943860000002],[-46.75180319,-23.607904600000005],[-46.75185316,-23.60785462999999],[-46.75192812,-23.607697590000008],[-46.75195667,-23.607547679999996],[-46.75198879,-23.6074406],[-46.75202092,-23.607194329999995],[-46.75203876,-23.607058699999996],[-46.75196381000001,-23.60685169],[-46.751828180000004,-23.606655380000003],[-46.75172824,-23.60648763],[-46.75161403,-23.60635914],[-46.75149268,-23.606312739999996],[-46.75129637,-23.606330590000006],[-46.7510501,-23.60633059],[-46.75087520000001,-23.60626991],[-46.75062179,-23.606202090000004],[-46.7503077,-23.606092639999993],[-46.75015066,-23.60599746],[-46.75005072,-23.605816620000002],[-46.74999837,-23.605531089999996],[-46.74989368,-23.60525507],[-46.74979374,-23.605055190000005],[-46.74968904,-23.604917189999995],[-46.74957483,-23.60483152000001],[-46.74942730000001,-23.60474586],[-46.74922267,-23.604679240000007],[-46.74912749,-23.604598339999995],[-46.74906562,-23.604493640000005],[-46.74905135,-23.60440441],[-46.74930556,-23.60441475],[-46.74950068,-23.60441475],[-46.7496601,-23.604395719999992],[-46.74982191,-23.6043624],[-46.74993374,-23.604343370000006],[-46.75006699,-23.604319569999998],[-46.75015741,-23.604305299999993],[-46.75024783,-23.604291020000005],[-46.75032635,-23.604257709999995],[-46.75038584,-23.60421726],[-46.75043819,-23.604138729999995],[-46.7504834,-23.60404356],[-46.75052385,-23.60390317],[-46.75058095,-23.60372947],[-46.75062854,-23.603572420000003],[-46.75069279,-23.603348750000006],[-46.75071896,-23.603282130000004],[-46.75081176,-23.603006109999995],[-46.75088553,-23.602777679999992],[-46.75095929,-23.60261587999999],[-46.75102116,-23.602489769999995],[-46.75108302,-23.602382689999992],[-46.75116154,-23.602280380000007],[-46.75130431,-23.60209002],[-46.75137807,-23.602016259999996],[-46.75147087,-23.601944869999993],[-46.751587470000004,-23.60190204],[-46.7516874,-23.60188301],[-46.751804,-23.601883010000005],[-46.75192059,-23.6018949],[-46.75203956000001,-23.60190918],[-46.75215854,-23.601921079999997],[-46.75226323,-23.601921079999997],[-46.75235603000001,-23.601906799999995],[-46.75246073,-23.601883009999995],[-46.75254401,-23.601856830000003],[-46.75264157,-23.601821139999995],[-46.75274626,-23.60178783],[-46.75285334,-23.601742619999996],[-46.75312936,-23.60163316],[-46.75325309,-23.601585570000005],[-46.75342084,-23.601495750000005],[-46.75356063,-23.601412470000003],[-46.75370638,-23.60131134],[-46.75384022,-23.60122211],[-46.75397109,-23.60112396],[-46.75405735,-23.601070420000006],[-46.75414955,-23.601019859999997],[-46.75426258,-23.600963340000003],[-46.75437857,-23.600936580000003],[-46.75462247,-23.600880059999994],[-46.75490503,-23.600799760000005],[-46.75505077,-23.600767039999997],[-46.75515487,-23.600722419999993],[-46.75532441,-23.60061237],[-46.75554748,-23.600457709999993],[-46.75574974,-23.600311969999996],[-46.75594604,-23.600178119999995],[-46.75622563,-23.59999073999999],[-46.75640707,-23.599859870000003],[-46.75648142,-23.59980930999999],[-46.75660932,-23.599737919999995],[-46.75667773,-23.599711149999997],[-46.75678183,-23.59969628],[-46.75695434,-23.59969926],[-46.75712388,-23.59973792],[-46.75727854,-23.59975874],[-46.75742726,-23.59974684],[-46.75754921,-23.59971413],[-46.757689,-23.59966951],[-46.75789125,-23.599589210000005],[-46.758034020000004,-23.599523770000005],[-46.7581411,-23.59947321],[-46.75823925,-23.59940777],[-46.75833443,-23.599333410000007],[-46.75842663,-23.599223360000003],[-46.75852181,-23.599095469999998],[-46.75857535,-23.598958650000004],[-46.75863186,-23.598854550000002],[-46.75867945,-23.598789109999995],[-46.75880735,-23.598631470000004],[-46.75889063,-23.59854522],[-46.75897093,-23.598467880000005],[-46.75903042,-23.598426240000006],[-46.75922078,-23.59826266],[-46.75926837,-23.598164499999992],[-46.75931001,-23.59805743],[-46.75930703,-23.597959269999993],[-46.75928324,-23.597873019999998],[-46.7592416,-23.59778974],[-46.75916724,-23.597697530000005],[-46.75911073,-23.59759938],[-46.75906909,-23.59747743],[-46.75904827,-23.59735549],[-46.75907801,-23.597242460000007],[-46.7591137,-23.59712050999999],[-46.75918509,-23.59697774999999],[-46.75923565,-23.596882569999995],[-46.75936355,-23.596724929999997],[-46.75949144,-23.59653457],[-46.7596818,-23.596314469999996],[-46.76009226,-23.595838579999995],[-46.76022015,-23.595707709999996],[-46.76029451,-23.595591709999997],[-46.76036887,-23.595437049999997],[-46.76042835,-23.595243710000002],[-46.76046702,-23.59513664],[-46.760508660000006,-23.595053359999994],[-46.76054675,-23.595004060000008],[-46.76055922,-23.59498792],[-46.76062169,-23.59495521],[-46.76070842,-23.594934269999996],[-46.76100805,-23.595200289999998],[-46.76117937,-23.595357329999995],[-46.76129359,-23.595600040000004],[-46.76133642,-23.59579991],[-46.76137925,-23.5960569],[-46.76152201,-23.596328150000005],[-46.761679060000006,-23.596499479999995],[-46.76187893,-23.596685070000007],[-46.76205025,-23.59689922],[-46.76236434,-23.59712765],[-46.76272126,-23.597270419999997],[-46.7630639,-23.597398909999992],[-46.76349221,-23.59758450999999],[-46.76382057,-23.597798659999995],[-46.76397762,-23.598069919999997],[-46.76416322,-23.598312619999998],[-46.7644773,-23.598498219999996],[-46.76474856,-23.5985125],[-46.76501982,-23.59849822],[-46.7652768,-23.59849822],[-46.76559089,-23.598655270000002],[-46.76577649,-23.598926530000007],[-46.76606203,-23.59916923],[-46.76639039,-23.59932626999999],[-46.76673303,-23.59945477],[-46.76716134,-23.59952615],[-46.76747543,-23.59969747],[-46.76787517,-23.599854519999997],[-46.76806077,-23.600111500000004],[-46.76823209,-23.60026854],[-46.76850335,-23.600382760000002],[-46.76877461,-23.60032565],[-46.76910298,-23.600268539999995],[-46.76937424,-23.600311369999996],[-46.76973115,-23.600268540000002],[-46.76998814,-23.600268539999995],[-46.77025939,-23.600311370000004],[-46.77054493,-23.6003542],[-46.77078764,-23.600197160000004],[-46.7709304,-23.599997279999986],[-46.77117311,-23.59979741],[-46.77150147,-23.599654639999997],[-46.7719155,-23.599611809999992],[-46.77220104,-23.59965464],[-46.77260078,-23.599683190000004],[-46.77294343,-23.599768850000004],[-46.77338601,-23.599997279999997],[-46.7737572,-23.600311370000004],[-46.77392852,-23.600425590000004],[-46.77417123,-23.600625460000003],[-46.77432827,-23.600853889999996],[-46.77452815,-23.60111087],[-46.77462809,-23.60145350999999],[-46.77467092,-23.60178188],[-46.77478513,-23.602038859999997],[-46.77505639,-23.602253009999995],[-46.77522771,-23.60246716],[-46.77529909,-23.602795529999995],[-46.77529909,-23.603138169999998],[-46.77552752,-23.60322383],[-46.77574167,-23.60322383],[-46.77599865,-23.60310962],[-46.77624136,-23.602995399999998],[-46.77651262,-23.602938299999998],[-46.77684098,-23.60283836],[-46.777197900000004,-23.60278125],[-46.77761193,-23.602724150000004],[-46.77805451,-23.602624210000002],[-46.77845426,-23.602509990000005],[-46.77896822,-23.602410059999997],[-46.77928231,-23.60239578],[-46.7794227,-23.602543309999994],[-46.7794227,-23.60286453],[-46.77948219,-23.60310248],[-46.77956547,-23.603304729999994],[-46.77969634,-23.6034594],[-46.77992239,-23.60359027],[-46.78011274,-23.603661650000003],[-46.78037448,-23.603792520000006],[-46.78067192,-23.603959090000007],[-46.78092176,-23.60408996],[-46.78112401,-23.604149440000004],[-46.78136196,-23.60414944],[-46.78165939,-23.604018570000004],[-46.78201631,-23.603959089999996],[-46.78226616,-23.60394719],[-46.78246841,-23.60392339],[-46.78263497,-23.60392339],[-46.78280153,-23.603697339999993],[-46.78300379,-23.603530780000003],[-46.78325363,-23.60339991],[-46.78351537,-23.603292839999998],[-46.78374142,-23.603269039999997],[-46.78400316,-23.60338801],[-46.78420542,-23.603602170000002],[-46.78440767,-23.603792519999995],[-46.78480028,-23.60395909],[-46.78512151,-23.604042370000002],[-46.78532376,-23.60414944000001],[-46.7856212,-23.604315999999994],[-46.78597811,-23.604470670000005],[-46.78627555,-23.604577750000004],[-46.78657298,-23.604672920000002],[-46.78700128,-23.60478],[-46.78747717000001,-23.604875180000004],[-46.78773892,-23.60493466],[-46.78791737,-23.60510123],[-46.78809583,-23.60542245],[-46.78839327,-23.60571988999999],[-46.78855983,-23.605957829999994],[-46.78882157000001,-23.606183879999996],[-46.78905952,-23.606338550000004],[-46.78927367,-23.606219569999993],[-46.78945213,-23.606148189999992],[-46.78961869,-23.6061125],[-46.78986853,-23.606076810000005],[-46.79016597,-23.606053010000004],[-46.790392010000005,-23.605862650000006],[-46.7904634,-23.605648499999997],[-46.79057047,-23.60539866],[-46.79068945,-23.60526779],[-46.79092739,-23.605232100000002],[-46.79130811,-23.605208300000008],[-46.79164123,-23.6052321],[-46.79187918,-23.605196410000005],[-46.79211712,-23.605196409999998],[-46.79253353,-23.605172609999997],[-46.79281906,-23.60517261],[-46.79302132,-23.605303480000007],[-46.79312839,-23.605434350000007],[-46.79329496,-23.605589020000004],[-46.79352101,-23.60579127],[-46.79374705,-23.606053009999993],[-46.7940088,-23.60627906],[-46.79417536,-23.606314749999996],[-46.79438951,-23.606314749999992],[-46.79462745,-23.606350439999993],[-46.7948535,-23.606314749999996],[-46.79509145,-23.60624337],[-46.7953175,-23.605981630000002],[-46.79554355,-23.605636609999994],[-46.7957339,-23.605410560000003],[-46.79597185,-23.605136919999996],[-46.7962098,-23.60494656],[-46.79655482,-23.604851380000003],[-46.79694743,-23.60483949],[-46.79711399,-23.604839490000003],[-46.79737573,-23.6047681],[-46.79783973,-23.604780000000005],[-46.79810147,-23.60474430999999],[-46.79832752,-23.604708620000004],[-46.79866064,-23.604768099999994],[-46.79875582,-23.604934659999998],[-46.7988629,-23.605172609999997],[-46.79892238,-23.60539866],[-46.79904136,-23.605731779999992],[-46.79914843,-23.606053009999997],[-46.7992793,-23.60631475],[-46.79935069,-23.606540799999994],[-46.79943397,-23.60683823],[-46.79938638,-23.607135669999995],[-46.799481560000004,-23.607468789999995],[-46.79961243,-23.607659150000007],[-46.79976709,-23.607754330000002],[-46.79996934,-23.607754330000002],[-46.80019539,-23.607754330000002],[-46.80051662,-23.607730530000005],[-46.80084975,-23.60769484],[-46.80121856,-23.607730529999998],[-46.80153979,-23.607718630000004],[-46.80170635,-23.60771863],[-46.80186102,-23.607766219999995],[-46.80203948,-23.607861399999997],[-46.80220604,-23.60801607],[-46.80258675,-23.60818263],[-46.80291988,-23.608349189999995],[-46.80321493,-23.608377740000005],[-46.80338149,-23.608349190000002],[-46.80358137,-23.608330160000005],[-46.80376221,-23.608406299999995],[-46.80389546,-23.608482440000003],[-46.80409057,-23.60858714],[-46.80426189,-23.608706109999996],[-46.80441894,-23.60882508],[-46.80448556,-23.608944059999992],[-46.80452363,-23.609101099999997],[-46.80460453,-23.609205799999998],[-46.804704470000004,-23.609205799999998],[-46.8048282,-23.609153449999997],[-46.8049567,-23.609110620000003],[-46.80510422,-23.609063029999994],[-46.80526127,-23.609048749999996],[-46.80540403,-23.60905826999999],[-46.80558963,-23.60909634],[-46.80577047,-23.60918676],[-46.80595607,-23.609305730000003],[-46.80604649,-23.60935808],[-46.80616546,-23.60941043],[-46.8063463,-23.609467539999997],[-46.80656997,-23.609515129999995],[-46.80676509,-23.60951513],[-46.80694592,-23.609453260000002],[-46.80711725,-23.609377119999998],[-46.80729333,-23.609320009999998],[-46.80745037,-23.609239110000004],[-46.807655,-23.60917724],[-46.80785488,-23.60919152],[-46.80806787,-23.609214649999995],[-46.80767655,-23.608754939999997],[-46.80754203,-23.608398140000006],[-46.80765261,-23.607954870000007],[-46.80784064,-23.607486799999997],[-46.80800389,-23.60710265],[-46.80801358,-23.60686362],[-46.80788036,-23.60660236999999],[-46.8077081,-23.60632963],[-46.80779392,-23.605970270000004],[-46.80791746,-23.60552684],[-46.80771863,-23.60520663],[-46.8075462,-23.604921939999997],[-46.80758214,-23.60470651],[-46.80760282,-23.604324010000003],[-46.80771439,-23.6039524],[-46.80804744,-23.603661829999997],[-46.80845743,-23.603310630000006],[-46.80868843,-23.6031407],[-46.80897045,-23.60291045],[-46.80907168,-23.602730089999998],[-46.80906873,-23.602515099999994],[-46.80880738,-23.602362860000003],[-46.80819627,-23.60222663],[-46.80777973,-23.602100080000007],[-46.80758401,-23.60200679],[-46.80754300000001,-23.601851979999996],[-46.80770788,-23.60158726],[-46.8079771,-23.601369099999992],[-46.80822057,-23.601163189999998],[-46.80838709,-23.60101791],[-46.80847411,-23.600746919999995],[-46.8086006,-23.600518489999995],[-46.8088439,-23.60030063],[-46.8090995,-23.60003485],[-46.80908163,-23.59967669],[-46.80892086,-23.59929631],[-46.8089686,-23.59899711],[-46.80900339,-23.59869807],[-46.80892038,-23.59831678],[-46.80874715000001,-23.597972380000005],[-46.80839018,-23.597462880000005],[-46.80803256,-23.596905599999996],[-46.80776517,-23.596311440000004],[-46.80758998,-23.59582371000001],[-46.80746761,-23.595407040000005],[-46.80747566,-23.595048579999997],[-46.80761429,-23.59476028],[-46.80774077,-23.594531840000002],[-46.80769895,-23.594317300000004],[-46.80746338,-23.594152809999994],[-46.80703243000001,-23.593918909999992],[-46.80673272,-23.59380295],[-46.80657409,-23.59357783],[-46.80666105,-23.593302069999996],[-46.8067608,-23.593014209999993],[-46.80669322,-23.592811919999992],[-46.80680593,-23.592523919999998],[-46.80669735,-23.59216682],[-46.8066278,-23.59182119999999],[-46.80647854,-23.591333170000006],[-46.8062922,-23.59097697],[-46.80596134,-23.59047911],[-46.8057089,-23.590028110000006],[-46.80559999,-23.589647120000002],[-46.80567392,-23.589366739999996],[-46.80573365,-23.588995729999997],[-46.80562573,-23.588686400000004],[-46.8054804,-23.58848501],[-46.805412,-23.588223009999997],[-46.80543367,-23.587912169999992],[-46.80553375,-23.587648199999997],[-46.80580328,-23.587453940000003],[-46.80609594,-23.587056329999996],[-46.8063512,-23.586766670000003],[-46.80660809,-23.58659645],[-46.80704461,-23.586292729999993],[-46.80734054,-23.58613399],[-46.80745292,-23.5858221],[-46.80733105,-23.585441260000003],[-46.80710371,-23.584930250000003],[-46.80699514,-23.584573140000007],[-46.80683423,-23.584180810000003],[-46.80672664,-23.583895369999997],[-46.80653029,-23.583754309999993],[-46.80629736,-23.583780909999994],[-46.80624814,-23.583972610000004],[-46.80609427,-23.584093850000002],[-46.80596468,-23.584095360000003],[-46.80571732,-23.584014619999998],[-46.80548259,-23.58390984],[-46.80515846,-23.583901659999995],[-46.80474426000001,-23.58394231],[-46.80430334,-23.58392354],[-46.80370641,-23.583870740000002],[-46.80332995,-23.583827329999995],[-46.80304404,-23.58377092],[-46.80282195,-23.58364209999999],[-46.80276652,-23.583379939999997],[-46.80254492000001,-23.58328695],[-46.80236137,-23.583133779999997],[-46.80218932,-23.58287298],[-46.80209518,-23.58262321],[-46.80192493,-23.58249378999999],[-46.80159061,-23.582688789999995],[-46.80142622,-23.58298934],[-46.8012743,-23.583253909999996],[-46.80083491,-23.5833474],[-46.80036888,-23.58338864],[-46.79997947,-23.583345369999996],[-46.79960219,-23.583242229999996],[-46.79904155,-23.58299786],[-46.79884651,-23.58295234],[-46.79865262,-23.58299042],[-46.79837143,-23.583280370000008],[-46.79815439,-23.583521799999996],[-46.79801331,-23.58363093999999],[-46.79788388,-23.583644389999996],[-46.7976992,-23.58340760999999],[-46.7974358,-23.583100069999993],[-46.7970543,-23.582686389999996],[-46.79658632,-23.582584290000003],[-46.79607962,-23.582494589999996],[-46.79567595,-23.582355909999997],[-46.79522158,-23.582301429999998],[-46.79467521,-23.582152449999995],[-46.79447741,-23.581903880000002],[-46.794381830000006,-23.58154662],[-46.79435953000001,-23.58124106],[-46.79410501,-23.580823520000006],[-46.79387304,-23.580539500000004],[-46.79326994,-23.58041267],[-46.79304239,-23.58045353],[-46.792762,-23.580420929999992],[-46.79258939,-23.58030824],[-46.79253273,-23.580144039999993],[-46.79253631,-23.579835809999988],[-46.79247071,-23.579585700000006],[-46.79226971,-23.579100639999993],[-46.79193752,-23.578688770000003],[-46.79177929,-23.578489899999997],[-46.79160522000001,-23.578269719999994],[-46.79141619,-23.57809272],[-46.79125855,-23.577936849999993],[-46.79104581,-23.57773145],[-46.79074005,-23.577548619999998],[-46.7905207,-23.577429310000003],[-46.79024041,-23.57740387],[-46.78994477,-23.577392940000003],[-46.78964903,-23.577374840000004],[-46.78946253000001,-23.577384159999998],[-46.78923015,-23.577451339999993],[-46.78910799,-23.577617600000004],[-46.78897678,-23.577690779999998],[-46.78879018,-23.57769293],[-46.78864207,-23.57766597],[-46.788330290000005,-23.57761222],[-46.78779207,-23.577489399999997],[-46.78754930000001,-23.57736318],[-46.78735143,-23.57710743],[-46.78724676,-23.57684344],[-46.78715658,-23.576500439999997],[-46.78706095,-23.57632952],[-46.78701985000001,-23.57616514999999],[-46.78706427,-23.57599979],[-46.78709294,-23.575820269999994],[-46.78691859,-23.57557859],[-46.78666524,-23.575244630000004],[-46.78649118,-23.575024440000004],[-46.78631023,-23.57486884],[-46.78618389,-23.57472694999999],[-46.78595551,-23.574514549999996],[-46.78565094,-23.574417709999995],[-46.78543276,-23.574384379999994],[-46.78529913,-23.574278399999997],[-46.78515793,-23.57418684999999],[-46.78490903,-23.574182539999992],[-46.78442748,-23.574223910000008],[-46.78414059,-23.57428454],[-46.7839466,-23.57431544],[-46.78362055,-23.57435501999999],[-46.78336436,-23.574386630000003],[-46.78308495,-23.57442567],[-46.78277667,-23.574629899999998],[-46.78232718,-23.57474256],[-46.78196263,-23.574811250000003],[-46.78176700000001,-23.57472032],[-46.78169394,-23.5744918],[-46.7816269,-23.574134199999996],[-46.78149902,-23.57387764],[-46.78139456,-23.573627979999998],[-46.78131305,-23.573349379999996],[-46.78129498,-23.573163239999996],[-46.78111959,-23.57284271],[-46.78091551,-23.5727017],[-46.78067333,-23.57261846999999],[-46.78049268,-23.57248436],[-46.78036606,-23.57232096],[-46.78030922,-23.572142419999995],[-46.78027541,-23.571942119999996],[-46.78015734,-23.571835969999995],[-46.77997737,-23.571752019999998],[-46.77988233,-23.57162409],[-46.77987204,-23.571437859999993],[-46.7799087,-23.57127259],[-46.77993738,-23.571093069999996],[-46.77990445,-23.570957269999997],[-46.77980883,-23.57078634999999],[-46.77966734,-23.570673289999995],[-46.77948717,-23.570575010000006],[-46.77919145,-23.570556889999995],[-46.778927880000005,-23.570617249999994],[-46.77870416,-23.57074881999999],[-46.77843272,-23.570802099999998],[-46.77816954,-23.570891119999995],[-46.77797566,-23.570929179999997],[-46.77764951,-23.57096158],[-46.77752511,-23.570962999999995],[-46.77720587,-23.570930819999997],[-46.77686953,-23.57078415],[-46.77647849,-23.5706166],[-46.77608821,-23.57050638000001],[-46.77572117,-23.570388729999998],[-46.7754169,-23.570313370000004],[-46.77522215,-23.570286919999997],[-46.7750513,-23.570303209999995],[-46.77477909,-23.570299149999993],[-46.77452982,-23.570266160000006],[-46.77438046,-23.570146020000003],[-46.77428678,-23.570118419999996],[-46.77413955,-23.570155940000003],[-46.77396083,-23.57016514],[-46.77368017,-23.57011101],[-46.77338425,-23.570078549999998],[-46.77297776,-23.569918329999997],[-46.77278722,-23.569626640000003],[-46.77271321,-23.569326450000002],[-46.77264842,-23.569133669999992],[-46.7725149,-23.569034849999998],[-46.77246662,-23.568913559999995],[-46.7724645,-23.56875589999999],[-46.77250884,-23.568583369999992],[-46.77262520000001,-23.56836941],[-46.7726607,-23.568118140000003],[-46.77261718,-23.567772209999994],[-46.77245576,-23.567332059999995],[-46.7723217,-23.56699911],[-46.77215004,-23.566762149999988],[-46.77212044,-23.566487740000003],[-46.77208988,-23.566141660000007],[-46.77195742,-23.56592815],[-46.77187711,-23.565737929999997],[-46.77193757,-23.56541471],[-46.77183183,-23.565260619999993],[-46.77149398000001,-23.565192789999994],[-46.77136313,-23.56509872],[-46.77114045,-23.56492207],[-46.7709317,-23.56481694],[-46.77050347,-23.56477403],[-46.77023073,-23.56472936],[-46.77006084,-23.56462377999999],[-46.76994007,-23.564314570000008],[-46.76989847,-23.564111959999998],[-46.76971371,-23.563863209999997],[-46.76946561,-23.563722679999994],[-46.7692295,-23.56351035],[-46.76908377,-23.563273089999996],[-46.769028580000004,-23.563022859999993],[-46.76896076,-23.562796659999997],[-46.76885422,-23.562582849999995],[-46.76864531,-23.562465770000003],[-46.76843704,-23.56239645999999],[-46.76808784000001,-23.562448219999997],[-46.76776616000001,-23.56261912],[-46.76743071,-23.56273044],[-46.76725091,-23.56285195],[-46.76707191,-23.563033170000004],[-46.76686923,-23.5633819],[-46.766624480000004,-23.563492189999995],[-46.76635286,-23.56353112],[-46.76612044,-23.56359349],[-46.76581042,-23.56366868],[-46.76582322,-23.563656589999994],[-46.76552489,-23.56363609],[-46.76531422,-23.563387619999993],[-46.76511715,-23.56318678],[-46.76502294,-23.562925039999993],[-46.76494105,-23.562615379999997],[-46.76480733,-23.56230631],[-46.7647659,-23.56211565],[-46.76467042,-23.56175836],[-46.76455045,-23.561508859999996],[-46.76444488,-23.56136671],[-46.76426046,-23.56114183],[-46.76393622,-23.56112162],[-46.76372875,-23.561112030000004],[-46.76345553,-23.56103151],[-46.76333557,-23.56078201],[-46.76323993,-23.560412769999992],[-46.76322315,-23.560126259999997],[-46.76320589,-23.559803919999993],[-46.76298148000001,-23.559495879999997],[-46.7627961,-23.559199339999996],[-46.76270206,-23.558949540000004],[-46.76271151,-23.55868663],[-46.76285084,-23.558446130000004],[-46.76298811000001,-23.558050359999992],[-46.7629323,-23.557752350000005],[-46.76251195,-23.557327070000003],[-46.76226211,-23.557055150000004],[-46.76206251,-23.556663199999996],[-46.76183858,-23.556390979999996],[-46.76154876,-23.55603589],[-46.76123526,-23.55584831],[-46.76088321,-23.55568506],[-46.76060794,-23.555449259999996],[-46.76041105,-23.555260349999998],[-46.76012013,-23.554821650000008],[-46.76003825,-23.55451199],[-46.75996743,-23.554058849999997],[-46.75985948,-23.553737529999992],[-46.759713780000006,-23.553500269999997],[-46.75959384000001,-23.553250759999997],[-46.75947294,-23.552929589999998],[-46.75957165,-23.552558159999993],[-46.75956625,-23.552152060000004],[-46.75952277,-23.551806119999995],[-46.75942603,-23.551353279999997],[-46.75940862,-23.55101898999999],[-46.75953389,-23.55069504],[-46.75964763,-23.55047872],[-46.75978537,-23.55011879],[-46.75970398,-23.549844959999998],[-46.75936331,-23.54956211],[-46.75916516,-23.549277650000004],[-46.75904411,-23.54894454],[-46.75886913,-23.54868097],[-46.75886877,-23.54868043000001],[-46.75919256,-23.548408969999997],[-46.75949595,-23.548132349999996],[-46.75984692,-23.54784087],[-46.76019194,-23.547385799999994],[-46.76035255,-23.54711811],[-46.76055481,-23.546576779999995],[-46.76066783,-23.546142530000004],[-46.76072732,-23.54570828],[-46.76077491,-23.545178849999996],[-46.76074516,-23.54471485],[-46.76066783,-23.54419732],[-46.76067378,-23.54388204],[-46.76069162,-23.543263379999996],[-46.760655930000006,-23.54282913],[-46.76059645,-23.54236514],[-46.76038824,-23.541686989999995],[-46.76028712,-23.541246789999995],[-46.76016814,-23.54079469],[-46.76007891,-23.540312849999992],[-46.76004322,-23.540146290000003],[-46.7599064,-23.53968229000001],[-46.75985286,-23.539396759999995],[-46.75981122,-23.539016039999993],[-46.75979338,-23.53877809999999],[-46.75973984,-23.538212979999994],[-46.75977553,-23.53786795],[-46.759840970000006,-23.537641909999998],[-46.76022763,-23.537052989999996],[-46.760655930000006,-23.53645218],[-46.76086414,-23.53619043],[-46.76096526,-23.53597628],[-46.76098311,-23.535768079999997],[-46.76090578,-23.53548255],[-46.76073921,-23.53500665],[-46.76063809,-23.534590250000004],[-46.76062024,-23.534286870000003],[-46.76060834,-23.53389425],[-46.76051911,-23.53367415],[-46.76037635,-23.533370769999998],[-46.76031686,-23.532960319999994],[-46.76018004,-23.53261529],[-46.76037635,-23.530099009999997],[-46.76037635,-23.529742099999996],[-46.76031881,-23.529590830000004],[-46.76031879,-23.5295903],[-46.76000206,-23.52929037],[-46.75961762,-23.528930360000004],[-46.75920267,-23.528552959999992],[-46.7590191,-23.528391580000005],[-46.75879381,-23.528148849999994],[-46.75847487000001,-23.527865629999997],[-46.75815613,-23.52757405],[-46.75776126,-23.527193690000008],[-46.75732825,-23.52681089],[-46.75695582,-23.52644676],[-46.75680285,-23.526297190000005],[-46.75651009,-23.52598636],[-46.75645776,-23.52590361],[-46.7564547,-23.525897300000004],[-46.75642767,-23.5258416],[-46.75640567,-23.525785249999995],[-46.75639178,-23.525732699999995],[-46.75638992,-23.525704580000003],[-46.75639619,-23.52567837],[-46.75640656,-23.52564469],[-46.75650078,-23.52553275],[-46.7565111,-23.525508429999995],[-46.75651649,-23.525490590000004],[-46.75651732,-23.52548786],[-46.75639972,-23.525121750000004],[-46.75634396,-23.524977300000003],[-46.75623564,-23.524684369999996],[-46.75526601,-23.525004409999998],[-46.75412387,-23.52534705],[-46.75311498,-23.52546126],[-46.7524868,-23.52549933],[-46.75164923,-23.525499329999995],[-46.75102106000001,-23.525366080000005],[-46.75047267,-23.525213049999998],[-46.75020252,-23.525137660000002],[-46.74936495,-23.52477598],[-46.74867967,-23.52405262],[-46.74829895,-23.52332926],[-46.74793727,-23.522377480000006],[-46.74746138,-23.52136859],[-46.74705271,-23.520384089999993],[-46.74868026000001,-23.520492350000005],[-46.74904015,-23.520510200000004],[-46.74919779,-23.52051912],[-46.74936138,-23.520536969999995],[-46.74954876,-23.52059051],[-46.74969748,-23.520644039999997],[-46.74979563,-23.52068271],[-46.74986702,-23.520700559999998],[-46.74996517,-23.520721380000005],[-46.75015553,-23.520733270000004],[-46.75041429,-23.520748140000002],[-46.75057193,-23.52074813999999],[-46.75080096,-23.520765989999994],[-46.75097347,-23.520757070000002],[-46.75114895,-23.5207422],[-46.75134228,-23.52070948],[-46.75145233,-23.52070056],[-46.7515951,-23.520667839999998],[-46.751806280000004,-23.520617269999992],[-46.75196392,-23.520539939999995],[-46.7521513,-23.52043881],[-46.75239519,-23.52026928],[-46.75259447,-23.520120560000002],[-46.75273129,-23.520031329999995],[-46.75287109,-23.519933180000006],[-46.75309119,-23.519784460000004],[-46.75318934,-23.519701179999995],[-46.75322206,-23.519617899999997],[-46.753239900000004,-23.519540569999993],[-46.75323098,-23.519448359999995],[-46.75321313,-23.51930262],[-46.75318042,-23.519017090000002],[-46.75315662,-23.51879104],[-46.75311796,-23.518523350000002],[-46.75307751,-23.518074229999996],[-46.75300969,-23.51749959],[-46.75301683,-23.517342539999994],[-46.75302754,-23.51724617],[-46.75307751,-23.517174790000002],[-46.753134610000004,-23.517106970000007],[-46.75323455,-23.517060570000005],[-46.75337375,-23.51700347],[-46.75347012,-23.51698205],[-46.75400906000001,-23.516810729999996],[-46.75428389,-23.51670722],[-46.75451232,-23.51661798999999],[-46.75471636,-23.516570409999996],[-46.75486805,-23.516540659999997],[-46.75533799000001,-23.51649009999999],[-46.75592096,-23.516433589999995],[-46.75643552,-23.51638897],[-46.75673593,-23.516359230000003],[-46.75687572,-23.51632353999999],[-46.75708392,-23.516284870000003],[-46.75727428,-23.516204559999995],[-46.757452740000005,-23.516115330000005],[-46.75761633,-23.516032049999996],[-46.75776504,-23.51592498],[-46.75782453,-23.51582087999999],[-46.7578632,-23.515728670000005],[-46.75788699,-23.515582930000004],[-46.75789591,-23.515359849999992],[-46.75791079,-23.51469063],[-46.75788699,-23.51456868],[-46.75783643,-23.514461609999998],[-46.75775017,-23.514324790000003],[-46.75768474,-23.51423853],[-46.75759551,-23.514131459999994],[-46.75754494,-23.51404223],[-46.7575271,-23.513961919999996],[-46.75754494,-23.513905410000003],[-46.75759253,-23.51386377],[-46.75765797,-23.513845919999998],[-46.75775612,-23.51385187],[-46.75782453,-23.51385485000001],[-46.75791971,-23.51386079],[-46.75797325,-23.51386079],[-46.75803571,-23.51382213000001],[-46.75807735,-23.513756689999994],[-46.75809519,-23.513655570000005],[-46.75809519,-23.51356634],[-46.7580595,-23.51342653999999],[-46.75802976,-23.513331359999995],[-46.75799704,-23.51323023999999],[-46.75801786,-23.513141010000002],[-46.75804463,-23.51307557000001],[-46.75819037,-23.512968500000003],[-46.75830935,-23.512906039999997],[-46.75838668,-23.512870340000003],[-46.75845211,-23.512840600000004],[-46.7585116,-23.512831680000005],[-46.75856811,-23.51283167999999],[-46.75862462,-23.512846549999992],[-46.75870196,-23.512861419999997],[-46.75877929,-23.512861419999993],[-46.758871490000004,-23.51284952],[-46.75895477,-23.512837629999993],[-46.75909159,-23.512798959999994],[-46.75932954,-23.512706759999997],[-46.75946636,-23.512630609999995],[-46.759577,-23.512573509999996],[-46.75965553000001,-23.512530679999998],[-46.75973405,-23.512491409999992],[-46.75981614,-23.512405749999996],[-46.75982328,-23.512287969999996],[-46.75981614,-23.512102369999997],[-46.75981614,-23.51197388],[-46.75984469,-23.511827549999996],[-46.75991251000001,-23.511706189999998],[-46.76006598,-23.511474200000002],[-46.76017663,-23.511252909999996],[-46.76025515,-23.511085150000003],[-46.76037293,-23.510935249999996],[-46.76054425,-23.510799619999997],[-46.7607941,-23.51066042],[-46.76110462,-23.510481960000003],[-46.76124738,-23.51041771],[-46.76138301,-23.51040701],[-46.76156861,-23.510407010000005],[-46.76176492,-23.51037844999999],[-46.76189341,-23.510324919999995],[-46.7620219,-23.510232119999998],[-46.76210756,-23.51014289],[-46.762146820000005,-23.510042949999995],[-46.76216824,-23.509918030000012],[-46.76213611,-23.5098288],[-46.76208258,-23.50974671],[-46.76195052,-23.50968603],[-46.76184344,-23.50966104999999],[-46.76167569,-23.50966105],[-46.76144369,-23.509675320000003],[-46.76126285,-23.509675319999992],[-46.76117243,-23.509646769999996],[-46.7611296,-23.50954207],[-46.76113436,-23.509451650000003],[-46.76120574,-23.509394549999993],[-46.76135327,-23.509342199999995],[-46.76159122,-23.50925654],[-46.76177681,-23.509170879999992],[-46.76193386,-23.50903287],[-46.76214325,-23.50885679],[-46.76222891,-23.508733059999997],[-46.76233361,-23.50863788],[-46.76246626,-23.508574229999997],[-46.76263758,-23.50856471],[-46.76263701,-23.508464099999998],[-46.76265129,-23.508424839999996],[-46.7627655,-23.508335609999996],[-46.76287258,-23.50824281],[-46.76294396,-23.50816072],[-46.76301534,-23.50804293],[-46.76306174,-23.507942999999994],[-46.76310457,-23.50782878],[-46.76314383,-23.507693150000005],[-46.7631831,-23.507614629999996],[-46.76323663,-23.50754325],[-46.76332586,-23.50741476],[-46.76341866,-23.507279130000004],[-46.763565,-23.507089960000002],[-46.76364352,-23.506954329999992],[-46.76372918,-23.506825840000005],[-46.76380057,-23.50671876],[-46.7638898,-23.506611689999993],[-46.76396475,-23.5065296],[-46.76403256,-23.506443940000008],[-46.76406469,-23.506351139999996],[-46.76408253,-23.506247629999994],[-46.7640861,-23.506140549999998],[-46.76407539,-23.506047749999993],[-46.76406469,-23.505979939999996],[-46.76404684,-23.505894279999996],[-46.76391121,-23.50562658999999],[-46.7637613,-23.505433849999992],[-46.76359712000001,-23.50523398],[-46.76347934,-23.505076929999994],[-46.76331873,-23.50488063],[-46.76321165,-23.504723579999997],[-46.76309744,-23.504555830000005],[-46.76297965,-23.5043738],[-46.76283688,-23.50416322],[-46.76266556,-23.50392052],[-46.76256563,-23.503774179999994],[-46.7623836,-23.503500539999997],[-46.76223607,-23.50323879999999],[-46.7620933,-23.502958019999998],[-46.76197909,-23.50272959999999],[-46.76193626,-23.502577309999996],[-46.76188867,-23.50244406],[-46.76179349,-23.50222991],[-46.76168879,-23.501996719999998],[-46.761650720000006,-23.501863470000004],[-46.76159837,-23.501725459999996],[-46.76154127,-23.50163504],[-46.76138898,-23.50153987],[-46.76124621,-23.501473239999996],[-46.76107013,-23.501382819999996],[-46.76078936,-23.50126860999999],[-46.76061328,-23.501211499999997],[-46.76041816,-23.501092530000005],[-46.76030395,-23.50091169],[-46.76024684,-23.500778439999994],[-46.76018498,-23.50064995],[-46.76014214,-23.500521459999998],[-46.76008147,-23.500348949999996],[-46.76002912,-23.500179999999993],[-46.75997677,-23.500068170000002],[-46.75992204,-23.500003919999997],[-46.75982449,-23.499937299999996],[-46.75968648,-23.49987781],[-46.75951754,-23.49983974],[-46.75934146,-23.499794529999992],[-46.75917013,-23.49978025],[-46.75907734,-23.499780249999993],[-46.75892505,-23.499780249999993],[-46.75877514,-23.49979453],[-46.75863238,-23.49982783999999],[-46.75848723,-23.499851639999992],[-46.7583635,-23.49988495],[-46.75825166,-23.4999135],[-46.75813269,-23.499913499999998],[-46.7580042,-23.49988019],[-46.75788939,-23.499846879999996],[-46.7577496,-23.499820109999998],[-46.75763657,-23.499799290000002],[-46.75751462,-23.49975765],[-46.7574135,-23.49966545],[-46.75735104,-23.499567289999998],[-46.75733914,-23.499463189999997],[-46.75735104,-23.49936504],[-46.75737186,-23.49926689000001],[-46.75742242,-23.499174679999996],[-46.75745514,-23.499091399999998],[-46.75746406,-23.499020019999996],[-46.75744622,-23.49895160999999],[-46.75744622,-23.498874270000005],[-46.75746406,-23.498820739999996],[-46.75747298,-23.4987553],[-46.75747298,-23.49870771],[-46.75744919,-23.49862741],[-46.75743729,-23.498559000000004],[-46.75743729,-23.498460839999993],[-46.75742242,-23.49835674],[-46.75741647,-23.498264539999997],[-46.75739565,-23.498193149999995],[-46.75737186,-23.49811285],[-46.757362930000006,-23.498044439999997],[-46.757362930000006,-23.497973050000002],[-46.75736591,-23.497922489999997],[-46.75732724,-23.497862999999995],[-46.75726776,-23.497767829999994],[-46.7571696,-23.497642899999995],[-46.75691679,-23.497339520000004],[-46.75666099,-23.49710455],[-46.75654797000001,-23.496997479999997],[-46.75648551,-23.496884449999996],[-46.75639925,-23.4967744],[-46.75631895,-23.496697070000003],[-46.75622079,-23.49662866],[-46.75613751,-23.496604859999994],[-46.75604828000001,-23.49659594],[-46.75591146,-23.496589990000004],[-46.75578059,-23.496589990000004],[-46.75563783,-23.4965543],[-46.75557536,-23.496479939999993],[-46.7555248,-23.49636097],[-46.75553075,-23.496227119999993],[-46.7555486,-23.49613195],[-46.75558131,-23.49607841],[-46.75567649,-23.49589995],[-46.75574193,-23.495697689999993],[-46.75579844,-23.495534109999998],[-46.75585198,-23.495400259999997],[-46.75590507,-23.495306269999993],[-46.75604198,-23.495101489999996],[-46.756061120000005,-23.49507287],[-46.7561444,-23.49502826],[-46.75626634,-23.49493903],[-46.75638829,-23.494855750000003],[-46.75649537,-23.494799230000005],[-46.75659352,-23.4947338],[-46.75668572,-23.494701079999995],[-46.7567809,-23.494668359999995],[-46.75687906,-23.494638620000003],[-46.75694746,-23.494611849999995],[-46.75705157,-23.49457319],[-46.75716459,-23.494540469999993],[-46.75727464,-23.494516669999992],[-46.75736387,-23.494504779999996],[-46.75743823,-23.494483959999997],[-46.75749177,-23.494466109999998],[-46.75756612,-23.494463129999996],[-46.75774161,-23.494448259999995],[-46.75786058,-23.49445124],[-46.75797658,-23.494430419999997],[-46.75805986,-23.494430419999997],[-46.75815802000001,-23.49443041999999],[-46.75827699,-23.494430419999993],[-46.75838406,-23.49442447],[-46.75847032,-23.494406620000003],[-46.75855955,-23.494385800000003],[-46.75865175,-23.49435011],[-46.75890095,-23.493992170000006],[-46.75894164000001,-23.493939849999997],[-46.75895959,-23.49387675],[-46.75894892,-23.4938151],[-46.7589092,-23.493790049999998],[-46.75887527,-23.4937598],[-46.75888531,-23.493719459999998],[-46.75894695,-23.493669109999992],[-46.75903535,-23.493612029999998],[-46.75910079,-23.49356174],[-46.75912792,-23.49352686999999],[-46.75913648,-23.493451359999995],[-46.7591582,-23.49339181],[-46.75922151,-23.493359079999994],[-46.75936291,-23.49333247],[-46.75963369,-23.493323039999996],[-46.75980358,-23.493303760000007],[-46.75991785,-23.493312010000004],[-46.76006638,-23.493324140000006],[-46.76016329,-23.493348030000003],[-46.76027347,-23.49337555999999],[-46.76040516,-23.493361150000005],[-46.76047948,-23.493361940000007],[-46.76054977,-23.49338027],[-46.76064693,-23.49338306],[-46.76076147,-23.493368459999992],[-46.76085918,-23.493327320000002],[-46.76095838,-23.49331958],[-46.76105328,-23.493352229999996],[-46.76112352,-23.493374069999994],[-46.76125683,-23.49338253],[-46.76140328,-23.493406930000003],[-46.76149273,-23.493416680000003],[-46.7616167,-23.493409209999992],[-46.76170884,-23.493357449999998],[-46.76179887,-23.4933215],[-46.76204742,-23.493257349999993],[-46.76233415,-23.49318658],[-46.76240914,-23.493132900000003],[-46.76248821,-23.49305641],[-46.76260521,-23.49299614],[-46.76270136,-23.49292686],[-46.76275934,-23.492858950000002],[-46.76284817,-23.492765],[-46.76290997,-23.49269888],[-46.76302318,-23.49263506],[-46.76308833,-23.492605879999992],[-46.7631952,-23.49259296],[-46.76325233000001,-23.49259533],[-46.76333788,-23.4926103],[-46.76353906,-23.492673940000007],[-46.76361321,-23.492687029999995],[-46.76368365,-23.492691290000003],[-46.76374858,-23.49267968],[-46.76383848,-23.49265076],[-46.76395149,-23.49260276],[-46.764053020000006,-23.49255816],[-46.76417762,-23.49249798],[-46.76443484,-23.492342569999998],[-46.76456133,-23.49228242],[-46.76469141,-23.49223988],[-46.76483898,-23.492169410000002],[-46.76496384,-23.492086390000008],[-46.76503864,-23.49204677],[-46.76516828,-23.49203936],[-46.76526731,-23.492042180000006],[-46.76538562,-23.49202586],[-46.7654677,-23.492012669999994],[-46.76554613,-23.491987149999996],[-46.76562693,-23.491924759999996],[-46.76578325,-23.49176301],[-46.76584568,-23.491689989999998],[-46.76618015,-23.49143510999999],[-46.76655492,-23.49088189],[-46.76669719,-23.490371770000003],[-46.76676143,-23.49015048],[-46.7668114,-23.489982730000005],[-46.76683995,-23.489822120000003],[-46.76688278,-23.48971504],[-46.76691134,-23.489607960000004],[-46.76695060000001,-23.48946698],[-46.76698332,-23.48936288000001],[-46.76699819,-23.489273649999998],[-46.76702496,-23.489181449999997],[-46.76707255,-23.489029749999997],[-46.76711419,-23.488910779999998],[-46.76714393,-23.488779909999998],[-46.76718557,-23.48864309],[-46.76720342,-23.488541969999996],[-46.76723019,-23.488431920000004],[-46.76723019,-23.48835756],[-46.76726885,-23.488298069999995],[-46.76730752,-23.48823264],[-46.76735213,-23.488152329999995],[-46.7673908,-23.488074999999995],[-46.76740567,-23.488003609999993],[-46.76741757,-23.48791141],[-46.76744136,-23.487840019999993],[-46.76746516,-23.487780539999996],[-46.76748003,-23.48772699999999],[-46.7675068,-23.487667510000005],[-46.76753059,-23.487616949999996],[-46.76757818,-23.487560440000006],[-46.7676109,-23.487500949999994],[-46.76761982,-23.48742957],[-46.76764362,-23.48734926],[-46.76767634,-23.487280849999994],[-46.76768526,-23.487230289999996],[-46.7677031,-23.487167830000004],[-46.76772987,-23.48710239],[-46.76777746,-23.48702803],[-46.76780721,-23.486968550000004],[-46.7678429,-23.48690311],[-46.76787264,-23.486849569999993],[-46.76790536,-23.486790089999996],[-46.76794105,-23.486718699999997],[-46.76797972,-23.48666814],[-46.76800054,-23.486608649999997],[-46.76802433,-23.486561060000003],[-46.76805407,-23.48652835],[-46.76810464,-23.486456959999998],[-46.768128430000004,-23.486415319999992],[-46.76815223,-23.486370709999996],[-46.76818495,-23.486317170000007],[-46.76821766,-23.48625768],[-46.76825335,-23.486192249999995],[-46.76829202,-23.48614168],[-46.76832474,-23.48608517],[-46.76835746,-23.486043529999993],[-46.76839017,-23.485995940000002],[-46.76843181,-23.485972150000006],[-46.76846453,-23.485924560000004],[-46.76848833,-23.48588589],[-46.76848833,-23.48584128],[-46.7685151,-23.48580261],[-46.76855971,-23.485787739999996],[-46.7686192,-23.48574312],[-46.76889274,-23.48543602],[-46.7691283,-23.485143339999993],[-46.76934245000001,-23.48485781],[-46.7694995,-23.484629379999987],[-46.76962085,-23.484443779999996],[-46.76975648,-23.484272459999993],[-46.76994922,-23.484022619999994],[-46.77006343,-23.483879849999994],[-46.77016337,-23.483722799999995],[-46.77022761,-23.48350865],[-46.77022761,-23.483230250000002],[-46.77022761,-23.4830518],[-46.77022047,-23.48287334],[-46.77018478,-23.48275912],[-46.76998877,-23.482544139999998],[-46.76997093,-23.482429919999994],[-46.76999948000001,-23.48233712],[-46.77003874,-23.482251459999997],[-46.77007087,-23.4821551],[-46.77009942,-23.482087280000005],[-46.77010656,-23.482005189999995],[-46.77009942,-23.481919530000003],[-46.77009585,-23.481837440000007],[-46.7700673,-23.481476949999998],[-46.77004945,-23.481344890000003],[-46.77003874,-23.48124138],[-46.77001733,-23.48114858],[-46.76998164,-23.481102180000004],[-46.76995665,-23.481030800000003],[-46.76993881,-23.48097369],[-46.7699281,-23.48089517],[-46.76987397,-23.48061701],[-46.76974072,-23.48040762],[-46.76958843,-23.480198230000003],[-46.76947422,-23.47993173],[-46.76941711,-23.479541499999996],[-46.76942663,-23.47932258],[-46.76947422,-23.479122710000002],[-46.76953132,-23.47896091000001],[-46.76960747,-23.4787991],[-46.76968361,-23.47866585],[-46.7697312,-23.478532599999998],[-46.7697312,-23.47835176],[-46.76969313,-23.478142369999997],[-46.769657280000004,-23.478016930000003],[-46.76963602,-23.477942500000005],[-46.76958843,-23.477695030000003],[-46.76960747,-23.477409499999997],[-46.76953132,-23.477276249999996],[-46.76947422,-23.477171549999998],[-46.76935048000001,-23.476914569999995],[-46.76934097,-23.476686140000005],[-46.76928386,-23.47646723],[-46.76926482,-23.476267360000005],[-46.76923627,-23.476019889999993],[-46.76923627,-23.475810500000005],[-46.76923627,-23.475534480000004],[-46.76926482,-23.47529653999999],[-46.76940337,-23.47456234],[-46.76965899,-23.474254890000008],[-46.76995211,-23.473973730000004],[-46.77018643,-23.473777289999997],[-46.77037186,-23.473614599999998],[-46.77046338,-23.47355178],[-46.77055382,-23.473549239999997],[-46.77065545,-23.473509579999995],[-46.77072441,-23.473465369999992],[-46.77079846,-23.47343969],[-46.770844970000006,-23.47345348],[-46.77088777,-23.473481179999993],[-46.77096064,-23.47348564],[-46.77118537,-23.47343986],[-46.77154466,-23.47344589999999],[-46.77167536,-23.473466399999996],[-46.77195019,-23.473367829999997],[-46.7719538,-23.473368709999995],[-46.77207395,-23.47334121],[-46.77226529,-23.47329152],[-46.77246634,-23.473241810000005],[-46.7726115,-23.473232529999997],[-46.77269145,-23.4732189],[-46.77273985,-23.47319643],[-46.77279799000001,-23.47318733],[-46.77287069,-23.47318492],[-46.77293852,-23.473175800000003],[-46.77305966,-23.473159840000005],[-46.77315168,-23.47313725],[-46.77320246000001,-23.473096880000007],[-46.77324343,-23.473020759999997],[-46.77326257,-23.47294023],[-46.77331904,-23.472773510000003],[-46.77339671,-23.472679570000004],[-46.77348574,-23.472660079999994],[-46.77356652,-23.47267399999999],[-46.773641680000004,-23.472672529999997],[-46.77374866,-23.472604189999995],[-46.7738318,-23.472487149999996],[-46.77388446,-23.47241127],[-46.7739358,-23.472362349999994],[-46.77405669,-23.472297850000007],[-46.77415811,-23.472238539999996],[-46.77436382,-23.47216099],[-46.77445281,-23.47213766],[-46.77450841,-23.47211312],[-46.77461114,-23.472043560000003],[-46.774741760000005,-23.471982889999996],[-46.77487097000001,-23.471915810000002],[-46.77491088,-23.471901039999995],[-46.77498347,-23.47146649],[-46.77497918,-23.47117627],[-46.77493064000001,-23.47095872],[-46.77493438,-23.470668579999995],[-46.77503778,-23.47014613],[-46.77526592,-23.4698871],[-46.77556916,-23.46960897],[-46.77566129,-23.469438479999994],[-46.775762070000006,-23.469205519999996],[-46.77577997000001,-23.46905244],[-46.7758317,-23.46890922],[-46.77579133,-23.468777489999997],[-46.77566005,-23.468559519999996],[-46.7756452,-23.468223590000004],[-46.77562953,-23.468121559999997],[-46.77571941,-23.467860490000003],[-46.77573375000001,-23.467543040000002],[-46.77568843,-23.467293799999993],[-46.77560331,-23.467087179999996],[-46.77553042000001,-23.466852209999995],[-46.77553874,-23.4665547],[-46.77554601,-23.466418689999994],[-46.77554582,-23.46635921],[-46.7755841,-23.466327970000002],[-46.7755824,-23.46627842],[-46.77553627,-23.466249110000003],[-46.77538645,-23.466009370000002],[-46.77518341,-23.465854539999995],[-46.77511413,-23.465692389999997],[-46.77505293,-23.465520869999995],[-46.77505485,-23.465485409999992],[-46.7750689,-23.465448049999996],[-46.77510931,-23.46543116],[-46.77512935000001,-23.46536952],[-46.77512918,-23.465313540000004],[-46.7751149,-23.465272519999992],[-46.77506411,-23.465203610000003],[-46.77503156,-23.465140239999997],[-46.77502119,-23.46506576],[-46.77498661,-23.465009910000003],[-46.77496425,-23.464972680000002],[-46.77498635,-23.464929769999994],[-46.77495993,-23.46488324],[-46.77485668,-23.46482385],[-46.77478365,-23.46473453999999],[-46.77479758,-23.464661800000002],[-46.77483374,-23.464587129999998],[-46.77481723,-23.464475309999997],[-46.77481083,-23.464393420000004],[-46.77473357,-23.464248450000003],[-46.77463822,-23.46413333],[-46.77451296,-23.46411142],[-46.774434340000006,-23.46414328],[-46.77436758,-23.46410622999999],[-46.77408478,-23.464015829999994],[-46.77392295,-23.46384334],[-46.77382378,-23.46372267],[-46.77368429,-23.463578099999992],[-46.77341983,-23.46344489000001],[-46.77327032,-23.46334118],[-46.77310482,-23.46325795],[-46.77290511,-23.463147160000002],[-46.77274763,-23.463073259999998],[-46.77260861,-23.463043890000005],[-46.77250787,-23.463031150000003],[-46.77247146,-23.46299599],[-46.77246324000001,-23.46295148999999],[-46.77247105,-23.462893989999998],[-46.77248685,-23.46282354],[-46.77250195,-23.462725450000004],[-46.77250526,-23.462657699999998],[-46.7724525,-23.46256745],[-46.77225719,-23.462462949999995],[-46.77215473,-23.46239769],[-46.77203842,-23.4623534],[-46.77192502,-23.46234582],[-46.77185708,-23.462311939999996],[-46.77182313,-23.462246609999998],[-46.77184856,-23.46213407999999],[-46.77187974,-23.46202166],[-46.77187408,-23.461945969999995],[-46.77190779,-23.46182833],[-46.77191053,-23.46177089],[-46.77191036,-23.4617108],[-46.77195309,-23.46152615],[-46.77200381,-23.46135159],[-46.77199232,-23.461174569999994],[-46.77196965,-23.461026459999996],[-46.77191864,-23.460966669999994],[-46.77179454,-23.46091248],[-46.771675810000005,-23.460769740000007],[-46.77154914,-23.46068974],[-46.77143027,-23.460544359999997],[-46.77138817,-23.460461569999993],[-46.77132329,-23.460368300000006],[-46.77130642,-23.46026471],[-46.77124988,-23.460124799999996],[-46.77122422,-23.459982219999993],[-46.77118158,-23.459826639999992],[-46.7711221,-23.459645400000003],[-46.77105123,-23.459479879999996],[-46.77099773,-23.459430789999995],[-46.770829,-23.459327760000004],[-46.77069385,-23.45927631],[-46.77054779,-23.459281850000004],[-46.7704102,-23.45926926],[-46.7702587,-23.45926705],[-46.77012683,-23.459238950000003],[-46.76995864,-23.45920325],[-46.76981591,-23.4591598],[-46.76967025,-23.459020960000004],[-46.76952511,-23.45891598],[-46.76954084,-23.45857844],[-46.76964554,-23.458445190000003],[-46.76974072,-23.458254839999995],[-46.76988348,-23.458093029999993],[-46.76993107,-23.457921709999994],[-46.76991303,-23.45772652],[-46.77009387,-23.45784073],[-46.77018138,-23.45813276],[-46.77027651,-23.458275029999996],[-46.77038219,-23.458431520000005],[-46.770517850000005,-23.458506429999993],[-46.77060761,-23.458634429999993],[-46.77075818000001,-23.458661389999993],[-46.77088279,-23.45868385999999],[-46.7710485,-23.458681980000005],[-46.77130258,-23.458702989999995],[-46.77153045,-23.4587004],[-46.77172174,-23.45867434],[-46.77188784,-23.45870112],[-46.77208111,-23.458823159999998],[-46.77224299,-23.45892167],[-46.77243677,-23.459081929999996],[-46.77263803,-23.459414130000006],[-46.77278693,-23.459703909999995],[-46.77294285,-23.459952040000005],[-46.77304892,-23.460317340000003],[-46.7731445,-23.460493059999994],[-46.77336463,-23.460686459999998],[-46.77369319,-23.460854749999992],[-46.77380015,-23.461106789999995],[-46.77392342,-23.461415980000005],[-46.77404598,-23.461672609999997],[-46.77418919,-23.461924240000002],[-46.77444781,-23.46228445],[-46.77460567,-23.462469009999996],[-46.77482126,-23.462710249999997],[-46.77502668,-23.462965939999997],[-46.77514279,-23.463127079999996],[-46.77537372,-23.463376019999995],[-46.77569987,-23.46372759],[-46.77585869,-23.46398380999999],[-46.77596617,-23.46427407],[-46.7763505,-23.464804799999996],[-46.77672045,-23.46521252],[-46.77688975,-23.465290450000005],[-46.77743642,-23.465112190000003],[-46.77772491,-23.464994229999995],[-46.77824126,-23.464873659999995],[-46.77856080000001,-23.465021579999995],[-46.77868934,-23.465069240000002],[-46.77900296,-23.46515689],[-46.77919717,-23.46515468],[-46.77962271,-23.465144600000002],[-46.77996516,-23.465188469999994],[-46.78034866,-23.465203209999995],[-46.78051781,-23.465139600000004],[-46.78069699,-23.464982260000003],[-46.78084755,-23.46462217],[-46.78090748,-23.464263109999997],[-46.78094295,-23.464011839999998],[-46.78103134,-23.463843589999996],[-46.78117296,-23.463782240000004],[-46.781355,-23.463720599999995],[-46.78204959,-23.463807619999994],[-46.78225739,-23.46385302],[-46.78243591,-23.46403256],[-46.78236726,-23.464320050000005],[-46.78253182,-23.46468654],[-46.78260009,-23.46494857],[-46.7829548,-23.465326780000005],[-46.78317075,-23.46574339999999],[-46.78341554,-23.465901359999997],[-46.78389761,-23.466104419999997],[-46.78455825,-23.466120759999995],[-46.78503747,-23.466127219999994],[-46.78530824,-23.466040499999988],[-46.7858645,-23.465998289999998],[-46.78639502,-23.465968319999998],[-46.78673085,-23.465904739999992],[-46.78716929,-23.465768309999994],[-46.78737162,-23.46540762],[-46.78754758,-23.46501139],[-46.78771187,-23.46471086],[-46.78775996,-23.464435559999995],[-46.78822155,-23.464095779999997],[-46.788593,-23.463792870000002],[-46.78886086,-23.463491159999997],[-46.78918229,-23.463320230000004],[-46.78965892,-23.463135569999995],[-46.79023993,-23.463009440000008],[-46.79062528,-23.462778049999994],[-46.79090818,-23.46263145],[-46.79122815,-23.462353020000002],[-46.79156187,-23.46213416],[-46.79175382,-23.461964719999997],[-46.79189317,-23.46173615],[-46.79215098,-23.461649560000005],[-46.79238515,-23.46173049],[-46.79269846,-23.461918019999995],[-46.79299899,-23.462117649999996],[-46.79336802,-23.46235511],[-46.79361427,-23.462612289999996],[-46.79393892,-23.46268023],[-46.79430257,-23.462759669999997],[-46.79457526,-23.462816259999997],[-46.79501595000001,-23.462847029999992],[-46.79524932,-23.46286822999999],[-46.79556053,-23.462900489999996],[-46.79584747,-23.463052480000005],[-46.79595476,-23.463325989999994],[-46.79597062,-23.463540839999993],[-46.79593252,-23.46378311],[-46.79608454,-23.464304050000006],[-46.79646195,-23.464443059999997],[-46.7965957,-23.46465232],[-46.79674617,-23.46500598],[-46.79681313,-23.465408379999992],[-46.79642276,-23.466225189999996],[-46.79635147,-23.466698760000003],[-46.79635693,-23.467101869999997],[-46.79645266,-23.467477060000004],[-46.79654058,-23.467753779999995],[-46.79663367,-23.4681738],[-46.79685732,-23.468671449999995],[-46.79690369,-23.46898747999999],[-46.79693642,-23.469252900000004],[-46.79685557,-23.46973762999999],[-46.79711753,-23.469823039999994],[-46.7974163,-23.469891269999998],[-46.79775375,-23.469947109999993],[-46.79814299,-23.470002349999998],[-46.79849485,-23.470165530000003],[-46.79868894,-23.470569510000004],[-46.79890221,-23.470406499999996],[-46.79909159,-23.47031448],[-46.79922508,-23.470226929999995],[-46.799440780000005,-23.470090649999992],[-46.79968782,-23.469973119999988],[-46.79984203,-23.469885330000007],[-46.80049568,-23.46957627],[-46.80035856,-23.46920515],[-46.80033641,-23.46871802],[-46.80039722,-23.46858171],[-46.80039041,-23.468345990000003],[-46.80046053,-23.46813873],[-46.80054503,-23.467771909999993],[-46.80093035,-23.46713177],[-46.80104317,-23.467072],[-46.80138735,-23.466963729999996],[-46.80163613,-23.46681317000001],[-46.80178702,-23.46664883000001],[-46.80218133,-23.466293600000004],[-46.80230981,-23.466252659999995],[-46.80245386,-23.46625441],[-46.80258206,-23.46617555],[-46.80263256,-23.46594509],[-46.80263279,-23.465489879999996],[-46.8026963,-23.46532533],[-46.8031326,-23.46506224],[-46.80337327,-23.464821420000003],[-46.80375275,-23.46454915],[-46.80450643,-23.463739770000004],[-46.80495485000001,-23.462941840000003],[-46.80511961,-23.4627777],[-46.80520517,-23.462770599999995],[-46.80524883,-23.46276201],[-46.80531597,-23.46271468],[-46.80536138,-23.462689289999997],[-46.80540666,-23.462631939999994],[-46.80541325,-23.462482319999996],[-46.80558568,-23.461918099999995],[-46.80563268,-23.461797889999996],[-46.8056569,-23.461735959999995],[-46.80573208,-23.46134526],[-46.80573907000001,-23.46127895],[-46.80573444000001,-23.46125103],[-46.80576889,-23.46118776],[-46.80577191,-23.461122570000004],[-46.80579170000001,-23.461096199999997],[-46.80581705,-23.46108888],[-46.80584522,-23.461062640000005],[-46.80584789,-23.46100949],[-46.80583447,-23.46086721],[-46.80579076,-23.460716050000002],[-46.80573266,-23.460622609999998],[-46.8057027,-23.460492099999996],[-46.80566503,-23.46038325],[-46.80566083,-23.46032381],[-46.80568307,-23.46028137],[-46.80568553,-23.46019245],[-46.80565967,-23.460098879999997],[-46.805605230000005,-23.46000252999999],[-46.80560481,-23.459920570000005],[-46.80567706,-23.459776820000002],[-46.80575272000001,-23.459679899999994],[-46.80571638,-23.45948266],[-46.80573767,-23.45928985],[-46.8058399,-23.459105610000005],[-46.80582195,-23.459071879999996],[-46.80568598,-23.458970119999993],[-46.80569408,-23.458893199999988],[-46.80571411,-23.458817809999992],[-46.80569992,-23.458703329999995],[-46.80565187,-23.458620349999997],[-46.80565681,-23.458587379999997],[-46.805694,-23.458543279999997],[-46.80580908,-23.458428230000003],[-46.80581215,-23.458363889999998],[-46.80583588,-23.45834808999999],[-46.8058357,-23.458311999999996],[-46.80585408,-23.458249159999998],[-46.80589309,-23.458227020000002],[-46.80590726,-23.4581778],[-46.80590375,-23.458149859999995],[-46.80588449,-23.458115780000004],[-46.8058058,-23.458087119999995],[-46.80579427,-23.45802816999999],[-46.80582679,-23.45785778999999],[-46.80581204,-23.457825889999995],[-46.80576249,-23.457760509999996],[-46.80573936,-23.45751506],[-46.80579128,-23.456941790000002],[-46.80581413,-23.45687031],[-46.805825,-23.456725129999995],[-46.80581389,-23.45657053],[-46.80577052,-23.456410120000008],[-46.80578263,-23.456254230000003],[-46.80585541,-23.456115909999994],[-46.80592882,-23.456097749999998],[-46.80603222,-23.45614609],[-46.80613413,-23.456152789999997],[-46.80628606,-23.456104529999994],[-46.80634771,-23.456056680000003],[-46.80637452,-23.456000639999996],[-46.80637042,-23.455954259999995],[-46.80633417,-23.455928239999995],[-46.80626321,-23.455922590000004],[-46.80612894,-23.455893429999993],[-46.80600863,-23.45582137],[-46.80597463,-23.455729909999995],[-46.80597439,-23.455683509999997],[-46.80612188,-23.45552224],[-46.80617941,-23.455423240000005],[-46.80620487,-23.455297600000005],[-46.80613093,-23.455194660000004],[-46.80609419,-23.455070459999995],[-46.80615613,-23.45494363],[-46.80639008,-23.45480048999999],[-46.80645957,-23.45474688],[-46.80648991,-23.45455908],[-46.80677006,-23.454262469999996],[-46.80737464,-23.45385562],[-46.80736841,-23.453814549999997],[-46.80739305,-23.45369007],[-46.80752231,-23.453546260000007],[-46.80765299,-23.45344353],[-46.80769976,-23.45341224],[-46.8077752,-23.45333195],[-46.80782312,-23.453289539999997],[-46.80780211,-23.4531808],[-46.80788962,-23.45314671],[-46.80786963,-23.452938579999994],[-46.80793093,-23.45285728],[-46.80810587,-23.452799060000007],[-46.80822626,-23.452688849999998],[-46.80831038,-23.452555069999995],[-46.80835999,-23.452290639999994],[-46.80852521,-23.45196599],[-46.80865809,-23.451800970000008],[-46.80874473000001,-23.451660030000003],[-46.80881242,-23.451367550000004],[-46.80895623,-23.450598839999998],[-46.80899839,-23.450373530000004],[-46.80900361,-23.45034561],[-46.80898516,-23.44902992],[-46.80906634,-23.44876079],[-46.8092382,-23.448191],[-46.80948295000001,-23.445667719999992],[-46.8096317,-23.444134060000007],[-46.80964937,-23.443421319999995],[-46.80962415,-23.44294772],[-46.80968703,-23.442538579999997],[-46.80980161000001,-23.442301149999995],[-46.81000915,-23.442145790000005],[-46.81037164000001,-23.44160578],[-46.8107847,-23.441177180000004],[-46.8113035,-23.440851229999996],[-46.81157580000001,-23.440702629999986],[-46.81180574,-23.44034744],[-46.81185595,-23.439951739999998],[-46.81196324,-23.439544309999995],[-46.8118639,-23.439345179999997],[-46.81170794,-23.43924437999999],[-46.81163839,-23.43909565],[-46.81163554,-23.43895128],[-46.81169308,-23.438798310000006],[-46.81168844,-23.438415989999996],[-46.81164348,-23.43811104],[-46.8116607,-23.438035439999997],[-46.81174535,-23.437939729999993],[-46.811873180000006,-23.437840429999994],[-46.81193316,-23.437762679999995],[-46.8119193,-23.437697720000003],[-46.81184531,-23.437621739999997],[-46.81176447000001,-23.43756794],[-46.81174544,-23.43749029],[-46.81179671,-23.437341220000004],[-46.81185159,-23.4372809],[-46.81195109,-23.437204669999996],[-46.81197776,-23.437185780000004],[-46.81199352,-23.437165579999995],[-46.81199217,-23.437080370000004],[-46.81200541,-23.437013090000004],[-46.81203322,-23.436935709999993],[-46.81198681,-23.43679341],[-46.81201579,-23.43669136000001],[-46.81204852,-23.436648709999996],[-46.81216029,-23.436575599999994],[-46.81229617,-23.436539270000004],[-46.81243884,-23.436300609999996],[-46.81247782,-23.43621452],[-46.812520150000005,-23.436144829999996],[-46.81253246,-23.43612203000001],[-46.81253241,-23.4360947],[-46.812511310000005,-23.4360298],[-46.81257757,-23.43579619999999],[-46.81261941,-23.43572211],[-46.81276771000001,-23.43562122999999],[-46.81279175,-23.43558325],[-46.8128114,-23.435468080000003],[-46.81281274,-23.435420969999996],[-46.81280274,-23.43537781],[-46.812804060000005,-23.435324169999994],[-46.812776940000006,-23.435220839999996],[-46.81277875000001,-23.43518024999999],[-46.81279241,-23.435152779999992],[-46.81284627000001,-23.435134380000004],[-46.81291283,-23.435084569999997],[-46.81294216,-23.435018589999995],[-46.81298926,-23.43492918],[-46.81306178,-23.434876969999998],[-46.81312399,-23.43485879],[-46.81325191,-23.434850089999998],[-46.81344098,-23.43487215],[-46.81358954,-23.434826540000007],[-46.81367603,-23.43482605999999],[-46.81373367,-23.43483022999999],[-46.81374981,-23.43483553],[-46.81380398,-23.43483225],[-46.81394117,-23.43485545],[-46.81399647,-23.4348426],[-46.81404719,-23.434842530000005],[-46.81408636,-23.434837149999993],[-46.81411054,-23.434817969999994],[-46.81414854,-23.43479877999999],[-46.81419665,-23.43462189],[-46.8142715,-23.434552590000003],[-46.81432333,-23.43450462],[-46.8143851,-23.434414090000008],[-46.81461331,-23.43435303],[-46.81467551000001,-23.434334420000003],[-46.81473762,-23.43426765],[-46.81487858,-23.434133579999994],[-46.81497596,-23.43395423999999],[-46.81509419,-23.43383737],[-46.81517229,-23.43372610999999],[-46.81519228,-23.433679769999998],[-46.81531248,-23.43353326],[-46.81531648,-23.433153060000002],[-46.81531919,-23.432708000000005],[-46.81536066,-23.43243703],[-46.81548587000001,-23.43209176],[-46.81563219,-23.431814179999996],[-46.81575427,-23.431675309999996],[-46.81585186,-23.431523589999998],[-46.8159216,-23.431433179999996],[-46.81603648,-23.431171780000003],[-46.81618988,-23.43095225],[-46.81635725,-23.430729460000002],[-46.81657357,-23.43051627999998],[-46.81685984,-23.430332019999998],[-46.81766946,-23.429963969999996],[-46.81779456,-23.429902270000003],[-46.81818594,-23.429742769999997],[-46.81848627,-23.429648850000003],[-46.81928609,-23.429423310000004],[-46.81961316,-23.429346790000007],[-46.82009792,-23.42910846],[-46.82030047,-23.429044490000006],[-46.82046843,-23.42892485999999],[-46.82054597,-23.42888496000001],[-46.82062341,-23.42878536],[-46.820804200000005,-23.42860603],[-46.820963340000006,-23.42838296],[-46.82102776,-23.428235639999993],[-46.82165547,-23.427216070000004],[-46.82173048000001,-23.427104200000002],[-46.8217844,-23.426988619999992],[-46.82182481,-23.426885529999996],[-46.82183481,-23.42680123],[-46.82189217,-23.426710599999996],[-46.82225529,-23.42627898],[-46.82228802,-23.426176],[-46.82231628,-23.426053679999995],[-46.82231002,-23.42601599],[-46.8223285,-23.425966829999997],[-46.82238787,-23.42592445],[-46.82242987,-23.42587182],[-46.82249292,-23.425815740000004],[-46.82257836,-23.4258099],[-46.82267237,-23.425760619999995],[-46.822692120000006,-23.425722879999995],[-46.82270442,-23.425676009999997],[-46.82273278,-23.425609689999998],[-46.82275253,-23.425574240000003],[-46.82276236,-23.425536510000008],[-46.82282278,-23.425390169999996],[-46.82286232,-23.42534896],[-46.82292857,-23.425182240000005],[-46.82292156,-23.425139560000005],[-46.82289027,-23.425104399999995],[-46.822844020000005,-23.42511194],[-46.82281625,-23.425099179999997],[-46.82275484,-23.425037379999992],[-46.8227097,-23.425012900000002],[-46.82269206,-23.42484645],[-46.82271721,-23.42469381999999],[-46.82271133,-23.42463406],[-46.82272168,-23.424600969999997],[-46.82275034,-23.424589149999996],[-46.82277761,-23.42459025],[-46.82286066,-23.424593549999994],[-46.82294852,-23.42452136],[-46.82299919,-23.42443321],[-46.82301518,-23.424371429999997],[-46.82300514,-23.42430168],[-46.82300385,-23.424270799999995],[-46.82301495,-23.42424219],[-46.823136,-23.42401097000001],[-46.82316383,-23.42393204],[-46.82317045,-23.423917320000008],[-46.82316999,-23.42387915999999],[-46.82316634,-23.423854809999998],[-46.82320572,-23.423593650000004],[-46.82326782,-23.423407229999995],[-46.82333169000001,-23.423259169999998],[-46.82334426,-23.423137599999997],[-46.82332989,-23.422946459999995],[-46.82332216,-23.422851890000004],[-46.82333063,-23.422759280000005],[-46.8233176,-23.422715479999997],[-46.82330784,-23.42269061],[-46.82326354,-23.42265085],[-46.8232433,-23.42261455],[-46.82326193,-23.42254467],[-46.82327837,-23.42240335],[-46.82322184,-23.422363019999995],[-46.82318963,-23.42231098],[-46.82313984,-23.422221239999995],[-46.82315131,-23.42210894],[-46.82315028,-23.42207931],[-46.82313856,-23.422061360000004],[-46.8230879,-23.42203269],[-46.82302554,-23.421995059999993],[-46.82297197,-23.421980780000005],[-46.82291164,-23.42198356],[-46.82287078,-23.421998],[-46.82281724,-23.421995379999995],[-46.82277631000001,-23.4219667],[-46.82274519,-23.42194774999999],[-46.82265941,-23.42185286],[-46.82262579,-23.42178079],[-46.82259827,-23.421654900000004],[-46.82260796,-23.421524379999994],[-46.822689700000005,-23.421448710000004],[-46.82271071,-23.42140172],[-46.82269201,-23.421359399999993],[-46.82267085,-23.42131592999999],[-46.82264594,-23.4212911],[-46.82257541,-23.42126358999999],[-46.82253480000001,-23.421228689999996],[-46.82249812,-23.42116249],[-46.82243453,-23.42092452],[-46.82241165,-23.420766879999988],[-46.82241149,-23.420677899999994],[-46.82240212,-23.42064417],[-46.82238946,-23.4206264],[-46.82230162,-23.420585419999995],[-46.82218772,-23.420478829999993],[-46.82216243,-23.420460459999997],[-46.82209722,-23.4204354],[-46.822036690000004,-23.420423219999996],[-46.82198812,-23.42041015999999],[-46.82168278,-23.420328049999988],[-46.82142999,-23.42026277],[-46.82135482,-23.420242639999998],[-46.8210555,-23.42017928],[-46.8208147,-23.42012811],[-46.8207224,-23.420109850000006],[-46.82067197,-23.420093189999996],[-46.82061346,-23.420062119999997],[-46.82056454,-23.420040339999993],[-46.820525720000006,-23.42002969999999],[-46.82047381,-23.42002978],[-46.82042596,-23.420041480000002],[-46.8203751,-23.420058300000004],[-46.8203462,-23.420048650000002],[-46.82031157,-23.420016799999996],[-46.82030288,-23.419984909999993],[-46.82027682,-23.419915170000003],[-46.820276760000006,-23.41987231],[-46.82027344,-23.41983344],[-46.8202365,-23.419714869999996],[-46.8202017,-23.419585339999994],[-46.82021133,-23.419530499999997],[-46.82019713,-23.419442789999994],[-46.82017206,-23.419316240000004],[-46.82015447,-23.419148789999994],[-46.8201316,-23.41904117],[-46.82010012,-23.418957480000003],[-46.82005566,-23.41886185999999],[-46.81992995,-23.418633769999992],[-46.81974144,-23.4183304],[-46.81971418,-23.418217170000002],[-46.81966389,-23.418008250000003],[-46.81977554,-23.417727669999998],[-46.81986674,-23.417457079999995],[-46.8201245,-23.41691874],[-46.82024533,-23.416728159999995],[-46.82030573,-23.416620769999998],[-46.82032851,-23.416543669999996],[-46.82034081,-23.41642312999999],[-46.82034997,-23.41636435],[-46.8203719,-23.416330130000002],[-46.82040775,-23.41630335999999],[-46.82043897,-23.41627339],[-46.82045165,-23.416241320000008],[-46.82045853,-23.41620710999999],[-46.82045492,-23.416132320000003],[-46.82045569,-23.41590362],[-46.82046364,-23.41582132],[-46.82045541,-23.41575294],[-46.82044365,-23.415648229999988],[-46.82042474,-23.415551219999994],[-46.8204271,-23.415499839999992],[-46.820418610000004,-23.415332099999997],[-46.82042913,-23.41525954],[-46.82046178,-23.415207349999996],[-46.82049692,-23.415166489999994],[-46.82054347,-23.415097660000004],[-46.82066932,-23.414961459999994],[-46.82096924,-23.414630769999988],[-46.82130035,-23.414345369999992],[-46.82137561,-23.41430142],[-46.82146309,-23.41421058],[-46.82148351,-23.41417503],[-46.82155138,-23.414123529999994],[-46.82158081,-23.41409855],[-46.82177163,-23.413987899999995],[-46.82181406,-23.413945919999996],[-46.82186208,-23.413898419999995],[-46.82187807,-23.413856159999998],[-46.82187274,-23.413823769999993],[-46.8218656,-23.413760599999996],[-46.82193912,-23.41364546000001],[-46.82202138,-23.413509250000004],[-46.82206694,-23.413463819999997],[-46.82211593,-23.41337302],[-46.82216666,-23.413266009999997],[-46.82218054,-23.413176889999995],[-46.82220327000001,-23.41312501000001],[-46.82226259,-23.412924019999995],[-46.82231667,-23.41273601],[-46.82232352,-23.412637170000004],[-46.82229343,-23.412504359999996],[-46.82228069,-23.412245169999995],[-46.82229978,-23.412125239999995],[-46.82230843,-23.412053949999994],[-46.8223508,-23.412003269999996],[-46.82241528,-23.411964220000005],[-46.82254434,-23.411941119999998],[-46.8226162,-23.411869980000002],[-46.82264084,-23.411762259999996],[-46.82267799,-23.411714080000007],[-46.822752390000005,-23.41167043],[-46.82283928,-23.41166801],[-46.82292626,-23.411715989999998],[-46.8230505,-23.41177766999999],[-46.82320945,-23.411811789999998],[-46.82337576,-23.41180007],[-46.82350228,-23.411744889999998],[-46.82362381,-23.41167367999999],[-46.82363858,-23.4116095],[-46.82364097,-23.411556799999996],[-46.82366129,-23.411505050000002],[-46.82368602,-23.41144018],[-46.82377995000001,-23.411387170000005],[-46.82387506,-23.411392010000004],[-46.823913960000006,-23.411387960000003],[-46.82396255,-23.411366940000004],[-46.82404462,-23.411325920000003],[-46.82408456000001,-23.41130491],[-46.82424656,-23.411253730000002],[-46.82437559,-23.411220349999994],[-46.82445539,-23.411199360000005],[-46.82452053,-23.41115873],[-46.82452808,-23.411136969999998],[-46.82450519,-23.41109973],[-46.82453497,-23.41105918],[-46.82459287,-23.411038020000003],[-46.82468415,-23.411024919999996],[-46.82472275,-23.411003790000002],[-46.82472269,-23.41097624],[-46.82471732,-23.41091792],[-46.82476982,-23.410818989999996],[-46.82479432,-23.410771949999994],[-46.82479593,-23.410694170000003],[-46.82481162,-23.41063256],[-46.82484141,-23.41059849000001],[-46.82489056,-23.410590309999996],[-46.82492216,-23.41058864],[-46.82501171,-23.41059337],[-46.82504857,-23.410578719999993],[-46.82517123,-23.410445649999996],[-46.82526749,-23.41027535],[-46.82529363,-23.410165119999995],[-46.82561912,-23.409535169999998],[-46.82566767,-23.40947822],[-46.82569791,-23.40944923],[-46.82574762,-23.409441179999995],[-46.82579625,-23.40943311],[-46.82587076,-23.40938811],[-46.82598622,-23.40927619],[-46.82608873,-23.40917526],[-46.82621716,-23.409056340000003],[-46.82624406,-23.408989449999993],[-46.82627021,-23.408912300000004],[-46.8262824,-23.408855549999995],[-46.8262489,-23.408782679999995],[-46.82620665,-23.408726009999995],[-46.82606783,-23.408680850000003],[-46.825948350000004,-23.408645380000003],[-46.82588849,-23.408562819999997],[-46.82581097,-23.40842679],[-46.82578617,-23.408308519999995],[-46.825745620000006,-23.408222679999994],[-46.82568583,-23.408170919999993],[-46.82555397,-23.408096559999997],[-46.82541681,-23.40799467],[-46.82529019,-23.40789762],[-46.82504754,-23.40771645],[-46.82476266,-23.407512670000003],[-46.82454977,-23.407395629999993],[-46.82452673,-23.407357119999997],[-46.824512,-23.407299309999992],[-46.82450542,-23.40712007],[-46.82451153000001,-23.407037180000003],[-46.82451134,-23.406935019999995],[-46.82451117,-23.406836719999998],[-46.82447757,-23.406738469999997],[-46.82434076,-23.406154659999995],[-46.82443226,-23.405936720000003],[-46.82458861,-23.40578228],[-46.82469496,-23.405695380000004],[-46.82478845,-23.4056111],[-46.82486317,-23.405537660000004],[-46.82500247,-23.40532014],[-46.82505481,-23.405144059999998],[-46.82509288,-23.404887080000005],[-46.82506433,-23.40467768],[-46.82503102,-23.404501599999996],[-46.82497867000001,-23.404292209999994],[-46.82492156,-23.404111369999995],[-46.82483114,-23.403916250000005],[-46.82473597,-23.40372114],[-46.82465982,-23.40361643999999],[-46.82454561,-23.403545059999992],[-46.82436953,-23.403445120000004],[-46.82417441,-23.403340430000004],[-46.82404592,-23.403230970000006],[-46.82388412,-23.403050130000004],[-46.82382225,-23.402988269999998],[-46.8237937,-23.402931159999998],[-46.8237937,-23.402845499999998],[-46.82379846,-23.402778869999995],[-46.82386508,-23.402712249999997],[-46.82396502,-23.402631349999997],[-46.82404592,-23.402564720000004],[-46.82405544,-23.402498099999995],[-46.8240602,-23.402383880000002],[-46.82403164,-23.4022887],[-46.8239793,-23.40221255999999],[-46.8238746,-23.402160209999995],[-46.82373183,-23.402145939999993],[-46.82358431,-23.402098350000003],[-46.82349865,-23.402003169999993],[-46.82347961,-23.401855640000004],[-46.82343678,-23.401750949999997],[-46.82327022,-23.40163197],[-46.82313221,-23.401503480000006],[-46.82307034,-23.401403540000004],[-46.82304655,-23.40125602],[-46.82302577,-23.401076000000003],[-46.82290748,-23.4010288],[-46.82274316000001,-23.40103314],[-46.82255446,-23.401060079999997],[-46.82233906,-23.401060410000007],[-46.822214710000004,-23.40106059999999],[-46.82211478,-23.40106075],[-46.82198824,-23.401077339999997],[-46.82191728,-23.401130739999996],[-46.82188639,-23.401243510000004],[-46.82194427,-23.401327449999993],[-46.82201552,-23.401431859999995],[-46.82203342,-23.401507669999997],[-46.82195577,-23.401544690000005],[-46.82180496,-23.40165764],[-46.82158976,-23.40176454],[-46.821396730000004,-23.40186321],[-46.82125249,-23.401914660000003],[-46.82116153,-23.401961949999997],[-46.82100842,-23.402027759999992],[-46.82089742,-23.402044329999995],[-46.820799580000006,-23.401966590000004],[-46.82078165,-23.401876439999995],[-46.82080148,-23.40178828],[-46.82090349,-23.401714339999995],[-46.82106771,-23.40165466],[-46.82119423,-23.401619629999995],[-46.82127634,-23.401590799999994],[-46.82131622,-23.401541560000002],[-46.821320580000005,-23.401496459999997],[-46.82131163,-23.40145754],[-46.82128272,-23.401435039999996],[-46.82114944,-23.401412690000004],[-46.82104057,-23.40137392],[-46.82098059,-23.401365809999998],[-46.82089844000001,-23.401374130000008],[-46.82076306,-23.401411230000008],[-46.82058099000001,-23.401423800000003],[-46.8204522,-23.401426049999998],[-46.82030344,-23.401440619999995],[-46.82017685,-23.40143057],[-46.82010794,-23.40138762999999],[-46.82007669,-23.401301599999996],[-46.82005211,-23.401217600000003],[-46.82003423,-23.40114588999999],[-46.82006225,-23.40101676],[-46.820097940000004,-23.400976559999993],[-46.8201385,-23.400956869999998],[-46.8202361,-23.40094424],[-46.82034429000001,-23.400905719999997],[-46.82040899,-23.400870829999995],[-46.82046111,-23.400826139999996],[-46.82048135,-23.400794880000003],[-46.82049385,-23.400761859999996],[-46.82048122,-23.40072619999999],[-46.82043465,-23.400621890000004],[-46.82038911,-23.40056308],[-46.8202777,-23.40041873],[-46.82003276,-23.400198749999998],[-46.81996213,-23.400153359999997],[-46.81983742,-23.400141059999992],[-46.819742700000006,-23.40014119999999],[-46.81963642000001,-23.400167229999997],[-46.819495950000004,-23.4001723],[-46.81945568,-23.400173750000004],[-46.8193756,-23.40016281],[-46.81929422,-23.400151689999998],[-46.81919169,-23.400109910000005],[-46.81909778,-23.400023519999994],[-46.8189594,-23.39992738],[-46.81888293,-23.399869509999988],[-46.81877264,-23.399813469999994],[-46.81870299,-23.399777],[-46.81860236,-23.399715590000003],[-46.8185559,-23.39968444],[-46.81853363,-23.399658599999995],[-46.81848813,-23.39961585],[-46.81845134,-23.399583789999998],[-46.8183681,-23.399521470000003],[-46.8182433,-23.399458320000004],[-46.81813888,-23.399433489999996],[-46.81807703,-23.399445189999998],[-46.81801054,-23.399562149999994],[-46.81794498,-23.39965056999999],[-46.81783109,-23.399744410000004],[-46.81773451,-23.399789159999994],[-46.81769973,-23.399799909999988],[-46.81764177,-23.39981874],[-46.81759828,-23.399817019999997],[-46.81756539,-23.39980904],[-46.81753633000001,-23.39977073],[-46.81752275,-23.399740409999996],[-46.81750718000001,-23.39968513],[-46.81749648,-23.399647669999993],[-46.81745084,-23.39948351],[-46.81740011,-23.399390229999998],[-46.81733845,-23.39930076],[-46.81729328,-23.399268019999997],[-46.8172688,-23.39926892],[-46.81725775,-23.39926933],[-46.81722222,-23.39927948],[-46.81716221,-23.39934896],[-46.81706796000001,-23.39938316],[-46.81699553,-23.39938831],[-46.8169586,-23.39937575],[-46.81693261,-23.399366960000002],[-46.81687522,-23.399372089999996],[-46.81656404000001,-23.39963746999999],[-46.81641793,-23.399712119999993],[-46.816314070000004,-23.399726149999992],[-46.81615827,-23.399733960000006],[-46.8160421,-23.399742959999994],[-46.81590416,-23.399808759999992],[-46.8156447,-23.39994287],[-46.81546991,-23.40003144],[-46.81507641,-23.40012411],[-46.81488646,-23.400144589999996],[-46.81441909,-23.40019699999999],[-46.81399388,-23.400119409999995],[-46.81380245,-23.400078059999995],[-46.81338818,-23.400010539999997],[-46.81317203,-23.39990488999999],[-46.813048800000004,-23.39977262],[-46.81285552,-23.399456299999997],[-46.81279241,-23.39931639],[-46.81280185,-23.399243209999998],[-46.81281136,-23.399207880000002],[-46.81280583,-23.399172570000005],[-46.81277978,-23.39912719],[-46.81274556,-23.399095710000005],[-46.81258125000001,-23.398911790000003],[-46.81249093,-23.39884127999999],[-46.812366450000006,-23.398775879999988],[-46.81228583,-23.398783560000002],[-46.812093190000006,-23.398815369999994],[-46.81197842,-23.39883068],[-46.81177485,-23.398871340000003],[-46.81140181,-23.399054689999996],[-46.81132288,-23.39911439],[-46.81111539,-23.399296089999993],[-46.81101591,-23.399349080000004],[-46.81093248,-23.39937363],[-46.81073495,-23.399455259999993],[-46.81056091000001,-23.399557099999996],[-46.81037076,-23.399660339999997],[-46.81022004,-23.399721559999996],[-46.8100912,-23.399748919999997],[-46.80989188,-23.399722380000004],[-46.80971442,-23.399657919999996],[-46.80956051,-23.399628560000004],[-46.80937151,-23.39962496999999],[-46.80865505,-23.399601069999996],[-46.80848655,-23.399592029999994],[-46.80826088,-23.399573649999997],[-46.80811574,-23.399538859999993],[-46.80793097,-23.39947712],[-46.80783274,-23.399448959999994],[-46.80772564000001,-23.399397849999996],[-46.80767865,-23.399361459999994],[-46.80763016,-23.399311549999997],[-46.80759338,-23.3992562],[-46.80757858,-23.399206210000006],[-46.80759458,-23.399166959999995],[-46.80762671,-23.39913307],[-46.80769401,-23.399100450000002],[-46.80775397,-23.399063790000003],[-46.8078446,-23.398995960000004],[-46.80788693,-23.398944479999997],[-46.807938,-23.39887269],[-46.80791877,-23.398807829999996],[-46.80788055000001,-23.39876466],[-46.80783948,-23.398745829999996],[-46.80766643,-23.398684059999997],[-46.80757706,-23.398684279999994],[-46.80743921,-23.398635940000005],[-46.80730136,-23.398591659999997],[-46.80709752,-23.398519159999996],[-46.80705342,-23.398467879999995],[-46.80702986,-23.398427369999997],[-46.80700483,-23.398382819999995],[-46.80703548,-23.398346229999998],[-46.80717313,-23.398324259999995],[-46.80732838,-23.398306289999994],[-46.80745869,-23.398281629999996],[-46.8077031,-23.39819854],[-46.80778202,-23.398132089999997],[-46.80782272,-23.39802247],[-46.807802,-23.39795085],[-46.807774040000005,-23.397907649999997],[-46.80769632,-23.39788485999999],[-46.80757921,-23.397914889999992],[-46.8073787,-23.39798165],[-46.80714433,-23.397990339999996],[-46.80689055,-23.397874680000005],[-46.8066277,-23.397664400000004],[-46.80636028,-23.397391929999998],[-46.80625293,-23.39725291],[-46.8061323,-23.397080139999993],[-46.80608813,-23.397004529999997],[-46.8059707,-23.3969264],[-46.805888550000006,-23.396887379999992],[-46.80572898,-23.39692969],[-46.80556221,-23.397009889999996],[-46.80534117,-23.397063170000003],[-46.80481476,-23.396977769999996],[-46.80428134000001,-23.396850399999995],[-46.80382456,-23.39675565],[-46.80349907,-23.396688320000003],[-46.80328862,-23.396701459999996],[-46.80302614000001,-23.396679390000006],[-46.80292473,-23.396591339999997],[-46.80292174,-23.39650052],[-46.8029679,-23.3963919],[-46.8031233,-23.396247710000008],[-46.80325682,-23.396098519999995],[-46.80339022,-23.395908969999997],[-46.80349121,-23.39585826],[-46.80365777,-23.395792250000003],[-46.8038135,-23.39576411],[-46.80416892,-23.395783420000004],[-46.80431634,-23.395714940000005],[-46.80438168,-23.395623950000008],[-46.804378570000004,-23.395495279999995],[-46.80432899,-23.39536419999999],[-46.80429319000001,-23.395273460000002],[-46.80415889,-23.395150150000003],[-46.80398633,-23.39509478],[-46.80394821,-23.395082550000005],[-46.80383062,-23.39506771],[-46.80374316,-23.395070439999987],[-46.80359842,-23.39511622],[-46.80341007,-23.39520750999999],[-46.80330364,-23.39527084],[-46.80319721,-23.39533419],[-46.80311257,-23.39536719],[-46.80301692,-23.39538004],[-46.80295939,-23.39533476],[-46.80294269,-23.395231360000004],[-46.80295609,-23.39513545],[-46.80300785000001,-23.395072249999995],[-46.8030651,-23.39502165],[-46.80310319,-23.394958479999996],[-46.80311391,-23.394885279999997],[-46.80305907,-23.394827390000003],[-46.80294139,-23.394779739999997],[-46.80279921,-23.39476494],[-46.80270363,-23.394795459999997],[-46.802611,-23.39490922],[-46.80254023,-23.39501031],[-46.80254876,-23.395126359999995],[-46.802551730000005,-23.39520709],[-46.80249189,-23.395313199999997],[-46.80242102,-23.395384020000005],[-46.80221341,-23.395432460000006],[-46.80200546,-23.395364850000004],[-46.80183864,-23.395337509999997],[-46.80169678,-23.395436249999996],[-46.80154258,-23.395569459999987],[-46.80153862,-23.395572890000004],[-46.801299160000006,-23.39594940999999],[-46.80114405,-23.39619705],[-46.80092445,-23.3968334],[-46.80067116,-23.39715949],[-46.80009839,-23.39760746999999],[-46.79958302,-23.398060349999994],[-46.79920167,-23.398533089999997],[-46.79879300000001,-23.39916586],[-46.79878902,-23.39922801],[-46.79879555,-23.399335070000003],[-46.798805050000006,-23.39939815],[-46.79881357,-23.399481310000006],[-46.79883787,-23.39962417],[-46.79884623,-23.399673400000005],[-46.79889321,-23.39980235],[-46.79891103,-23.399873059999997],[-46.79890598,-23.399918009999997],[-46.79886878,-23.39995443],[-46.79877774,-23.39999289],[-46.79872191,-23.40003031],[-46.79870858,-23.40007623],[-46.79872113,-23.40012018],[-46.79879076,-23.400199369999992],[-46.79887063,-23.4002355],[-46.79898467,-23.40026965],[-46.79912147,-23.400294170000002],[-46.79925415,-23.400327309999998],[-46.79947179,-23.400365019999995],[-46.79961591,-23.40040961],[-46.79969475,-23.400450529999997],[-46.79982986,-23.40061272999999],[-46.79992433,-23.400683239999996],[-46.80004147,-23.400717379999996],[-46.80010368,-23.400736349999992],[-46.80022401,-23.40079627999999],[-46.80032779,-23.400871570000007],[-46.80034763,-23.40092315],[-46.8003706,-23.40098809999999],[-46.80039667,-23.401052080000003],[-46.80042689,-23.401117019999997],[-46.80048718,-23.401191430000004],[-46.80057645,-23.401258130000002],[-46.80071553,-23.401360079999996],[-46.80072182,-23.40138588],[-46.80072012,-23.40140502],[-46.80070978,-23.401521659999997],[-46.800692360000006,-23.401587659999997],[-46.80066354,-23.4016291],[-46.80063976,-23.40166330999999],[-46.80044756,-23.401822479999996],[-46.80028636,-23.401955749999992],[-46.80012812,-23.402040259999996],[-46.80003001,-23.402139919999996],[-46.79988644000001,-23.40227983999999],[-46.79983903000001,-23.402361210000002],[-46.79973082,-23.402554579999993],[-46.79968544,-23.402622570000002],[-46.79962663,-23.402703009999993],[-46.7995626,-23.402766259999996],[-46.79948299000001,-23.402820950000002],[-46.79943651,-23.40286599],[-46.79939928,-23.40288711],[-46.79932687000001,-23.40291788],[-46.79924506,-23.40292477],[-46.79919525,-23.40289335],[-46.79917134000001,-23.4028609],[-46.799180570000004,-23.402774519999998],[-46.79918041,-23.40271862],[-46.79918024,-23.4026596],[-46.79918348,-23.402614559999996],[-46.79917657000001,-23.402552460000003],[-46.7991494,-23.40246399999999],[-46.79912396,-23.402394179999998],[-46.79910024,-23.40233522000001],[-46.79906471,-23.402270079999997],[-46.79901747,-23.402225159999993],[-46.79896688,-23.402183349999998],[-46.79881846,-23.402065689999997],[-46.79873084,-23.402020859999993],[-46.79866349,-23.402005499999994],[-46.79857936,-23.402004149999993],[-46.79849188,-23.402010570000005],[-46.79841624,-23.40204027],[-46.79836246,-23.402062129999997],[-46.7982986,-23.402087139999992],[-46.79821119,-23.402123060000005],[-46.79813389,-23.402155869999994],[-46.79806333,-23.402194869999995],[-46.79801968,-23.402230689999996],[-46.79799298,-23.402306849999995],[-46.79801334,-23.402368920000004],[-46.798052160000005,-23.402407650000004],[-46.79812279,-23.402492670000004],[-46.79811261,-23.402561540000004],[-46.79809404,-23.40258643],[-46.79804853,-23.40261044],[-46.7979491,-23.402606859999995],[-46.79789826,-23.402579249999995],[-46.79785469,-23.402553549999997],[-46.79777893,-23.40250021],[-46.79768568000001,-23.402488010000006],[-46.79759874,-23.402513069999998],[-46.79754813,-23.402560989999998],[-46.79753168,-23.402602140000003],[-46.7974657,-23.40271032],[-46.79743069,-23.40278401],[-46.79727865,-23.402858930000004],[-46.79718347,-23.402873520000004],[-46.79712647,-23.402882249999994],[-46.79684563,-23.402830350000002],[-46.79671400000001,-23.402797210000003],[-46.796597860000006,-23.402751599999988],[-46.79653558,-23.40270396],[-46.796512650000004,-23.40264953],[-46.79652282,-23.402586409999998],[-46.796561,-23.402533739999992],[-46.79660433,-23.402476279999995],[-46.79668384,-23.402390049999998],[-46.79672814,-23.40230581999999],[-46.79674451,-23.40223409],[-46.79672465000001,-23.402171999999997],[-46.79667676,-23.402083210000004],[-46.79667873,-23.40204784],[-46.79672101,-23.401980829999992],[-46.796812,-23.401928989999995],[-46.79702411,-23.401852],[-46.79717316,-23.401821999999992],[-46.79728386,-23.401780639999995],[-46.79733763,-23.401748],[-46.79736438,-23.401683889999997],[-46.797350730000005,-23.40161701],[-46.79731018,-23.401563579999998],[-46.7972168,-23.401506450000003],[-46.79713073,-23.401467460000003],[-46.79699278,-23.401396100000003],[-46.79684342,-23.401321899999996],[-46.79670731,-23.40116929],[-46.79665434,-23.40111397],[-46.79659416,-23.40107587999999],[-46.79650901,-23.400997699999994],[-46.796419840000006,-23.400960640000005],[-46.79634425,-23.400964640000005],[-46.79620658,-23.400993650000004],[-46.79605749,-23.401008349999998],[-46.79591114,-23.40089782],[-46.79583411,-23.400761309999996],[-46.79580371,-23.40063139],[-46.795688250000005,-23.400450999999997],[-46.79556169,-23.400380570000003],[-46.79545598,-23.400354059999998],[-46.79529649,-23.400353489999997],[-46.79495241,-23.400274019999994],[-46.79486129,-23.40028093],[-46.79469771,-23.400298530000004],[-46.794586960000004,-23.40032365],[-46.79451332,-23.40031888],[-46.79440154,-23.40031165999999],[-46.79426357,-23.40023265],[-46.79414944,-23.40015742],[-46.79410364,-23.40007341],[-46.794090880000006,-23.399959680000002],[-46.79407097,-23.399878479999998],[-46.79405734000001,-23.39981543],[-46.79404172,-23.399786789999993],[-46.79400216,-23.399712329999993],[-46.79391087,-23.399659010000004],[-46.79380004,-23.399654499999993],[-46.79369339,-23.39966336000001],[-46.79357749,-23.399697090000004],[-46.79347202,-23.399759480000004],[-46.79337586,-23.399814189999994],[-46.79323921,-23.39983746],[-46.79316879,-23.39983667],[-46.79308592,-23.399831139999993],[-46.79298438000001,-23.39981513],[-46.79286011,-23.39982115999999],[-46.7927141,-23.39982628999999],[-46.7926021,-23.399847799999996],[-46.79259816,-23.399848559999995],[-46.79255173,-23.399909840000003],[-46.79246415,-23.400068719999997],[-46.79240949,-23.40015105],[-46.79240803,-23.40015539],[-46.79236122,-23.400294539999997],[-46.79233043,-23.40039592999999],[-46.79231727,-23.400503019999995],[-46.79231049,-23.40067221999999],[-46.79229312,-23.40075638],[-46.79224684,-23.40086832],[-46.79217262,-23.400991799999996],[-46.79185419,-23.401190420000002],[-46.79176327,-23.401266139999993],[-46.79175213,-23.401355069999997],[-46.791752890000005,-23.40135860999999],[-46.79176367,-23.401408570000005],[-46.79187193,-23.40160711999999],[-46.79207908,-23.401988949999996],[-46.7921274,-23.402232559999995],[-46.79212254,-23.40234727],[-46.79210504,-23.40238076],[-46.79197669,-23.40240687],[-46.7917686,-23.402423609999996],[-46.79115328,-23.402549429999997],[-46.79088761,-23.402546970000003],[-46.79059285,-23.402503330000002],[-46.79031801,-23.402446569999995],[-46.78998558,-23.402372970000002],[-46.78984143,-23.40236205],[-46.78968752,-23.402362429999997],[-46.78957275,-23.402373969999992],[-46.78944827,-23.40240809999999],[-46.78940334,-23.40250177],[-46.78939134,-23.402579589999995],[-46.78940255,-23.402655079999995],[-46.78942716000001,-23.402717030000005],[-46.78945052,-23.402771079999997],[-46.78946048,-23.402837569999996],[-46.78945084,-23.402884929999995],[-46.78943389,-23.402939090000004],[-46.78939244,-23.402966240000005],[-46.78935458,-23.402964080000004],[-46.78933009,-23.402940469999994],[-46.78930803,-23.402916839999993],[-46.78928354,-23.40289436],[-46.78925904,-23.40287188],[-46.78917843,-23.402836229999995],[-46.78908808,-23.402800000000003],[-46.78896624,-23.402743779999994],[-46.78887264,-23.402700129999996],[-46.78875,-23.40266869],[-46.78865672,-23.40267926],[-46.7885165,-23.402706149999997],[-46.78847097,-23.402732810000003],[-46.78843392,-23.40277886999999],[-46.78837312,-23.40285670999999],[-46.78831362,-23.402904769999996],[-46.78821703,-23.402980749999998],[-46.78814351,-23.40303014],[-46.78810016,-23.4030801],[-46.78806805,-23.40313521],[-46.78806394,-23.403173409999997],[-46.78806899,-23.403220669999996],[-46.78809295,-23.403260749999994],[-46.78816889,-23.40332143],[-46.78824897,-23.403357489999998],[-46.7884047,-23.40335712],[-46.78853235,-23.403349040000002],[-46.78887102,-23.403298380000003],[-46.78893276,-23.40329887],[-46.78898398,-23.403303929999996],[-46.78903451,-23.403313519999994],[-46.78911170000001,-23.403324990000005],[-46.78918615,-23.40335458],[-46.78926343,-23.403394539999997],[-46.78932245,-23.403427410000003],[-46.78940889,-23.403484179999996],[-46.78946581,-23.403521600000005],[-46.789484820000006,-23.403542909999995],[-46.78949612,-23.403572010000005],[-46.78948926000001,-23.403597379999997],[-46.78947737,-23.403641340000004],[-46.78939469,-23.40366937],[-46.78931333,-23.4036767],[-46.7892502,-23.40367685],[-46.78920109,-23.403675019999994],[-46.78909453,-23.403699239999995],[-46.78899361,-23.403731860000008],[-46.7889376,-23.40376825],[-46.78878304,-23.403934999999997],[-46.78875864,-23.403988149999993],[-46.78871883,-23.404051700000004],[-46.78864054000001,-23.40414512],[-46.78842771,-23.404296489999993],[-46.78837659,-23.404327679999998],[-46.78829746,-23.40437384],[-46.78823367,-23.404390180000007],[-46.78816278,-23.40437869999999],[-46.788133980000005,-23.404361939999994],[-46.788100220000004,-23.404330939999998],[-46.78809375,-23.40427462999999],[-46.78809916,-23.40420534],[-46.78810672,-23.40415029],[-46.78813867,-23.40403432],[-46.78824464,-23.403808769999998],[-46.78824515,-23.4037395],[-46.78821272,-23.40368519],[-46.78815582,-23.403654250000002],[-46.78809966,-23.403641439999994],[-46.7880212,-23.40367724],[-46.78787145,-23.403802550000005],[-46.78773368,-23.403953719999997],[-46.78761343,-23.404091249999997],[-46.78741539,-23.404257469999997],[-46.78718941,-23.404467119999996],[-46.78695623,-23.40461011],[-46.78675997,-23.40472559],[-46.78673788,-23.40473858],[-46.78655769,-23.40482367],[-46.78647225,-23.404918239999997],[-46.78636721,-23.40499343],[-46.78618085,-23.405023010000004],[-46.78614285,-23.405011120000005],[-46.78604144,-23.40497939],[-46.78600686,-23.404956909999996],[-46.78591737,-23.40489876],[-46.7856835,-23.404613449999996],[-46.78543979,-23.404198699999995],[-46.78540299000001,-23.40414356000001],[-46.78527335,-23.404078489999996],[-46.78505094,-23.40402605],[-46.78485422,-23.40399609],[-46.78445859,-23.4040162],[-46.78434386,-23.40403901],[-46.7838484,-23.40416531],[-46.78379225,-23.404176720000002],[-46.78374097,-23.40417909],[-46.78370189,-23.40417918],[-46.78353838000001,-23.404222409999996],[-46.783490750000006,-23.40422252],[-46.78341618,-23.404199029999997],[-46.78333665000001,-23.404140609999995],[-46.78320204,-23.404041749999994],[-46.78307473,-23.403932719999997],[-46.782938800000004,-23.403800049999994],[-46.7828237,-23.40369212],[-46.78272219,-23.40363375],[-46.78264501,-23.403549409999993],[-46.78260566,-23.403450319999997],[-46.78261988,-23.403295869999994],[-46.78267700000001,-23.403198799999995],[-46.78272324,-23.40313669999999],[-46.78283163,-23.403029369999995],[-46.78289839,-23.402888329999996],[-46.78294568,-23.40276649],[-46.78293905,-23.40261045],[-46.78293653,-23.402551229999997],[-46.782887,-23.40230903],[-46.78289043,-23.40222562],[-46.78290849,-23.402133159999995],[-46.78297382,-23.401914349999995],[-46.78300661,-23.401852290000008],[-46.78305281,-23.401780040000002],[-46.78309054,-23.40173036],[-46.78315734,-23.401603979999994],[-46.78319869,-23.40153963999999],[-46.78322175,-23.40149337],[-46.783255860000004,-23.401461729999994],[-46.7833107,-23.401422149999995],[-46.78340091,-23.40136672],[-46.78343627,-23.401346339999993],[-46.78349234,-23.401311269999997],[-46.78357525,-23.401264860000005],[-46.78363734,-23.401198219999998],[-46.78368355,-23.40112597],[-46.78371267,-23.401061659999996],[-46.783732,-23.40098723],[-46.78374987,-23.40082827],[-46.78376422000001,-23.400722290000004],[-46.78377627,-23.400663660000006],[-46.78379668,-23.400537370000002],[-46.78382929,-23.400411069999997],[-46.78385241,-23.40037720000001],[-46.78389986,-23.400317350000005],[-46.78396543,-23.400185329999996],[-46.78397624,-23.400121059999996],[-46.7839871,-23.40007595],[-46.78401867,-23.400010500000004],[-46.78407839,-23.39996754],[-46.78415741,-23.399843370000003],[-46.78419505,-23.399764379999997],[-46.78420593,-23.39972604],[-46.78420953,-23.399702360000003],[-46.7842252,-23.39963132],[-46.78422503,-23.399568209999998],[-46.78421387,-23.399509620000007],[-46.78419908,-23.39946119],[-46.78417452,-23.399411660000002],[-46.78415121,-23.399374529999992],[-46.78408878,-23.399319449999997],[-46.7840374,-23.399286889999996],[-46.78399702,-23.399256550000004],[-46.78396748,-23.39917322],[-46.7839625,-23.399139419999997],[-46.78395263,-23.399103380000003],[-46.78392321,-23.399064000000006],[-46.7838804,-23.399037049999993],[-46.7838315,-23.399020270000005],[-46.78377652,-23.399007999999995],[-46.78372641,-23.39899121],[-46.78368606000001,-23.39897327],[-46.78366648,-23.398956420000005],[-46.7836371,-23.39893395],[-46.78358349,-23.398831559999994],[-46.78357223,-23.398814109999996],[-46.78352297,-23.398754679999993],[-46.78347874,-23.398738599999998],[-46.78343315,-23.39873871],[-46.78338828,-23.39874205],[-46.78329016,-23.398768179999998],[-46.783209240000005,-23.39880025],[-46.78315705,-23.398820930000007],[-46.78302186,-23.39888338999999],[-46.78298544,-23.39890030999999],[-46.78295601,-23.398911390000006],[-46.78286489,-23.398931669999996],[-46.78281092,-23.398941499999996],[-46.78274014,-23.398962390000005],[-46.78271212,-23.398975399999998],[-46.78267215,-23.398978740000004],[-46.78263772,-23.398954870000008],[-46.78261382,-23.398938089999994],[-46.78255628,-23.398922689999996],[-46.78250999,-23.398923459999992],[-46.78248547,-23.39893581],[-46.78247358,-23.3989449],[-46.78245746,-23.398952709999993],[-46.78243225,-23.398963779999995],[-46.7823916,-23.398972289999993],[-46.78228286,-23.39896478],[-46.78210323,-23.39893349],[-46.78202317,-23.398893539999992],[-46.78193528,-23.39881413],[-46.78188247,-23.398741100000002],[-46.7818402,-23.39867453],[-46.78178956,-23.39862221],[-46.78174876,-23.398579590000004],[-46.78170936,-23.398535010000003],[-46.78161578,-23.39842973],[-46.78147586000001,-23.398301889999995],[-46.78129951,-23.39818772],[-46.78123275,-23.398139979999996],[-46.78118959,-23.39810469],[-46.78118143,-23.398098019999996],[-46.78114283,-23.39808517],[-46.7810383,-23.398078949999995],[-46.78097663,-23.398092680000005],[-46.78088479,-23.398109089999995],[-46.78083784,-23.39812473],[-46.78077626,-23.39817083],[-46.78070773,-23.398244789999996],[-46.78064682,-23.39828378],[-46.78055856,-23.398324119999998],[-46.78040023,-23.39838535],[-46.7802895,-23.39841732999999],[-46.78013388,-23.398446179999997],[-46.77997897,-23.398477620000005],[-46.77986471,-23.398501189999994],[-46.77958222,-23.39855365],[-46.7794687,-23.398588860000004],[-46.77939927,-23.398589670000003],[-46.77931789000001,-23.398582749999996],[-46.77923297,-23.398562240000004],[-46.779150910000006,-23.398563070000005],[-46.77906050000001,-23.398586589999997],[-46.77897433,-23.398619810000003],[-46.77888393,-23.398651089999998],[-46.77880613000001,-23.398666809999998],[-46.77868417,-23.398692989999994],[-46.77854603,-23.398703019999992],[-46.77837704,-23.39871508],[-46.77824661,-23.398724449999992],[-46.77801783,-23.39872768],[-46.77788378,-23.39873973],[-46.77779877,-23.3987411],[-46.77775950000001,-23.398747510000007],[-46.77762217,-23.398775319999995],[-46.77754026,-23.39879893],[-46.77740843,-23.398882010000005],[-46.77733748,-23.398917020000003],[-46.77724761,-23.39894573],[-46.77718346,-23.39896162],[-46.77705261,-23.398953799999994],[-46.77692561,-23.398912039999995],[-46.77675516,-23.39889164],[-46.77664066,-23.39889595],[-46.77648019000001,-23.398883639999998],[-46.77634457,-23.398812279999998],[-46.77628156,-23.398745539999993],[-46.77626356,-23.398692950000004],[-46.77626811,-23.39864909],[-46.77631542,-23.398594619999997],[-46.77654392,-23.39841582],[-46.77669113,-23.39834241],[-46.77696027,-23.3982307],[-46.77708978,-23.398168309999996],[-46.77722337,-23.39808688],[-46.77730656,-23.39803681],[-46.777370100000006,-23.397988709999996],[-46.77738659,-23.397961179999996],[-46.77739851,-23.39792877],[-46.77741067,-23.397861669999994],[-46.77740844,-23.39779066],[-46.77737618,-23.397740789999997],[-46.77730194,-23.397695709999994],[-46.77722616,-23.39767158999999],[-46.7771858,-23.397658749999998],[-46.77705275,-23.39762782],[-46.77685558,-23.39761363],[-46.77672334,-23.397577749999996],[-46.77665505,-23.397563150000007],[-46.77660523,-23.397531719999996],[-46.77655965,-23.397487850000005],[-46.77652507,-23.39745701],[-46.776442610000004,-23.3974038],[-46.77636204,-23.397354699999994],[-46.77621705,-23.397307459999993],[-46.776054210000005,-23.397262149999992],[-46.77593384,-23.39719136999999],[-46.77588059,-23.397117890000008],[-46.77582352,-23.397032839999998],[-46.77576998,-23.396973369999998],[-46.77571019,-23.39690812999999],[-46.77561107,-23.396857690000008],[-46.77549581,-23.396836910000005],[-46.7753573,-23.396821889999995],[-46.77525361,-23.39682753],[-46.77519104,-23.396834040000005],[-46.77504972,-23.39690644999999],[-46.77499242,-23.3969699],[-46.77494855,-23.397025110000005],[-46.7748734,-23.397062960000003],[-46.7746615,-23.397121240000004],[-46.77458281,-23.397146719999995],[-46.77444605,-23.397163029999994],[-46.77428248,-23.39716281999999],[-46.77417881,-23.39716186],[-46.7738473,-23.397114409999997],[-46.77356229,-23.39705299],[-46.77324958,-23.39698080999999],[-46.77305208,-23.396969],[-46.77285368,-23.39696378999999],[-46.77258737,-23.39694777],[-46.77246938,-23.39695586],[-46.7723764,-23.396972229999996],[-46.77218147,-23.3970322],[-46.77206343,-23.39707329],[-46.77171647,-23.397199040000004],[-46.77143179,-23.397374339999995],[-46.77126518,-23.397445919999996],[-46.77116241,-23.39750035],[-46.77110636,-23.397517510000007],[-46.771039460000004,-23.397515999999996],[-46.77091199,-23.397439710000008],[-46.77087170000001,-23.397331940000004],[-46.77083141,-23.397227039999997],[-46.77082690000001,-23.397126510000003],[-46.77081943,-23.396924010000003],[-46.77084305,-23.39675026],[-46.77087744,-23.39664403],[-46.770904040000005,-23.396547839999993],[-46.77092924,-23.396352559999997],[-46.77091999,-23.396299409999997],[-46.77089361000001,-23.396250549999994],[-46.77086314,-23.39620951],[-46.77087366,-23.39610797],[-46.77089393,-23.396013209999996],[-46.77092849,-23.39585384],[-46.77097243,-23.395670099999997],[-46.77099418,-23.395537539999992],[-46.77099297,-23.39549110999999],[-46.77098967,-23.39536483],[-46.77097153,-23.395296430000002],[-46.77094234,-23.395237269999996],[-46.77082097,-23.395130330000008],[-46.77075296000001,-23.395097719999992],[-46.77064837,-23.395061800000008],[-46.77059067,-23.395054939999998],[-46.77055121,-23.395047789999996],[-46.77050723,-23.395023869999996],[-46.77047579,-23.39499455],[-46.77046092,-23.394950729999994],[-46.77045993,-23.394897599999997],[-46.77048432000001,-23.39485056],[-46.77052485,-23.394764360000003],[-46.77055611,-23.39470942],[-46.7705779,-23.39467279],[-46.77060131,-23.394573899999994],[-46.77060752,-23.394529740000003],[-46.77060625,-23.394462359999995],[-46.770592410000006,-23.39439778],[-46.77057705,-23.39432803],[-46.770552220000006,-23.394276580000003],[-46.77052069,-23.394168209999997],[-46.77049571,-23.39410898],[-46.77046512,-23.394049850000002],[-46.77042032,-23.393981869999998],[-46.77037945,-23.393899560000005],[-46.77030812,-23.39376460999999],[-46.7702735,-23.393640740000006],[-46.77026203,-23.393552779999997],[-46.77026173,-23.393462060000008],[-46.77025621,-23.39339215],[-46.770257660000006,-23.393319550000008],[-46.770265290000005,-23.393276659999998],[-46.77027191,-23.393180640000004],[-46.77029662,-23.393151339999996],[-46.77030625,-23.393139899999998],[-46.770370580000005,-23.39312592],[-46.77044794,-23.393132460000004],[-46.770545,-23.39314128],[-46.77064245,-23.393170829999995],[-46.77071999,-23.39318773999999],[-46.77081434,-23.393201789999996],[-46.7709082,-23.393189930000005],[-46.77094439,-23.3931725],[-46.77098878,-23.39314328],[-46.77101182,-23.393098839999997],[-46.77101671,-23.39305988000001],[-46.77101544,-23.3929925],[-46.77096531,-23.39286498],[-46.77094193,-23.39281609999999],[-46.7708308,-23.392655860000005],[-46.77073228,-23.39256929],[-46.77067628,-23.392502789999998],[-46.77060214,-23.392443049999997],[-46.77054949,-23.392406299999998],[-46.77041402,-23.392370879999994],[-46.77029284000001,-23.392348179999995],[-46.77020149,-23.39234445],[-46.77011556,-23.39233027],[-46.77009291000001,-23.39232026],[-46.77007986,-23.392298440000005],[-46.77005783,-23.392246949999997],[-46.77005408,-23.392196460000005],[-46.77005885,-23.392151019999996],[-46.77010553,-23.391869009999994],[-46.77013779,-23.39179202],[-46.77016816,-23.391764320000004],[-46.77019452,-23.391747050000006],[-46.77030242,-23.391736250000005],[-46.77036241,-23.39171585],[-46.77045568,-23.391672889999995],[-46.77050502,-23.391608599999998],[-46.77053198,-23.391548560000004],[-46.770536,-23.391462950000005],[-46.77052471,-23.39138537],[-46.77049351,-23.39118051000001],[-46.77048789,-23.391143600000003],[-46.77049031,-23.390972490000003],[-46.770499,-23.39061206],[-46.77050231,-23.39041371],[-46.77050102,-23.39034505],[-46.77049852,-23.390286769999996],[-46.77047628,-23.390223620000004],[-46.77046739,-23.390123969999998],[-46.77048373,-23.39002132],[-46.77049198,-23.389936949999992],[-46.77049786,-23.389875950000004],[-46.77051363,-23.389818679999994],[-46.77050052,-23.38964392],[-46.77047811,-23.389421369999994],[-46.77044504,-23.389230090000005],[-46.77041488,-23.389119109999996],[-46.77031785,-23.388907690000003],[-46.77025082,-23.38877328],[-46.7701575,-23.38861251],[-46.77003297,-23.388500229999995],[-46.76984604,-23.388378579999998],[-46.76975983,-23.38833413],[-46.76964569,-23.388282799999995],[-46.76955000000001,-23.388262340000008],[-46.76926513,-23.38831821],[-46.76914721,-23.38838239999999],[-46.76899993,-23.38846905],[-46.76883601,-23.388621940000007],[-46.76866104,-23.388927119999998],[-46.76853175,-23.38912711],[-46.76842344,-23.38928094],[-46.76829384,-23.38935815],[-46.76814498,-23.38936052],[-46.76800734,-23.38932607],[-46.76789871,-23.38925082],[-46.76785122,-23.389152610000004],[-46.76781621,-23.389085360000003],[-46.76779262,-23.388993869999993],[-46.76779279,-23.388942290000006],[-46.76777212,-23.388873149999995],[-46.76770359,-23.388745829999998],[-46.767666090000006,-23.388630639999995],[-46.76765569,-23.388501339999994],[-46.76769378,-23.388403890000003],[-46.76780962,-23.38825678999999],[-46.76792358,-23.388130770000004],[-46.76804308,-23.38794904],[-46.76811065,-23.38784718],[-46.76814925,-23.38778791999999],[-46.76816113,-23.387679600000002],[-46.76811814,-23.387610649999992],[-46.76803092,-23.387511249999996],[-46.76787453,-23.387323149999997],[-46.76769856,-23.38704374],[-46.76759073,-23.386904339999997],[-46.76741346,-23.386767900000002],[-46.76729342,-23.386718499999994],[-46.76720189,-23.386707129999998],[-46.766958,-23.386723829999994],[-46.76672427,-23.38675322],[-46.76663533,-23.38677478999999],[-46.76650492,-23.386808019999993],[-46.76633431,-23.3868144],[-46.76619586,-23.386735979999997],[-46.76556411,-23.3862879],[-46.7654863,-23.386193809999995],[-46.76537115,-23.38605456999999],[-46.76522291,-23.385771060000003],[-46.76497852,-23.38544143],[-46.7648707,-23.385302039999992],[-46.76477311,-23.385175029999996],[-46.76468092,-23.38514747],[-46.76451263,-23.38511396],[-46.76449878,-23.385073190000004],[-46.76443419000001,-23.38498001],[-46.76439443,-23.384954059999995],[-46.76433377,-23.384930849999996],[-46.76409275,-23.384925019999994],[-46.7639809,-23.384965470000004],[-46.76390372,-23.38503921],[-46.76384301,-23.38515379],[-46.76385217,-23.385223739999997],[-46.76389595,-23.385324570000005],[-46.76396316,-23.38541777],[-46.76406232,-23.385539470000005],[-46.76416423,-23.385668379999995],[-46.76438666,-23.3859404],[-46.76446173,-23.386033469999997],[-46.76448158,-23.386115339999996],[-46.76447964,-23.386151629999997],[-46.764456270000004,-23.386198999999998],[-46.76432996,-23.386235269999997],[-46.76424122,-23.386236779999994],[-46.764005,-23.38620378],[-46.76383348,-23.38618318],[-46.76369957,-23.3861667],[-46.76345138,-23.386173970000005],[-46.76327995,-23.386214470000006],[-46.76313261,-23.386261870000002],[-46.76274626,-23.38642069000001],[-46.76262154,-23.386505549999992],[-46.76243816,-23.386597439999996],[-46.76228183,-23.3866643],[-46.76207743,-23.3867826],[-46.76177539,-23.386985729999996],[-46.76170173,-23.38702192999999],[-46.76157545,-23.38707347],[-46.76151381,-23.387091599999998],[-46.7614296,-23.387106989999996],[-46.761351350000005,-23.38709181],[-46.76122035000001,-23.387017009999994],[-46.76115853,-23.38691851],[-46.76107863,-23.386808920000004],[-46.76098515,-23.386670189999997],[-46.76090218,-23.386520339999997],[-46.76080421,-23.386399669999996],[-46.76075601000001,-23.386351130000005],[-46.76069417,-23.386244299999994],[-46.76057059,-23.386097279999998],[-46.76052539,-23.38605289999999],[-46.76037033,-23.385976739999997],[-46.76028761,-23.385983789999994],[-46.76024704,-23.38601578],[-46.76021854,-23.38606581],[-46.76016603,-23.38615474],[-46.76013901,-23.386193660000004],[-46.76001756,-23.386449300000002],[-46.75997259,-23.38654657],[-46.75994859,-23.386596580000003],[-46.75990953,-23.38663135],[-46.75987947,-23.38664249],[-46.75976962,-23.386625979999998],[-46.75966881,-23.386606669999992],[-46.75950626,-23.386551349999994],[-46.75927734,-23.386444479999994],[-46.75914774,-23.386389380000008],[-46.75898637,-23.38633321],[-46.75879449,-23.386308649999997],[-46.75854757,-23.3862334],[-46.75839073,-23.386162110000004],[-46.75828605,-23.38617469],[-46.75823871,-23.38617984],[-46.75820127,-23.386184959999998],[-46.75815508,-23.38621957999999],[-46.75813643,-23.38626636],[-46.75813429,-23.386307019999997],[-46.75812993,-23.38633447000001],[-46.75808596,-23.38638332],[-46.75805846,-23.386403679999997],[-46.75791098,-23.386450629999995],[-46.75771944,-23.386489500000003],[-46.75761924,-23.38648963],[-46.75751573,-23.38649079],[-46.75740564,-23.386505159999995],[-46.75732087,-23.386517469999998],[-46.75716757,-23.386535849999998],[-46.75706823,-23.38654714999999],[-46.75700691,-23.386555189999996],[-46.75694731,-23.386568039999997],[-46.75684888,-23.386607239999996],[-46.75676775,-23.38665758],[-46.75671424,-23.38669592999999],[-46.75666417,-23.386725509999998],[-46.756593380000005,-23.386756699999996],[-46.75653299,-23.3868118],[-46.756488100000006,-23.386833389999996],[-46.75645959,-23.386835819999998],[-46.75642416,-23.386831879999995],[-46.7563922,-23.38683032],[-46.75636542,-23.386837540000005],[-46.75634902,-23.38684554],[-46.75632742,-23.38684716],[-46.75628767,-23.38684082],[-46.75625138,-23.386834499999996],[-46.75619695,-23.386839350000002],[-46.75613822,-23.386849],[-46.75604754,-23.38687223999999],[-46.75597413,-23.386889080000003],[-46.75592317,-23.386898719999998],[-46.75581177,-23.386929170000002],[-46.7557401,-23.386955580000002],[-46.75568486,-23.38699073],[-46.75565467,-23.38702187],[-46.75563311,-23.38704743],[-46.755577880000004,-23.387084179999995],[-46.75553125,-23.38710338],[-46.75548288,-23.38710743],[-46.75545437,-23.387111449999992],[-46.755438840000004,-23.387119450000004],[-46.7554091,-23.387161399999997],[-46.7554064,-23.387210120000002],[-46.75540088,-23.387239189999995],[-46.75538796,-23.38726314],[-46.75536391000001,-23.387280260000004],[-46.75533893,-23.387298240000003],[-46.75509831,-23.38737035],[-46.75486199,-23.387410690000003],[-46.75479885,-23.38742881],[-46.75475673,-23.387419159999997],[-46.75467092000001,-23.387365130000003],[-46.7545566,-23.387349999999994],[-46.75450246,-23.387350079999997],[-46.75444838,-23.387384659999995],[-46.7543472,-23.38752852],[-46.75432903,-23.387577759999996],[-46.75429829,-23.38766457],[-46.75424507,-23.387730699999995],[-46.75423394,-23.387798060000012],[-46.75428193,-23.387980629999994],[-46.75427925,-23.388064819999986],[-46.7542794,-23.38816715],[-46.75428654000001,-23.38824614],[-46.75433022,-23.388365249999996],[-46.75434301,-23.38847143],[-46.75429119,-23.388536259999995],[-46.75422534,-23.38861146999999],[-46.75411608,-23.38872818],[-46.75407686,-23.38877615000001],[-46.75408121,-23.3888694],[-46.75413583,-23.38908530999999],[-46.75415414,-23.389133680000004],[-46.7541656,-23.3891747],[-46.75423081,-23.389335580000004],[-46.75422874,-23.389387849999995],[-46.75422751,-23.389418690000003],[-46.754198,-23.3895029],[-46.75416391,-23.389568160000003],[-46.75403408,-23.389633559999993],[-46.75381191,-23.389688539999998],[-46.75360563,-23.389700379999997],[-46.75349959,-23.389675269999998],[-46.75324765,-23.38970564],[-46.75311255,-23.38973485999999],[-46.75305516,-23.389734929999996],[-46.75292184,-23.389731649999998],[-46.75279588,-23.38967372999999],[-46.75267927,-23.389636680000002],[-46.75263064,-23.38961567999999],[-46.75257509,-23.3896121],[-46.75253541,-23.389611229999993],[-46.75250665,-23.389614919999996],[-46.75244121,-23.389625999999996],[-46.75238173,-23.38965171],[-46.75231338,-23.38971405],[-46.7522807,-23.38975071],[-46.75223218,-23.389802049999993],[-46.75220154,-23.38987533],[-46.75219565,-23.389919280000008],[-46.7521957,-23.389953159999994],[-46.75220468,-23.389986109999995],[-46.75219982,-23.390051119999995],[-46.75218397,-23.390072199999995],[-46.752151270000006,-23.390094209999997],[-46.75213545,-23.39012443999999],[-46.75212957,-23.390170229999995],[-46.7521445,-23.39020683],[-46.75215247,-23.39023062999999],[-46.75214654,-23.39024345],[-46.75212473,-23.390250799999997],[-46.752091990000004,-23.390246270000002],[-46.75206521,-23.390246309999988],[-46.75204438,-23.390247239999997],[-46.7520295,-23.39024086],[-46.75201262,-23.390230799999994],[-46.75199376,-23.390223500000005],[-46.75195439,-23.390215419999993],[-46.75187429,-23.390188579999997],[-46.75181752,-23.390157850000005],[-46.75177663,-23.39014096],[-46.75173993,-23.390141780000004],[-46.75171159,-23.390152599999997],[-46.75169409,-23.390164170000002],[-46.7516674,-23.390164199999994],[-46.75162735,-23.39015655],[-46.75158694,-23.39013275],[-46.75154324,-23.39009905],[-46.7514665,-23.390054519999993],[-46.75142164,-23.390031709999995],[-46.75136854,-23.390013269999997],[-46.75129298,-23.38996872999999],[-46.75120682,-23.389926390000003],[-46.75114897,-23.389877489999996],[-46.75109823,-23.389857959999997],[-46.75107935,-23.389853629999998],[-46.75107273,-23.389837540000002],[-46.75107626,-23.389804539999997],[-46.75107801,-23.389778959999994],[-46.75103324,-23.389726219999993],[-46.750990310000006,-23.38970070999999],[-46.75096348,-23.38968589],[-46.75095539,-23.38966034],[-46.750927620000006,-23.38961417000001],[-46.75088381,-23.389595250000003],[-46.75084716,-23.38959777999999],[-46.75081232,-23.38959947],[-46.75078013,-23.389586309999995],[-46.75070361000001,-23.389539859999992],[-46.75063314,-23.389524950000006],[-46.75055322,-23.389516289999992],[-46.75049769,-23.389525120000002],[-46.75046114,-23.389536409999995],[-46.75043406,-23.389551449999992],[-46.75039885,-23.389552740000003],[-46.75036635,-23.38956028999999],[-46.75027887,-23.38958664999999],[-46.75022164,-23.38957961],[-46.75016661,-23.389562419999997],[-46.750137970000004,-23.38956451],[-46.75009838,-23.389579789999992],[-46.75004149,-23.389603009999995],[-46.75003351000001,-23.389606269999994],[-46.74999957,-23.38961795],[-46.74995655000001,-23.389632759999994],[-46.74990924,-23.389637909999994],[-46.74985091,-23.389617679999997],[-46.74973427,-23.389589410000003],[-46.74961214,-23.389555040000005],[-46.74949775,-23.389551129999997],[-46.74936253,-23.38959394],[-46.74930977000001,-23.389621409999993],[-46.74925703,-23.38965498],[-46.74919225,-23.3897312],[-46.7491329,-23.38975971],[-46.74908671,-23.38976484000001],[-46.74905149,-23.3897466],[-46.74904485,-23.38972022],[-46.74905911,-23.389695829999994],[-46.74909096,-23.389662289999993],[-46.7491085,-23.389625719999998],[-46.74910737,-23.38960543],[-46.74909303,-23.389570919999997],[-46.7490545,-23.38955372],[-46.748999520000005,-23.389561909999998],[-46.74895006,-23.389587349999996],[-46.74890942,-23.38962699],[-46.74888641,-23.389682860000004],[-46.74883038,-23.389725559999995],[-46.74877653,-23.389752029999993],[-46.74869475,-23.389744150000002],[-46.74865631,-23.38973183],[-46.74860983,-23.3897121],[-46.74854995,-23.389694859999988],[-46.74848024,-23.389681749999998],[-46.748445360000005,-23.389657879999994],[-46.74842924,-23.389633159999992],[-46.74842474,-23.389609250000003],[-46.74842292,-23.38958616],[-46.74841575,-23.38956967999999],[-46.74839072,-23.389556520000006],[-46.74835588,-23.389557389999997],[-46.7483282,-23.389563189999997],[-46.74824958,-23.38956742],[-46.74814055,-23.389539509999995],[-46.74807799,-23.389528049999992],[-46.74800475,-23.389538860000002],[-46.74792796,-23.389562869999995],[-46.74782436,-23.389591029999995],[-46.74772258,-23.389627439999995],[-46.747638640000005,-23.38965311],[-46.74756936,-23.38966357999999],[-46.74750598,-23.389642210000005],[-46.7474208,-23.389476570000003],[-46.74738062,-23.389404819999992],[-46.74731453,-23.389350490000005],[-46.74724377,-23.389333179999998],[-46.74718715,-23.38934145],[-46.74700846,-23.389366699999997],[-46.74678196,-23.389405559999997],[-46.7466984,-23.389427989999994],[-46.74664786,-23.389466640000002],[-46.74658859,-23.38954995],[-46.74653807,-23.389600770000005],[-46.74647243,-23.389630250000003],[-46.74646553,-23.38963335],[-46.746366570000006,-23.38964768],[-46.74624120000001,-23.389655969999996],[-46.74608064,-23.389668339999993],[-46.74594423,-23.389648199999993],[-46.74584962,-23.389630049999994],[-46.74566908,-23.389510480000002],[-46.74548342,-23.389380569999993],[-46.74538206,-23.389383430000002],[-46.74527355,-23.389371999999998],[-46.745191350000006,-23.38935296],[-46.74509081,-23.389364869999998],[-46.74498802000001,-23.389377710000005],[-46.744885,-23.38937676],[-46.74478684,-23.3894065],[-46.74466787,-23.389424350000002],[-46.74457567,-23.38942435],[-46.74447454,-23.389457059999998],[-46.74435557,-23.389465989999994],[-46.74429702,-23.389474799999995],[-46.74421136,-23.389476220000006],[-46.74409144,-23.389437680000007],[-46.74400578,-23.389416259999994],[-46.74392131,-23.389382709999996],[-46.74383208,-23.389349989999996],[-46.74378747000001,-23.389335119999995],[-46.74373096,-23.389284550000003],[-46.74368337,-23.389254809999997],[-46.74361496,-23.38924291],[-46.74353763,-23.389242909999997],[-46.74346327,-23.389251839999996],[-46.7434127,-23.389263729999993],[-46.74332348,-23.389263730000003],[-46.74325804,-23.38927563],[-46.74319855,-23.38928455],[-46.74311825,-23.389296449999996],[-46.74304984,-23.389311319999997],[-46.74296358,-23.389320239999996],[-46.7428803,-23.38932023999999],[-46.74278215,-23.38932619],[-46.74268994,-23.389326189999995],[-46.74260071,-23.389302399999995],[-46.74257097,-23.389302400000002],[-46.74248472,-23.38934106],[-46.74241928,-23.389400550000005],[-46.74234195,-23.389448140000002],[-46.74224974,-23.389483829999996],[-46.74216051,-23.389516550000003],[-46.74209508,-23.389522499999998],[-46.74200585,-23.389546290000006],[-46.74194934,-23.389542129999995],[-46.74188866,-23.389552840000004],[-46.74185297,-23.389577819999996],[-46.74180287,-23.389597580000004],[-46.74174577,-23.38958901],[-46.74166309,-23.389547839999995],[-46.74155244,-23.389501439999993],[-46.74145607,-23.389462179999995],[-46.74137041,-23.389422919999994],[-46.74129903,-23.389390800000005],[-46.74123835,-23.38937295],[-46.74118125,-23.389355099999996],[-46.74112187,-23.389337739999995],[-46.74104335,-23.389309189999995],[-46.74099695,-23.389273489999994],[-46.74095412,-23.38924851],[-46.74086846,-23.389209249999997],[-46.74081849,-23.38919139999999],[-46.74076852,-23.38918426],[-46.74066681,-23.389180450000005],[-46.74054783,-23.389189970000004],[-46.74048835,-23.38920186999999],[-46.74039555,-23.3892209],[-46.74030989,-23.38923279999999],[-46.7401814,-23.389254209999997],[-46.74004101,-23.38926135],[-46.73994583,-23.389266109999998],[-46.73983875,-23.389261350000005],[-46.73972216,-23.389266109999998],[-46.7396246,-23.389266109999998],[-46.73949849,-23.389258969999997],[-46.73934145,-23.389232799999995],[-46.73926768,-23.38919711],[-46.73919154,-23.389182830000003],[-46.73912492,-23.38918283],[-46.73906781,-23.389170929999995],[-46.73898215,-23.38914476],[-46.73890839,-23.389123339999994],[-46.73887507,-23.389109069999996],[-46.73881083,-23.389137619999996],[-46.73875372,-23.389135240000005],[-46.73870613,-23.38911621],[-46.73863951,-23.389101929999995],[-46.7385705,-23.389090030000002],[-46.73851577,-23.389071],[-46.73845867000001,-23.38906386],[-46.73838014,-23.38906624],[-46.73830876,-23.38904482],[-46.73826593,-23.389030550000005],[-46.738232620000005,-23.389011509999992],[-46.73807795,-23.389006749999997],[-46.73800419,-23.38900437],[-46.73793757,-23.388978200000004],[-46.7378876,-23.388973440000004],[-46.73781383,-23.388952020000005],[-46.73777338,-23.388952019999994],[-46.73771628,-23.38895202],[-46.73766393,-23.388944879999997],[-46.73760444,-23.388925849999996],[-46.73753306,-23.38890204999999],[-46.73746643,-23.388887780000008],[-46.73741646,-23.388873499999995],[-46.73738077,-23.3888616],[-46.737311770000005,-23.38885446999999],[-46.73724990000001,-23.38884257],[-46.73718566,-23.38882353],[-46.73714520000001,-23.38879736],[-46.73709524,-23.38879022],[-46.73704765,-23.388778320000004],[-46.73699768,-23.388756909999994],[-46.73695485,-23.388711699999998],[-46.73686443,-23.38865697],[-46.73678591,-23.388607],[-46.7367288,-23.38857369],[-46.73668835,-23.38854276],[-46.73664076,-23.388521339999997],[-46.73657175,-23.388495170000002],[-46.73649799,-23.38845472],[-46.73642423,-23.388411890000004],[-46.73634809,-23.388385709999994],[-46.73627432,-23.3883524],[-46.736210080000006,-23.388330979999996],[-46.73613631,-23.388304810000005],[-46.73607921,-23.388278640000003],[-46.73601496,-23.388247699999997],[-46.73596023,-23.388226290000002],[-46.73591502,-23.388207250000004],[-46.73577171,-23.38817334000001],[-46.73563787,-23.38814955],[-46.73555756,-23.388143599999996],[-46.73549807,-23.388161450000005],[-46.73543561,-23.38822391],[-46.73537612,-23.38830421],[-46.73534638,-23.38837857],[-46.73531366,-23.388452929999996],[-46.73527797,-23.38850944],[-46.73526013,-23.388554059999993],[-46.73523931,-23.388586779999997],[-46.735156020000005,-23.388720620000004],[-46.73506977,-23.388768210000002],[-46.73499541,-23.38877416],[-46.734959720000006,-23.388792],[-46.73491808,-23.388818770000004],[-46.73486454,-23.388875289999998],[-46.73482885,-23.388931799999995],[-46.734834940000006,-23.38897623],[-46.73482447,-23.38900478],[-46.73478545,-23.389032379999996],[-46.73474833,-23.389053320000002],[-46.73472929,-23.38907426],[-46.73471582,-23.38909836],[-46.7347055,-23.389132320000005],[-46.734708350000005,-23.389168490000003],[-46.73472404000001,-23.38919449],[-46.73473119,-23.38921941],[-46.73471501,-23.389257000000004],[-46.73468265000001,-23.38927793999999],[-46.73463649,-23.389293649999995],[-46.73459128,-23.389308399999997],[-46.73456116,-23.38932441],[-46.7345106,-23.389374970000002],[-46.73447788,-23.389413639999997],[-46.73444899,-23.389467569999994],[-46.73442615,-23.389527529999995],[-46.73441542,-23.389568300000004],[-46.73441244,-23.38962779],[-46.7343946,-23.38966943000001],[-46.73436686,-23.389699299999997],[-46.73437378,-23.38974081],[-46.73436188,-23.389776510000008],[-46.734341060000006,-23.389824100000002],[-46.73427577000001,-23.389868149999995],[-46.734231750000006,-23.389899079999992],[-46.73420557,-23.389919310000003],[-46.73420319,-23.389943099999993],[-46.73419843,-23.389956189999996],[-46.7341794,-23.389964519999992],[-46.73414178,-23.389949019999996],[-46.73410147,-23.389921690000005],[-46.73406042,-23.389919309999993],[-46.73401521,-23.389935369999993],[-46.73397595,-23.38995619],[-46.73394205,-23.389979989999997],[-46.7339248,-23.390006160000002],[-46.733914680000005,-23.39004245],[-46.7339123,-23.390078139999996],[-46.73391587,-23.390115019999993],[-46.73392063,-23.390133459999998],[-46.73391528,-23.390159640000004],[-46.73389803,-23.390203660000005],[-46.73389386,-23.39026314],[-46.73388851,-23.390314899999993],[-46.73387423,-23.390352369999995],[-46.73385222000001,-23.390388659999996],[-46.73380999,-23.3904416],[-46.73377132,-23.390493360000004],[-46.73373741,-23.39056295],[-46.73371243,-23.390611729999996],[-46.73369696,-23.39066229999999],[-46.73367184,-23.390728289999995],[-46.7336583,-23.39078365],[-46.73362498,-23.39084134999999],[-46.73360119,-23.39087883],[-46.73357442,-23.390913329999997],[-46.73356252,-23.390952],[-46.73354944,-23.39099721],[-46.73350696,-23.39106419000001],[-46.73346841,-23.39109845000001],[-46.73343701,-23.391124149999996],[-46.7334101,-23.39115659],[-46.73337738,-23.391213109999992],[-46.73333574,-23.39125475],[-46.7332941,-23.391305310000003],[-46.73320487,-23.391412390000003],[-46.73314538,-23.391451050000004],[-46.73309779,-23.391510540000002],[-46.7330502,-23.391558129999993],[-46.73300559,-23.391608690000005],[-46.73297287,-23.391680079999993],[-46.7329342,-23.391721719999993],[-46.73287769,-23.39177228],[-46.73283308,-23.391828790000005],[-46.73279441,-23.391891250000004],[-46.73274682,-23.391941820000003],[-46.73268139,-23.392045919999994],[-46.73258323,-23.392129200000003],[-46.732514820000006,-23.392185710000003],[-46.73246426,-23.39223925],[-46.73241072,-23.392301710000012],[-46.73229175,-23.392444480000005],[-46.7321347,-23.392587239999997],[-46.732001450000006,-23.39266814999999],[-46.73190628,-23.392772839999996],[-46.73180158,-23.39285374],[-46.73170164,-23.392944159999995],[-46.73160646,-23.39298223999999],[-46.73151604,-23.39303458],[-46.73141135,-23.393072650000004],[-46.73129713,-23.39312976],[-46.73119244,-23.39317735],[-46.73109726,-23.393229699999996],[-46.73100684,-23.39328205],[-46.7309307,-23.39332488],[-46.730826,-23.393367709999993],[-46.73073082,-23.393401019999995],[-46.73060233,-23.39340101999999],[-46.73051191,-23.393415300000004],[-46.73041673,-23.393443849999997],[-46.73033583,-23.393443850000008],[-46.73023114,-23.39348192],[-46.73011593,-23.393525149999995],[-46.73003384,-23.393560840000003],[-46.72991606,-23.39363936],[-46.72983039,-23.393728589999995],[-46.72975901,-23.393817819999995],[-46.72971261,-23.393885639999993],[-46.72964837,-23.394003419999994],[-46.72956984000001,-23.394081939999992],[-46.72949489,-23.394153329999998],[-46.72943778,-23.39423185],[-46.72939852,-23.39429966],[-46.72933428,-23.39434606],[-46.72923077,-23.394367479999996],[-46.729102280000006,-23.394396029999996],[-46.72898093,-23.39441031],[-46.72884530000001,-23.39441744999999],[-46.72863115,-23.394417449999995],[-46.72845982,-23.394449570000003],[-46.72824567,-23.394474549999998],[-46.72806721,-23.394513810000007],[-46.72792445000001,-23.394542369999996],[-46.7276746,-23.394585199999995],[-46.72751042,-23.394631599999997],[-46.72737122,-23.39468514],[-46.72724273,-23.394735099999995],[-46.72711781,-23.394781500000004],[-46.72698575,-23.39479935],[-46.72685012,-23.39479935],[-46.7263306,-23.39481818999999],[-46.72605102,-23.394853879999992],[-46.72586066,-23.39483603],[-46.7256941,-23.394841979999995],[-46.72546805,-23.394824140000004],[-46.72530149,-23.39484198],[-46.72517062,-23.394871729999988],[-46.72507544,-23.394901469999997],[-46.72496836,-23.394949059999995],[-46.72487318,-23.3950026],[-46.72479585,-23.39507993000001],[-46.72470662,-23.39516321000001],[-46.72462929,-23.39523459],[-46.72453411,-23.39532977],[-46.72445083,-23.395413050000002],[-46.72440324,-23.395448739999996],[-46.72430211,-23.395496329999997],[-46.72417124,-23.395508230000008],[-46.72402848,-23.395478490000002],[-46.7238976,-23.395448739999996],[-46.72368345,-23.39541305],[-46.72357638,-23.395413050000005],[-46.72338007,-23.39547849],[-46.72320756,-23.39557367],[-46.72317187,-23.39562126],[-46.72310643,-23.395722379999995],[-46.7230291,-23.39582350999999],[-46.72287444,-23.395984119999998],[-46.72274357,-23.3960674],[-46.72264839,-23.396079300000007],[-46.72252941,-23.396031710000006],[-46.72241639,-23.396013869999997],[-46.72225578,-23.39597222999999],[-46.72209516,-23.396001969999997],[-46.72192265,-23.396049560000005],[-46.72176799,-23.3961031],[-46.72164901,-23.396168529999997],[-46.72159786,-23.39625895],[-46.721555030000005,-23.396387439999987],[-46.721555030000005,-23.39648262],[-46.721555030000005,-23.396587319999995],[-46.72154075,-23.39670153],[-46.72152171,-23.396791949999997],[-46.72150268,-23.396896650000002],[-46.72147888000001,-23.396972790000007],[-46.72144081,-23.3970061],[-46.72136467,-23.397029899999996],[-46.72133136,-23.39705845],[-46.72129804,-23.397125070000005],[-46.72127901,-23.39717741999999],[-46.72120287,-23.397210739999995],[-46.72112672,-23.39721074],[-46.72105058,-23.397210739999995],[-46.72100299,-23.397215489999997],[-46.72094112,-23.397282119999996],[-46.72088878,-23.39736778],[-46.72087450000001,-23.397434399999998],[-46.72087450000001,-23.397501029999997],[-46.72082215,-23.397562899999997],[-46.72073173,-23.397577169999995],[-46.7206889,-23.39760573],[-46.72054494,-23.397610489999998],[-46.72042002,-23.397658069999995],[-46.72033674,-23.39772350999999],[-46.72030105,-23.397884119999997],[-46.72025289,-23.39800317],[-46.72022315,-23.398106680000005],[-46.72013867,-23.398229220000005],[-46.72008395,-23.3983125],[-46.720016130000005,-23.398426719999996],[-46.7199614,-23.39850524],[-46.71990787,-23.398583759999994],[-46.71984838,-23.398662279999996],[-46.71980079,-23.398738430000005],[-46.71979541,-23.39881805999999],[-46.71979541,-23.398919189999997],[-46.7198549,-23.398996519999997],[-46.71986085,-23.3990917],[-46.71986085,-23.39918093],[-46.719843,-23.39926421],[-46.71981326,-23.39934154],[-46.71979541,-23.39937129],[-46.71978947,-23.39944267],[-46.71977162,-23.399502159999994],[-46.71978947,-23.399567589999993],[-46.71979127,-23.39963072],[-46.71980079,-23.399733040000005],[-46.71980317,-23.399821079999995],[-46.71981745,-23.39994957],[-46.71983172,-23.400082819999998],[-46.71992452,-23.40029221],[-46.72006253,-23.40048257],[-46.72018150000001,-23.400699099999997],[-46.72026241,-23.40082520999999],[-46.7202981,-23.400948940000006],[-46.72030524,-23.401198790000002],[-46.72029327,-23.40159172],[-46.72029327,-23.401744010000005],[-46.72023616,-23.401915330000005],[-46.72021712,-23.402124720000003],[-46.72017905,-23.40237218],[-46.72008387,-23.402733859999994],[-46.72006484,-23.403000360000004],[-46.71987448000001,-23.40332397],[-46.71974123,-23.40364757],[-46.71949377,-23.404123469999995],[-46.71922727,-23.404751639999994],[-46.71901788,-23.405208499999997],[-46.71856102000001,-23.405798609999998],[-46.71812320000001,-23.40631257],[-46.7178567,-23.406521959999996],[-46.71745695,-23.40676943],[-46.71682877,-23.407035929999992],[-46.71623906,-23.40730512],[-46.71601217,-23.407442669999995],[-46.71579802,-23.407502149999992],[-46.71559576,-23.407502149999996],[-46.71539351,-23.407430769999998],[-46.71513177,-23.40735938],[-46.71492952,-23.40733558999999],[-46.71466777,-23.40733558999999],[-46.71437034,-23.40740697],[-46.71406101,-23.407442669999988],[-46.71376358,-23.40740697],[-46.71332338,-23.407311800000002],[-46.71303784,-23.407145229999994],[-46.71268092,-23.40697867],[-46.71237159,-23.4068359],[-46.71218124,-23.406752619999995],[-46.71195519,-23.406657439999993],[-46.71169345,-23.406586059999995],[-46.71143171,-23.40649087999999],[-46.71130084,-23.406383809999994],[-46.71113428,-23.406312420000003],[-46.71095106,-23.40626007],[-46.71065204,-23.40638103],[-46.71038554,-23.406552349999995],[-46.71021422,-23.406971139999992],[-46.71002386,-23.407332809999996],[-46.70985254,-23.407694489999994],[-46.70979543,-23.407941960000006],[-46.70973832,-23.40817038],[-46.70970025,-23.408474959999996],[-46.70970025,-23.408779530000004],[-46.70960508000001,-23.408988920000002],[-46.70952893,-23.40921735],[-46.70947183,-23.409388669999995],[-46.70933858,-23.409674200000005],[-46.70928147,-23.409902630000005],[-46.70931954,-23.410226239999993],[-46.70939568,-23.410511769999996],[-46.70947183,-23.41079731],[-46.70943375,-23.411139949999992],[-46.70933858,-23.411463559999998],[-46.70922436,-23.411825239999995],[-46.70916725000001,-23.41214884],[-46.70918629,-23.412453409999994],[-46.70918629,-23.412662810000008],[-46.70918629,-23.413081589999994],[-46.70922436,-23.413405199999996],[-46.70928147,-23.413728809999995],[-46.70943375,-23.413976270000003],[-46.70952893,-23.414204699999996],[-46.70960508000001,-23.414414089999994],[-46.70960508000001,-23.414661549999998],[-46.70952893,-23.41487095],[-46.70937665,-23.415137449999996],[-46.70922436,-23.415384909999993],[-46.70905304,-23.415708519999992],[-46.7087675,-23.41601309],[-46.70869136,-23.416184409999996],[-46.70859142,-23.416407290000002],[-46.70840107,-23.416538159999995],[-46.7082702,-23.41655005],[-46.70815374,-23.416501019999995],[-46.70804415,-23.416454870000003],[-46.70791328,-23.416347799999993],[-46.70774672,-23.41627641],[-46.70748498,-23.416252620000005],[-46.70724703,-23.416252619999998],[-46.70708047,-23.416335899999993],[-46.7069496,-23.416419179999995],[-46.70669975,-23.416633329999996],[-46.70652129,-23.416835589999998],[-46.70642612,-23.41696646],[-46.70623576,-23.41706164],[-46.70597402,-23.417097329999994],[-46.70573607,-23.41702593999999],[-46.70545054,-23.416906969999996],[-46.70522449,-23.416811790000004],[-46.70492705,-23.416799899999997],[-46.70470101,-23.416799899999994],[-46.70443927,-23.416871280000006],[-46.70423701,-23.41706164],[-46.70401096,-23.417204400000003],[-46.70378491,-23.417323380000003],[-46.70358266,-23.417359069999996],[-46.70326143,-23.417370969999997],[-46.70313056,-23.41737097],[-46.70286882,-23.417418559999998],[-46.70266657,-23.417418559999998],[-46.7025119,-23.41741856],[-46.70232154,-23.417406660000005],[-46.70215498,-23.41733526999999],[-46.70198842,-23.417275789999994],[-46.70185755,-23.41733527],[-46.70177427,-23.41759701999999],[-46.70176237,-23.417834960000004],[-46.70157201,-23.418191879999995],[-46.70146494,-23.41838223999999],[-46.70140545,-23.41860829],[-46.70131027,-23.418810540000003],[-46.70123889,-23.419107970000002],[-46.7012032,-23.41922695],[-46.70125079,-23.4194292],[-46.70131027,-23.419702840000003],[-46.70131027,-23.41985750000001],[-46.7012151,-23.420059760000004],[-46.70111992,-23.42027391],[-46.70097715,-23.420547549999984],[-46.70084628,-23.420773599999993],[-46.7007511,-23.420963950000004],[-46.70067972,-23.421130520000002],[-46.70056074,-23.421332770000003],[-46.70056074,-23.42155882],[-46.70052505,-23.421725379999998],[-46.70052505,-23.421856250000005],[-46.70059644,-23.42192763],[-46.70065592,-23.422082299999992],[-46.70063082,-23.422167630000004],[-46.70059644,-23.422284549999997],[-46.70051315,-23.42243922],[-46.70034659,-23.422605779999994],[-46.70022762,-23.422808039999996],[-46.70009675,-23.422998389999997],[-46.69998967,-23.42322444],[-46.69989449,-23.423391],[-46.69969224,-23.423521870000002],[-46.69950188,-23.42366464],[-46.69931153,-23.423819309999992],[-46.69910927,-23.423985869999996],[-46.69878805,-23.42410484],[-46.6985263,-23.42415242999999],[-46.69833595,-23.424235709999998],[-46.69802662000001,-23.42431898999999],[-46.6976697,-23.424366580000008],[-46.6972057,-23.424402270000005],[-46.69690827,-23.424414170000002],[-46.696563250000004,-23.424437970000003],[-46.69630151,-23.424414170000002],[-46.69596838,-23.424402270000005],[-46.69557577,-23.42441417],[-46.69534972,-23.42437848],[-46.69487383,-23.424211919999994],[-46.6945526,-23.42400966],[-46.69424327,-23.42375982],[-46.69375549,-23.423533769999995],[-46.69341046,-23.4234267],[-46.69301785,-23.423355309999998],[-46.69274421,-23.42333152000001],[-46.69242299,-23.42330772],[-46.69205417,-23.423307719999997],[-46.69176864,-23.423355309999994],[-46.69150689,-23.42349808],[-46.69126895,-23.42370033],[-46.69107859,-23.42383119999999],[-46.69091203,-23.424045349999997],[-46.69062649,-23.424283299999992],[-46.69045993,-23.424437969999996],[-46.69025768,-23.424640219999997],[-46.69009112,-23.424782990000004],[-46.68992455,-23.42504473],[-46.68975799,-23.42527077999999],[-46.689603330000004,-23.425520619999997],[-46.68940107,-23.425699079999998],[-46.68919882,-23.425960820000007],[-46.68898467,-23.426091689999993],[-46.68872293,-23.426210659999995],[-46.68844929,-23.42634152999999],[-46.68822324,-23.426436710000004],[-46.68799719,-23.426543790000004],[-46.68779494,-23.426638970000003],[-46.68756889,-23.42674604],[-46.68737853,-23.426829320000007],[-46.68710489,-23.426865019999997],[-46.68672212,-23.426834660000004],[-46.68646513,-23.426729959999996],[-46.68619863,-23.426577680000005],[-46.68603683,-23.42642539],[-46.68576081,-23.426111299999995],[-46.6856466,-23.425797210000002],[-46.68551335,-23.425511679999996],[-46.68540865,-23.42511193],[-46.68535155,-23.424693139999995],[-46.68533251,-23.424407609999996],[-46.68530396,-23.42398882],[-46.68530396,-23.423779429999996],[-46.68525637,-23.42351293],[-46.68522781,-23.423360650000006],[-46.68518023,-23.423198839999998],[-46.68514215,-23.423065589999997],[-46.68506601,-23.422894270000004],[-46.68491373,-23.422751499999993],[-46.68478999,-23.422570659999998],[-46.68472337,-23.422446929999992],[-46.68465674,-23.42231368],[-46.68464723,-23.422180430000004],[-46.6846853,-23.422047179999996],[-46.68480903,-23.42191393],[-46.68489469,-23.421761649999997],[-46.68498987,-23.42165695],[-46.68506601,-23.421523699999995],[-46.68517071,-23.421342860000003],[-46.68520878,-23.42119058],[-46.68528492,-23.42110492],[-46.68538962,-23.421028769999996],[-46.68551335,-23.420943109999996],[-46.68562756,-23.420866969999995],[-46.68570371,-23.420667099999992],[-46.6857513,-23.420524330000003],[-46.68576081,-23.420353009999996],[-46.68573226,-23.420267349999996],[-46.68557046,-23.420031779999995],[-46.685392,-23.41988901],[-46.68526113,-23.41973434999999],[-46.68505887,-23.41959158],[-46.68489231,-23.41942502],[-46.68483282,-23.41930604],[-46.68478523,-23.419115689999998],[-46.68472575,-23.419044299999996],[-46.68463057,-23.418984820000002],[-46.68439262,-23.418949119999997],[-46.68417847,-23.418972919999995],[-46.6840357,-23.418949119999994],[-46.683845350000006,-23.418913430000003],[-46.68371448,-23.418901540000004],[-46.68354791,-23.418842050000006],[-46.68330997,-23.418770659999993],[-46.68302443,-23.418711180000003],[-46.68286977,-23.41863978999999],[-46.68269131,-23.418485129999997],[-46.68260089,-23.418262249999994],[-46.68258899,-23.41794103000001],[-46.68260089,-23.417703079999992],[-46.6825652,-23.417500829999994],[-46.68249381,-23.41733426],[-46.68227966,-23.41714391],[-46.6821131,-23.41714391],[-46.68183946,-23.4171796],[-46.68157772,-23.417239089999992],[-46.68128029,-23.417215289999998],[-46.68092337,-23.417155799999996],[-46.68054266,-23.417084419999995],[-46.68028091,-23.417024930000004],[-46.67994779,-23.417048730000005],[-46.67968605,-23.41707252],[-46.67941241,-23.417013039999993],[-46.67924585,-23.41697734],[-46.6790198,-23.416810779999995],[-46.67882944,-23.41650145],[-46.67867478,-23.416192120000005],[-46.6785915,-23.415966069999996],[-46.67840114,-23.415728129999994],[-46.67819889,-23.415478280000002],[-46.67791335,-23.415335520000003],[-46.67759212,-23.41518085],[-46.67754317,-23.415180849999995],[-46.67731849,-23.41518085],[-46.67699726,-23.415240340000004],[-46.67669983,-23.41531171999999],[-46.67647378,-23.415418799999994],[-46.676176340000005,-23.415573459999997],[-46.675950300000004,-23.41566863999999],[-46.67572425,-23.415775720000003],[-46.675557680000004,-23.415930379999995],[-46.67541492,-23.416061250000002],[-46.67520077,-23.4162992],[-46.6750342,-23.416418169999996],[-46.67490333,-23.416584729999997],[-46.67476057,-23.41678699],[-46.67466539,-23.41702493],[-46.6746059,-23.41725097999999],[-46.67454641,-23.417417539999988],[-46.67441554,-23.417607900000007],[-46.67433226,-23.417738770000003],[-46.67411811,-23.41792913],[-46.67389206,-23.41806],[-46.67368981,-23.418167069999992],[-46.67352325,-23.418250360000002],[-46.67332099,-23.418321739999996],[-46.67310684,-23.418321739999996],[-46.67290459,-23.418405019999998],[-46.67272613,-23.41857158],[-46.67260715,-23.41883332],[-46.67246439,-23.419023680000002],[-46.67230972,-23.419154549999988],[-46.67207177,-23.419249729999997],[-46.67181003,-23.419333009999995],[-46.67156019,-23.41933301],[-46.67125086,-23.41926163],[-46.67102481,-23.419166450000002],[-46.67085825,-23.419023679999995],[-46.67070358,-23.41886902],[-46.67060841,-23.418690559999995],[-46.67042995,-23.4185002],[-46.67031097,-23.418369329999997],[-46.67019954,-23.418223789999992],[-46.67010166,-23.4181776],[-46.66989848,-23.41822614999999],[-46.66977713,-23.41828325],[-46.66962722,-23.418368909999998],[-46.66942021,-23.418483129999995],[-46.6692703,-23.418561649999997],[-46.66913467,-23.41864731],[-46.66891338,-23.418725829999996],[-46.66877062,-23.418804359999996],[-46.66849936,-23.418961399999997],[-46.66834231,-23.419111310000012],[-46.66820668,-23.419175549999995],[-46.66810675,-23.419254070000004],[-46.6679854,-23.419325459999996],[-46.66791401,-23.419389699999996],[-46.66783549,-23.419468229999996],[-46.66779266000001,-23.419582440000003],[-46.66772841,-23.419682380000012],[-46.66764989,-23.419796589999994],[-46.66757851,-23.41990366999999],[-46.66747857,-23.419982189999992],[-46.66732153,-23.420060710000005],[-46.667243,-23.420117819999994],[-46.66707882,-23.420239170000002],[-46.66698602,-23.420367659999997],[-46.66686467,-23.420489009999997],[-46.66671476,-23.420646060000006],[-46.66659341,-23.4208031],[-46.66649347,-23.421002979999994],[-46.66637926,-23.421231410000004],[-46.6662936,-23.421374170000007],[-46.66614369,-23.421524080000005],[-46.66597951,-23.421631160000004],[-46.6658653,-23.42175251],[-46.66578677,-23.42186672],[-46.66572253,-23.42203804],[-46.66564401,-23.422216499999994],[-46.66559404,-23.422359269999998],[-46.66548696,-23.422552009999997],[-46.66540844000001,-23.42266622],[-46.66531564,-23.42280184999999],[-46.6652157,-23.42290893],[-46.66504438,-23.423044560000005],[-46.664880200000006,-23.42319446],[-46.6647874,-23.42332295],[-46.66470888,-23.42343717],[-46.66460894,-23.423558519999997],[-46.664509,-23.423729839999996],[-46.66437337,-23.423851189999997],[-46.66428771,-23.42397255],[-46.66413781,-23.42408676],[-46.66403787,-23.424208110000002],[-46.6638951,-23.424322329999992],[-46.66376661,-23.424415129999993],[-46.66368809,-23.42451506],[-46.66355246,-23.42462928],[-46.66340969,-23.4247078],[-46.66326692,-23.424757770000003],[-46.66307419,-23.424793459999997],[-46.662917140000005,-23.424793459999997],[-46.66277438,-23.42478632],[-46.6626673,-23.42475777],[-46.6624817,-23.424707799999993],[-46.66232466,-23.42465783],[-46.66209623,-23.424650689999993],[-46.66191063,-23.42463642],[-46.66176073,-23.42463642],[-46.66163937,-23.424650690000004],[-46.66153944,-23.424707800000004],[-46.66142522,-23.42479346],[-46.66120393,-23.4249505],[-46.66113969,-23.42505044],[-46.66098264,-23.42520034999999],[-46.66090412,-23.425264590000005],[-46.66078277,-23.42535738999999],[-46.66068997,-23.425464470000005],[-46.66059003,-23.425592959999996],[-46.66049009,-23.425650069999996],[-46.66033305,-23.425757140000005],[-46.66001896,-23.425971289999993],[-46.65978339,-23.426085509999993],[-46.65959066,-23.426185440000005],[-46.65939078,-23.426285379999996],[-46.65924801,-23.426385319999994],[-46.65909811,-23.42648526],[-46.65893393,-23.426620889999995],[-46.65881971,-23.426699410000005],[-46.65866267,-23.426870730000005],[-46.65856273,-23.426977800000007],[-46.65848421,-23.4271063],[-46.65846993,-23.427270480000004],[-46.65850562,-23.427406109999993],[-46.65854131,-23.42755601],[-46.65854845,-23.4276845],[-46.65854131,-23.427798719999988],[-46.65850562,-23.427934349999997],[-46.65841282,-23.428069980000007],[-46.65834858,-23.428191329999994],[-46.65828433,-23.428269849999992],[-46.65822723,-23.42839119999999],[-46.65817012,-23.428519699999992],[-46.65811301,-23.428641050000003],[-46.65801307,-23.428762400000004],[-46.65793455,-23.428862339999995],[-46.65783461,-23.428997969999998],[-46.65775609,-23.4290979],[-46.65765615,-23.429169289999994],[-46.65758477,-23.42925494999999],[-46.65744914,-23.429347749999998],[-46.65734207,-23.42942627],[-46.65722785,-23.429511930000004],[-46.65714933000001,-23.429626139999996],[-46.65703512,-23.429718939999994],[-46.65697087,-23.429804600000008],[-46.65697087,-23.429940229999996],[-46.65693518,-23.430104419999996],[-46.65689235,-23.430254319999996],[-46.65682096,-23.430332840000002],[-46.6567353,-23.43041137],[-46.65665678,-23.430439919999994],[-46.65654971,-23.43049703],[-46.65644263,-23.430547],[-46.65634269,-23.43058982999999],[-46.65624989,-23.43062552],[-46.65614996,-23.430668349999998],[-46.65603574,-23.43068976],[-46.65590011,-23.430732589999998],[-46.65577162,-23.43074687],[-46.65563599,-23.43076829],[-46.65553606,-23.43076829],[-46.65538615,-23.4307897],[-46.65530049,-23.430789700000002],[-46.65518627,-23.43076829],[-46.65506492,-23.430746870000007],[-46.65497212,-23.43070404],[-46.65485077,-23.43065407],[-46.65475312,-23.430587489999997],[-46.65469373,-23.430546999999994],[-46.65453668,-23.43046847],[-46.65436536,-23.430375669999997],[-46.65424401,-23.430311429999993],[-46.65412979,-23.43023290999999],[-46.65400844,-23.43015438999999],[-46.65389423,-23.430061589999994],[-46.6538157,-23.42996879],[-46.65371577,-23.429904540000003],[-46.65363011,-23.429861709999994],[-46.65351589,-23.42981174000001],[-46.65333743,-23.429690390000005],[-46.65320894,-23.429647559999996],[-46.65308045,-23.42957618],[-46.65294482,-23.42952621],[-46.6527735,-23.42944769],[-46.65261646,-23.429354890000003],[-46.65245227,-23.429312059999997],[-46.65223812,-23.429290640000005],[-46.65204539,-23.42927636],[-46.65192403,-23.429276359999992],[-46.65177413,-23.429276359999992],[-46.65163136,-23.42924066999999],[-46.65153142,-23.429140729999997],[-46.65146004,-23.428997970000005],[-46.65141721,-23.42882665],[-46.65139579,-23.42872670999999],[-46.65133869,-23.428591080000007],[-46.65123875,-23.428533970000004],[-46.65103887,-23.42852683000001],[-46.65086755,-23.428591079999997],[-46.65073192,-23.428705290000003],[-46.65061057,-23.428819510000004],[-46.65044639,-23.428898029999996],[-46.65023224,-23.42903366],[-46.65001809,-23.4290979],[-46.64986104,-23.42911932],[-46.64968972,-23.429140730000004],[-46.64953268,-23.429155009999995],[-46.64934708,-23.429176429999995],[-46.64919717,-23.429190699999996],[-46.64894019,-23.429197839999997],[-46.64874031,-23.429190699999992],[-46.64854044,-23.429176430000002],[-46.64840481,-23.42915500999999],[-46.64821207,-23.429162149999996],[-46.64794082000001,-23.42917643],[-46.64771953,-23.42915500999999],[-46.647641,-23.429140729999997],[-46.64750537,-23.429069350000002],[-46.64731264,-23.429047939999993],[-46.64716987,-23.42903366000001],[-46.64699855,-23.429105039999996],[-46.64679867,-23.429147869999994],[-46.64660594,-23.429105040000003],[-46.64642748,-23.42900511],[-46.64628471,-23.42883378],[-46.64614908,-23.428733849999997],[-46.64599918,-23.4285768],[-46.64584213,-23.42853397],[-46.64560656,-23.428484],[-46.64549949,-23.428441170000003],[-46.64539241,-23.428419759999997],[-46.64527106,-23.428398339999994],[-46.645149710000005,-23.428384069999996],[-46.6449998,-23.42844117],[-46.6448499,-23.428455449999994],[-46.64467857,-23.428455450000005],[-46.64452153,-23.42845545],[-46.6443859,-23.42844117],[-46.64424313000001,-23.42840548],[-46.64406467,-23.428405480000002],[-46.64391477,-23.428376929999995],[-46.64377914,-23.428319820000002],[-46.64361496,-23.428276989999997],[-46.64350074,-23.428227019999998],[-46.64341508,-23.428184190000003],[-46.64325804,-23.428105669999994],[-46.64312241,-23.428041419999996],[-46.64302961,-23.42798432],[-46.64291539,-23.427927209999996],[-46.64283687,-23.427884380000002],[-46.6427298,-23.427791580000005],[-46.64267269,-23.42773447],[-46.64255847,-23.427655949999995],[-46.64247281,-23.427613119999993],[-46.64231577,-23.427591710000005],[-46.64220156,-23.427591709999987],[-46.6420802,-23.427613119999997],[-46.64194457,-23.42763454],[-46.64179467,-23.427648810000004],[-46.64166618,-23.427655950000002],[-46.64151627,-23.42765595],[-46.64132353,-23.42763454],[-46.64119504,-23.427598840000005],[-46.64106655,-23.42755601],[-46.64088809,-23.42751318],[-46.6406668,-23.42745607999999],[-46.64053117,-23.4274418],[-46.64035271,-23.42741325],[-46.64015284,-23.42741325],[-46.63996724,-23.427384689999997],[-46.63980306,-23.427363279999998],[-46.63968884,-23.42735614],[-46.63957463,-23.427356139999997],[-46.63946755,-23.427341860000002],[-46.63933906,-23.427334719999998],[-46.63923199,-23.42733472],[-46.63909636,-23.427334719999994],[-46.63894645,-23.427306169999994],[-46.63887507,-23.427306169999994],[-46.63874658,-23.427277619999998],[-46.63862523,-23.427277620000005],[-46.63846818,-23.427263340000007],[-46.63837538,-23.4272562],[-46.63825403,-23.42726334],[-46.63811126,-23.427277619999995],[-46.63795422,-23.42735614],[-46.63782573,-23.427463209999996],[-46.63769724,-23.427563149999997],[-46.63761871,-23.42763454],[-46.63746881,-23.42772019999999],[-46.63735459,-23.427791580000005],[-46.63725466,-23.42782013],[-46.63709761,-23.427855830000006],[-46.63694057,-23.42787724],[-46.63678352,-23.42787724],[-46.63668359,-23.42787724],[-46.63652654,-23.42781299999999],[-46.63638377,-23.42777017],[-46.63623387,-23.427741609999998],[-46.63606968,-23.42773447],[-46.63593406,-23.427734469999994],[-46.6357556,-23.427698779999997],[-46.63556286000001,-23.42773446999999],[-46.63537012,-23.4277773],[-46.63522736,-23.427834409999996],[-46.63504890000001,-23.42794862],[-46.63494896,-23.42809139],[-46.63484902,-23.428212740000006],[-46.63472053,-23.428326960000003],[-46.63454207,-23.42834837],[-46.63442072,-23.42834837],[-46.63427795,-23.428348370000002],[-46.63414946,-23.428291269999992],[-46.63396386,-23.42829127],[-46.63379379,-23.428284970000007],[-46.63377113,-23.428284129999998],[-46.63357125,-23.42834837],[-46.63341421,-23.428405480000002],[-46.6332643,-23.42848399999999],[-46.63314295,-23.428562530000004],[-46.6329859,-23.428633909999988],[-46.63275034,-23.42859822],[-46.63252905,-23.4285197],[-46.6323149,-23.428476870000008],[-46.63210074,-23.428398339999994],[-46.63195798,-23.428341239999995],[-46.63182949,-23.428269850000003],[-46.63167244,-23.428212740000003],[-46.6315154,-23.428127079999992],[-46.63137977,-23.428005730000002],[-46.63121558,-23.427805859999996],[-46.63117989,-23.42764167],[-46.63122272,-23.427413249999997],[-46.63125841,-23.427177679999996],[-46.63130124,-23.426942109999995],[-46.63131552,-23.42669941],[-46.63125841,-23.426470980000005],[-46.63121558,-23.426292519999993],[-46.63113706,-23.42617117],[-46.63101571,-23.426099780000005],[-46.63083011,-23.425999849999993],[-46.63064451,-23.425899909999995],[-46.630416090000004,-23.425821389999992],[-46.63028046,-23.425757139999998],[-46.63007344,-23.425664339999997],[-46.62981646,-23.42558582],[-46.62964514,-23.425485880000004],[-46.62952379000001,-23.425371670000004],[-46.62937388,-23.425250319999993],[-46.62921684,-23.42509327],[-46.62908121,-23.42491481],[-46.62888133,-23.424722080000002],[-46.62873857000001,-23.424586449999996],[-46.628588660000005,-23.424457960000005],[-46.62844589,-23.424365160000004],[-46.62833168,-23.42422953],[-46.6281318,-23.424086759999998],[-46.62791051,-23.42392972],[-46.6277963,-23.42383692],[-46.62767495,-23.42375839],[-46.62743938,-23.42366559],[-46.62724664,-23.423529970000004],[-46.62712529,-23.423422889999998],[-46.62693255,-23.423272979999997],[-46.62678265,-23.423165909999998],[-46.62660419,-23.422930339999997],[-46.62636862000001,-23.42273761],[-46.62612592,-23.422666220000004],[-46.62593318,-23.422637670000004],[-46.62566192,-23.422616249999997],[-46.62545491,-23.422616249999997],[-46.62524076,-23.42262339],[-46.62503374,-23.422623390000002],[-46.6248767,-23.422601979999996],[-46.62473393,-23.422601979999992],[-46.62455547,-23.422601979999992],[-46.62437701,-23.422637669999997],[-46.62410575,-23.42268049999999],[-46.6238345,-23.422716190000003],[-46.6235561,-23.42274474],[-46.62335622,-23.42278044],[-46.62314207,-23.422801849999985],[-46.62297789,-23.422851819999998],[-46.62279229,-23.42285182],[-46.62264952,-23.42279471],[-46.6225139,-23.422737610000002],[-46.62234971,-23.422659080000003],[-46.6222355,-23.422616249999994],[-46.62207845,-23.42254486999999],[-46.62185003,-23.422487759999992],[-46.62172153,-23.422423520000002],[-46.62158591,-23.422209359999993],[-46.6215288,-23.421995209999995],[-46.62148597,-23.421773919999993],[-46.62148597,-23.42150266],[-46.62148597,-23.4213599],[-46.62147169,-23.421167159999992],[-46.62147169,-23.421024389999992],[-46.62146455,-23.420874489999996],[-46.62151452,-23.420717439999997],[-46.62156449,-23.42058181],[-46.62157163,-23.420460460000005],[-46.62157163,-23.42028914],[-46.62155021,-23.42014637],[-46.62155021,-23.41998933],[-46.62158591,-23.419789449999993],[-46.621628740000006,-23.41963955],[-46.62167157,-23.41945395],[-46.621750090000006,-23.41928262999999],[-46.62182147,-23.41916128],[-46.62188572,-23.419068479999993],[-46.62210701,-23.41875439],[-46.62224264,-23.418533099999998],[-46.62226405,-23.41838319],[-46.62227833,-23.418268979999997],[-46.62228547,-23.41811192999999],[-46.62228547,-23.417983439999997],[-46.62233544,-23.417747879999997],[-46.62249248,-23.417597969999996],[-46.62265666,-23.417440920000004],[-46.62281371,-23.417283879999996],[-46.62293506,-23.41706972999999],[-46.62298503,-23.416869850000012],[-46.62300644,-23.416691389999993],[-46.62298503,-23.416555770000006],[-46.62283512,-23.416491520000005],[-46.62269235,-23.416455830000004],[-46.62252103,-23.416434409999997],[-46.62236399,-23.416455829999993],[-46.62225691,-23.41649865999999],[-46.62210701,-23.416577179999994],[-46.62194282,-23.416669979999995],[-46.62181433,-23.416727090000002],[-46.62161446,-23.416791330000002],[-46.621436,-23.416791329999995],[-46.621236120000006,-23.416848439999992],[-46.62108622,-23.41686985],[-46.62090062,-23.416926959999998],[-46.62067219,-23.416948379999994],[-46.6204509,-23.417012620000005],[-46.62029386,-23.4171197],[-46.62020106,-23.417298159999994],[-46.62016537,-23.417455199999992],[-46.62013681,-23.417612249999998],[-46.62005829,-23.417869229999997],[-46.62003688,-23.41800485999999],[-46.61998691,-23.41818332],[-46.61995835,-23.418318950000003],[-46.61993694000001,-23.418497409999993],[-46.61987983,-23.418675870000005],[-46.61986556,-23.418840050000004],[-46.61980131000001,-23.418954259999996],[-46.61962285,-23.418932850000004],[-46.61943725,-23.418840050000004],[-46.61927307,-23.41874010999999],[-46.61912316,-23.418618760000008],[-46.61899467,-23.41848313],[-46.61882335,-23.41839746999999],[-46.61863061,-23.418347499999996],[-46.61839505,-23.41830467],[-46.61826656,-23.418190459999998],[-46.61815234,-23.418190459999995],[-46.61803099,-23.41826898],[-46.61791678,-23.41832608],[-46.61780256,-23.418340359999995],[-46.61763838,-23.418340360000006],[-46.61745278,-23.41822614999999],[-46.61727432,-23.41816904],[-46.61705303,-23.418069100000004],[-46.61689599,-23.417947749999996],[-46.61675322,-23.417826400000003],[-46.61662473,-23.417676490000005],[-46.61646768,-23.41754085999999],[-46.61625353000001,-23.417433790000004],[-46.61605366,-23.417319570000007],[-46.6158752,-23.417319570000004],[-46.61576098,-23.41741237],[-46.61568246,-23.417597970000003],[-46.61560394,-23.41777643],[-46.61554683,-23.417890639999992],[-46.61545403,-23.418012000000004],[-46.61531127,-23.41810478999999],[-46.615197050000006,-23.41820472999999],[-46.61504001,-23.418304670000005],[-46.61490438,-23.418376050000003],[-46.61468309,-23.41836178],[-46.61453318,-23.418304670000005],[-46.61430475,-23.418276119999998],[-46.61406919,-23.418240419999997],[-46.61384076,-23.41821901],[-46.6136623,-23.4181619],[-46.61358378,-23.418069099999997],[-46.61342673,-23.418004859999996],[-46.61320544,-23.417912060000003],[-46.61299129,-23.417833540000004],[-46.61276286,-23.41773359999999],[-46.61259868,-23.417619379999994],[-46.61242736,-23.41749803],[-46.61229173,-23.41741951],[-46.61218466,-23.417340990000003],[-46.61211327,-23.417283879999992],[-46.61210613,-23.417219639999995],[-46.61217038,-23.417098279999998],[-46.61220607,-23.416969790000007],[-46.61228459,-23.41679133],[-46.6123417,-23.416612869999998],[-46.6123417,-23.41647724],[-46.61234884,-23.416341610000007],[-46.612420220000004,-23.416134600000007],[-46.61247733,-23.416006109999998],[-46.61252016,-23.415870479999995],[-46.61260582,-23.415749129999995],[-46.6126772,-23.41566346999999],[-46.61273431,-23.41560636],[-46.61289135,-23.415494529999997],[-46.61309123,-23.41524706],[-46.61326255,-23.415104289999995],[-46.61343387,-23.414971039999994],[-46.61353857,-23.414847309999995],[-46.61364326,-23.41476165],[-46.61371941,-23.41453322],[-46.61374796,-23.414304799999996],[-46.61375748,-23.414066849999998],[-46.61374796,-23.413886009999988],[-46.61372893,-23.413714690000003],[-46.61371941,-23.413505299999994],[-46.61375748,-23.41336252999999],[-46.61383362,-23.413086509999996],[-46.6139288,-23.41291519],[-46.61401446,-23.41280098],[-46.6140906,-23.412677239999994],[-46.6141953,-23.412515439999996],[-46.61425241,-23.412429780000004],[-46.61434759,-23.412248939999998],[-46.61438566,-23.412068100000003],[-46.61432855,-23.41183967],[-46.61424289,-23.411706419999998],[-46.61417626,-23.411592209999995],[-46.61413819,-23.411439919999996],[-46.61410012,-23.41128764],[-46.6140335,-23.411240049999996],[-46.61383362,-23.411201979999998],[-46.61365278,-23.411211499999993],[-46.61351953,-23.41127812],[-46.61328159,-23.411335229999995],[-46.61301509,-23.411306670000002],[-46.61278666,-23.41124005],[-46.61260582,-23.411182940000003],[-46.61236787,-23.41103066],[-46.61218703,-23.41092596],[-46.61196812,-23.410859339999995],[-46.61176825,-23.410792709999996],[-46.61155886000001,-23.410707050000003],[-46.61138754,-23.41065946],[-46.61118766,-23.410630909999995],[-46.61103538,-23.41054525],[-46.61102586,-23.410392960000003],[-46.61113055,-23.41028827],[-46.61123525,-23.41012646],[-46.61131139,-23.409993210000003],[-46.61142561,-23.409764779999996],[-46.61150175,-23.40964105000001],[-46.61160645,-23.40952684],[-46.61165404,-23.409346000000003],[-46.61166355000001,-23.409260339999996],[-46.61170162,-23.408886759999994],[-46.61168973,-23.408625019999995],[-46.61168973,-23.408398969999993],[-46.61176111,-23.408161029999995],[-46.61183249,-23.407994459999994],[-46.61191578,-23.407839800000005],[-46.61201095,-23.40769703],[-46.61208234,-23.407613749999992],[-46.61215372,-23.407506679999994],[-46.61228459,-23.4073758],[-46.61243926,-23.407209239999997],[-46.61257013000001,-23.40711406],[-46.6126772,-23.406971299999995],[-46.61280807,-23.406876119999996],[-46.61290325,-23.406650069999994],[-46.61292705,-23.406364530000005],[-46.61284377,-23.406102789999988],[-46.61283187,-23.405900539999998],[-46.61286756,-23.40563879999999],[-46.61290325,-23.40543654],[-46.61296274000001,-23.40524619],[-46.61303412,-23.40502014],[-46.61303412,-23.404782190000002],[-46.61297464,-23.40456804],[-46.61286756,-23.40442527],[-46.61274859,-23.40425871],[-46.61261772,-23.40417543],[-46.61235598,-23.404068350000003],[-46.61215372,-23.403937480000003],[-46.61191578,-23.40390179],[-46.61168973,-23.40390179],[-46.61146368,-23.40386609999999],[-46.61129712,-23.403842309999998],[-46.61109486,-23.403866099999995],[-46.61090451,-23.403973179999998],[-46.61073794,-23.404127840000008],[-46.61054759000001,-23.404270609999998],[-46.61038102,-23.40435389],[-46.61025015,-23.40435389],[-46.61015497,-23.40419922],[-46.61015497,-23.403973180000005],[-46.610095490000006,-23.403770920000003],[-46.60995272,-23.403509179999993],[-46.60977426,-23.403330719999992],[-46.60963149,-23.403116569999998],[-46.60950062,-23.402890520000003],[-46.60942924,-23.402759649999997],[-46.60933406,-23.40259309],[-46.60929837,-23.40236704],[-46.60923888,-23.402164789999993],[-46.60920319000001,-23.40193874],[-46.6091675,-23.40170079],[-46.60910801,-23.401510429999995],[-46.60891766,-23.4012368],[-46.6087392,-23.401082129999995],[-46.60845366,-23.400856080000008],[-46.6082633,-23.400725209999997],[-46.60809674,-23.40059434],[-46.60787069,-23.400451569999998],[-46.60766844,-23.40029691],[-46.60747808,-23.400189829999995],[-46.60733531,-23.40002327],[-46.60720444,-23.399809119999986],[-46.60703788,-23.399511689999997],[-46.60684752,-23.399178560000003],[-46.60668096,-23.398916819999997],[-46.6065263,-23.39869076999999],[-46.60638353,-23.39842903],[-46.60619317,-23.3981435],[-46.60609799,-23.397941239999994],[-46.60593143,-23.397715190000007],[-46.60586005,-23.39754863],[-46.60572918,-23.397405859999996],[-46.605634,-23.3972393],[-46.60547933,-23.397120330000007],[-46.60530087,-23.397025149999997],[-46.60514621,-23.396989459999997],[-46.60488447,-23.396894279999994],[-46.60468221,-23.396822899999997],[-46.60443237,-23.396763409999995],[-46.60425391,-23.39665633],[-46.60407545,-23.396596849999995],[-46.6038732,-23.396501669999992],[-46.60367094,-23.396454079999998],[-46.60333782,-23.39647787],[-46.60311177,-23.39651357],[-46.60282623,-23.396549259999997],[-46.60249311,-23.39665633],[-46.60217188,-23.396751510000005],[-46.60187445,-23.396810999999996],[-46.60169599,-23.396822899999993],[-46.60141046,-23.39682289999999],[-46.60108923,-23.396751509999994],[-46.60091077,-23.39664443999999],[-46.60064903,-23.396477869999995],[-46.60047057,-23.396287519999998],[-46.60030401,-23.39609716],[-46.60012555,-23.395906799999988],[-46.59995898,-23.395704549999994],[-46.59982811,-23.39556178],[-46.59964965,-23.3954785],[-46.59947119,-23.395407120000005],[-46.59934032,-23.39534762999999],[-46.59928084,-23.395181069999992],[-46.59920945,-23.395002610000002],[-46.59911428,-23.394847939999995],[-46.598923920000004,-23.394610000000004],[-46.59875736000001,-23.39438395],[-46.59859079,-23.394027030000004],[-46.598531310000006,-23.393741490000004],[-46.59847182,-23.393384569999995],[-46.59843613,-23.393039549999994],[-46.59847182,-23.392754019999998],[-46.59843613,-23.392527969999996],[-46.59843613,-23.392301919999998],[-46.5985551,-23.39204018],[-46.59868597,-23.391802230000003],[-46.59885254,-23.39157618],[-46.59905479,-23.39137393],[-46.59918566,-23.39121926],[-46.59931653,-23.39108839],[-46.5994355,-23.39104081],[-46.59964965,-23.391017009999995],[-46.59982811,-23.390981319999995],[-46.60003037,-23.39090993],[-46.600161240000006,-23.39088614],[-46.6003278,-23.390814759999998],[-46.60047057,-23.39079096],[-46.60058954,-23.39079096],[-46.600660930000004,-23.390719579999995],[-46.6007561,-23.39055302],[-46.6007561,-23.39051731999999],[-46.60086318,-23.390184199999997],[-46.60089887,-23.389803489999995],[-46.60093456,-23.389541739999995],[-46.60094646,-23.389315699999997],[-46.60099405,-23.389113439999996],[-46.60097026,-23.388946880000002],[-46.60087508,-23.388816009999992],[-46.60074421,-23.38868514],[-46.60061334000001,-23.38858996],[-46.60047057,-23.388518580000003],[-46.60025642,-23.3884234],[-46.60007796,-23.38835200999999],[-46.59992329,-23.38825684],[-46.59976863000001,-23.388161659999998],[-46.59956637,-23.387995099999998],[-46.59942361,-23.38789992],[-46.59923325,-23.38782853],[-46.59904289,-23.38774524999999],[-46.59884064,-23.38766197],[-46.59860269,-23.387531099999997],[-46.59837664,-23.387400229999997],[-46.59822198,-23.387305050000002],[-46.59807921,-23.38728126],[-46.59779367,-23.387340740000003],[-46.59763901,-23.387340740000003],[-46.59756763,-23.387221770000004],[-46.59755573,-23.38704331],[-46.59749624,-23.386817259999994],[-46.59740106,-23.386662600000005],[-46.5972464,-23.386519829999997],[-46.59694897,-23.386460339999992],[-46.59668723,-23.386353269999997],[-46.59654446,-23.38623429],[-46.59621133,-23.385996349999996],[-46.59586631,-23.385841679999995],[-46.59553319,-23.385746499999993],[-46.5950454,-23.385734610000004],[-46.59478366,-23.38569891999999],[-46.59451002,-23.38563942999999],[-46.59426018,-23.385615629999993],[-46.59398654000001,-23.385544249999995],[-46.59377239,-23.385437170000007],[-46.59359393,-23.385246819999995],[-46.59336788000001,-23.385008869999993],[-46.59317752,-23.384878000000004],[-46.59307044,-23.38472334],[-46.59290388,-23.384628160000002],[-46.592689730000004,-23.38452108],[-46.59248748,-23.384390210000003],[-46.59224953,-23.38425934],[-46.59199969,-23.38417606],[-46.59172605,-23.384092780000003],[-46.59153569,-23.383973809999997],[-46.59134534,-23.383831040000004],[-46.591178770000006,-23.383712070000005],[-46.59097652,-23.383569299999994],[-46.59085755,-23.38343843],[-46.59057201,-23.38318858],[-46.59042924,-23.382974429999994],[-46.59016750000001,-23.382760279999996],[-46.58988197,-23.382522329999997],[-46.58956074,-23.382296289999996],[-46.58926331,-23.38207024],[-46.58906105,-23.381832289999995],[-46.58889449,-23.38143968],[-46.5888588,-23.381142249999993],[-46.588835,-23.380916199999998],[-46.58876362,-23.380713939999996],[-46.58864465,-23.380523589999992],[-46.58856137,-23.380428409999997],[-46.5884067,-23.38023805],[-46.58824014,-23.380107180000003],[-46.58801409,-23.380035799999998],[-46.58784753,-23.380012],[-46.58764527000001,-23.380035799999998],[-46.58745492,-23.380202359999995],[-46.58733594,-23.38036891999999],[-46.58716938,-23.380666359999996],[-46.58696713,-23.380797230000002],[-46.58653882,-23.380892399999997],[-46.58624139,-23.38084481],[-46.58578929000001,-23.380690150000007],[-46.58546807,-23.380357029999992],[-46.58528961,-23.38005959],[-46.58515874,-23.379797850000003],[-46.58502787,-23.37953611],[-46.584897,-23.379286269999994],[-46.58470664,-23.37904832],[-46.58433782,-23.37875089],[-46.58412367,-23.37850105],[-46.58392142,-23.378203609999993],[-46.58375485,-23.377965670000005],[-46.5835645,-23.377810999999998],[-46.58333845,-23.377680129999995],[-46.58315999,-23.37754925999999],[-46.58304102000001,-23.37748977],[-46.58263651,-23.377299419999996],[-46.58227959,-23.377168549999997],[-46.58199405,-23.377049570000004],[-46.58172042,-23.376966290000002],[-46.58150626,-23.37696628999999],[-46.58124452,-23.376906809999998],[-46.58111365,-23.376811630000002],[-46.58094709,-23.376716450000004],[-46.58087571,-23.376490399999998],[-46.58085191,-23.37615728],[-46.58084002,-23.37585984],[-46.58084002,-23.375562409999993],[-46.58085191,-23.375300669999998],[-46.58078053,-23.375050830000003],[-46.58078053,-23.374836679999994],[-46.58078053,-23.37464632],[-46.58078053,-23.37442027],[-46.58072104,-23.374194219999996],[-46.58067345,-23.37392058],[-46.5804831,-23.373539870000005],[-46.58038792,-23.373373309999998],[-46.58012618,-23.373278129999996],[-46.57990013,-23.373206739999993],[-46.579721670000005,-23.37327813],[-46.579567,-23.373373309999998],[-46.57943613,-23.37350418],[-46.579329060000006,-23.37356366],[-46.57907921,-23.373670739999998],[-46.57888886,-23.373706429999995],[-46.57861522,-23.373694529999998],[-46.57842486,-23.373694529999998],[-46.57812743,-23.373742119999996],[-46.57790138,-23.373742119999992],[-46.57760395,-23.373765919999993],[-46.5773779,-23.37380161],[-46.57717565,-23.373825399999998],[-46.5769139,-23.373896789999996],[-46.57668786,-23.373920579999997],[-46.57646181,-23.373896789999996],[-46.57615248,-23.373825399999994],[-46.57593833,-23.373861100000003],[-46.57579556,-23.373932479999997],[-46.57551002,-23.373991969999995],[-46.57527208,-23.37408715],[-46.57504603,-23.374158529999995],[-46.57476049,-23.374289400000006],[-46.57458203,-23.374384580000005],[-46.57441547,-23.374527349999994],[-46.57418942,-23.374682010000004],[-46.57403476,-23.37478909],[-46.57377302,-23.374979439999997],[-46.57358266,-23.37505083],[-46.57325667,-23.375293529999997],[-46.57288548,-23.375422020000002],[-46.57252856,-23.375464849999993],[-46.5722573,-23.375607620000004],[-46.57205742,-23.37573610999999],[-46.57174334,-23.375921709999997],[-46.57144352,-23.375978820000004],[-46.57115799,-23.375921709999997],[-46.57088673,-23.37585033],[-46.57070113,-23.37576466999999],[-46.57048698,-23.375693279999993],[-46.57023,-23.37572184000001],[-46.56997302,-23.3758075],[-46.56970176,-23.3758075],[-46.5692449,-23.37573610999999],[-46.56900220000001,-23.37556479],[-46.56880232,-23.375293530000004],[-46.56873094,-23.37513649],[-46.56864528,-23.374865230000005],[-46.56857389,-23.374565420000007],[-46.56848823000001,-23.374308439999997],[-46.56841685,-23.374151389999998],[-46.56830264,-23.373965790000003],[-46.56813131,-23.37380875],[-46.56781723,-23.37368026],[-46.56754597,-23.373537489999997],[-46.56727471,-23.373366169999994],[-46.567032,-23.373209120000002],[-46.56684641,-23.373023530000005],[-46.566632250000005,-23.372737990000008],[-46.56657515,-23.37243818],[-46.56648949,-23.372238300000006],[-46.56637527000001,-23.37195276999999],[-46.56626106,-23.37172434],[-46.566104010000004,-23.37148164],[-46.56590414,-23.371253209999995],[-46.56559005,-23.371053329999995],[-46.56527596,-23.3708249],[-46.564790550000005,-23.37049654],[-46.56449074,-23.37028239],[-46.56429086,-23.370153900000002],[-46.56393394,-23.369839810000002],[-46.56363413,-23.36971132],[-46.563462810000004,-23.369611380000006],[-46.56307734,-23.36949717],[-46.56272042,-23.36941149999999],[-46.56237778,-23.369297289999995],[-46.5621208,-23.369240180000002],[-46.56184954,-23.36912597],[-46.56139268,-23.369011759999992],[-46.561121420000006,-23.368897540000003],[-46.5609501,-23.368726219999996],[-46.56075023,-23.368469239999996],[-46.56045041,-23.368269360000006],[-46.56029337,-23.36804094],[-46.56016488,-23.367826779999994],[-46.56007922,-23.36762691],[-46.55985079,-23.367469859999993],[-46.55973658,-23.367284269999995],[-46.55960808,-23.36715578],[-46.55946532,-23.367041559999997],[-46.55930827,-23.366884519999996],[-46.55917978,-23.36674175],[-46.55903701,-23.366570430000003],[-46.55890852,-23.366456209999996],[-46.55879431,-23.36625634],[-46.55848022000001,-23.366027909999993],[-46.55835173,-23.365799479999996],[-46.55805192,-23.365585329999995],[-46.5579377,-23.365428290000004],[-46.55778066,-23.365242690000002],[-46.55772355,-23.36512847],[-46.55756651,-23.36495714999999],[-46.55740946,-23.364814389999992],[-46.55710965,-23.364643059999988],[-46.55682412,-23.364528849999996],[-46.55653858,-23.364443189999992],[-46.55626732,-23.36437181],[-46.55601034,-23.364300420000003],[-46.5557248,-23.364129099999996],[-46.55553921,-23.36382929],[-46.55533933000001,-23.363600860000002],[-46.55521084,-23.363358159999997],[-46.5551109,-23.36307262],[-46.55503952,-23.362858470000003],[-46.55496814,-23.36268714999999],[-46.55481109000001,-23.362458720000003],[-46.55463977,-23.362373059999996],[-46.55438279,-23.362187460000005],[-46.554254300000004,-23.362016140000005],[-46.55405442,-23.361816269999995],[-46.55382599,-23.36155928],[-46.553740330000004,-23.361202360000004],[-46.55355474,-23.360831169999997],[-46.55344052,-23.360674119999995],[-46.5532692,-23.360531359999996],[-46.55315499,-23.36028865],[-46.55304077,-23.36006021999999],[-46.55292656,-23.359817520000004],[-46.55276951,-23.359460600000002],[-46.5526553,-23.35926072],[-46.55264102,-23.359032299999996],[-46.55264102,-23.35887525],[-46.55261247,-23.35864682],[-46.55255536,-23.35844695],[-46.55248398,-23.358261350000003],[-46.55244115000001,-23.358132859999994],[-46.55234121,-23.357904429999998],[-46.5522841,-23.357847320000005],[-46.55205568,-23.357790220000002],[-46.55182725,-23.357690279999993],[-46.55162737,-23.357618900000006],[-46.55141322,-23.35750468],[-46.55119907,-23.357376190000007],[-46.55102775,-23.357261980000004],[-46.55078504,-23.35717632],[-46.55051378,-23.357076380000002],[-46.5502568,-23.35701927],[-46.54997127,-23.356905060000003],[-46.54972856,-23.35679084],[-46.54941447,-23.35691933],[-46.54917177,-23.357019269999995],[-46.54891479,-23.35717632],[-46.54871491,-23.357376189999997],[-46.54848648,-23.35753324],[-46.54828661,-23.357704559999995],[-46.54811529,-23.357847319999994],[-46.54785831,-23.358004370000003],[-46.5476156,-23.35813286],[-46.54745856,-23.358218519999994],[-46.54721585,-23.358289899999992],[-46.54698742,-23.35826135],[-46.5468161,-23.35833273],[-46.5466305,-23.358375560000002],[-46.54647346,-23.358318460000007],[-46.54624503,-23.35831846],[-46.54607371,-23.35817569],[-46.54587384,-23.358061479999993],[-46.54560258000001,-23.357818770000005],[-46.54541698,-23.357704559999995],[-46.54528849,-23.35761889999999],[-46.54508861000001,-23.357533239999995],[-46.5447888,-23.357590340000005],[-46.5445461,-23.357661729999993],[-46.54434622,-23.35779022],[-46.54411779,-23.357847320000005],[-46.54394647,-23.35784732],[-46.5438037,-23.358018649999998],[-46.54363238,-23.358161409999994],[-46.54331829,-23.35831846],[-46.54311842,-23.35840412],[-46.54288999,-23.358475499999997],[-46.5425759,-23.35853260999999],[-46.54234747,-23.358603989999995],[-46.54221898,-23.358761040000008],[-46.54210477,-23.358989470000004],[-46.5421476,-23.359232170000002],[-46.54211905,-23.359360659999997],[-46.54206194,-23.359517709999995],[-46.54191917000001,-23.359703300000003],[-46.54179068,-23.359860349999995],[-46.54160508,-23.360045949999996],[-46.54147659,-23.360245820000003],[-46.54131955,-23.36041714],[-46.54113395000001,-23.36057419],[-46.54096263,-23.360774059999997],[-46.54068899,-23.361014389999998],[-46.54039156,-23.360859720000004],[-46.54014171,-23.360859720000004],[-46.53995136,-23.360859720000008],[-46.5397848,-23.361061979999995],[-46.53973721,-23.36132372],[-46.53954685,-23.36157356],[-46.53926131000001,-23.361870990000003],[-46.53904716,-23.36204945],[-46.53882111,-23.36218032],[-46.53849989,-23.36231119],[-46.53827384,-23.362430170000003],[-46.53810728,-23.362501549999998],[-46.53794071,-23.36263242],[-46.53771466,-23.362763290000004],[-46.53745292,-23.362929849999997],[-46.53721498,-23.363179699999996],[-46.53706031,-23.363286769999995],[-46.53689375,-23.363417640000005],[-46.5366677,-23.36348903],[-46.53647734,-23.363548509999994],[-46.53626251,-23.363583859999995],[-46.53643194,-23.36381766],[-46.53652711,-23.364008019999996],[-46.5365866,-23.36413889],[-46.53665798,-23.364269760000006],[-46.53669368,-23.364436319999992],[-46.53678886,-23.364590979999996],[-46.53686024,-23.364805139999998],[-46.53697921,-23.365054979999996],[-46.53706249,-23.365281030000006],[-46.53721716,-23.365542770000005],[-46.53731234,-23.365768819999996],[-46.53738372,-23.365971070000004],[-46.53753839,-23.366220920000004],[-46.53763356,-23.366482659999992],[-46.53768115,-23.366720599999994],[-46.53760977,-23.36701803],[-46.53757408,-23.367303569999997],[-46.53750269,-23.367470129999997],[-46.53750269,-23.367767559999997],[-46.53741941,-23.368005510000003],[-46.53732423,-23.36823156],[-46.53728854,-23.36845761],[-46.53721716,-23.368683659999995],[-46.53721716,-23.368909709999997],[-46.53725285,-23.369111959999994],[-46.53734803,-23.369361799999993],[-46.5374789,-23.369528369999998],[-46.53768115,-23.369659240000004],[-46.5379072,-23.36973062],[-46.53810946,-23.36979011],[-46.5383593,-23.369861489999998],[-46.53858535,-23.370016160000002],[-46.53868053,-23.37014702999999],[-46.53884709,-23.37032549],[-46.53888278,-23.370456359999995],[-46.53889468,-23.370682399999996],[-46.53889468,-23.370872759999997],[-46.53889468,-23.371051219999995],[-46.53898986,-23.37117019],[-46.53908504,-23.371336759999995],[-46.53933488,-23.37152710999999],[-46.53954903,-23.37170557],[-46.53979887,-23.371895930000004],[-46.54000113,-23.3720149],[-46.54026287,-23.372145770000003],[-46.54045323,-23.37227664],[-46.5405603,-23.372419409999996],[-46.54069117,-23.372550279999988],[-46.540893430000004,-23.372716839999995],[-46.54114327,-23.372907199999993],[-46.54140501,-23.373133250000002],[-46.54180952,-23.373347399999993],[-46.54194039,-23.373502069999997],[-46.54222592,-23.373728110000002],[-46.54235679000001,-23.373894679999996],[-46.54255905,-23.374085030000003],[-46.5427613,-23.374227799999996],[-46.54301115,-23.374418159999994],[-46.54324909,-23.37462040999999],[-46.54341565,-23.37471559],[-46.54362981,-23.37487026000001],[-46.54392724,-23.374977329999997],[-46.54415329,-23.375036820000002],[-46.54428416,-23.375143889999997],[-46.54442693,-23.375262869999997],[-46.54458159,-23.375429430000004],[-46.54480764,-23.375703069999997],[-46.54491471,-23.375869630000004],[-46.54502179,-23.37605999],[-46.545105070000005,-23.37619086],[-46.54514076,-23.37639311],[-46.54520025,-23.376583470000003],[-46.54523594,-23.37675003],[-46.54530733,-23.376964179999995],[-46.54536681,-23.37709505],[-46.5454025,-23.37746386999999],[-46.5454025,-23.377654230000005],[-46.5454025,-23.377832680000004],[-46.54536681,-23.378094430000004],[-46.54533112000001,-23.378225300000004],[-46.54524784,-23.378415649999994],[-46.54521215,-23.37860601],[-46.54521215,-23.378772570000006],[-46.54511697,-23.37906999999999],[-46.54504559,-23.379272259999997],[-46.54495041,-23.379462620000005],[-46.54485523,-23.37970056],[-46.54474815,-23.379914709999994],[-46.54462918,-23.38015266],[-46.54462918,-23.380283529999993],[-46.54459349,-23.380604759999997],[-46.54459349,-23.380807009999998],[-46.54461728,-23.381092549999998],[-46.54472198,-23.381504190000005],[-46.5447886,-23.38168503],[-46.54481716000001,-23.38186586999999],[-46.54487426,-23.38210381999999],[-46.54486475,-23.382284659999993],[-46.54486475,-23.382446459999993],[-46.54484571,-23.382579710000005],[-46.54484571,-23.38273198999999],[-46.54484571,-23.382922349999998],[-46.54482667,-23.38307464],[-46.54479812,-23.38331258],[-46.5447886,-23.38347439],[-46.5447886,-23.38368378],[-46.54476957,-23.383845579999992],[-46.54469342,-23.384016899999995],[-46.54463632000001,-23.384226300000005],[-46.54465535,-23.38441664999999],[-46.54471246000001,-23.38456894],[-46.54482667,-23.38473073999999],[-46.54495041,-23.384787850000002],[-46.54513125,-23.384892549999993],[-46.5453216,-23.384997240000004],[-46.54549292,-23.385149529999996],[-46.54565473,-23.38531133],[-46.54575942,-23.385482650000004],[-46.54584508,-23.385673009999998],[-46.54587364000001,-23.38583480999999],[-46.54581653,-23.385939509999993],[-46.54570232,-23.386120350000002],[-46.54559762,-23.38635829],[-46.54555003,-23.38655816999999],[-46.54555003,-23.38677708],[-46.54562617,-23.3869484],[-46.54586412,-23.387062610000008],[-46.5461211,-23.387138759999996],[-46.546206760000004,-23.38710068999999],[-46.54640664,-23.38714827],[-46.54659699,-23.38719586],[-46.54680639,-23.387329109999992],[-46.54693012,-23.38740526],[-46.54709192,-23.38753851],[-46.54719662,-23.387690789999997],[-46.54732987,-23.387795490000006],[-46.54740601,-23.387900179999992],[-46.5475583,-23.387976329999994],[-46.54767251,-23.388042949999996],[-46.5478248,-23.38816668],[-46.54791046,-23.38828090000001],[-46.54803419,-23.388385590000002],[-46.54815792,-23.38846173999999],[-46.54830069,-23.38853788],[-46.54836731,-23.38867112999999],[-46.54836731,-23.38880438],[-46.54836731,-23.388947150000007],[-46.54839587000001,-23.38919461],[-46.54850056000001,-23.38929931],[-46.54856719,-23.389423039999997],[-46.54866237,-23.389556290000005],[-46.54861478,-23.389784719999994],[-46.54866237,-23.389851339999993],[-46.54873851,-23.389956039999994],[-46.54890031,-23.39002266],[-46.5490526,-23.39006072999999],[-46.5492144,-23.390155909999994],[-46.54944283,-23.39026061],[-46.5495856,-23.39034626999999],[-46.54973788000001,-23.39044145],[-46.54989017,-23.390546140000005],[-46.55000438,-23.390688910000005],[-46.55020426,-23.39086975],[-46.55034702,-23.391003],[-46.55045172,-23.3911077],[-46.55060401,-23.39130756999999],[-46.55072774,-23.391516959999993],[-46.55087051000001,-23.391764429999995],[-46.55105134,-23.3919072],[-46.55127977,-23.39199285999999],[-46.55144158,-23.39204045],[-46.55162242,-23.392116590000004],[-46.55188891,-23.39214513999999],[-46.55205072,-23.392249839999995],[-46.552203,-23.392383089999996],[-46.5523077,-23.39259248],[-46.5524124,-23.39275428],[-46.55256468,-23.392906569999994],[-46.55272649,-23.39301126999999],[-46.55283118,-23.393096930000006],[-46.55302154,-23.393201620000003],[-46.55319286,-23.393296799999998],[-46.55332611,-23.393430050000003],[-46.55349743,-23.39362993],[-46.55354502,-23.39376318],[-46.55360213,-23.3939345],[-46.55367827,-23.394096299999998],[-46.55375441,-23.394201000000002],[-46.55382104,-23.394315209999995],[-46.55386863,-23.39441991],[-46.55389718,-23.3945246],[-46.55394477,-23.394676889999996],[-46.55395429,-23.39485773],[-46.55402091,-23.39501001],[-46.55415416,-23.395076639999996],[-46.55430645,-23.395171819999987],[-46.55439211,-23.395228919999997],[-46.55455391000001,-23.39535266],[-46.55465861,-23.39545735],[-46.55475379,-23.39554301],[-46.55499173,-23.395752409999997],[-46.55510595,-23.395876139999995],[-46.55520112,-23.39601890999999],[-46.55533437,-23.396123600000003],[-46.55546762,-23.396304440000005],[-46.55559136,-23.396428169999997],[-46.5557722,-23.396561419999998],[-46.55587689,-23.39664708],[-46.55603869,-23.39675178],[-46.55617194,-23.39685648],[-46.55622905,-23.39700876],[-46.55625761,-23.397189599999997],[-46.55625761,-23.3973514],[-46.55625761,-23.397484649999996],[-46.55628616,-23.397694049999995],[-46.55635278,-23.397846329999997],[-46.556467,-23.397970060000002],[-46.556638320000005,-23.398036689999998],[-46.55675253,-23.39813187],[-46.55699048,-23.398246080000003],[-46.55712373,-23.39834125999999],[-46.55722843,-23.398426919999995],[-46.55735216,-23.39850306],[-46.55751396,-23.39860776],[-46.55768528,-23.39866487],[-46.55793275,-23.398817149999996],[-46.55817069,-23.39892185],[-46.55834201,-23.39902654],[-46.55858948,-23.39912172],[-46.55882742000001,-23.39922642000001],[-46.55908595,-23.399390479999994],[-46.55911439,-23.399602610000002],[-46.55911439,-23.399733479999995],[-46.55903111,-23.400007119999998],[-46.55891213,-23.40031644999999],[-46.55884075,-23.40057819],[-46.55868608,-23.400792340000002],[-46.5586147,-23.4009827],[-46.55846003,-23.401173059999998],[-46.55829347,-23.40133962],[-46.55812691,-23.40152996999999],[-46.55798414000001,-23.401696540000003],[-46.55781758,-23.401874999999993],[-46.55760343,-23.40205346],[-46.55737738,-23.40222002],[-46.55710374,-23.402267609999992],[-46.55681821,-23.40232709],[-46.55654457,-23.402386579999998],[-46.55619955,-23.40239848],[-46.5559616,-23.40248176],[-46.55573555,-23.40264832],[-46.55555233,-23.403002860000008],[-46.55557137,-23.4031837],[-46.55565703,-23.403393089999994],[-46.55568558,-23.403545379999994],[-46.55564751,-23.403735739999995],[-46.55560944,-23.403973679999996],[-46.55560944,-23.404135479999994],[-46.55564751,-23.40433536],[-46.55571414,-23.40457331],[-46.55573317,-23.40483028999999],[-46.555599920000006,-23.405001609999992],[-46.55544764,-23.4051063],[-46.55540005,-23.40524907],[-46.55543812,-23.405363289999997],[-46.55547619,-23.405515569999995],[-46.55559579,-23.405706409999997],[-46.55559579,-23.405858100000003],[-46.55556902,-23.406048459999997],[-46.55552143,-23.406360760000005],[-46.55553631,-23.406661170000003],[-46.55561661000001,-23.40684855],[-46.55568502,-23.406979419999995],[-46.55580697,-23.40728577999999],[-46.55583787,-23.407514320000004],[-46.55592353,-23.407771300000007],[-46.55605384,-23.407892539999995],[-46.55616865,-23.408012600000003],[-46.55623884,-23.408105400000007],[-46.55624456,-23.408233999999993],[-46.55632688000001,-23.408320739999994],[-46.55631614,-23.408425649999995],[-46.55629235,-23.408478000000002],[-46.55625784,-23.408598159999997],[-46.55626855,-23.40870167],[-46.55630424,-23.40876235],[-46.55634707,-23.40883016],[-46.55639704,-23.408897979999992],[-46.55648984,-23.408990770000006],[-46.55651126,-23.40908],[-46.55651126,-23.409158529999992],[-46.55651126,-23.409251329999993],[-46.55652196,-23.40935125999999],[-46.55651483,-23.409469049999995],[-46.55652196,-23.409615380000005],[-46.55652553,-23.409674870000003],[-46.55654933,-23.40968974],[-46.55658502,-23.40969866],[-46.55664153000001,-23.40972246],[-46.55667425,-23.409746250000005],[-46.55672481,-23.4097641],[-46.55675753,-23.409764099999997],[-46.55685271000001,-23.409811689999994],[-46.5569122,-23.409811689999998],[-46.55696871,-23.409829529999993],[-46.557034140000006,-23.409865229999998],[-46.55709363,-23.40987712],[-46.55716501,-23.409897940000008],[-46.5572126,-23.409921739999998],[-46.5572364,-23.40995446],[-46.55726317,-23.409975279999998],[-46.55731075,-23.409984199999997],[-46.55733455,-23.40998717],[-46.55737024,-23.41001692],[-46.55739404,-23.410040709999997],[-46.557426750000005,-23.410073429999997],[-46.55745947,-23.410132920000002],[-46.55748624000001,-23.410192399999993],[-46.55749219,-23.410245940000003],[-46.55750111,-23.410296499999998],[-46.55751598,-23.410370860000004],[-46.55752491,-23.410418450000005],[-46.55753085,-23.41045414],[-46.55756357,-23.41052552999999],[-46.55759629,-23.410552299999996],[-46.5576409,-23.41057311999999],[-46.55769742,-23.410647469999997],[-46.55770634,-23.4107486],[-46.55774798,-23.41079024],[-46.55781044,-23.41082295999999],[-46.55785506,-23.410852699999996],[-46.55792049,-23.41088542],[-46.55797403,-23.410935979999994],[-46.55804244,-23.410974649999993],[-46.55814654,-23.411007369999997],[-46.55820305,-23.411010339999997],[-46.55827741,-23.4109925],[-46.55834879,-23.410938960000003],[-46.55840828,-23.410915159999995],[-46.55845587,-23.410903269999988],[-46.55851238000001,-23.41087054999999],[-46.55856889,-23.410805110000005],[-46.55861946,-23.410763470000003],[-46.55867894000001,-23.410739679999995],[-46.55872653,-23.41070101],[-46.5587771,-23.41065342],[-46.55883064,-23.410599889999997],[-46.5588812,-23.41055527],[-46.55893176,-23.410543369999996],[-46.55901504,-23.410555270000003],[-46.55908048,-23.41057014],[-46.55913699,-23.410593940000005],[-46.55922325,-23.410620709999993],[-46.55929166,-23.41063558],[-46.55935709,-23.41065937000001],[-46.55945524,-23.410692090000005],[-46.55954447,-23.410739680000002],[-46.55962478,-23.410790240000004],[-46.55968427,-23.41083783],[-46.55978242,-23.41093004],[-46.55984191,-23.410971679999996],[-46.55988057,-23.411028190000003],[-46.55992221,-23.411078749999994],[-46.55996088,-23.41113229],[-46.55998765,-23.411185830000004],[-46.56002631,-23.41123341999999],[-46.56006201,-23.411281010000003],[-46.56010365,-23.411313719999992],[-46.56015124,-23.411370239999997],[-46.56019288,-23.41143567],[-46.56024939,-23.411501109999993],[-46.56029103,-23.411551669999998],[-46.56032077,-23.4116171],[-46.56038026,-23.411706329999998],[-46.5604219,-23.41179854],[-46.56047246,-23.411878850000008],[-46.56048734,-23.411905609999998],[-46.56052898,-23.41197105],[-46.56060333,-23.412003770000002],[-46.56068364,-23.412018639999996],[-46.56076692,-23.41200377],[-46.56087697,-23.412003769999995],[-46.56096323,-23.41199484],[-46.56105246,-23.411944280000004],[-46.5611623,-23.41188601],[-46.5614526,-23.4119336],[-46.56160488,-23.411976429999996],[-46.5616953,-23.411981190000002],[-46.56173813,-23.411966909999997],[-46.56179048,-23.411914559999992],[-46.56180952,-23.411847940000005],[-46.56183807,-23.41179083],[-46.56189042,-23.41175276],[-46.56191421,-23.41175752],[-46.56205698,-23.411890769999996],[-46.56254239,-23.412295280000002],[-46.562680400000005,-23.41243328],[-46.5627613,-23.412533219999997],[-46.56289455,-23.412599849999996],[-46.56300401,-23.41265219],[-46.56309918,-23.412728339999997],[-46.56327051,-23.412809239999998],[-46.563403750000006,-23.412866349999998],[-46.563494170000006,-23.412899659999994],[-46.5635608,-23.41290917999999],[-46.56367025,-23.412904420000004],[-46.56374164,-23.41292820999999],[-46.56380826,-23.413009109999994],[-46.56387489,-23.413104290000003],[-46.564008140000006,-23.413213749999997],[-46.56408904,-23.413342240000002],[-46.56414139,-23.41344218],[-46.56415566,-23.413570669999988],[-46.56419374,-23.413713429999987],[-46.56426036,-23.413841920000003],[-46.56447927,-23.41398469],[-46.56471722,-23.41413222],[-46.56479812,-23.414203599999993],[-46.56485523,-23.414303539999995],[-46.56488854,-23.41438444],[-46.56498848,-23.414498660000007],[-46.56512173,-23.41457004],[-46.56524546000001,-23.41462715],[-46.56536919,-23.41464141999999],[-46.56554051,-23.41464142],[-46.56563569,-23.41461763],[-46.56580701,-23.414650939999998],[-46.56587634,-23.414675659999993],[-46.56593582,-23.41469054],[-46.56595367,-23.414726230000003],[-46.56602505000001,-23.41477679],[-46.56609049,-23.41481546],[-46.5661589,-23.414880890000003],[-46.56620054,-23.4149374],[-46.56623028,-23.41497904999999],[-46.56625408,-23.415050429999997],[-46.5662868,-23.415100990000003],[-46.56631356,-23.415160479999997],[-46.56636115,-23.415202119999993],[-46.56642064,-23.415231859999995],[-46.56647418,-23.41526458],[-46.56652474,-23.415297300000002],[-46.56657531,-23.41534786],[-46.56662289,-23.415407349999995],[-46.56666453,-23.41547278],[-46.5666913,-23.4155293],[-46.5667151,-23.415600679999997],[-46.56672402,-23.415660170000006],[-46.56673294,-23.415755340000004],[-46.56675376,-23.415865389999997],[-46.56676269,-23.415942729999998],[-46.56679541,-23.41600816],[-46.56684299,-23.41605278],[-46.56689653,-23.41612416],[-46.56690899,-23.41618065],[-46.56692033,-23.416222310000002],[-46.56688805000001,-23.41627391999999],[-46.56685759,-23.41633102999999],[-46.56682523,-23.416384329999996],[-46.56680433,-23.41643647],[-46.56676269,-23.416487029999995],[-46.5667032,-23.41655246],[-46.56664074,-23.41662682],[-46.56657233,-23.41667441],[-46.56652772,-23.416739850000003],[-46.56647418,-23.416814200000008],[-46.56636413,-23.416945079999994],[-46.56629869,-23.416998610000004],[-46.56625408,-23.41708189],[-46.56623921,-23.417156249999994],[-46.56623921,-23.41720384],[-46.56619757,-23.417257380000006],[-46.56615593,-23.417310919999988],[-46.5660667,-23.417361479999997],[-46.56601911,-23.41740015],[-46.56595962,-23.417432860000012],[-46.56592095,-23.41744476],[-46.56587039,-23.417492350000007],[-46.565799010000006,-23.41753994],[-46.56572465,-23.41759645000001],[-46.56566814,-23.417632140000002],[-46.56561757000001,-23.417673779999994],[-46.565572960000004,-23.417706499999998],[-46.56550752,-23.41776896],[-46.56544209,-23.41782845],[-46.5653945,-23.417884959999995],[-46.56536178,-23.417974189999995],[-46.56538557,-23.418078289999997],[-46.565391520000006,-23.41810506],[-46.56540937,-23.41817942],[-46.56545101,-23.41825973],[-46.56550752,-23.418310289999997],[-46.56557593,-23.418357880000002],[-46.56562352,-23.418387619999997],[-46.56568896,-23.418420339999994],[-46.56574844,-23.41844116],[-46.56580198,-23.41846496],[-46.56584362000001,-23.4184947],[-46.56588526,-23.41853039],[-46.56592393,-23.418563109999994],[-46.56600721,-23.41866720999999],[-46.56605480000001,-23.418717769999997],[-46.56607264,-23.41876536],[-46.56609644,-23.41880105],[-46.56610536,-23.418875409999995],[-46.56610536,-23.418952749999995],[-46.56610834,-23.419021149999992],[-46.56610834,-23.419086590000003],[-46.56611428,-23.419184740000002],[-46.56615295,-23.419250179999995],[-46.56618864,-23.419354279999997],[-46.566206490000006,-23.419419709999996],[-46.56622731,-23.41948515],[-46.56622731,-23.419583299999996],[-46.56623623000001,-23.419657660000002],[-46.56623028,-23.419734989999995],[-46.56621839,-23.4198153],[-46.56620351,-23.41991047999999],[-46.56619757,-23.420017549999997],[-46.56622136000001,-23.42011868000001],[-46.56622731,-23.420181140000004],[-46.56625408,-23.420231709999996],[-46.56629572,-23.420282269999998],[-46.56637008,-23.420362580000003],[-46.56645157,-23.420403030000003],[-46.56646644,-23.420429800000004],[-46.56646942,-23.420492260000003],[-46.56646644,-23.42055174],[-46.56648429,-23.420632049999995],[-46.56648429,-23.420679639999996],[-46.56647834,-23.420756970000003],[-46.5664605,-23.420843229999992],[-46.5664367,-23.420908660000002],[-46.56641291,-23.42099492],[-46.56641291,-23.42100979],[-46.56640101,-23.421116870000002],[-46.56643373,-23.421212040000004],[-46.5664605,-23.421289380000008],[-46.56650809,-23.421375630000004],[-46.5665646,-23.421473779999992],[-46.56661814,-23.42156301],[-46.56667643,-23.421648669999996],[-46.56669785,-23.421703399999995],[-46.56671688,-23.421755750000006],[-46.56672878,-23.42180572],[-46.56674306,-23.421839029999994],[-46.56675733,-23.42189376],[-46.56675495,-23.421943730000002],[-46.56675495,-23.421988939999988],[-46.56675020000001,-23.422036529999996],[-46.56675495,-23.42208173999999],[-46.56673592,-23.422134079999992],[-46.566704990000005,-23.42216264],[-46.56667643,-23.42219356999999],[-46.56665026,-23.42223164],[-46.56661933,-23.422279229999997],[-46.56658601,-23.422329200000007],[-46.56654556,-23.422414859999996],[-46.56652177,-23.422467209999997],[-46.56650035,-23.422529079999997],[-46.56648608,-23.422579039999995],[-46.56648608,-23.42263377],[-46.56650035,-23.42270278],[-46.56651463,-23.42276226],[-46.56650273,-23.42280746999999],[-46.56650273,-23.422859819999996],[-46.56652653,-23.42294072],[-46.56655508,-23.423066829999993],[-46.56655984,-23.423097770000002],[-46.56656222,-23.423150109999995],[-46.56656936,-23.423211980000005],[-46.56656698,-23.423276230000003],[-46.56656222,-23.42332382],[-46.56653604,-23.423380919999996],[-46.566524150000006,-23.423421369999996],[-46.56651701,-23.423492760000006],[-46.56649559,-23.42357128],[-46.56645038,-23.42367597999999],[-46.56642897,-23.42372119],[-46.5663909,-23.423761640000006],[-46.56635758,-23.42379495],[-46.56630762,-23.423828259999997],[-46.56625289,-23.423859190000005],[-46.56621244,-23.42389013],[-46.56613629,-23.42394247],[-46.56607681,-23.423982929999998],[-46.56600542,-23.42403526999999],[-46.56594594,-23.424073350000004],[-46.56588169,-23.4241138],[-46.56582696,-23.42414949],[-46.56579603,-23.424199460000004],[-46.56576986,-23.424237529999992],[-46.56574368,-23.424289879999996],[-46.5657413,-23.424351740000006],[-46.56575558,-23.42440409],[-46.5657877,-23.42447784999999],[-46.56580912,-23.424524249999997],[-46.56585552,-23.42455637999999],[-46.56589478,-23.42461348],[-46.56594832,-23.42465274],[-46.56600542,-23.424720559999994],[-46.56607681,-23.42477053],[-46.56614462000001,-23.424841909999994],[-46.56618388,-23.424891879999997],[-46.56623028,-23.424948989999997],[-46.5662517,-23.424998959999996],[-46.56626954,-23.42505606],[-46.56626954,-23.42509532],[-46.56627311,-23.425145289999996],[-46.56628382,-23.425213109999998],[-46.566298100000004,-23.42528092],[-46.56628382,-23.425330890000005],[-46.56626954,-23.425402269999996],[-46.56624099,-23.425470089999994],[-46.56620173,-23.425516489999996],[-46.56616247,-23.4255843],[-46.5661125,-23.42562356],[-46.56608395,-23.425666389999996],[-46.5660661,-23.42570566],[-46.56604825,-23.425762760000005],[-46.56601613,-23.425830580000003],[-46.56598401,-23.425894820000003],[-46.56593761,-23.425987619999994],[-46.56586979,-23.426037589999993],[-46.56580912,-23.426098269999997],[-46.56575915,-23.426137529999995],[-46.56570204,-23.4261875],[-46.56567349,-23.426237470000004],[-46.56568063,-23.42628743],[-46.56569847,-23.42634097],[-46.56569847,-23.42640165],[-46.56569134,-23.426483740000002],[-46.56567349,-23.42658725],[-46.56568063,-23.426680040000008],[-46.56567349,-23.42679782999999],[-46.56562392,-23.42691713],[-46.56566869,-23.427137579999993],[-46.56574721,-23.427294619999994],[-46.56584001000001,-23.427515910000004],[-46.56592567,-23.427715789999997],[-46.56602561,-23.42793708],[-46.56616124,-23.428194060000003],[-46.56631828,-23.428558119999998],[-46.56643249,-23.428736579999992],[-46.56656812,-23.428872209999998],[-46.56672517,-23.429000699999996],[-46.56686794,-23.429093500000004],[-46.56699643,-23.429371889999995],[-46.56702498,-23.429700260000008],[-46.56701923,-23.429907209999996],[-46.56701784,-23.429957240000007],[-46.56709636,-23.430235639999996],[-46.56711778,-23.430464069999992],[-46.56721772,-23.430742459999998],[-46.56731051,-23.430878090000004],[-46.56749611,-23.431113659999994],[-46.567653160000006,-23.43134923],[-46.56784589,-23.431549099999994],[-46.56806005000001,-23.431784670000003],[-46.56828847,-23.432072579999996],[-46.56839555,-23.432179659999996],[-46.56848121,-23.43231529],[-46.56847407,-23.432472329999996],[-46.5684241,-23.432643649999996],[-46.56832417,-23.432765],[-46.56822423,-23.432829249999994],[-46.56803149,-23.432879219999997],[-46.56786731,-23.43290063],[-46.56773882,-23.432907769999996],[-46.56763888,-23.432957740000003],[-46.56753894,-23.43302199],[-46.56749611,-23.43312192000001],[-46.56746042,-23.43324328],[-46.56742473,-23.43337891],[-46.56735335,-23.433557369999996],[-46.56727482,-23.43369299],[-46.56718202,-23.433785790000005],[-46.56704639,-23.433885729999993],[-46.56694646,-23.433978529999997],[-46.56686794,-23.43408561],[-46.56681083,-23.434235509999997],[-46.566768,-23.434413969999994],[-46.56672517,-23.434656679999996],[-46.56665378,-23.434920800000008],[-46.5664896,-23.43504929],[-46.56638253,-23.435106389999994],[-46.56627545,-23.43512781],[-46.56614696,-23.43514209],[-46.5660613,-23.435184919999994],[-46.56593995,-23.435220609999995],[-46.56581145,-23.435299130000004],[-46.56563299,-23.435399069999995],[-46.56549737,-23.43546331],[-46.56531177000001,-23.435520420000007],[-46.56509762,-23.435598939999995],[-46.56491916000001,-23.435677469999995],[-46.56484063,-23.435827370000002],[-46.56480494,-23.436012969999997],[-46.56488346,-23.43624854],[-46.56497626,-23.436455549999994],[-46.56502623,-23.436676839999997],[-46.56504051,-23.436969510000008],[-46.5650762,-23.437285979999995],[-46.565085720000006,-23.437542960000002],[-46.56511427,-23.43775236],[-46.5651809,-23.438114029999998],[-46.565238,-23.43840909],[-46.56529511,-23.438685099999997],[-46.56531415,-23.43892305],[-46.56528559,-23.439218099999998],[-46.565238,-23.439484600000004],[-46.56519042,-23.43968448],[-46.56516186,-23.440084229999997],[-46.56520945,-23.440445899999997],[-46.565238,-23.440864689999994],[-46.56528559,-23.441340579999995],[-46.56536174,-23.44156901],[-46.56547595,-23.441683219999994],[-46.56565679,-23.441778399999997],[-46.56584715,-23.441787920000003],[-46.56607557,-23.441816470000003],[-46.56633256,-23.4418831],[-46.56652291,-23.442025870000002],[-46.5666752,-23.442225739999998],[-46.56675134,-23.442435129999996],[-46.56681797,-23.44278729],[-46.56689411,-23.443091870000007],[-46.56692266,-23.44340595],[-46.56698929,-23.443853289999993],[-46.56698215,-23.444162619999993],[-46.56696073,-23.444362499999997],[-46.56688221,-23.444519539999995],[-46.56680369,-23.44471228],[-46.566768,-23.444933569999996],[-46.56678941,-23.44510489],[-46.56681083,-23.44526906999999],[-46.56690363,-23.445440390000005],[-46.56696787,-23.445604580000005],[-46.56696787,-23.44576162],[-46.56694646,-23.445997189999996],[-46.56694646,-23.446132819999995],[-46.56698929,-23.446339830000003],[-46.56702498,-23.446596810000003],[-46.5671035,-23.44671816],[-46.56722485,-23.446853789999995],[-46.56736048,-23.44698942],[-46.56751753,-23.447167879999995],[-46.567653160000006,-23.447382030000004],[-46.56787445,-23.447667569999997],[-46.56803149,-23.447894809999998],[-46.56815522,-23.4482089],[-46.56830751,-23.448551540000004],[-46.56841221,-23.44888466],[-46.5685169,-23.449151159999996],[-46.5686216,-23.449379590000003],[-46.56865967,-23.449588979999994],[-46.56865967,-23.449779339999992],[-46.56855497,-23.450017290000005],[-46.56844076,-23.45015054],[-46.56830751,-23.450331379999998],[-46.56826944,-23.450483660000003],[-46.56828847,-23.45066449999999],[-46.56834558,-23.450950040000006],[-46.56845028,-23.451235570000005],[-46.56847883,-23.45157820999999],[-46.5686216,-23.451825680000002],[-46.56883099,-23.45205411],[-46.5690499,-23.45231109],[-46.56920219,-23.45252047999999],[-46.56944965,-23.452796499999994],[-46.56965904,-23.45304395999999],[-46.56993506,-23.453234320000004],[-46.57012542,-23.453358050000002],[-46.5702777,-23.45351985],[-46.57035385,-23.453700689999998],[-46.57041095,-23.454043330000005],[-46.57036336,-23.45462629999999],[-46.57034195,-23.45493325],[-46.57029912,-23.455290169999987],[-46.57030626,-23.455682780000004],[-46.57032053,-23.455961179999996],[-46.57036336,-23.456189609999992],[-46.5705561,-23.456489420000008],[-46.57069173,-23.456724989999998],[-46.57072028,-23.457039079999998],[-46.57069173,-23.45733889],[-46.57059893,-23.45796707],[-46.57051386,-23.458585730000003],[-46.57045438,-23.458942649999994],[-46.57031161,-23.459251969999993],[-46.57019264,-23.459537509999997],[-46.56996659,-23.45989443],[-46.56960015000001,-23.46027514],[-46.56943835,-23.460465499999998],[-46.56931462,-23.46069393],[-46.56924799,-23.460960429999997],[-46.5692004,-23.46116982],[-46.56917185,-23.461379210000004],[-46.56910522,-23.461588609999993],[-46.56904812,-23.46176944],[-46.56894342,-23.46214064],[-46.56875306,-23.46257846],[-46.56864837,-23.46279737],[-46.56851512,-23.463054350000004],[-46.56843897,-23.463254229999993],[-46.56828669000001,-23.46349217],[-46.56818199,-23.46371108],[-46.56804874,-23.463939509999996],[-46.56800115,-23.46414891],[-46.56796308,-23.46439637],[-46.56785839,-23.464596239999995],[-46.56768706,-23.46480564],[-46.56747767,-23.464938889999996],[-46.56728732,-23.46510069],[-46.56705889,-23.465272010000003],[-46.56687805,-23.465405259999994],[-46.56670673,-23.465538509999995],[-46.566611550000005,-23.465719350000004],[-46.56649733,-23.46596681],[-46.56642119,-23.466195239999998],[-46.5663165,-23.466404630000003],[-46.56619276,-23.466614029999995],[-46.56605,-23.46688053],[-46.56585012,-23.46713751],[-46.56573591,-23.4673469],[-46.56568832,-23.467584850000005],[-46.56565976,-23.467984599999994],[-46.56561217,-23.468222539999996],[-46.56549796,-23.46845097],[-46.565298090000006,-23.46868892],[-46.56506014,-23.468945899999998],[-46.5648793,-23.469088669999998],[-46.56474605,-23.46926951],[-46.56462232,-23.469421789999995],[-46.56437485,-23.46960263],[-46.56413691,-23.46979298999999],[-46.56390848,-23.47005949],[-46.563546800000005,-23.470449719999994],[-46.56314705,-23.470935129999997],[-46.5630138,-23.47112549],[-46.56281393,-23.47143957],[-46.56256646,-23.47167752],[-46.56230948,-23.471982090000004],[-46.56209057,-23.472220039999996],[-46.56183359,-23.472562680000003],[-46.56168131,-23.47293388],[-46.56165275,-23.473305069999995],[-46.56172889,-23.474190230000005],[-46.56173365000001,-23.47450574999999],[-46.56157899,-23.47473179999999],[-46.56138863,-23.474957849999996],[-46.56111499000001,-23.47542184],[-46.56099602,-23.475778759999997],[-46.56086515,-23.476266550000002],[-46.56081756,-23.47686141],[-46.56076997,-23.47732540999999],[-46.56081756,-23.47771802],[-46.56092464,-23.47807494],[-46.56111499000001,-23.478419959999993],[-46.56129345,-23.478717390000003],[-46.56134104000001,-23.478991029999996],[-46.56134104000001,-23.479276570000007],[-46.56128156,-23.479704870000003],[-46.56121017,-23.48019266],[-46.56116258,-23.48069235],[-46.5610912,-23.481156340000002],[-46.5610912,-23.481465670000002],[-46.56115069,-23.481679819999997],[-46.56125776,-23.481965360000004],[-46.56134104000001,-23.482191410000002],[-46.56134104000001,-23.482524529999996],[-46.56123635000001,-23.483081330000008],[-46.56123635000001,-23.48331926999999],[-46.561312490000006,-23.483671430000005],[-46.56143622,-23.483985519999997],[-46.56147429,-23.484337679999996],[-46.56147429,-23.484746949999998],[-46.56143622,-23.485298979999996],[-46.56134104000001,-23.48585102],[-46.56122683,-23.48659341],[-46.56113165,-23.487183520000006],[-46.56112167,-23.487252129999995],[-46.56113325,-23.487251739999994],[-46.56113065,-23.48726675],[-46.56112996,-23.48727076000001],[-46.56111892,-23.487271019999998],[-46.56105551,-23.487706999999997],[-46.56091988000001,-23.488118639999996],[-46.560784250000005,-23.48832566],[-46.56067717,-23.488418459999995],[-46.56050585,-23.48855409],[-46.56030598,-23.488689710000003],[-46.56015607,-23.488875310000005],[-46.56009183,-23.489068050000004],[-46.56002758000001,-23.489282199999998],[-46.56001330000001,-23.48966053],[-46.56002758000001,-23.490360099999997],[-46.56002758000001,-23.491088209999997],[-46.56002758000001,-23.491937679999996],[-46.56003472,-23.49270148999999],[-46.56005613,-23.493486709999992],[-46.56004186,-23.49377938],[-46.56011324,-23.49420768],[-46.56017749,-23.494685959999995],[-46.56025601,-23.495128539999996],[-46.56035595,-23.49550687],[-46.56041305,-23.495892339999997],[-46.56052727,-23.49632777999999],[-46.5606272,-23.496627599999997],[-46.56076997,-23.49692027],[-46.56100554,-23.49731288],[-46.56120541,-23.497691219999997],[-46.56156947,-23.49823849],[-46.56179076,-23.498631099999994],[-46.56196922,-23.498902360000002],[-46.56210485,-23.499180759999998],[-46.56216909,-23.499380629999994],[-46.56216909,-23.499604260000005],[-46.56216909,-23.49963048],[-46.56214768,-23.4998946],[-46.56206916,-23.500123020000004],[-46.56186928000001,-23.500394279999995],[-46.56174793,-23.500515639999993],[-46.56157661,-23.500736929999995],[-46.56136246,-23.50112954],[-46.56109834,-23.50163636],[-46.56072714,-23.50222885],[-46.56039878,-23.50279278],[-46.56013822,-23.503171109999993],[-46.5600252,-23.503367419999996],[-46.55987648,-23.50359346999999],[-46.55969802,-23.503873060000007],[-46.55954931,-23.504122899999988],[-46.55943628,-23.504307310000005],[-46.55935895,-23.50454525],[-46.55933516,-23.50472371],[-46.559353,-23.504955710000004],[-46.55940654,-23.50515202],[-46.55950767,-23.505437550000003],[-46.55953741,-23.505586269999995],[-46.55954336,-23.50573498],[-46.55954336,-23.505931289999996],[-46.55949577,-23.506115699999995],[-46.55947198,-23.50630605000001],[-46.55943033,-23.506490459999995],[-46.55934705,-23.50669866999999],[-46.55926377,-23.50689496999999],[-46.5591329,-23.50707937999999],[-46.55897229000001,-23.507263789999993],[-46.55874029,-23.507471989999996],[-46.55860347,-23.507614760000003],[-46.55834173,-23.5078527],[-46.55819302,-23.507983570000004],[-46.55793127,-23.50815609],[-46.55773497,-23.508322649999997],[-46.55745538,-23.508524899999994],[-46.557152,-23.508768799999995],[-46.55680698,-23.509024590000003],[-46.55650955,-23.509268479999996],[-46.556194270000006,-23.509506429999995],[-46.5558433,-23.509780069999998],[-46.55548796,-23.51000572],[-46.55509669,-23.509326339999994],[-46.554666,-23.508833659999993],[-46.55416828,-23.508370310000004],[-46.55356739,-23.50794623],[-46.55320714,-23.507715659999995],[-46.55216068,-23.50729602],[-46.55117835,-23.507042979999994],[-46.55114465,-23.50703787],[-46.5501713,-23.50689053],[-46.54874947,-23.506718309999993],[-46.54784616,-23.50657437],[-46.54728486,-23.50643181],[-46.54664529,-23.50624223],[-46.54572743,-23.50574002],[-46.5449214,-23.505050329999996],[-46.54376267,-23.50388626],[-46.54339414,-23.503388150000003],[-46.54286334,-23.50274828],[-46.54219756,-23.502085850000004],[-46.54191902,-23.501749319999995],[-46.54168599,-23.501316769999995],[-46.54154406,-23.500696940000008],[-46.54112152,-23.500008200000003],[-46.54020018,-23.49920015999999],[-46.53887152,-23.498118959999996],[-46.53749697,-23.497211729999997],[-46.53643292,-23.496493479999998],[-46.5357332,-23.495914979999995],[-46.53507702,-23.49518075],[-46.53430751,-23.494166869999994],[-46.53396984,-23.493531039999997],[-46.5335128,-23.493212979999992],[-46.5324249,-23.492668149999997],[-46.53034973,-23.49187617],[-46.52956222,-23.491543410000006],[-46.52896486,-23.49141189],[-46.52831894,-23.491000090000004],[-46.52718817000001,-23.490103209999997],[-46.5262131,-23.489228700000005],[-46.52528697,-23.488102809999994],[-46.52414835,-23.486519049999995],[-46.52327,-23.485264849999997],[-46.52243301,-23.484565770000003],[-46.52174602,-23.484295310000004],[-46.52113408,-23.484243939999992],[-46.52057493,-23.484278069999995],[-46.52016921,-23.484138669999997],[-46.51968824,-23.48376106],[-46.51921357,-23.483029759999997],[-46.51858373,-23.48231908],[-46.51671802,-23.48136238],[-46.51493796,-23.480643760000003],[-46.51311888,-23.480135770000004],[-46.51182612,-23.47944105],[-46.51093949,-23.478923990000002],[-46.50979745,-23.478724789999998],[-46.50871791000001,-23.478553649999995],[-46.50668282,-23.478181469999996],[-46.50473904,-23.47763635],[-46.5033679,-23.47733418],[-46.50135487,-23.47707641],[-46.4998883,-23.47699396],[-46.49988944,-23.476996709999995],[-46.49988943,-23.476996709999998],[-46.49988829,-23.476993960000005],[-46.49961304,-23.476978489999997],[-46.49652319,-23.476788359999993],[-46.49369117,-23.476490559999995],[-46.49218957,-23.47656229],[-46.49016518,-23.477135990000004],[-46.48845083,-23.477639809999996],[-46.48795268,-23.47756811],[-46.48590633,-23.477109750000004],[-46.48386309,-23.476928500000003],[-46.48248441,-23.476874710000004],[-46.47895888,-23.477567679999993],[-46.47744827,-23.477763600000007],[-46.47621729,-23.4779473],[-46.47496803,-23.478350990000003],[-46.47357669000001,-23.47902363],[-46.47193933,-23.479937520000004],[-46.46955703,-23.480954000000004],[-46.46938799,-23.48102383999999],[-46.46811298,-23.481550619999993],[-46.46670867,-23.481993940000002],[-46.46408472,-23.482716319999998],[-46.46223243,-23.48294398],[-46.46095951,-23.483089729999996],[-46.4598177,-23.482909269999997],[-46.45849839,-23.482606220000008],[-46.4578983,-23.482688300000003],[-46.45756631,-23.482691399999997],[-46.45756388,-23.482713139999994],[-46.45725472,-23.483186319999998],[-46.45756387,-23.482713139999994],[-46.4575663,-23.482691399999993],[-46.45687257000001,-23.482697890000004],[-46.45524328,-23.482474170000007],[-46.45387249,-23.482200230000004],[-46.4528971,-23.48207551],[-46.45193165,-23.481912469999994],[-46.45019741,-23.481565430000003],[-46.44716525,-23.480972360000003],[-46.44531498,-23.48043517000001],[-46.44324548,-23.479747080000003],[-46.44198798,-23.479405079999996],[-46.44140663,-23.47930532],[-46.4409001,-23.479415139999993],[-46.44047842,-23.479705769999992],[-46.4402706,-23.479832549999994],[-46.44012844,-23.479919270000003],[-46.43968438,-23.480057179999992],[-46.43903113,-23.480015429999995],[-46.43864684,-23.479932960000006],[-46.437414530000005,-23.479762729999987],[-46.436726160000006,-23.479348529999996],[-46.43626708,-23.479056469999996],[-46.43559032,-23.47875686],[-46.4351013,-23.478570209999997],[-46.43492217,-23.47829468],[-46.43498082,-23.477969169999998],[-46.4351755,-23.47776667],[-46.43556682,-23.47754324],[-46.43591743,-23.47738708],[-46.43620494,-23.477145490000005],[-46.43635693,-23.476828679999997],[-46.43644697,-23.476531559999998],[-46.436526230000005,-23.476196309999995],[-46.43644014,-23.47590081],[-46.43611679,-23.47570308],[-46.43566083,-23.47569772],[-46.43524734,-23.47578755],[-46.43483405,-23.475896490000004],[-46.43413099000001,-23.476036769999993],[-46.43361523,-23.476251780000005],[-46.43345194,-23.476482670000003],[-46.43340365,-23.476808080000005],[-46.43340613,-23.477037439999997],[-46.43326418,-23.477325480000005],[-46.43279919,-23.477444449999997],[-46.43224023,-23.477497369999995],[-46.43172416,-23.47768371],[-46.43136463,-23.477973749999997],[-46.43102283,-23.477986449999992],[-46.43084546,-23.477873380000002],[-46.43078103,-23.477663699999994],[-46.43077959,-23.477529899999997],[-46.43095407,-23.477375379999998],[-46.43128385,-23.477209869999996],[-46.43157096,-23.476930059999994],[-46.43169209,-23.47663264999999],[-46.4316892,-23.47636506],[-46.43148034,-23.476214049999996],[-46.43115896,-23.476197889999998],[-46.43079737,-23.476296789999992],[-46.43034202,-23.47634875],[-46.42990492,-23.476171169999994],[-46.42976632,-23.475809240000004],[-46.4297624,-23.47544608],[-46.429875130000006,-23.47533035],[-46.43014855,-23.474742429999996],[-46.43020484,-23.474197119999992],[-46.43009557,-23.473672439999998],[-46.42982301,-23.473378649999997],[-46.42939659,-23.473229640000003],[-46.42913665,-23.47314600000001],[-46.42859421,-23.472806889999994],[-46.42758258,-23.472194899999995],[-46.42705184,-23.47197993],[-46.42663712,-23.471955050000002],[-46.426194,-23.47217893],[-46.42527635,-23.47259831],[-46.42454261,-23.47277706],[-46.42296918,-23.472915679999996],[-46.42183098,-23.473059870000004],[-46.42137737,-23.473274279999995],[-46.42112144,-23.473563349999996],[-46.42066701,-23.4737013],[-46.42004672,-23.4738312],[-46.41945985,-23.474180629999996],[-46.41910964000001,-23.474374969999996],[-46.418778110000005,-23.47437799],[-46.418465870000006,-23.47424702],[-46.41840258,-23.47414246],[-46.41843162,-23.473951040000003],[-46.41852282,-23.473759060000003],[-46.41857186,-23.473500549999994],[-46.4184854,-23.47316680999999],[-46.41828518,-23.472853219999994],[-46.41759792,-23.472534509999996],[-46.41710956,-23.47240514],[-46.41660303,-23.472514880000002],[-46.41622337,-23.472862410000005],[-46.4160305,-23.47323691999999],[-46.4159003,-23.473658639999996],[-46.41570682,-23.473975809999995],[-46.41560577,-23.474215669999996],[-46.41526499,-23.474323900000005],[-46.41485078000001,-23.474346780000005],[-46.41430908000001,-23.47407452],[-46.41406793,-23.47380908],[-46.414116580000005,-23.47351234999999],[-46.41428914,-23.47317626],[-46.41454693,-23.47305923],[-46.41495027,-23.472988659999995],[-46.41520846,-23.47290986],[-46.41527915,-23.47273716999999],[-46.41511094,-23.47250931],[-46.41467213,-23.472169209999997],[-46.41402399,-23.47163029],[-46.41350139,-23.47120492999999],[-46.41250101,-23.470669200000003],[-46.41207309,-23.47037677999999],[-46.41184517,-23.470378849999996],[-46.41158708,-23.470467199999995],[-46.41138008,-23.470488189999994],[-46.41112046,-23.470433199999995],[-46.41082956,-23.470359369999997],[-46.41040561,-23.470439659999993],[-46.41015899,-23.470633050000004],[-46.41026564,-23.47091882000001],[-46.41038245,-23.47118538999999],[-46.41031298,-23.471472750000004],[-46.40999404,-23.47168591],[-46.4094872,-23.47176695],[-46.40907431000001,-23.47191405],[-46.40873364,-23.472031829999995],[-46.40824701,-23.4720649],[-46.40795722,-23.47209619],[-46.40767973,-23.472308959999996],[-46.40762192,-23.47272047],[-46.4078015,-23.473043819999994],[-46.40811444,-23.47324171],[-46.40852083,-23.473457869999997],[-46.40945764,-23.473860390000002],[-46.40992721,-23.474171549999998],[-46.41014762,-23.474437179999992],[-46.41021263,-23.474704209999995],[-46.41011228,-23.47501096999999],[-46.40989643,-23.47517541],[-46.40945113,-23.47519855],[-46.40898501,-23.475212319999994],[-46.40859273,-23.47534966999999],[-46.40837769,-23.47559056],[-46.4083396,-23.475906320000007],[-46.40838469,-23.47624999],[-46.40835797,-23.476661219999997],[-46.40815309,-23.4768829],[-46.40779321000001,-23.477144219999992],[-46.40741311,-23.477453500000003],[-46.40695977,-23.477696539999997],[-46.40661766,-23.477680509999995],[-46.40636626,-23.477424719999995],[-46.40619654,-23.477053490000003],[-46.40609884,-23.476633829999997],[-46.40595065,-23.476338869999996],[-46.40570037,-23.476188200000003],[-46.40532799,-23.4762489],[-46.40526826,-23.47647883],[-46.40538587,-23.47682185],[-46.40539033,-23.477242359999998],[-46.40522729,-23.477501889999996],[-46.40491869,-23.477714950000003],[-46.40465124,-23.47789896],[-46.40442583,-23.478139930000005],[-46.40441749,-23.478331170000008],[-46.40456447,-23.47851143999999],[-46.40479291,-23.478557170000002],[-46.40510404,-23.47858304],[-46.40542634,-23.47868526999999],[-46.40563518,-23.478836320000003],[-46.40574152000001,-23.47909342],[-46.40563019,-23.479342930000005],[-46.40535287,-23.47957482],[-46.40507566000001,-23.47981626],[-46.4047572,-23.480077190000006],[-46.40435657,-23.480405770000004],[-46.40401769,-23.480695560000004],[-46.40398974,-23.480992110000003],[-46.4041165,-23.481220349999997],[-46.40439787,-23.481370739999996],[-46.4047409,-23.481472790000005],[-46.40536256,-23.481467179999992],[-46.40592216,-23.4814717],[-46.40608001,-23.481699660000007],[-46.40619854,-23.482128689999996],[-46.40626517,-23.482548639999997],[-46.40641519,-23.483015619999996],[-46.40664892000001,-23.48355831],[-46.40665541,-23.484169949999995],[-46.4066299,-23.484695859999995],[-46.40657341,-23.485231609999996],[-46.40621624,-23.485750960000004],[-46.40589838,-23.48606924],[-46.405412600000005,-23.48618831],[-46.404727030000004,-23.48603201],[-46.404288,-23.485672770000004],[-46.40408688,-23.48527315],[-46.40398043,-23.48500649],[-46.40374081,-23.484884399999995],[-46.40334869000001,-23.48504085],[-46.40289735,-23.485475019999996],[-46.40244468,-23.485784950000006],[-46.40204473,-23.48618042],[-46.40183138,-23.48658377],[-46.40162738,-23.48689145],[-46.40130688,-23.486961239999996],[-46.40103708,-23.486925429999992],[-46.40084815000001,-23.486697739999997],[-46.40085245,-23.48612423],[-46.40083613,-23.48556047],[-46.40056088,-23.48500858],[-46.40036943,-23.484541970000002],[-46.40008523,-23.484123980000003],[-46.39994549,-23.483647340000008],[-46.39982738,-23.483256529999995],[-46.39948274,-23.483001560000005],[-46.39912955,-23.482918709999996],[-46.39872768,-23.483132590000004],[-46.39839985,-23.48348917],[-46.39782475,-23.483981779999986],[-46.39748565,-23.484252449999996],[-46.39700008,-23.484390609999995],[-46.39668753000001,-23.48423093],[-46.39568228,-23.483236350000006],[-46.3949075,-23.482478660000005],[-46.39436389,-23.482024749999994],[-46.39378981,-23.48162845],[-46.3930069,-23.481081089999996],[-46.39241281000001,-23.48075187],[-46.39190361,-23.480613050000002],[-46.39143766,-23.48064589],[-46.39111928,-23.480916349999994],[-46.39067766,-23.48129305],[-46.39008052,-23.48166157],[-46.38945209,-23.482011259999997],[-46.38900937,-23.48228283],[-46.38860578,-23.482334220000006],[-46.3881165,-23.482118739999994],[-46.38767863,-23.481864579999996],[-46.38739478,-23.481475230000004],[-46.38718146,-23.480894099999997],[-46.38694852,-23.480418269999998],[-46.38663329,-23.480000529999998],[-46.38634984,-23.47964941],[-46.38634644,-23.47932447],[-46.38647654,-23.478883649999986],[-46.38674013,-23.47832695],[-46.38699196,-23.477636539999995],[-46.38712065,-23.47706192],[-46.387117550000006,-23.476765649999997],[-46.38706155,-23.47636472],[-46.38683082,-23.476099149999992],[-46.38659072000001,-23.47592923999999],[-46.38639217,-23.475768519999995],[-46.386400030000004,-23.475529500000004],[-46.38655375,-23.475365649999997],[-46.38677838,-23.475048239999996],[-46.38681713,-23.47478983],[-46.38671669,-23.474659470000002],[-46.38669604,-23.4746222],[-46.38664508,-23.474576439999996],[-46.38651133,-23.47450265],[-46.38638443,-23.47444842],[-46.38630227,-23.47443931999999],[-46.38621249,-23.474438009999997],[-46.38606544,-23.47446755],[-46.38596728,-23.47452919],[-46.38589170000001,-23.474601670000002],[-46.38579762,-23.474727189999992],[-46.38569819,-23.474904470000002],[-46.3856271,-23.475025949999992],[-46.38553248,-23.475110879999995],[-46.38546622,-23.47517424999999],[-46.38536602,-23.47525691],[-46.3852934,-23.47530138],[-46.385254,-23.475322210000005],[-46.38513003,-23.475369389999997],[-46.38499975,-23.475434089999993],[-46.38488962,-23.475471919999997],[-46.38476398,-23.47551538],[-46.38470062,-23.475536509999998],[-46.38450939,-23.475580429999994],[-46.38441197,-23.475596979999988],[-46.38435452,-23.475611749999995],[-46.3842833,-23.47562438],[-46.38422676,-23.475631699999997],[-46.38416025,-23.47563729999999],[-46.38409916,-23.47563523],[-46.38405054,-23.475636509999994],[-46.38400620000001,-23.475639739999995],[-46.38394868,-23.47563962],[-46.38390909,-23.47563027],[-46.38387025,-23.47562006],[-46.38385362,-23.47561577],[-46.38381221,-23.475597379999993],[-46.38376242,-23.475575489999994],[-46.38373498,-23.475561050000007],[-46.38369825,-23.475536679999998],[-46.38365136000001,-23.475507180000005],[-46.38361755,-23.475486429999997],[-46.38358413,-23.475463459999997],[-46.38354663,-23.475438149999995],[-46.38351714000001,-23.475414349999994],[-46.3835132,-23.47541083],[-46.3834842,-23.475386090000004],[-46.38345584,-23.475358419999996],[-46.3834116,-23.47532459],[-46.38336799,-23.47528994],[-46.38335132,-23.475272539999995],[-46.383326,-23.47524417],[-46.38328338,-23.475198750000008],[-46.3832424,-23.4751518],[-46.38321249,-23.47511525],[-46.38318725,-23.47507037],[-46.38316784,-23.47502361],[-46.38315758,-23.474983149999996],[-46.38315493,-23.474943130000007],[-46.38315693,-23.474887080000002],[-46.38315839,-23.474863670000005],[-46.38316536,-23.4748124],[-46.3831783,-23.474767549999996],[-46.38320146,-23.47475469],[-46.38322738,-23.474723159999996],[-46.383260140000004,-23.474688559999993],[-46.38329963,-23.4746557],[-46.3833474,-23.47463324],[-46.38337528000001,-23.474624280000004],[-46.3834322,-23.474609529999995],[-46.38349723,-23.47459170000001],[-46.38353717,-23.474583540000005],[-46.38357306,-23.474578889999997],[-46.38362037,-23.474576559999992],[-46.3836678,-23.474569429999995],[-46.38370864,-23.474564419999993],[-46.38375062,-23.474560459999996],[-46.38378727,-23.47455791],[-46.3838436,-23.47455942],[-46.38388775,-23.474560720000003],[-46.3839404,-23.47456072],[-46.3839566,-23.474560419999992],[-46.38399706,-23.47455928],[-46.384038530000005,-23.47455274],[-46.384074,-23.47453627999999],[-46.38411253,-23.47452354999999],[-46.38413408,-23.474516709999993],[-46.38416701,-23.47449557],[-46.38421325,-23.47447335],[-46.38426404,-23.47444246],[-46.38428481,-23.474429070000003],[-46.38431809,-23.474398679999993],[-46.38434617,-23.474367959999995],[-46.38436382,-23.474330239999993],[-46.38437362,-23.47429605],[-46.38437237,-23.47425521],[-46.38436462,-23.474205379999997],[-46.38435549,-23.47416129],[-46.38433813000001,-23.47411989999999],[-46.38431225,-23.474072810000003],[-46.38429238,-23.474045939999996],[-46.38426754,-23.474007969999988],[-46.3842371,-23.47396556],[-46.38420009000001,-23.47392856],[-46.38417754,-23.47389339],[-46.38414785,-23.473848400000005],[-46.38411414,-23.47381326],[-46.38408044,-23.473784199999997],[-46.38404636,-23.473753390000006],[-46.38403225,-23.47374394],[-46.38398879,-23.473716200000002],[-46.383952,-23.473697359999992],[-46.38391263,-23.47367942999999],[-46.38387959,-23.473658909999997],[-46.38384528,-23.4736377],[-46.38379991,-23.473611470000005],[-46.38375153,-23.473592049999993],[-46.3837026,-23.47355881],[-46.383643510000006,-23.47352512999999],[-46.38362102,-23.473509849999992],[-46.38358731,-23.473476819999988],[-46.38354911,-23.47342542],[-46.38353306,-23.47340182],[-46.38351407,-23.473368979999993],[-46.38349632,-23.47332374],[-46.38347928,-23.473265619999996],[-46.38346762,-23.473222699999994],[-46.38345901,-23.473181409999995],[-46.38344414,-23.473124109999993],[-46.38342295,-23.47307898999999],[-46.38340584,-23.47303808],[-46.38337626,-23.472984080000007],[-46.38334064,-23.47294579],[-46.38331138,-23.472916829999996],[-46.38326177,-23.472867569999995],[-46.38323659,-23.472844459999997],[-46.3831996,-23.472817279999994],[-46.3831556,-23.47277783],[-46.38309977,-23.472726359999996],[-46.38305108,-23.472690309999994],[-46.38301093,-23.472665360000008],[-46.3829789,-23.47264274],[-46.38294508,-23.472615669999993],[-46.38291101,-23.472589069999998],[-46.38284835,-23.472547909999996],[-46.38280528,-23.47252167999999],[-46.38274706,-23.472478050000007],[-46.38269149,-23.472428209999997],[-46.38263964,-23.472396039999992],[-46.38259644,-23.472369690000004],[-46.38254772,-23.47232310999999],[-46.38249774,-23.47227771],[-46.38245516,-23.47224563],[-46.38241639,-23.47221799],[-46.38237392,-23.472181339999995],[-46.38233323,-23.47214633],[-46.38229359,-23.472122789999993],[-46.38224939,-23.47210627],[-46.38220089,-23.47209163999999],[-46.38215925,-23.4720777],[-46.3821076,-23.472070910000003],[-46.38209503,-23.47206919],[-46.38204339,-23.47206615],[-46.38203121,-23.472065240000003],[-46.38198912,-23.472073999999996],[-46.38198256,-23.472075929999995],[-46.38194263,-23.4720855],[-46.38188833,-23.472085629999995],[-46.38184861,-23.47207882],[-46.38180984,-23.472220110000002],[-46.38178009,-23.47238667],[-46.38175035,-23.472541339999996],[-46.3817444,-23.472707900000007],[-46.3817444,-23.472844720000005],[-46.38171466,-23.47304697],[-46.38168492,-23.47323732999999],[-46.38168492,-23.473344400000006],[-46.38169086,-23.47352881],[-46.38170276000001,-23.47370726999999],[-46.38170276000001,-23.4738084],[-46.38164922,-23.473957119999994],[-46.38158379,-23.47418911],[-46.38150646,-23.474433010000002],[-46.38145887,-23.474718539999998],[-46.38142912,-23.47501003],[-46.38135774,-23.475277719999998],[-46.38128636,-23.475485920000004],[-46.38118617000001,-23.475711539999995],[-46.38114923,-23.475734380000006],[-46.38111989,-23.475761579999993],[-46.38110333,-23.475775629999994],[-46.38107046,-23.475814869999994],[-46.38104613000001,-23.47585234],[-46.3810135,-23.475890490000005],[-46.38098112,-23.475934539999994],[-46.38096931,-23.47595033],[-46.38094401,-23.475981240000003],[-46.38091823,-23.476009519999998],[-46.38088794,-23.476036290000003],[-46.38085151,-23.47607226],[-46.38082548,-23.476095080000004],[-46.3807836,-23.47613214999999],[-46.38074691,-23.476161780000005],[-46.38073933,-23.476165290000004],[-46.3806974,-23.476186619999993],[-46.38064155,-23.476233140000005],[-46.38061173,-23.476259459999998],[-46.38055896,-23.476303129999998],[-46.38051876,-23.476351799999996],[-46.38051069,-23.476361570000005],[-46.38048278,-23.476392269999998],[-46.38045465,-23.476428440000003],[-46.38042251,-23.476470959999997],[-46.38039699,-23.476508220000003],[-46.38036654,-23.476561889999996],[-46.38034581,-23.476615769999988],[-46.3803116,-23.47668258],[-46.38028422,-23.476733410000005],[-46.3802642,-23.476787929999997],[-46.38025552,-23.476822309999992],[-46.38023271,-23.476893470000004],[-46.38022261,-23.476930910000004],[-46.38020098,-23.477001409999996],[-46.38018005,-23.477068629999998],[-46.38016924,-23.477106730000003],[-46.38015985,-23.477145260000004],[-46.38014929,-23.477187070000003],[-46.3801392,-23.47722451],[-46.38012655,-23.47728624000001],[-46.38011386,-23.477329600000004],[-46.38009831,-23.47736902],[-46.38008299,-23.477402969999996],[-46.38005919,-23.477460570000005],[-46.38003752,-23.47751969],[-46.380027410000004,-23.477550569999995],[-46.38001542,-23.47759195],[-46.37998832,-23.47765875],[-46.37998016,-23.477709309999998],[-46.3799722,-23.477746519999997],[-46.37996892,-23.477775039999994],[-46.37995526,-23.477810949999995],[-46.37993996,-23.477853660000005],[-46.37992322,-23.477890229999996],[-46.37990361,-23.477921570000003],[-46.379884,-23.47794765],[-46.37985921,-23.477991689999996],[-46.37985189,-23.478005490000005],[-46.3798349,-23.478038349999988],[-46.37979943,-23.47807737999999],[-46.37975113,-23.478109879999998],[-46.37970567,-23.47814149],[-46.37968247,-23.478158609999998],[-46.37965336,-23.478183409999993],[-46.37962236,-23.478212579999994],[-46.37959636,-23.47824327],[-46.37954404,-23.478282999999998],[-46.379494560000005,-23.478320089999993],[-46.37947089,-23.478337649999993],[-46.37942662,-23.478369049999998],[-46.37939843,-23.47838464999999],[-46.37936243,-23.478402239999998],[-46.37935010000001,-23.478407519999998],[-46.37930676,-23.47843277999999],[-46.37925555,-23.47845920999999],[-46.37921199,-23.478492139999997],[-46.37917578,-23.47852045],[-46.3791386,-23.478544379999995],[-46.37912392,-23.478552300000004],[-46.37908864,-23.478576669999995],[-46.37904152,-23.47860806999999],[-46.37900836,-23.478626089999995],[-46.37897473,-23.478645420000003],[-46.37892358,-23.478679670000002],[-46.37888618,-23.478709079999998],[-46.37885918,-23.47872402],[-46.37881893,-23.47875212],[-46.37878223,-23.47877606],[-46.37875146,-23.47880195],[-46.37870602,-23.478838820000004],[-46.37867695,-23.47887935999999],[-46.3786519,-23.47891311999999],[-46.37864315,-23.4789243],[-46.37861885,-23.47897314],[-46.37860613,-23.479006429999988],[-46.378593200000005,-23.47904781],[-46.37856936,-23.47909229],[-46.3785472,-23.479144409999993],[-46.37853383,-23.47919805],[-46.37853112,-23.479275320000003],[-46.37852651,-23.47932172],[-46.3785207,-23.479369209999994],[-46.3785213,-23.47941341],[-46.37852093,-23.479453659999997],[-46.37851982,-23.479481889999995],[-46.37851592,-23.47953113],[-46.37851984,-23.47957794],[-46.37852116,-23.47962542],[-46.37851772,-23.47966940999999],[-46.37850929,-23.47971144],[-46.37851348,-23.479769839999996],[-46.3785174,-23.479815339999995],[-46.37852061,-23.479863249999994],[-46.37852358,-23.47990787999999],[-46.37852417,-23.479949889999997],[-46.37852293,-23.480017280000002],[-46.37852447,-23.48006059999999],[-46.37853909,-23.480116799999998],[-46.3785412,-23.4801323],[-46.37855031,-23.48016773],[-46.37855682,-23.48020644],[-46.37856095,-23.480242970000003],[-46.37856014,-23.48029547999999],[-46.37855936,-23.480358499999994],[-46.37855473,-23.4803992],[-46.37855866,-23.480448640000006],[-46.37856235,-23.480498739999994],[-46.37856223,-23.48054315],[-46.37856022,-23.480587570000008],[-46.37855583,-23.480629379999996],[-46.37855071,-23.480666149999998],[-46.37856672,-23.480710519999995],[-46.37857684,-23.480768699999995],[-46.37858244,-23.480823170000008],[-46.37858092,-23.480875899999997],[-46.37857607,-23.48092208],[-46.3785786,-23.48098027],[-46.37857358,-23.481055110000007],[-46.37856827,-23.481081980000003],[-46.37856433,-23.481118089999995],[-46.37855281,-23.481155100000002],[-46.37855023,-23.48116582],[-46.378544160000004,-23.481202159999995],[-46.378532920000005,-23.481258640000004],[-46.37852282,-23.48129257],[-46.378509,-23.48135759],[-46.37849894,-23.48141165],[-46.37849335,-23.48145061],[-46.37848107,-23.481479869999998],[-46.37846909,-23.481522569999996],[-46.37845307,-23.481562859999993],[-46.37844813,-23.481577529999996],[-46.37843542,-23.4816152],[-46.37842274,-23.481662920000005],[-46.37840296,-23.481718110000003],[-46.37838578,-23.481769999999997],[-46.37837597,-23.48179366],[-46.3783568,-23.481839869999998],[-46.37835113,-23.481861209999995],[-46.37833081,-23.481893639999996],[-46.37831288,-23.481928249999996],[-46.37830372,-23.481963499999992],[-46.37829219,-23.48199876],[-46.37827285,-23.48203993],[-46.378249010000005,-23.482084410000002],[-46.37823815,-23.48210325],[-46.37821241,-23.482144660000007],[-46.37819471,-23.48217731],[-46.37817867,-23.482212790000002],[-46.37816288,-23.482250680000003],[-46.37815887,-23.48225834000001],[-46.37812788,-23.48229146],[-46.37811066,-23.4823276],[-46.37809629,-23.48236373],[-46.37807629,-23.48239261999999],[-46.37806453,-23.48242809],[-46.37804613,-23.482466199999994],[-46.37801778,-23.48251091],[-46.37800017,-23.482578120000003],[-46.37798797,-23.48262802999999],[-46.37798259000001,-23.48265583],[-46.37796235,-23.482714520000002],[-46.37793333,-23.482773879999996],[-46.37790362,-23.482840030000002],[-46.37787962,-23.482885000000003],[-46.37786477,-23.482920259999997],[-46.37784945,-23.482955519999997],[-46.37783246,-23.482990129999997],[-46.37781075,-23.483032190000003],[-46.37779799,-23.48305192],[-46.37777675,-23.48309047],[-46.3777513,-23.483153550000004],[-46.37771943,-23.48321073],[-46.37767713,-23.483271439999992],[-46.37765898,-23.483311959999998],[-46.37763538000001,-23.48335752],[-46.37760329,-23.483423240000008],[-46.37759671,-23.483443439999995],[-46.37758424,-23.48348306999999],[-46.37757484,-23.483515040000004],[-46.377560030000005,-23.483565620000004],[-46.37754261,-23.483616420000008],[-46.37753062,-23.483656490000005],[-46.37752568,-23.483672909999996],[-46.3775144,-23.483711879999998],[-46.37750646,-23.48375828],[-46.37749048,-23.483813459999997],[-46.3774752,-23.48386623],[-46.37746607,-23.483910660000003],[-46.37744965,-23.483979840000003],[-46.37744418,-23.484000369999997],[-46.37743289,-23.484035399999993],[-46.37744104,-23.484068199999996],[-46.37742833,-23.484104120000005],[-46.37741201,-23.48412362999999],[-46.37737984,-23.484155209999994],[-46.37735449000001,-23.484170809999995],[-46.37731163,-23.484195629999995],[-46.37727704,-23.484214530000003],[-46.37723871,-23.484252250000004],[-46.37722185,-23.484266180000002],[-46.3771849,-23.484289029999992],[-46.37715365,-23.484309670000002],[-46.37714062,-23.484317789999995],[-46.37710701,-23.484344130000004],[-46.37708807,-23.484360359999997],[-46.37706326,-23.484395649999996],[-46.37705193,-23.484416240000005],[-46.37704232,-23.484461559999996],[-46.37702749,-23.484503379999992],[-46.37701724,-23.484517549999996],[-46.37700074,-23.48455434],[-46.37699254,-23.484592650000003],[-46.37699067,-23.484604909999998],[-46.37698085,-23.484655260000007],[-46.37697027,-23.484693569999997],[-46.37696376,-23.484740850000005],[-46.37695431,-23.484764599999995],[-46.37693613,-23.48479856],[-46.37690946,-23.484846969999992],[-46.37690605,-23.484858],[-46.37688883,-23.484892829999996],[-46.37687018,-23.48492503],[-46.37684892,-23.484960529999995],[-46.37683002,-23.48499033],[-46.37679978,-23.485035909999993],[-46.37678136,-23.48506396000001],[-46.3767388,-23.485119639999997],[-46.37671758,-23.485167380000004],[-46.3766812,-23.485221729999996],[-46.37666017,-23.485254819999998],[-46.37665049,-23.48527038],[-46.37662616,-23.485309599999997],[-46.37659544,-23.485351239999993],[-46.37657392,-23.485376020000004],[-46.376546,-23.485405399999994],[-46.37652168,-23.485445940000005],[-46.3764775,-23.48551365],[-46.37646289,-23.485533780000004],[-46.37643784,-23.48556753999999],[-46.37641304,-23.485608070000005],[-46.37638276,-23.48563833999999],[-46.3763672,-23.485674690000003],[-46.376330550000006,-23.485720509999997],[-46.3762939,-23.485764569999997],[-46.37628681,-23.48577509],[-46.37626626000001,-23.485809049999997],[-46.37622963,-23.485858369999995],[-46.37620455,-23.485885120000003],[-46.37617569,-23.48591276],[-46.37613573,-23.485964709999998],[-46.37611305,-23.48599627],[-46.37608778,-23.48603812],[-46.37606889,-23.486072730000004],[-46.37605532,-23.48609248],[-46.37603621000001,-23.48613037],[-46.3760197,-23.486168480000003],[-46.37599727,-23.48620725999999],[-46.3759772,-23.486242969999992],[-46.37594482,-23.486284840000003],[-46.37590201,-23.48633548],[-46.37588097,-23.486359820000008],[-46.37584128,-23.486420739999993],[-46.37581601,-23.486463030000003],[-46.37578669,-23.486500729999992],[-46.37575596,-23.48653843],[-46.37572285,-23.486578329999993],[-46.37570535,-23.486596750000004],[-46.37566443,-23.48664345],[-46.37563039,-23.48668773],[-46.37562597,-23.486702509999997],[-46.37561327,-23.48674060999999],[-46.37560269,-23.486776299999995],[-46.37558952,-23.486820529999996],[-46.37556923,-23.486859519999996],[-46.37555364,-23.486887129999996],[-46.37553286,-23.486922179999993],[-46.37552294,-23.48693927],[-46.37550619,-23.486973659999997],[-46.37548093,-23.48701945],[-46.37547385,-23.487031279999993],[-46.37545094,-23.487067879999994],[-46.37542186,-23.48710623],[-46.37538736,-23.487156199999998],[-46.3753403,-23.487212539999998],[-46.37533981,-23.487213730000008],[-46.37532637,-23.487238979999997],[-46.37531073,-23.487265419999993],[-46.37529681,-23.487289949999994],[-46.37528351,-23.487314330000004],[-46.37526759,-23.487342809999998],[-46.37525414,-23.487367189999993],[-46.37524116,-23.487392439999994],[-46.37522708,-23.487416250000003],[-46.37521347,-23.487440780000004],[-46.37519689,-23.487466929999993],[-46.37517794,-23.487492669999998],[-46.37515693,-23.487516969999998],[-46.37513681,-23.48753691],[-46.37511781,-23.48755786],[-46.3751001,-23.487581109999997],[-46.37508128,-23.487604960000002],[-46.37506466,-23.487627339999996],[-46.37504694,-23.48764943],[-46.37502593000001,-23.487674029999997],[-46.37500615,-23.487696429999996],[-46.37499971,-23.487705370000004],[-46.37498876000001,-23.487720560000003],[-46.3749722,-23.487748749999998],[-46.37495435,-23.48777404],[-46.37493428,-23.487797900000004],[-46.37491292,-23.48781974],[-46.37489283,-23.487841419999995],[-46.37487117,-23.48786413],[-46.37485154000001,-23.48788522],[-46.37482847,-23.487908679999993],[-46.37480636,-23.487932990000004],[-46.37478724000001,-23.48795742],[-46.37476717,-23.487982440000003],[-46.37474805000001,-23.48800659],[-46.37472411,-23.488037449999993],[-46.37470466,-23.488060289999993],[-46.37468741,-23.488082530000003],[-46.37466794,-23.488103769999995],[-46.374645,-23.48812446000001],[-46.37462346,-23.48814382999999],[-46.37460307,-23.48816754],[-46.37458541,-23.488196319999997],[-46.37457775,-23.488209169999998],[-46.37457009,-23.48822203],[-46.37455587,-23.488248890000005],[-46.37454374,-23.488278629999996],[-46.37453568000001,-23.488306599999994],[-46.37452669,-23.48833558999999],[-46.37451407,-23.48836476],[-46.37450049,-23.488392050000005],[-46.37448802,-23.488420060000003],[-46.37447445,-23.48844808],[-46.37446025,-23.488476390000002],[-46.3744465,-23.48850179],[-46.37443399,-23.48852631],[-46.37442105,-23.488553589999988],[-46.37440621,-23.488581330000002],[-46.37438996,-23.488609220000004],[-46.37437478,-23.48863391],[-46.37436086,-23.488658589999993],[-46.37434661000001,-23.488682400000005],[-46.3743313,-23.48870912],[-46.37431771,-23.488735979999994],[-46.37430129,-23.488762270000002],[-46.37428736,-23.488786370000003],[-46.37427125000001,-23.48881266],[-46.37425565,-23.48884215],[-46.37424695,-23.488869109999996],[-46.37423511,-23.488896959999998],[-46.37422011,-23.488923540000002],[-46.374204930000005,-23.488948369999996],[-46.37418819,-23.488974820000006],[-46.37417127,-23.488999379999996],[-46.37415188,-23.489028019999992],[-46.37413781,-23.489053139999996],[-46.37413101,-23.48908124],[-46.37412452,-23.489108030000008],[-46.37410995,-23.489131700000005],[-46.37409129,-23.489154819999996],[-46.37407058,-23.48917751999999],[-46.37405129,-23.48920094],[-46.37402997,-23.48922597],[-46.37402207,-23.489238970000002],[-46.37400631,-23.48926861],[-46.37398925,-23.489294470000004],[-46.37397754,-23.489320289999995],[-46.37396837,-23.48934696],[-46.37395731,-23.489374089999995],[-46.37394852,-23.489392609999992],[-46.37393396,-23.489416429999995],[-46.373918620000005,-23.489440239999993],[-46.3739025,-23.48946624999999],[-46.37388893,-23.489493679999995],[-46.37387582,-23.48952126],[-46.37386351,-23.489549260000004],[-46.37385167,-23.489576679999995],[-46.37384171,-23.489604230000005],[-46.37383017,-23.48963005],[-46.37381489,-23.489660260000004],[-46.37380069000001,-23.489688429999998],[-46.37378693,-23.48971412],[-46.37376941,-23.489740570000002],[-46.37375171,-23.48976616],[-46.37373511,-23.48979071],[-46.37371838,-23.489817590000005],[-46.37370305,-23.48984272],[-46.37368505,-23.489869169999995],[-46.37366689,-23.48989476],[-46.37364748,-23.489922100000005],[-46.37362693,-23.489945239999994],[-46.37360573,-23.48996737],[-46.37358486,-23.489990219999996],[-46.37356164,-23.490014390000002],[-46.37353995,-23.49003434],[-46.37351812,-23.490055889999997],[-46.37349757,-23.490078450000002],[-46.37347748,-23.49010086],[-46.37345817,-23.490122680000002],[-46.37343715,-23.490145819999995],[-46.37341751,-23.490166330000005],[-46.37339852,-23.490188290000003],[-46.37337954000001,-23.49021142],[-46.37336056,-23.490234250000004],[-46.37334207,-23.490258679999993],[-46.37332594,-23.490283229999992],[-46.37330854,-23.490306479999994],[-46.37329322,-23.490332629999997],[-46.37327615,-23.490357909999997],[-46.37325623,-23.490381479999996],[-46.37323819,-23.49040343],[-46.37322,-23.490426259999996],[-46.37319851000001,-23.49045057],[-46.37317653,-23.49047227],[-46.37315451,-23.490491059999997],[-46.37313061,-23.49051088],[-46.37310451,-23.49053073],[-46.37308252,-23.4905517],[-46.37306416,-23.49057322],[-46.37304281,-23.490595490000004],[-46.37302145,-23.490616749999997],[-46.37301802,-23.490620119999992],[-46.37299791,-23.49064107],[-46.37297923,-23.490662449999988],[-46.37296071,-23.490683679999997],[-46.37294062,-23.490705940000005],[-46.3729291,-23.49071882999999],[-46.37291122,-23.49074223],[-46.3728954,-23.490765620000005],[-46.37287831,-23.490788870000003],[-46.37286061,-23.490813],[-46.37284307,-23.490838580000002],[-46.37282647,-23.49086328],[-46.37281101,-23.49089146],[-46.37279806,-23.490918600000004],[-46.37278434,-23.490947050000003],[-46.37277057,-23.49097157999999],[-46.37275479,-23.490999619999993],[-46.37274217,-23.49102792],[-46.37273126,-23.491054599999995],[-46.37272146,-23.491081279999992],[-46.3727145,-23.49110909],[-46.3727066,-23.49113691],[-46.37269442,-23.491162439999997],[-46.37267767,-23.491188159999997],[-46.37265919,-23.49121361],[-46.37264114,-23.491235560000003],[-46.37262073,-23.491257100000002],[-46.3726008,-23.491279360000004],[-46.3725869,-23.491306070000007],[-46.3725719,-23.491333369999996],[-46.37255577,-23.49135777],[-46.37253441,-23.491378889999993],[-46.37251304,-23.491399269999995],[-46.37249074,-23.491421260000003],[-46.372466100000004,-23.491445299999995],[-46.37244238,-23.491466289999998],[-46.37242227,-23.491486369999997],[-46.37240185,-23.491507179999992],[-46.37237892000001,-23.491529039999993],[-46.37236072,-23.491551139999995],[-46.3723394,-23.491576169999995],[-46.37231803,-23.491597129999995],[-46.37229352000001,-23.491618420000002],[-46.37226975,-23.49163533],[-46.37224301,-23.49165430999999],[-46.37221831,-23.491672399999995],[-46.37219045,-23.49168920999999],[-46.37216318,-23.49170311],[-46.37213469,-23.491720359999995],[-46.37211347,-23.49173929],[-46.37209164,-23.491760549999995],[-46.3720682,-23.491779349999998],[-46.37204146,-23.49179862],[-46.37201897,-23.49181654],[-46.37199573,-23.491839409999994],[-46.37197359,-23.491860969999998],[-46.37194894000001,-23.49188371],[-46.37192633,-23.491906429999997],[-46.37190138,-23.491930470000003],[-46.37187944,-23.49195682],[-46.37185875,-23.49198199],[-46.37183691,-23.492002530000004],[-46.37181081,-23.492022369999997],[-46.37179182,-23.492044329999995],[-46.37177634,-23.492071199999998],[-46.37176181,-23.49209763],[-46.37174698,-23.49212579999999],[-46.37173074,-23.49215442],[-46.37171432,-23.49218188],[-46.371701370000004,-23.492208729999998],[-46.37168764,-23.49223659999999],[-46.37167092,-23.492264639999995],[-46.37165525,-23.492288459999994],[-46.37163759,-23.492316950000003],[-46.3716234,-23.49234612999999],[-46.37161076,-23.492373560000004],[-46.37159845,-23.492401269999995],[-46.371587850000004,-23.49242709],[-46.37157681000001,-23.49245668],[-46.3715683,-23.492486249999992],[-46.37156056,-23.492514789999998],[-46.37155347,-23.49254536999999],[-46.37154543,-23.492575080000005],[-46.3715358,-23.49260393],[-46.37152727,-23.49263132],[-46.37152361,-23.492658379999995],[-46.37152093,-23.49268906],[-46.37151875000001,-23.492721909999997],[-46.37151639,-23.49275244],[-46.37151465,-23.492782679999998],[-46.37151245,-23.492813359999996],[-46.37150992,-23.49284273],[-46.37150614,-23.492873710000005],[-46.37150154,-23.492901059999998],[-46.3714949,-23.49292844],[-46.37149155,-23.49293966],[-46.3714827,-23.492967629999995],[-46.37147257,-23.492993730000002],[-46.37146355,-23.493019960000005],[-46.37146231,-23.49303697],[-46.37145409,-23.493065080000004],[-46.37144305,-23.49309366],[-46.37143072,-23.49312079],[-46.37141746,-23.493147930000003],[-46.3714067,-23.493173449999997],[-46.37139714,-23.493194019999997],[-46.37138309,-23.49322132],[-46.37137815,-23.493230949999997],[-46.37136694,-23.493258939999997],[-46.37136525,-23.493263460000005],[-46.37135754,-23.493294040000002],[-46.37134776,-23.49332391],[-46.37133558,-23.493348719999993],[-46.37132149,-23.49337253],[-46.37130331,-23.493397390000002],[-46.37128577,-23.493421810000005],[-46.37126773,-23.49344507],[-46.37125128,-23.49346875],[-46.37123277,-23.49349129],[-46.37121361,-23.493512089999992],[-46.3711918,-23.493535520000005],[-46.37117252,-23.493559669999996],[-46.37115479,-23.493582199999995],[-46.37113661,-23.493606040000003],[-46.37111573,-23.493627869999997],[-46.37109676,-23.49365245],[-46.37107496,-23.493676910000005],[-46.37105363,-23.493700629999992],[-46.37103242,-23.493721159999996],[-46.37101183,-23.493740959999997],[-46.37098938,-23.49376411],[-46.37096916,-23.49378841],[-46.37094783,-23.49381285999999],[-46.37092585,-23.493835429999997],[-46.37090322,-23.493855679999996],[-46.37087979,-23.49387490999999],[-46.37085826,-23.493894720000004],[-46.37083673,-23.49391496],[-46.37081332,-23.493936229999996],[-46.37079039000001,-23.493958369999998],[-46.37076951,-23.493980499999992],[-46.37074927,-23.494003049999996],[-46.37072964,-23.49402414],[-46.37070799,-23.49404773],[-46.37068678,-23.494068979999994],[-46.37066322,-23.49409083999999],[-46.37064422,-23.494111779999994],[-46.37062416,-23.49413665999999],[-46.37060754000001,-23.494159469999996],[-46.37058731,-23.494183039999992],[-46.37056235,-23.49420651],[-46.3705386,-23.49422546],[-46.37052855,-23.494236729999994],[-46.370518510000004,-23.494248010000003],[-46.37050269,-23.494272269999996],[-46.37048594,-23.4942977],[-46.37046794,-23.494323720000004],[-46.37045243,-23.49434739000001],[-46.37043536,-23.494372100000007],[-46.37041766000001,-23.494396660000007],[-46.37040089,-23.494420639999998],[-46.370384300000005,-23.49444649999999],[-46.37036833,-23.494470469999996],[-46.37035298,-23.49449429],[-46.37033652,-23.494517679999994],[-46.37031867,-23.494543550000007],[-46.37030066,-23.494568850000007],[-46.37028109,-23.494595750000002],[-46.37026009,-23.494621219999996],[-46.37023971,-23.494645949999992],[-46.37022183,-23.49466834],[-46.3702016,-23.49469233999999],[-46.37017949,-23.494717239999996],[-46.37015829,-23.49473936],[-46.37013598,-23.494760340000003],[-46.37011604,-23.49478187],[-46.37009721,-23.49480441],[-46.37007732,-23.494830159999996],[-46.37006119,-23.49485485000001],[-46.37004634,-23.494881279999998],[-46.37003035,-23.494904379999998],[-46.37001217,-23.494928510000005],[-46.36999557,-23.494952779999995],[-46.36998135,-23.494979200000003],[-46.36996509,-23.495006509999993],[-46.36995009,-23.495033230000008],[-46.36993478,-23.49506141],[-46.36992231,-23.495089130000004],[-46.36991092,-23.495115379999998],[-46.36989941,-23.495144249999992],[-46.36988898,-23.49517122],[-46.36988027,-23.49519774],[-46.36987448,-23.49523179],[-46.36987134,-23.495263639999997],[-46.36986927,-23.49529169],[-46.36986533,-23.495322099999996],[-46.36985965,-23.495352079999996],[-46.36985396,-23.495380599999997],[-46.36984592,-23.495410309999997],[-46.36983596,-23.495437569999993],[-46.36982349,-23.49546558],[-46.36981122,-23.495497069999995],[-46.36980364,-23.49552576],[-46.36979717,-23.495555889999995],[-46.36979259000001,-23.495585130000002],[-46.36978713,-23.49562049],[-46.36978269,-23.495648709999998],[-46.36977782,-23.495679999999993],[-46.36977342,-23.495711420000003],[-46.36976982,-23.495744429999995],[-46.36976569,-23.49577149],[-46.36975953,-23.495800170000003],[-46.36975306,-23.495829429999997],[-46.36974677,-23.49586188],[-46.36974029,-23.495890130000003],[-46.36973255,-23.49591866999999],[-46.36972326000001,-23.495948830000003],[-46.36971441000001,-23.495977099999994],[-46.36970493,-23.496004929999998],[-46.36969482,-23.49603277],[-46.36968629,-23.49606045],[-46.36967839,-23.496089],[-46.369670000000006,-23.496115810000003],[-46.36966005,-23.496142919999997],[-46.36965026,-23.49617134],[-46.36964383,-23.496204809999995],[-46.36963802,-23.496236969999995],[-46.36963201,-23.496265649999998],[-46.36962401000001,-23.49629899],[-46.36961865,-23.496329399999997],[-46.36961645,-23.496360809999995],[-46.36961661,-23.496391170000006],[-46.36961737000001,-23.496418619999996],[-46.36961922,-23.496445919999996],[-46.36962173,-23.496475250000003],[-46.36962331,-23.49650589],[-46.36962361,-23.496535240000004],[-46.3696241,-23.49656734],[-46.369623790000006,-23.496598290000005],[-46.36962238,-23.496629979999994],[-46.36961938000001,-23.496659500000003],[-46.36961481,-23.496689619999998],[-46.36961338,-23.496718829999992],[-46.36961352,-23.49674804],[-46.36961602,-23.496776349999998],[-46.36961636,-23.496778810000002],[-46.36961853,-23.496806109999998],[-46.36961915,-23.496835599999997],[-46.36961771,-23.496863509999997],[-46.36961263,-23.496890579999995],[-46.3696068,-23.496921279999995],[-46.36960255,-23.496951830000004],[-46.36959941,-23.496983680000003],[-46.36959452,-23.497013509999995],[-46.36958526,-23.49704657],[-46.36957027,-23.49707533],[-46.36955337,-23.497101480000005],[-46.36953741,-23.49712734],[-46.36952306,-23.497156090000004],[-46.36951059,-23.497183659999997],[-46.36949951,-23.497209180000002],[-46.36948721,-23.4972382],[-46.36947601,-23.497267360000002],[-46.36946226,-23.49729392],[-46.36944882,-23.497319319999995],[-46.36943226,-23.497347800000004],[-46.36941456,-23.497373089999996],[-46.36939937,-23.497397339999996],[-46.369385290000004,-23.497421589999995],[-46.3693701,-23.497445690000003],[-46.36935145,-23.497469689999996],[-46.36932914,-23.49749065999999],[-46.36930874000001,-23.497513650000005],[-46.36928757,-23.497538539999997],[-46.36926841,-23.497559629999998],[-46.36924817,-23.497582029999997],[-46.36922415000001,-23.49760577999999],[-46.36920452,-23.497627170000005],[-46.36918414,-23.49765118],[-46.36916314,-23.497676929999994],[-46.36914322,-23.49770122999999],[-46.36912347,-23.49772624],[-46.36910452,-23.497751979999993],[-46.36908572000001,-23.49777698999999],[-46.36906613,-23.49780172],[-46.36904762,-23.497824980000004],[-46.36902868,-23.49785217],[-46.3690102,-23.497877620000004],[-46.36899204,-23.497903349999994],[-46.368974990000005,-23.497930519999997],[-46.36895917,-23.497954780000004],[-46.36894132,-23.497980659999996],[-46.36892127,-23.49800683999999],[-46.36890153,-23.498032870000003],[-46.36888508,-23.498055970000003],[-46.36886505,-23.49808433999999],[-46.36884515,-23.498110079999993],[-46.36882557,-23.49813641],[-46.36880645,-23.498161279999994],[-46.36878592,-23.49818687999999],[-46.36876917,-23.49821159],[-46.36875352,-23.49823686],[-46.36873331,-23.498263340000005],[-46.36871384,-23.498284430000005],[-46.36869373,-23.498305379999998],[-46.36867271,-23.49832895999999],[-46.36865152,-23.498351229999997],[-46.36862766,-23.49837556],[-46.36860224,-23.498400050000004],[-46.36858119000001,-23.498421149999995],[-46.36855798,-23.49844664],[-46.36853289,-23.49847243],[-46.36850636,-23.49849707],[-46.36848405,-23.498518189999995],[-46.3684602,-23.498542659999995],[-46.36843649,-23.498564810000005],[-46.36841449,-23.498585339999995],[-46.36839328,-23.498605580000003],[-46.36837317,-23.498626389999988],[-46.3683537,-23.498648360000004],[-46.36833155,-23.49866875],[-46.36831066,-23.498690429999993],[-46.36829215,-23.49871341],[-46.36827364,-23.49873565],[-46.36825402,-23.49875790999999],[-46.36823501,-23.498778849999997],[-46.36821622,-23.498804160000002],[-46.36819854,-23.498831480000003],[-46.36818288,-23.498856169999996],[-46.36816582,-23.498881460000003],[-46.3681489,-23.498906019999996],[-46.36813295,-23.498932739999997],[-46.36811982,-23.4989577],[-46.36810605,-23.498982379999998],[-46.36809776,-23.49899538],[-46.36808946,-23.49900839],[-46.36807238,-23.499031640000002],[-46.36805544,-23.499054740000005],[-46.36803662,-23.49907816],[-46.36801984,-23.49910067999999],[-46.36800041,-23.499125990000003],[-46.36798175,-23.4991494],[-46.36796281,-23.499176439999996],[-46.36794746,-23.499199819999998],[-46.36792932,-23.499228019999997],[-46.36791428,-23.499251549999997],[-46.3678972,-23.499275530000006],[-46.36787812,-23.499304609999985],[-46.36786201,-23.49933061],[-46.36784309,-23.49936013],[-46.36782728,-23.499384240000005],[-46.36780957,-23.499408950000003],[-46.367790930000005,-23.49943439],[-46.367771,-23.499457379999996],[-46.36775218,-23.499480069999997],[-46.36773194,-23.499503349999998],[-46.36771374,-23.499525590000008],[-46.36769413,-23.49954915],[-46.36767561,-23.499571260000003],[-46.36765348,-23.499593969999992],[-46.36763339,-23.499616379999996],[-46.36761265,-23.499637049999997],[-46.36759115,-23.499660049999996],[-46.36756792,-23.499683929999996],[-46.36754326,-23.49970594],[-46.36751591,-23.499726520000007],[-46.36749104,-23.499744319999998],[-46.36746156,-23.49975679],[-46.36743667,-23.49977197],[-46.3674137,-23.499790189999995],[-46.36738746,-23.499812070000004],[-46.36736106,-23.499834089999997],[-46.36733627,-23.499859159999993],[-46.36731713,-23.499881550000005],[-46.36729942,-23.49990641],[-46.3672833,-23.49993183],[-46.367268120000006,-23.499956660000002],[-46.3672501,-23.499980799999996],[-46.36723513,-23.500002940000005],[-46.36722214,-23.500020329999998],[-46.36721201,-23.50004612],[-46.36720048,-23.500073239999995],[-46.36718989,-23.500100199999995],[-46.36717789,-23.50012775],[-46.36716478,-23.50015356999999],[-46.36715372,-23.500180829999994],[-46.36714535,-23.500209219999995],[-46.36713904,-23.500238170000003],[-46.36713257,-23.500266989999997],[-46.36712624,-23.500294780000004],[-46.36712495,-23.500322670000006],[-46.36712715,-23.50035272],[-46.36712745,-23.500381609999994],[-46.36712651,-23.50041226],[-46.36712065,-23.500439759999995],[-46.36711542,-23.50046682],[-46.36711066,-23.500494749999994],[-46.36710388,-23.500524],[-46.36709567,-23.500552099999997],[-46.36708965,-23.500579309999996],[-46.36708599,-23.50060621],[-46.36708171,-23.500633980000003],[-46.36707209,-23.500662819999995],[-46.36705837,-23.500692139999998],[-46.3670451,-23.500718389999992],[-46.36703452,-23.500745500000004],[-46.36702709,-23.500773299999988],[-46.36701966,-23.500800959999996],[-46.36700592,-23.50082765999999],[-46.36699121,-23.500851169999997],[-46.36697367,-23.500876160000004],[-46.36695883,-23.50090315],[-46.36694619,-23.500928819999995],[-46.36693307,-23.500955219999998],[-46.36692074,-23.50098089],[-46.36690781,-23.501009909999997],[-46.36689328,-23.501036179999996],[-46.3668781,-23.501060269999993],[-46.36686389,-23.501086830000002],[-46.36685424,-23.501113490000005],[-46.3668466,-23.501139929999997],[-46.36683547,-23.501168330000002],[-46.36682433,-23.50119611],[-46.36681299,-23.50122158],[-46.36679652,-23.50125081999999],[-46.36678248,-23.501275239999995],[-46.36676766,-23.50130276],[-46.36675429,-23.501327019999998],[-46.36674776,-23.501338380000004],[-46.36673374,-23.501363110000003],[-46.36671773,-23.501390179999994],[-46.36670336,-23.501414759999996],[-46.36668699,-23.50143967],[-46.36666943,-23.501463370000003],[-46.36666091,-23.50147583],[-46.36664321,-23.50150153],[-46.36662802,-23.501526429999995],[-46.36661422,-23.501555330000002],[-46.36661259,-23.50155828],[-46.3665962,-23.50158196],[-46.36659371,-23.501583849999992],[-46.36657037,-23.50160144],[-46.36655617,-23.501614899999996],[-46.36653723,-23.501635989999993],[-46.36651798,-23.501658619999997],[-46.36650008,-23.50168217],[-46.36648204,-23.501706950000003],[-46.36646249,-23.501732060000002],[-46.36644376,-23.501756379999996],[-46.36642424,-23.501783349999997],[-46.36640635,-23.50180735],[-46.36638535,-23.50183619],[-46.36636582,-23.50186269],[-46.36634464,-23.5018906],[-46.36632497000001,-23.50191879],[-46.36630562,-23.501946059999998],[-46.3662879,-23.501970219999997],[-46.36626539,-23.501998919999995],[-46.36624531,-23.502022189999995],[-46.36622604,-23.50204374],[-46.3662032,-23.5020726],[-46.36618494,-23.502093979999998],[-46.36616506,-23.502119409999995],[-46.36614753,-23.50214557],[-46.36613167,-23.502170789999987],[-46.36611206,-23.50219204],[-46.36608977,-23.50221317],[-46.36606565,-23.50223463],[-46.3660401,-23.502261509999997],[-46.36601738,-23.502287129999996],[-46.3659971,-23.50230854],[-46.36597286,-23.502333089999997],[-46.36594971,-23.502352530000003],[-46.36592138,-23.502372970000003],[-46.36589468,-23.502390290000008],[-46.36586743,-23.502403760000004],[-46.36575229,-23.502500709999996],[-46.36569502,-23.502541300000004],[-46.36563523,-23.50259677],[-46.36560637,-23.502648499999992],[-46.36558406,-23.50272931],[-46.36557159,-23.502763889999994],[-46.36555169,-23.50279074],[-46.36551914,-23.50281783999999],[-46.36548088,-23.50285308],[-46.36542874,-23.502922030000004],[-46.36539747,-23.502968590000002],[-46.36535819,-23.50304147],[-46.36531705,-23.50317652999999],[-46.36529808,-23.50326264],[-46.36529262,-23.503354699999996],[-46.36527464,-23.50346172],[-46.36525979,-23.503523000000005],[-46.36525176,-23.503578449999992],[-46.3652374,-23.50362602],[-46.36522248000001,-23.50364979999999],[-46.36519302,-23.50367413999999],[-46.36517978,-23.50368701],[-46.36516654,-23.50369989],[-46.36513443,-23.503739539999998],[-46.365114770000005,-23.503774319999998],[-46.36509467,-23.503826699999998],[-46.36509233,-23.503872579999996],[-46.3650976,-23.503914069999997],[-46.36510964,-23.503958960000006],[-46.36511496,-23.5040055],[-46.36511576,-23.504067789999997],[-46.36511329,-23.50417756],[-46.36511388,-23.504279950000004],[-46.36511165,-23.504413080000003],[-46.36511483,-23.504448239999995],[-46.365127,-23.504567549999997],[-46.36513815,-23.504708779999998],[-46.36513763,-23.5048406],[-46.36515169,-23.5049759],[-46.36517212,-23.505062109999997],[-46.36517538,-23.50510490999999],[-46.36517531,-23.50515856],[-46.36517666,-23.505198779999997],[-46.36518,-23.50523524],[-46.36519736,-23.505295950000008],[-46.36523213000001,-23.505407420000004],[-46.36526149,-23.505479850000008],[-46.36529454,-23.50557618],[-46.36531854,-23.50567476],[-46.36534197,-23.505763970000004],[-46.36534322,-23.50580881000001],[-46.3653419,-23.50589362],[-46.36535128,-23.50596897],[-46.36538031,-23.50610067],[-46.36539063,-23.50616173],[-46.3654032,-23.50621253],[-46.365415760000005,-23.50626333],[-46.36544616,-23.506360559999997],[-46.36545291,-23.5064241],[-46.36547461,-23.506496590000005],[-46.36548595,-23.506534859999995],[-46.36551222000001,-23.506626209999997],[-46.36553628,-23.506684689999997],[-46.36555875,-23.506740599999997],[-46.36558703,-23.50679919],[-46.36561617,-23.506880709999997],[-46.36563129,-23.506936539999998],[-46.36565701,-23.507050099999994],[-46.36566787,-23.507147929999988],[-46.36567414,-23.50721046],[-46.36567734,-23.507277930000004],[-46.36567835,-23.50736156],[-46.36568216,-23.507427729999993],[-46.36569317,-23.507493829999998],[-46.36572725,-23.50761539],[-46.36574452,-23.507712299999998],[-46.3657623,-23.507783970000006],[-46.36577115,-23.507868980000005],[-46.3657751,-23.507949269999997],[-46.36579992,-23.50809659],[-46.36580688,-23.508195319999995],[-46.36580705,-23.508303189999996],[-46.36581102,-23.508339489999997],[-46.36583817,-23.508363630000005],[-46.36589368,-23.508394009999996],[-46.36592693000001,-23.508418959999993],[-46.36593996,-23.50845433],[-46.36595753,-23.50852037],[-46.36599868,-23.508674180000003],[-46.36599467,-23.508695700000008],[-46.36598372,-23.508740359999997],[-46.36596727,-23.508843469999995],[-46.36596961,-23.508903450000002],[-46.36597073000001,-23.508966750000003],[-46.36596379,-23.509036890000004],[-46.3659581,-23.50913732],[-46.36594591,-23.50924429000001],[-46.36593347,-23.50928175],[-46.36590837,-23.50936489],[-46.36588104,-23.50947429999999],[-46.36584715,-23.509569200000005],[-46.3658383,-23.50963633],[-46.36583986,-23.509727609999995],[-46.36581994,-23.509828010000003],[-46.36582085,-23.509885109999992],[-46.36583325,-23.50995062000001],[-46.36585600000001,-23.5100495],[-46.36586453,-23.510148360000002],[-46.36588022,-23.51022999],[-46.3658873,-23.510264690000007],[-46.36589541,-23.510292159999995],[-46.36590777,-23.51032349],[-46.36591587,-23.51035068],[-46.36592147,-23.510377889999997],[-46.36592629,-23.510405830000003],[-46.36593253,-23.510434609999994],[-46.36594188,-23.510462369999996],[-46.36595216,-23.510488089999996],[-46.36596026,-23.51051614],[-46.3659665,-23.510544930000002],[-46.3659715,-23.510575030000002],[-46.36597523,-23.51060269],[-46.36597927,-23.510630769999995],[-46.36598159,-23.510658299999996],[-46.36598312,-23.510685979999998],[-46.36598393,-23.510718560000004],[-46.3659836,-23.51074698],[-46.36598422,-23.510777400000002],[-46.36598968,-23.510805909999988],[-46.36599621,-23.510832960000002],[-46.36600166,-23.510861330000004],[-46.36600351,-23.51088871],[-46.36600273,-23.510919430000005],[-46.36599928,-23.51094932],[-46.36599769,-23.51097672999999],[-46.36599782,-23.511004850000003],[-46.36599986,-23.51103540999999],[-46.36600363,-23.511067539999996],[-46.36600813,-23.511094469999996],[-46.36601673,-23.511124239999994],[-46.36602547,-23.511153439999994],[-46.36603358,-23.511182070000004],[-46.36604294,-23.511210110000004],[-46.36605166,-23.511236569999998],[-46.36605944,-23.5112629],[-46.36606802,-23.511291519999997],[-46.36607909,-23.511318970000005],[-46.36609347,-23.511348120000005],[-46.36610749,-23.5113741],[-46.36612357,-23.511401369999998],[-46.36613761,-23.51142820999999],[-46.36614743,-23.511456099999997],[-46.36615446,-23.511485459999992],[-46.36616024,-23.511515120000002],[-46.36616883,-23.51154431999999],[-46.36617786,-23.511570779999996],[-46.36618865,-23.511601550000005],[-46.36619755,-23.511630889999996],[-46.3662055,-23.511658509999993],[-46.36621252,-23.51168672],[-46.3662175,-23.5117148],[-46.36622217,-23.511743739999996],[-46.36622532,-23.51175956999999],[-46.36622828,-23.511774410000008],[-46.36623215000001,-23.511801340000005],[-46.366234940000005,-23.511829010000003],[-46.36623853,-23.511858540000002],[-46.3662449,-23.51188502000001],[-46.36625629,-23.51191319000001],[-46.36626719,-23.511939049999995],[-46.36627824,-23.51196434],[-46.36629201,-23.511995369999998],[-46.36630402,-23.512022519999995],[-46.36631807,-23.512051239999998],[-46.36633194,-23.5120768],[-46.36634832,-23.51210276],[-46.36637074,-23.512124049999997],[-46.36639193,-23.512146509999997],[-46.36640485,-23.512171629999994],[-46.36762894,-23.51191678],[-46.36768768,-23.51190295],[-46.36897012,-23.511641369999992],[-46.36950972,-23.511529930000002],[-46.36989901,-23.51144398],[-46.3699865,-23.511417299999994],[-46.37004412,-23.511401440000004],[-46.37054453,-23.511250809999996],[-46.37059584,-23.51123342],[-46.3706323,-23.51122065],[-46.37068103,-23.51121095],[-46.37068926,-23.511209649999998],[-46.37069749,-23.51120835],[-46.3707182,-23.511207440000007],[-46.37074303,-23.511209109999992],[-46.37083925,-23.51122202],[-46.3710357,-23.511254760000007],[-46.37125973,-23.511291879999995],[-46.37146318,-23.51132044],[-46.37166305,-23.51134899],[-46.37186717,-23.51144146999999],[-46.37188871,-23.511445329999997],[-46.37191937,-23.51145157],[-46.37194793,-23.51146594],[-46.37197459,-23.51148017],[-46.371998350000005,-23.511485899999997],[-46.37200871,-23.511486240000004],[-46.37204023,-23.51148481],[-46.37205716,-23.511483069999993],[-46.37208898000001,-23.511479749999996],[-46.37226625,-23.511520309999998],[-46.37239831,-23.511534589999997],[-46.37259818,-23.51151674000001],[-46.37287301,-23.511509599999993],[-46.37324492,-23.511541729999987],[-46.37365895,-23.51164166],[-46.37390165,-23.51191292],[-46.37418719,-23.51209852],[-46.37437278,-23.512241290000006],[-46.37461549,-23.51238405],[-46.37498668,-23.512541100000004],[-46.37535788000001,-23.5127267],[-46.37524458,-23.51293732],[-46.37519699,-23.513137190000002],[-46.37506374,-23.513346589999998],[-46.37492097,-23.51359405],[-46.374749650000005,-23.513765370000005],[-46.37456881,-23.513908140000005],[-46.37444508,-23.514003320000004],[-46.37439749,-23.514165119999998],[-46.37437845,-23.514336439999997],[-46.37437845,-23.514517279999996],[-46.37433087,-23.51464100999999],[-46.37428328,-23.514755230000002],[-46.37419762,-23.51489799],[-46.37439749,-23.515107389999994],[-46.37466399,-23.515392920000007],[-46.37492097,-23.515621349999993],[-46.37510181,-23.515687979999996],[-46.37523506,-23.51570701],[-46.37547301,-23.51566894],[-46.37579661,-23.515611829999994],[-46.37599649,-23.515707010000003],[-46.3763772,-23.51588785],[-46.37678647,-23.51608772999999],[-46.377195740000005,-23.516201940000002],[-46.3775479,-23.516192419999996],[-46.37788158,-23.516174330000002],[-46.37796077,-23.516192950000008],[-46.3779993,-23.516202979999996],[-46.37804479,-23.5162069],[-46.378089870000004,-23.51621623],[-46.37813129,-23.51622267],[-46.378175070000005,-23.516219699999997],[-46.37821633,-23.5162108],[-46.3782428,-23.51621014],[-46.37829572,-23.516207509999994],[-46.37833517,-23.51620555],[-46.37835343,-23.51620387],[-46.37839894,-23.51620974],[-46.3784489,-23.5162147],[-46.37847597,-23.51621544],[-46.37851608,-23.516220269999998],[-46.37857103,-23.516232319999993],[-46.37862474000001,-23.516249669999993],[-46.37866404,-23.51625505],[-46.37870699,-23.516250459999988],[-46.37875356,-23.516245299999998],[-46.37879353000001,-23.516247870000004],[-46.37883938,-23.51626367],[-46.37888233,-23.516270639999995],[-46.37892085,-23.516280020000007],[-46.37897048,-23.516265439999994],[-46.37899357,-23.51624417],[-46.3790366,-23.516225539999997],[-46.37909181,-23.516216840000002],[-46.37912639,-23.51620855],[-46.37918953,-23.516208099999993],[-46.37926648,-23.516206449999995],[-46.37931025,-23.516202830000005],[-46.37936777,-23.516203299999997],[-46.37944001,-23.51619953],[-46.37948699,-23.516199659999998],[-46.37955045,-23.516218980000005],[-46.37961656,-23.516234930000007],[-46.37964586,-23.516247519999997],[-46.37968902,-23.516263019999997],[-46.37975669,-23.516282519999994],[-46.37980465,-23.516298090000003],[-46.37985076,-23.516316479999993],[-46.37990724,-23.516329059999993],[-46.37995848,-23.516344810000003],[-46.38000065,-23.516356209999998],[-46.38005713,-23.516368569999994],[-46.38008344,-23.51637569],[-46.38012321,-23.51639262],[-46.38018504,-23.51641282],[-46.38025074,-23.516433309999993],[-46.3802746,-23.51644142],[-46.38031048,-23.51646703],[-46.3803665,-23.516492239999998],[-46.3804183,-23.516516419999995],[-46.38045725,-23.51654503],[-46.38051002,-23.516583559999997],[-46.38056497,-23.51661829],[-46.38058372,-23.516629900000005],[-46.380627780000005,-23.51666505],[-46.38066185,-23.516685819999996],[-46.38069647,-23.5167028],[-46.38072505000001,-23.51671389],[-46.38075541,-23.516738579999995],[-46.3808045,-23.516773140000005],[-46.38084938,-23.51680818],[-46.38088661,-23.516828380000003],[-46.3809211,-23.516855299999996],[-46.38097737,-23.516893579999994],[-46.3810244,-23.516921370000002],[-46.38106708,-23.51694692],[-46.38112449,-23.516993290000002],[-46.38117477,-23.51702915],[-46.3812063,-23.51705404],[-46.38125109,-23.51709091],[-46.38129783,-23.51712485],[-46.38133629,-23.517162000000003],[-46.38134799,-23.517171729999998],[-46.38137218,-23.517200250000002],[-46.3814173,-23.51723593],[-46.38143181,-23.517256759999995],[-46.38146933,-23.517293919999993],[-46.38151863,-23.517336800000002],[-46.38153858,-23.517351859999994],[-46.38156715,-23.51738346999999],[-46.38160090000001,-23.517418499999994],[-46.38163476,-23.517453199999988],[-46.38167678,-23.5174942],[-46.38172264000001,-23.517522209999996],[-46.38175415,-23.517544939999993],[-46.38181265,-23.51758267],[-46.38183421,-23.517594900000002],[-46.38187211,-23.517622979999995],[-46.38190565,-23.517648610000002],[-46.38195917,-23.517692100000005],[-46.38198319,-23.51771577],[-46.3820116,-23.51774382],[-46.38206123,-23.51779642],[-46.38208335,-23.517816209999996],[-46.38211999,-23.517858769999997],[-46.38215386,-23.517893689999998],[-46.38218232,-23.517926929999998],[-46.38219688,-23.51795294],[-46.38221925,-23.517997569999995],[-46.38223143,-23.518019719999998],[-46.38225388,-23.518049439999988],[-46.38227617,-23.518097429999997],[-46.38230592,-23.51813097999999],[-46.38231752,-23.518141679999996],[-46.38233834,-23.51818405],[-46.38236515,-23.518227569999993],[-46.38239984,-23.518262369999995],[-46.38243622,-23.51831325],[-46.38246589,-23.51834994],[-46.38247933,-23.518369589999995],[-46.38251215,-23.51841639],[-46.38255061,-23.51846445],[-46.38257426,-23.518496970000005],[-46.3826028,-23.51854933],[-46.38263917,-23.518599130000002],[-46.38265809,-23.51862759],[-46.38268278,-23.518680519999997],[-46.38270465,-23.51872257000001],[-46.38271179,-23.51875599],[-46.3827405,-23.518801649999997],[-46.38276819,-23.51885001],[-46.38278527,-23.518882159999997],[-46.38281123,-23.518911639999992],[-46.38284312,-23.518958460000007],[-46.38285365,-23.518979539999997],[-46.38286167,-23.519018459999998],[-46.38286739,-23.519061949999998],[-46.38287085,-23.519079199999997],[-46.3828751,-23.51911535],[-46.382884600000004,-23.519161180000005],[-46.38289355,-23.51919988],[-46.38290085,-23.51922617],[-46.38302746,-23.51946276],[-46.38324875,-23.519741159999995],[-46.38344148,-23.519819680000005],[-46.38361994,-23.52000528],[-46.38368419,-23.520083800000002],[-46.38383409,-23.52014091],[-46.38406966,-23.5201766],[-46.38428381,-23.520212289999996],[-46.38438375,-23.520276540000005],[-46.38449796,-23.520397890000005],[-46.38452652,-23.520490689999995],[-46.38458362,-23.52052638],[-46.3846669,-23.520590030000008],[-46.38477784,-23.52058942],[-46.38478765,-23.520608350000003],[-46.38479733,-23.52062673],[-46.38481739,-23.520663279999994],[-46.38482098,-23.520671029999995],[-46.38483665,-23.520712589999988],[-46.38483909,-23.52072207],[-46.38485058,-23.52075685999999],[-46.38486594,-23.520802420000006],[-46.38487844,-23.52084433],[-46.38489573,-23.520896139999994],[-46.38489934,-23.520905400000004],[-46.38491542,-23.520941120000003],[-46.38493681,-23.520981649999996],[-46.38495983,-23.52102130999999],[-46.38498412,-23.52105826],[-46.38500657,-23.521088629999994],[-46.3850323,-23.521129020000007],[-46.38506811,-23.521170179999995],[-46.38509605,-23.521198019999996],[-46.38512455000001,-23.521224019999995],[-46.38515745,-23.52125506],[-46.38519568,-23.521282160000002],[-46.38524583,-23.52132795],[-46.3852929,-23.52137053],[-46.38531903,-23.521404219999997],[-46.38534494,-23.521439640000008],[-46.38536853,-23.521478099999996],[-46.38540462,-23.52150133],[-46.38544715,-23.52151219],[-46.38548561,-23.52151617],[-46.38553399,-23.521516069999997],[-46.3855784,-23.521517299999996],[-46.38561941,-23.521517799999998],[-46.38566818,-23.521521479999997],[-46.38571128,-23.521520449999993],[-46.38576186,-23.5215172],[-46.38581185,-23.521514489999994],[-46.38585857,-23.52151246],[-46.38590324,-23.52151563],[-46.38594452,-23.521519799999993],[-46.38599284,-23.52152499],[-46.38603644,-23.521527629999998],[-46.38608006,-23.52153113],[-46.3861376,-23.521532900000004],[-46.38617685,-23.52153330999999],[-46.38622721,-23.52153265],[-46.38627487000001,-23.521530169999995],[-46.38632179,-23.521524680000002],[-46.38635292,-23.521522249999997],[-46.38643603,-23.521509699999996],[-46.38652169,-23.521527540000008],[-46.38663405,-23.521572109999997],[-46.38664485,-23.52157639]],[[-46.71067218,-23.474402499999986],[-46.71056779,-23.474165709999998],[-46.71066778000001,-23.474386589999998],[-46.71069126,-23.474453269999998],[-46.71067218,-23.474402499999986]],[[-46.70622176,-23.501576810000003],[-46.70622558693675,-23.501545171696666],[-46.70622149,-23.501581409999996],[-46.70620978,-23.501726400000003],[-46.70622176,-23.501576810000003]],[[-46.70609952,-23.503376329999995],[-46.70606965,-23.50383408],[-46.70608494,-23.503584029999995],[-46.70609952,-23.503376329999995]],[[-46.77597757,-23.866394590000006],[-46.77612478,-23.86633176],[-46.7762601,-23.866276109999994],[-46.77597757,-23.866394590000006]],[[-46.61261811,-23.90593919],[-46.61589949,-23.9065887],[-46.6162535,-23.906659080000004],[-46.61261811,-23.90593919]],[[-46.59055620481475,-23.482279238277126],[-46.5906377,-23.48234542999999],[-46.59055631,-23.482279390000006],[-46.59055620481475,-23.482279238277126]],[[-46.42934720669814,-23.533367342754133],[-46.42934720669814,-23.533367342754133],[-46.43022577,-23.533649169999997],[-46.42934720669814,-23.533367342754133]]]},"properties":{"name":"São Paulo","method":"union","source_id":"sp_geosampa_distrito_municipal"}}]}
