{"type":"FeatureCollection","features":[{"type":"Feature","geometry":{"type":"Point","coordinates":[-46.70931311,-23.68949837]},"properties":{"id":"sp_geosampa_bibliotecas:equipamento_cultura_bibliotecas.40001","source_id":"sp_geosampa_bibliotecas","name":"Biblioteca Malba Tahan","category":"library","subcategory":null,"geometry_type":"Point","address":"Rua Brás Pires Meira, 100, 04784-150","equipment_type":"Bibliotecas Públicas (inclui  Bosques e Pontos de Leitura)","administrative_sphere":"Municipal","included_in_metrics":true,"exclusion_reason":null,"override_reason":null}},{"type":"Feature","geometry":{"type":"Point","coordinates":[-46.63239422,-23.48223592]},"properties":{"id":"sp_geosampa_bibliotecas:equipamento_cultura_bibliotecas.40002","source_id":"sp_geosampa_bibliotecas","name":"Biblioteca Pedro Nava","category":"library","subcategory":null,"geometry_type":"Point","address":"Rua Helena do Sacramento, 1000, 02413-100","equipment_type":"Bibliotecas Públicas (inclui  Bosques e Pontos de Leitura)","administrative_sphere":"Municipal","included_in_metrics":true,"exclusion_reason":null,"override_reason":null}},{"type":"Feature","geometry":{"type":"Point","coordinates":[-46.71594428,-23.44486245]},"properties":{"id":"sp_geosampa_bibliotecas:equipamento_cultura_bibliotecas.40003","source_id":"sp_geosampa_bibliotecas","name":"Biblioteca Érico Veríssimo","category":"library","subcategory":null,"geometry_type":"Point","address":"Rua Diógenes Dourado, 101, 02815-060","equipment_type":"Bibliotecas Públicas (inclui  Bosques e Pontos de Leitura)","administrative_sphere":"Municipal","included_in_metrics":true,"exclusion_reason":null,"override_reason":null}},{"type":"Feature","geometry":{"type":"Point","coordinates":[-46.40980256,-23.54456145]},"properties":{"id":"sp_geosampa_bibliotecas:equipamento_cultura_bibliotecas.40004","source_id":"sp_geosampa_bibliotecas","name":"Biblioteca Cora Coralina","category":"library","subcategory":null,"geometry_type":"Point","address":"Rua Otelo Augusto Ribeiro, 113, 08412-000","equipment_type":"Bibliotecas Públicas (inclui  Bosques e Pontos de Leitura)","administrative_sphere":"Municipal","included_in_metrics":true,"exclusion_reason":null,"override_reason":null}},{"type":"Feature","geometry":{"type":"Point","coordinates":[-46.62837819,-23.57194351]},"properties":{"id":"sp_geosampa_bibliotecas:equipamento_cultura_bibliotecas.40005","source_id":"sp_geosampa_bibliotecas","name":"Biblioteca Raul Bopp","category":"library","subcategory":null,"geometry_type":"Point","address":"Rua Muniz de Souza, 1155, 01534-001","equipment_type":"Bibliotecas Públicas (inclui  Bosques e Pontos de Leitura)","administrative_sphere":"Municipal","included_in_metrics":true,"exclusion_reason":null,"override_reason":null}},{"type":"Feature","geometry":{"type":"Point","coordinates":[-46.74034812,-23.4858876]},"properties":{"id":"sp_geosampa_bibliotecas:equipamento_cultura_bibliotecas.40006","source_id":"sp_geosampa_bibliotecas","name":"Biblioteca Brito Broca","category":"library","subcategory":null,"geometry_type":"Point","address":"Avenida Mutinga, 1425, 05110-000","equipment_type":"Bibliotecas Públicas (inclui  Bosques e Pontos de Leitura)","administrative_sphere":"Municipal","included_in_metrics":true,"exclusion_reason":null,"override_reason":null}},{"type":"Feature","geometry":{"type":"Point","coordinates":[-46.61083008,-23.52626077]},"properties":{"id":"sp_geosampa_bibliotecas:equipamento_cultura_bibliotecas.40007","source_id":"sp_geosampa_bibliotecas","name":"Biblioteca Adelpha Figueiredo","category":"library","subcategory":null,"geometry_type":"Point","address":"Praça Ilo Ottani, 146, 03028-003","equipment_type":"Bibliotecas Públicas (inclui  Bosques e Pontos de Leitura)","administrative_sphere":"Municipal","included_in_metrics":true,"exclusion_reason":null,"override_reason":null}},{"type":"Feature","geometry":{"type":"Point","coordinates":[-46.70114349,-23.48130192]},"properties":{"id":"sp_geosampa_bibliotecas:equipamento_cultura_bibliotecas.40008","source_id":"sp_geosampa_bibliotecas","name":"Biblioteca Afonso Schmidt","category":"library","subcategory":null,"geometry_type":"Point","address":"Avenida Elísio Teixeira Leite, 1470, 02801-000","equipment_type":"Bibliotecas Públicas (inclui  Bosques e Pontos de Leitura)","administrative_sphere":"Municipal","included_in_metrics":true,"exclusion_reason":null,"override_reason":null}},{"type":"Feature","geometry":{"type":"Point","coordinates":[-46.54030274,-23.57173387]},"properties":{"id":"sp_geosampa_bibliotecas:equipamento_cultura_bibliotecas.40009","source_id":"sp_geosampa_bibliotecas","name":"Biblioteca Paulo Setúbal (fechado temporariamente)","category":"library","subcategory":null,"geometry_type":"Point","address":"Avenida Renata, 163, 03377-000","equipment_type":"Bibliotecas Públicas (inclui  Bosques e Pontos de Leitura)","administrative_sphere":"Municipal","included_in_metrics":true,"exclusion_reason":null,"override_reason":null}},{"type":"Feature","geometry":{"type":"Point","coordinates":[-46.62739845,-23.49680821]},"properties":{"id":"sp_geosampa_bibliotecas:equipamento_cultura_bibliotecas.40010","source_id":"sp_geosampa_bibliotecas","name":"Biblioteca Narbal Fontes","category":"library","subcategory":null,"geometry_type":"Point","address":"Rua Cons. Moreira de Barros, 170, 02018-010","equipment_type":"Bibliotecas Públicas (inclui  Bosques e Pontos de Leitura)","administrative_sphere":"Municipal","included_in_metrics":true,"exclusion_reason":null,"override_reason":null}},{"type":"Feature","geometry":{"type":"Point","coordinates":[-46.70151349,-23.55766994]},"properties":{"id":"sp_geosampa_bibliotecas:equipamento_cultura_bibliotecas.40011","source_id":"sp_geosampa_bibliotecas","name":"Biblioteca Álvaro Guerra","category":"library","subcategory":null,"geometry_type":"Point","address":"Avenida Pedroso de Moraes, 1919, 05419-001","equipment_type":"Bibliotecas Públicas (inclui  Bosques e Pontos de Leitura)","administrative_sphere":"Municipal","included_in_metrics":true,"exclusion_reason":null,"override_reason":null}},{"type":"Feature","geometry":{"type":"Point","coordinates":[-46.54787687,-23.59483691]},"properties":{"id":"sp_geosampa_bibliotecas:equipamento_cultura_bibliotecas.40012","source_id":"sp_geosampa_bibliotecas","name":"Biblioteca Aureliano Leite","category":"library","subcategory":null,"geometry_type":"Point","address":"Rua Otto Shubart, 196, 03238-030","equipment_type":"Bibliotecas Públicas (inclui  Bosques e Pontos de Leitura)","administrative_sphere":"Municipal","included_in_metrics":true,"exclusion_reason":null,"override_reason":null}},{"type":"Feature","geometry":{"type":"Point","coordinates":[-46.58319718,-23.5819713]},"properties":{"id":"sp_geosampa_bibliotecas:equipamento_cultura_bibliotecas.40013","source_id":"sp_geosampa_bibliotecas","name":"Biblioteca Ricardo Ramos","category":"library","subcategory":null,"geometry_type":"Point","address":"Praça do Centenário de Vila Prudente, 25, 03132-050","equipment_type":"Bibliotecas Públicas (inclui  Bosques e Pontos de Leitura)","administrative_sphere":"Municipal","included_in_metrics":true,"exclusion_reason":null,"override_reason":null}},{"type":"Feature","geometry":{"type":"Point","coordinates":[-46.63870039,-23.59322787]},"properties":{"id":"sp_geosampa_bibliotecas:equipamento_cultura_bibliotecas.40014","source_id":"sp_geosampa_bibliotecas","name":"Biblioteca Viriato Corrêa","category":"library","subcategory":null,"geometry_type":"Point","address":"Rua Sena Madureira, 298, 04021-050","equipment_type":"Bibliotecas Públicas (inclui  Bosques e Pontos de Leitura)","administrative_sphere":"Municipal","included_in_metrics":true,"exclusion_reason":null,"override_reason":null}},{"type":"Feature","geometry":{"type":"Point","coordinates":[-46.61928186,-23.49861785]},"properties":{"id":"sp_geosampa_bibliotecas:equipamento_cultura_bibliotecas.40015","source_id":"sp_geosampa_bibliotecas","name":"Biblioteca Nuto Sant’Anna","category":"library","subcategory":null,"geometry_type":"Point","address":"Praça Tenório de Aguiar, 32, 02044-080","equipment_type":"Bibliotecas Públicas (inclui  Bosques e Pontos de Leitura)","administrative_sphere":"Municipal","included_in_metrics":true,"exclusion_reason":null,"override_reason":null}},{"type":"Feature","geometry":{"type":"Point","coordinates":[-46.48484921,-23.54647832]},"properties":{"id":"sp_geosampa_bibliotecas:equipamento_cultura_bibliotecas.40016","source_id":"sp_geosampa_bibliotecas","name":"Biblioteca Jovina Rocha Álvares Pessoa","category":"library","subcategory":null,"geometry_type":"Point","address":"Avenida Pe. Francisco de Toledo, 331, 03590-120","equipment_type":"Bibliotecas Públicas (inclui  Bosques e Pontos de Leitura)","administrative_sphere":"Municipal","included_in_metrics":true,"exclusion_reason":null,"override_reason":null}},{"type":"Feature","geometry":{"type":"Point","coordinates":[-46.62350585,-23.58334247]},"properties":{"id":"sp_geosampa_bibliotecas:equipamento_cultura_bibliotecas.40017","source_id":"sp_geosampa_bibliotecas","name":"Biblioteca Chácara do Castelo (fechado temporariamente)","category":"library","subcategory":null,"geometry_type":"Point","address":"Rua Brás Lourenço, 333, 04113-010","equipment_type":"Bibliotecas Públicas (inclui  Bosques e Pontos de Leitura)","administrative_sphere":"Municipal","included_in_metrics":true,"exclusion_reason":null,"override_reason":null}},{"type":"Feature","geometry":{"type":"Point","coordinates":[-46.66988149,-23.47582036]},"properties":{"id":"sp_geosampa_bibliotecas:equipamento_cultura_bibliotecas.40018","source_id":"sp_geosampa_bibliotecas","name":"Biblioteca Jayme Cortez","category":"library","subcategory":null,"geometry_type":"Point","address":"Avenida Deputado Emílio Carlos, 3641, 02721-200","equipment_type":"Bibliotecas Públicas (inclui  Bosques e Pontos de Leitura)","administrative_sphere":"Municipal","included_in_metrics":true,"exclusion_reason":null,"override_reason":null}},{"type":"Feature","geometry":{"type":"Point","coordinates":[-46.67313909,-23.49700133]},"properties":{"id":"sp_geosampa_bibliotecas:equipamento_cultura_bibliotecas.40019","source_id":"sp_geosampa_bibliotecas","name":"Biblioteca Menotti Del Picchia","category":"library","subcategory":null,"geometry_type":"Point","address":"Rua São Romualdo, 382, 02557-060","equipment_type":"Bibliotecas Públicas (inclui  Bosques e Pontos de Leitura)","administrative_sphere":"Municipal","included_in_metrics":true,"exclusion_reason":null,"override_reason":null}},{"type":"Feature","geometry":{"type":"Point","coordinates":[-46.73801299,-23.5758206]},"properties":{"id":"sp_geosampa_bibliotecas:equipamento_cultura_bibliotecas.40020","source_id":"sp_geosampa_bibliotecas","name":"Biblioteca Camila Cerqueira César","category":"library","subcategory":null,"geometry_type":"Point","address":"Rua Valdemar Sanches, 41, 05589-050","equipment_type":"Bibliotecas Públicas (inclui  Bosques e Pontos de Leitura)","administrative_sphere":"Municipal","included_in_metrics":true,"exclusion_reason":null,"override_reason":null}},{"type":"Feature","geometry":{"type":"Point","coordinates":[-46.57246541,-23.53623596]},"properties":{"id":"sp_geosampa_bibliotecas:equipamento_cultura_bibliotecas.40021","source_id":"sp_geosampa_bibliotecas","name":"Biblioteca Hans Christian Andersen","category":"library","subcategory":null,"geometry_type":"Point","address":"Avenida Celso Garcia, 4142, 03064-000","equipment_type":"Bibliotecas Públicas (inclui  Bosques e Pontos de Leitura)","administrative_sphere":"Municipal","included_in_metrics":true,"exclusion_reason":null,"override_reason":null}},{"type":"Feature","geometry":{"type":"Point","coordinates":[-46.5719847,-23.53618671]},"properties":{"id":"sp_geosampa_bibliotecas:equipamento_cultura_bibliotecas.40022","source_id":"sp_geosampa_bibliotecas","name":"Biblioteca Cassiano Ricardo","category":"library","subcategory":null,"geometry_type":"Point","address":"Avenida Celso Garcia, 4200, 03064-000","equipment_type":"Bibliotecas Públicas (inclui  Bosques e Pontos de Leitura)","administrative_sphere":"Municipal","included_in_metrics":true,"exclusion_reason":null,"override_reason":null}},{"type":"Feature","geometry":{"type":"Point","coordinates":[-46.454352,-23.53693099]},"properties":{"id":"sp_geosampa_bibliotecas:equipamento_cultura_bibliotecas.40023","source_id":"sp_geosampa_bibliotecas","name":"Biblioteca Sérgio Buarque de Holanda","category":"library","subcategory":null,"geometry_type":"Point","address":"Rua Vitório Santim, 44, 08290-000","equipment_type":"Bibliotecas Públicas (inclui  Bosques e Pontos de Leitura)","administrative_sphere":"Municipal","included_in_metrics":true,"exclusion_reason":null,"override_reason":null}},{"type":"Feature","geometry":{"type":"Point","coordinates":[-46.70038915,-23.48650349]},"properties":{"id":"sp_geosampa_bibliotecas:equipamento_cultura_bibliotecas.40024","source_id":"sp_geosampa_bibliotecas","name":"Biblioteca Thales Castanho de Andrade","category":"library","subcategory":null,"geometry_type":"Point","address":"Rua Dr. Artur Fajardo, 447, 02963-000","equipment_type":"Bibliotecas Públicas (inclui  Bosques e Pontos de Leitura)","administrative_sphere":"Municipal","included_in_metrics":true,"exclusion_reason":null,"override_reason":null}},{"type":"Feature","geometry":{"type":"Point","coordinates":[-46.64492514,-23.65092259]},"properties":{"id":"sp_geosampa_bibliotecas:equipamento_cultura_bibliotecas.40025","source_id":"sp_geosampa_bibliotecas","name":"Biblioteca Paulo Duarte","category":"library","subcategory":null,"geometry_type":"Point","address":"Rua Arsênio Tavolieri, 45, 04321-030","equipment_type":"Bibliotecas Públicas (inclui  Bosques e Pontos de Leitura)","administrative_sphere":"Municipal","included_in_metrics":true,"exclusion_reason":null,"override_reason":null}},{"type":"Feature","geometry":{"type":"Point","coordinates":[-46.68527283,-23.58674605]},"properties":{"id":"sp_geosampa_bibliotecas:equipamento_cultura_bibliotecas.40026","source_id":"sp_geosampa_bibliotecas","name":"Biblioteca Anne Frank","category":"library","subcategory":null,"geometry_type":"Point","address":"Rua Cojuba, 45, 04533-040","equipment_type":"Bibliotecas Públicas (inclui  Bosques e Pontos de Leitura)","administrative_sphere":"Municipal","included_in_metrics":true,"exclusion_reason":null,"override_reason":null}},{"type":"Feature","geometry":{"type":"Point","coordinates":[-46.53187348,-23.54689654]},"properties":{"id":"sp_geosampa_bibliotecas:equipamento_cultura_bibliotecas.40027","source_id":"sp_geosampa_bibliotecas","name":"Biblioteca Lenyra Fraccaroli","category":"library","subcategory":null,"geometry_type":"Point","address":"Praça Haroldo Daltro, 451, 03444-090","equipment_type":"Bibliotecas Públicas (inclui  Bosques e Pontos de Leitura)","administrative_sphere":"Municipal","included_in_metrics":true,"exclusion_reason":null,"override_reason":null}},{"type":"Feature","geometry":{"type":"Point","coordinates":[-46.70133916,-23.53523886]},"properties":{"id":"sp_geosampa_bibliotecas:equipamento_cultura_bibliotecas.40028","source_id":"sp_geosampa_bibliotecas","name":"Biblioteca Clarice Lispector","category":"library","subcategory":null,"geometry_type":"Point","address":"Rua Jaricunas, 458, 05053-070","equipment_type":"Bibliotecas Públicas (inclui  Bosques e Pontos de Leitura)","administrative_sphere":"Municipal","included_in_metrics":true,"exclusion_reason":null,"override_reason":null}},{"type":"Feature","geometry":{"type":"Point","coordinates":[-46.3980612,-23.53511824]},"properties":{"id":"sp_geosampa_bibliotecas:equipamento_cultura_bibliotecas.40029","source_id":"sp_geosampa_bibliotecas","name":"Biblioteca Jamil Almansur Haddad","category":"library","subcategory":null,"geometry_type":"Point","address":"Rua Andes, 491-A, 08408-408","equipment_type":"Bibliotecas Públicas (inclui  Bosques e Pontos de Leitura)","administrative_sphere":"Municipal","included_in_metrics":true,"exclusion_reason":null,"override_reason":null}},{"type":"Feature","geometry":{"type":"Point","coordinates":[-46.60239565,-23.58760594]},"properties":{"id":"sp_geosampa_bibliotecas:equipamento_cultura_bibliotecas.40030","source_id":"sp_geosampa_bibliotecas","name":"Biblioteca Roberto Santos","category":"library","subcategory":null,"geometry_type":"Point","address":"Rua Cisplatina, 505, 04211-040","equipment_type":"Bibliotecas Públicas (inclui  Bosques e Pontos de Leitura)","administrative_sphere":"Municipal","included_in_metrics":true,"exclusion_reason":null,"override_reason":null}},{"type":"Feature","geometry":{"type":"Point","coordinates":[-46.59721503,-23.55030333]},"properties":{"id":"sp_geosampa_bibliotecas:equipamento_cultura_bibliotecas.40031","source_id":"sp_geosampa_bibliotecas","name":"Biblioteca Affonso Taunay","category":"library","subcategory":null,"geometry_type":"Point","address":"Rua Taquari, 549, 03166-000","equipment_type":"Bibliotecas Públicas (inclui  Bosques e Pontos de Leitura)","administrative_sphere":"Municipal","included_in_metrics":true,"exclusion_reason":null,"override_reason":null}},{"type":"Feature","geometry":{"type":"Point","coordinates":[-46.70038506,-23.52646342]},"properties":{"id":"sp_geosampa_bibliotecas:equipamento_cultura_bibliotecas.40032","source_id":"sp_geosampa_bibliotecas","name":"Biblioteca Mário Schenberg","category":"library","subcategory":null,"geometry_type":"Point","address":"Rua Catão, 611, 05049-000","equipment_type":"Bibliotecas Públicas (inclui  Bosques e Pontos de Leitura)","administrative_sphere":"Municipal","included_in_metrics":true,"exclusion_reason":null,"override_reason":null}},{"type":"Feature","geometry":{"type":"Point","coordinates":[-46.75482486,-23.40717675]},"properties":{"id":"sp_geosampa_bibliotecas:equipamento_cultura_bibliotecas.40033","source_id":"sp_geosampa_bibliotecas","name":"Biblioteca Padre José de Anchieta","category":"library","subcategory":null,"geometry_type":"Point","address":"Rua Antônio Maia, 651, 05126-010","equipment_type":"Bibliotecas Públicas (inclui  Bosques e Pontos de Leitura)","administrative_sphere":"Municipal","included_in_metrics":true,"exclusion_reason":null,"override_reason":null}},{"type":"Feature","geometry":{"type":"Point","coordinates":[-46.68234152,-23.55825684]},"properties":{"id":"sp_geosampa_bibliotecas:equipamento_cultura_bibliotecas.40034","source_id":"sp_geosampa_bibliotecas","name":"Biblioteca Alceu Amoroso Lima","category":"library","subcategory":null,"geometry_type":"Point","address":"Rua Henrique Schaumann, 777, 05413-021","equipment_type":"Bibliotecas Públicas (inclui  Bosques e Pontos de Leitura)","administrative_sphere":"Municipal","included_in_metrics":true,"exclusion_reason":null,"override_reason":null}},{"type":"Feature","geometry":{"type":"Point","coordinates":[-46.77424894,-23.63292944]},"properties":{"id":"sp_geosampa_bibliotecas:equipamento_cultura_bibliotecas.40035","source_id":"sp_geosampa_bibliotecas","name":"Biblioteca Helena Silveira","category":"library","subcategory":null,"geometry_type":"Point","address":"Rua José Viriato de Castro, 78, 05788-310","equipment_type":"Bibliotecas Públicas (inclui  Bosques e Pontos de Leitura)","administrative_sphere":"Municipal","included_in_metrics":true,"exclusion_reason":null,"override_reason":null}},{"type":"Feature","geometry":{"type":"Point","coordinates":[-46.60435996,-23.48129223]},"properties":{"id":"sp_geosampa_bibliotecas:equipamento_cultura_bibliotecas.40036","source_id":"sp_geosampa_bibliotecas","name":"Biblioteca Sylvia Orthof","category":"library","subcategory":null,"geometry_type":"Point","address":"Avenida Tucuruvi, 808, 02304-002","equipment_type":"Bibliotecas Públicas (inclui  Bosques e Pontos de Leitura)","administrative_sphere":"Municipal","included_in_metrics":true,"exclusion_reason":null,"override_reason":null}},{"type":"Feature","geometry":{"type":"Point","coordinates":[-46.75732431,-23.61774678]},"properties":{"id":"sp_geosampa_bibliotecas:equipamento_cultura_bibliotecas.40037","source_id":"sp_geosampa_bibliotecas","name":"Biblioteca Marcos Rey","category":"library","subcategory":null,"geometry_type":"Point","address":"Avenida Anacê, 92, 05755-090","equipment_type":"Bibliotecas Públicas (inclui  Bosques e Pontos de Leitura)","administrative_sphere":"Municipal","included_in_metrics":true,"exclusion_reason":null,"override_reason":null}},{"type":"Feature","geometry":{"type":"Point","coordinates":[-46.64204844,-23.54727159]},"properties":{"id":"sp_geosampa_bibliotecas:equipamento_cultura_bibliotecas.40038","source_id":"sp_geosampa_bibliotecas","name":"Biblioteca Mário de Andrade","category":"library","subcategory":null,"geometry_type":"Point","address":"Rua da Consolação, 94, 01302-000","equipment_type":"Bibliotecas Públicas (inclui  Bosques e Pontos de Leitura)","administrative_sphere":"Municipal","included_in_metrics":true,"exclusion_reason":null,"override_reason":null}},{"type":"Feature","geometry":{"type":"Point","coordinates":[-46.57276824,-23.55271615]},"properties":{"id":"sp_geosampa_bibliotecas:equipamento_cultura_bibliotecas.40039","source_id":"sp_geosampa_bibliotecas","name":"Biblioteca Paulo Sérgio Duarte Milliet","category":"library","subcategory":null,"geometry_type":"Point","address":"Praça Ituzaingó, s/n, 03334-020","equipment_type":"Bibliotecas Públicas (inclui  Bosques e Pontos de Leitura)","administrative_sphere":"Municipal","included_in_metrics":true,"exclusion_reason":null,"override_reason":null}},{"type":"Feature","geometry":{"type":"Point","coordinates":[-46.59229631,-23.50387641]},"properties":{"id":"sp_geosampa_bibliotecas:equipamento_cultura_bibliotecas.40040","source_id":"sp_geosampa_bibliotecas","name":"Biblioteca Álvares de Azevedo","category":"library","subcategory":null,"geometry_type":"Point","address":"Praça Joaquim José da Nova, s/n, 02126-000","equipment_type":"Bibliotecas Públicas (inclui  Bosques e Pontos de Leitura)","administrative_sphere":"Municipal","included_in_metrics":true,"exclusion_reason":null,"override_reason":null}},{"type":"Feature","geometry":{"type":"Point","coordinates":[-46.61692704,-23.61243021]},"properties":{"id":"sp_geosampa_bibliotecas:equipamento_cultura_bibliotecas.40041","source_id":"sp_geosampa_bibliotecas","name":"Biblioteca Amadeu Amaral","category":"library","subcategory":null,"geometry_type":"Point","address":"R. José Clovis de Castro, s/n, 04290-100","equipment_type":"Bibliotecas Públicas (inclui  Bosques e Pontos de Leitura)","administrative_sphere":"Municipal","included_in_metrics":true,"exclusion_reason":null,"override_reason":null}},{"type":"Feature","geometry":{"type":"Point","coordinates":[-46.5903078,-23.63115335]},"properties":{"id":"sp_geosampa_bibliotecas:equipamento_cultura_bibliotecas.40042","source_id":"sp_geosampa_bibliotecas","name":"Biblioteca Castro Alves","category":"library","subcategory":null,"geometry_type":"Point","address":"Rua Abrahão Mussa, s/n, 04256-190","equipment_type":"Bibliotecas Públicas (inclui  Bosques e Pontos de Leitura)","administrative_sphere":"Municipal","included_in_metrics":true,"exclusion_reason":null,"override_reason":null}},{"type":"Feature","geometry":{"type":"Point","coordinates":[-46.63907775,-23.56757854]},"properties":{"id":"sp_geosampa_bibliotecas:equipamento_cultura_bibliotecas.40043","source_id":"sp_geosampa_bibliotecas","name":"Biblioteca do HSPM-SP","category":"library","subcategory":null,"geometry_type":"Point","address":"Rua Castro Alves, 60, 01532-000","equipment_type":"Bibliotecas Públicas (inclui  Bosques e Pontos de Leitura)","administrative_sphere":"Municipal","included_in_metrics":true,"exclusion_reason":null,"override_reason":null}},{"type":"Feature","geometry":{"type":"Point","coordinates":[-46.62578325,-23.60256289]},"properties":{"id":"sp_geosampa_bibliotecas:equipamento_cultura_bibliotecas.40044","source_id":"sp_geosampa_bibliotecas","name":"Acervo técnico - Diretoria de Ensino Centro Sul","category":"library","subcategory":null,"geometry_type":"Point","address":"Rua Dom Antonio Galvão, 95, 04123-040","equipment_type":"Bibliotecas Públicas (inclui  Bosques e Pontos de Leitura)","administrative_sphere":"Estadual","included_in_metrics":true,"exclusion_reason":null,"override_reason":null}},{"type":"Feature","geometry":{"type":"Point","coordinates":[-46.69385078,-23.48308]},"properties":{"id":"sp_geosampa_bibliotecas:equipamento_cultura_bibliotecas.40045","source_id":"sp_geosampa_bibliotecas","name":"Biblioteca - CEU Freguesia do Ò","category":"library","subcategory":null,"geometry_type":"Point","address":"R. Crespo de Carvalho, 71, 02832-210","equipment_type":"Bibliotecas Públicas (inclui  Bosques e Pontos de Leitura)","administrative_sphere":"Municipal","included_in_metrics":true,"exclusion_reason":null,"override_reason":null}},{"type":"Feature","geometry":{"type":"Point","coordinates":[-46.65802794,-23.58074183]},"properties":{"id":"sp_geosampa_bibliotecas:equipamento_cultura_bibliotecas.40046","source_id":"sp_geosampa_bibliotecas","name":"Biblioteca Alceu de Amoroso Lima - Tristão de Ataíde (Biblioteca da Alesp)","category":"library","subcategory":null,"geometry_type":"Point","address":"Avenida Pedro Álvares Cabral, 201, 04097-900","equipment_type":"Bibliotecas Públicas (inclui  Bosques e Pontos de Leitura)","administrative_sphere":"Estadual","included_in_metrics":true,"exclusion_reason":null,"override_reason":null}},{"type":"Feature","geometry":{"type":"Point","coordinates":[-46.61192858,-23.54985085]},"properties":{"id":"sp_geosampa_bibliotecas:equipamento_cultura_bibliotecas.40047","source_id":"sp_geosampa_bibliotecas","name":"Biblioteca Arsenal da Esperança - BAE","category":"library","subcategory":null,"geometry_type":"Point","address":"Rua Dr. Almeida Lima, 900, 03164-000","equipment_type":"Bibliotecas Públicas (inclui  Bosques e Pontos de Leitura)","administrative_sphere":"Particular","included_in_metrics":false,"exclusion_reason":"private provider","override_reason":null}},{"type":"Feature","geometry":{"type":"Point","coordinates":[-46.72174836,-23.56233091]},"properties":{"id":"sp_geosampa_bibliotecas:equipamento_cultura_bibliotecas.40048","source_id":"sp_geosampa_bibliotecas","name":"Biblioteca Brasiliana Guita e José Mindlin","category":"library","subcategory":null,"geometry_type":"Point","address":"Rua da Biblioteca,, 21, 05508-050","equipment_type":"Bibliotecas Públicas (inclui  Bosques e Pontos de Leitura)","administrative_sphere":"Estadual","included_in_metrics":true,"exclusion_reason":null,"override_reason":null}},{"type":"Feature","geometry":{"type":"Point","coordinates":[-46.40647777,-23.59394511]},"properties":{"id":"sp_geosampa_bibliotecas:equipamento_cultura_bibliotecas.40049","source_id":"sp_geosampa_bibliotecas","name":"Biblioteca CEU Água Azul","category":"library","subcategory":null,"geometry_type":"Point","address":"Avenida dos Metalúrgicos, 1262, 08471-000","equipment_type":"Bibliotecas Públicas (inclui  Bosques e Pontos de Leitura)","administrative_sphere":"Municipal","included_in_metrics":true,"exclusion_reason":null,"override_reason":null}},{"type":"Feature","geometry":{"type":"Point","coordinates":[-46.50328359,-23.57035509]},"properties":{"id":"sp_geosampa_bibliotecas:equipamento_cultura_bibliotecas.40050","source_id":"sp_geosampa_bibliotecas","name":"Biblioteca CEU Aricanduva - Mário Quintana","category":"library","subcategory":null,"geometry_type":"Point","address":"Rua Olga Fadel Abarca s/nº, 0, 03572-020","equipment_type":"Bibliotecas Públicas (inclui  Bosques e Pontos de Leitura)","administrative_sphere":"Municipal","included_in_metrics":true,"exclusion_reason":null,"override_reason":null}},{"type":"Feature","geometry":{"type":"Point","coordinates":[-46.48694106,-23.5528617]},"properties":{"id":"sp_geosampa_bibliotecas:equipamento_cultura_bibliotecas.40051","source_id":"sp_geosampa_bibliotecas","name":"Biblioteca CEU Arthur Alvim – Abdias do Nascimento","category":"library","subcategory":null,"geometry_type":"Point","address":"Av. Sylvio Torres, 295, 03589-010","equipment_type":"Bibliotecas Públicas (inclui  Bosques e Pontos de Leitura)","administrative_sphere":"Municipal","included_in_metrics":true,"exclusion_reason":null,"override_reason":null}},{"type":"Feature","geometry":{"type":"Point","coordinates":[-46.45738086,-23.52210484]},"properties":{"id":"sp_geosampa_bibliotecas:equipamento_cultura_bibliotecas.40052","source_id":"sp_geosampa_bibliotecas","name":"Biblioteca CEU Azul da Cor do Mar","category":"library","subcategory":null,"geometry_type":"Point","address":"Avenida Ernesto Souza Cruz, 2171, 08225-380","equipment_type":"Bibliotecas Públicas (inclui  Bosques e Pontos de Leitura)","administrative_sphere":"Municipal","included_in_metrics":true,"exclusion_reason":null,"override_reason":null}},{"type":"Feature","geometry":{"type":"Point","coordinates":[-46.75001142,-23.58184007]},"properties":{"id":"sp_geosampa_bibliotecas:equipamento_cultura_bibliotecas.40053","source_id":"sp_geosampa_bibliotecas","name":"Biblioteca CEU Butantã - Jornalista Roberto Marinho","category":"library","subcategory":null,"geometry_type":"Point","address":"Av. Engenheiro Heitor Antonio Eiras Garcia, 1870, 05588-001","equipment_type":"Bibliotecas Públicas (inclui  Bosques e Pontos de Leitura)","administrative_sphere":"Municipal","included_in_metrics":true,"exclusion_reason":null,"override_reason":null}},{"type":"Feature","geometry":{"type":"Point","coordinates":[-46.78634972,-23.64927613]},"properties":{"id":"sp_geosampa_bibliotecas:equipamento_cultura_bibliotecas.40054","source_id":"sp_geosampa_bibliotecas","name":"Biblioteca CEU Cantos do Amanhecer","category":"library","subcategory":null,"geometry_type":"Point","address":"Av. Cantos do Amanhecer, 0, 05856-020","equipment_type":"Bibliotecas Públicas (inclui  Bosques e Pontos de Leitura)","administrative_sphere":"Municipal","included_in_metrics":true,"exclusion_reason":null,"override_reason":null}},{"type":"Feature","geometry":{"type":"Point","coordinates":[-46.74431756,-23.64628464]},"properties":{"id":"sp_geosampa_bibliotecas:equipamento_cultura_bibliotecas.40055","source_id":"sp_geosampa_bibliotecas","name":"Biblioteca CEU Casa Blanca - Patativa do Assaré","category":"library","subcategory":null,"geometry_type":"Point","address":"Rua João Damasceno, 85, 05841-160","equipment_type":"Bibliotecas Públicas (inclui  Bosques e Pontos de Leitura)","administrative_sphere":"Municipal","included_in_metrics":true,"exclusion_reason":null,"override_reason":null}},{"type":"Feature","geometry":{"type":"Point","coordinates":[-46.70451972,-23.71039173]},"properties":{"id":"sp_geosampa_bibliotecas:equipamento_cultura_bibliotecas.40056","source_id":"sp_geosampa_bibliotecas","name":"Biblioteca CEU Cidade Dutra - Biblioteca Rubem Braga","category":"library","subcategory":null,"geometry_type":"Point","address":"Rua Cristina de Vasconcelos Ceccato, 111, 04802-080","equipment_type":"Bibliotecas Públicas (inclui  Bosques e Pontos de Leitura)","administrative_sphere":"Municipal","included_in_metrics":true,"exclusion_reason":null,"override_reason":null}},{"type":"Feature","geometry":{"type":"Point","coordinates":[-46.79462735,-23.68621436]},"properties":{"id":"sp_geosampa_bibliotecas:equipamento_cultura_bibliotecas.40057","source_id":"sp_geosampa_bibliotecas","name":"Biblioteca CEU Feitiço da Vila - Dep. Prof. José Freitas Nobre","category":"library","subcategory":null,"geometry_type":"Point","address":"Rua Feitiço da Vila, 399, 05879-000","equipment_type":"Bibliotecas Públicas (inclui  Bosques e Pontos de Leitura)","administrative_sphere":"Municipal","included_in_metrics":true,"exclusion_reason":null,"override_reason":null}},{"type":"Feature","geometry":{"type":"Point","coordinates":[-46.52559853,-23.58110523]},"properties":{"id":"sp_geosampa_bibliotecas:equipamento_cultura_bibliotecas.40058","source_id":"sp_geosampa_bibliotecas","name":"Biblioteca CEU Formosa","category":"library","subcategory":null,"geometry_type":"Point","address":"Rua  Srg. Claudiner Evaristo Dias, 10, 03385-150","equipment_type":"Bibliotecas Públicas (inclui  Bosques e Pontos de Leitura)","administrative_sphere":"Municipal","included_in_metrics":true,"exclusion_reason":null,"override_reason":null}},{"type":"Feature","geometry":{"type":"Point","coordinates":[-46.76897126,-23.69875972]},"properties":{"id":"sp_geosampa_bibliotecas:equipamento_cultura_bibliotecas.40059","source_id":"sp_geosampa_bibliotecas","name":"Biblioteca CEU Guarapiranga","category":"library","subcategory":null,"geometry_type":"Point","address":"Estrada da Baronesa, 1120, 04941-175","equipment_type":"Bibliotecas Públicas (inclui  Bosques e Pontos de Leitura)","administrative_sphere":"Municipal","included_in_metrics":true,"exclusion_reason":null,"override_reason":null}},{"type":"Feature","geometry":{"type":"Point","coordinates":[-46.59411068,-23.6157278]},"properties":{"id":"sp_geosampa_bibliotecas:equipamento_cultura_bibliotecas.40060","source_id":"sp_geosampa_bibliotecas","name":"Biblioteca CEU Heliópolis","category":"library","subcategory":null,"geometry_type":"Point","address":"Estrada das Lágrimas, 2385, 04244-000","equipment_type":"Bibliotecas Públicas (inclui  Bosques e Pontos de Leitura)","administrative_sphere":"Municipal","included_in_metrics":true,"exclusion_reason":null,"override_reason":null}},{"type":"Feature","geometry":{"type":"Point","coordinates":[-46.39979692,-23.54339467]},"properties":{"id":"sp_geosampa_bibliotecas:equipamento_cultura_bibliotecas.40061","source_id":"sp_geosampa_bibliotecas","name":"Biblioteca CEU Lajeado","category":"library","subcategory":null,"geometry_type":"Point","address":"Rua Manuel da Mota Coutinho, 293, 08451-420","equipment_type":"Bibliotecas Públicas (inclui  Bosques e Pontos de Leitura)","administrative_sphere":"Municipal","included_in_metrics":true,"exclusion_reason":null,"override_reason":null}},{"type":"Feature","geometry":{"type":"Point","coordinates":[-46.66071434,-23.74457525]},"properties":{"id":"sp_geosampa_bibliotecas:equipamento_cultura_bibliotecas.40062","source_id":"sp_geosampa_bibliotecas","name":"Biblioteca CEU Navegantes - Narcisa Amália de Campos","category":"library","subcategory":null,"geometry_type":"Point","address":"Rua Maria Moassab Barbour, 0, 04849-503","equipment_type":"Bibliotecas Públicas (inclui  Bosques e Pontos de Leitura)","administrative_sphere":"Municipal","included_in_metrics":true,"exclusion_reason":null,"override_reason":null}},{"type":"Feature","geometry":{"type":"Point","coordinates":[-46.38977398,-23.51327898]},"properties":{"id":"sp_geosampa_bibliotecas:equipamento_cultura_bibliotecas.40063","source_id":"sp_geosampa_bibliotecas","name":"Biblioteca CEU Parque Veredas - Paulo Leminski","category":"library","subcategory":null,"geometry_type":"Point","address":"Rua Daniel Muller, 347, 08141-290","equipment_type":"Bibliotecas Públicas (inclui  Bosques e Pontos de Leitura)","administrative_sphere":"Municipal","included_in_metrics":true,"exclusion_reason":null,"override_reason":null}},{"type":"Feature","geometry":{"type":"Point","coordinates":[-46.68875496,-23.44815382]},"properties":{"id":"sp_geosampa_bibliotecas:equipamento_cultura_bibliotecas.40064","source_id":"sp_geosampa_bibliotecas","name":"Biblioteca Ceu Paz - Augusto dos Anjos","category":"library","subcategory":null,"geometry_type":"Point","address":"Rua Daniel Cerri, 1549, 02876-170","equipment_type":"Bibliotecas Públicas (inclui  Bosques e Pontos de Leitura)","administrative_sphere":"Municipal","included_in_metrics":true,"exclusion_reason":null,"override_reason":null}},{"type":"Feature","geometry":{"type":"Point","coordinates":[-46.75042776,-23.43706917]},"properties":{"id":"sp_geosampa_bibliotecas:equipamento_cultura_bibliotecas.40065","source_id":"sp_geosampa_bibliotecas","name":"Biblioteca CEU Pêra-Marmelo - Educador Paulo Freire","category":"library","subcategory":null,"geometry_type":"Point","address":"Rua Pêra Marmelo, 226, 05185-420","equipment_type":"Bibliotecas Públicas (inclui  Bosques e Pontos de Leitura)","administrative_sphere":"Municipal","included_in_metrics":true,"exclusion_reason":null,"override_reason":null}},{"type":"Feature","geometry":{"type":"Point","coordinates":[-46.75230545,-23.40563329]},"properties":{"id":"sp_geosampa_bibliotecas:equipamento_cultura_bibliotecas.40066","source_id":"sp_geosampa_bibliotecas","name":"Biblioteca CEU Perus - João Antônio","category":"library","subcategory":null,"geometry_type":"Point","address":"Rua Bernardo José de Lorena, S/N, 1, 05203-200","equipment_type":"Bibliotecas Públicas (inclui  Bosques e Pontos de Leitura)","administrative_sphere":"Municipal","included_in_metrics":true,"exclusion_reason":null,"override_reason":null}},{"type":"Feature","geometry":{"type":"Point","coordinates":[-46.49653091,-23.4985251]},"properties":{"id":"sp_geosampa_bibliotecas:equipamento_cultura_bibliotecas.40067","source_id":"sp_geosampa_bibliotecas","name":"Biblioteca CEU Quinta do Sol","category":"library","subcategory":null,"geometry_type":"Point","address":"Avenida Luiz Imparato, 564, 03819-160","equipment_type":"Bibliotecas Públicas (inclui  Bosques e Pontos de Leitura)","administrative_sphere":"Municipal","included_in_metrics":true,"exclusion_reason":null,"override_reason":null}},{"type":"Feature","geometry":{"type":"Point","coordinates":[-46.50078451,-23.62145299]},"properties":{"id":"sp_geosampa_bibliotecas:equipamento_cultura_bibliotecas.40068","source_id":"sp_geosampa_bibliotecas","name":"Biblioteca CEU Rosa da China - Juó Bananére","category":"library","subcategory":null,"geometry_type":"Point","address":"Rua Clara Petrela, 113, 03978-500","equipment_type":"Bibliotecas Públicas (inclui  Bosques e Pontos de Leitura)","administrative_sphere":"Municipal","included_in_metrics":true,"exclusion_reason":null,"override_reason":null}},{"type":"Feature","geometry":{"type":"Point","coordinates":[-46.44953796,-23.60248705]},"properties":{"id":"sp_geosampa_bibliotecas:equipamento_cultura_bibliotecas.40069","source_id":"sp_geosampa_bibliotecas","name":"Biblioteca CEU São Mateus - Camilo Pedro dos Reis","category":"library","subcategory":null,"geometry_type":"Point","address":"Rua Curumatim, 201, 08341-240","equipment_type":"Bibliotecas Públicas (inclui  Bosques e Pontos de Leitura)","administrative_sphere":"Municipal","included_in_metrics":true,"exclusion_reason":null,"override_reason":null}},{"type":"Feature","geometry":{"type":"Point","coordinates":[-46.45639568,-23.62029494]},"properties":{"id":"sp_geosampa_bibliotecas:equipamento_cultura_bibliotecas.40070","source_id":"sp_geosampa_bibliotecas","name":"Biblioteca CEU São Rafael - Mário Palmério","category":"library","subcategory":null,"geometry_type":"Point","address":"Rua Cinira, Polônio, 100, 08395-320","equipment_type":"Bibliotecas Públicas (inclui  Bosques e Pontos de Leitura)","administrative_sphere":"Municipal","included_in_metrics":true,"exclusion_reason":null,"override_reason":null}},{"type":"Feature","geometry":{"type":"Point","coordinates":[-46.38204308,-23.47837086]},"properties":{"id":"sp_geosampa_bibliotecas:equipamento_cultura_bibliotecas.40071","source_id":"sp_geosampa_bibliotecas","name":"Biblioteca CEU Três Pontes","category":"library","subcategory":null,"geometry_type":"Point","address":"Rua Capachós, 400, 08191-330","equipment_type":"Bibliotecas Públicas (inclui  Bosques e Pontos de Leitura)","administrative_sphere":"Municipal","included_in_metrics":true,"exclusion_reason":null,"override_reason":null}},{"type":"Feature","geometry":{"type":"Point","coordinates":[-46.76261439,-23.48191893]},"properties":{"id":"sp_geosampa_bibliotecas:equipamento_cultura_bibliotecas.40072","source_id":"sp_geosampa_bibliotecas","name":"Biblioteca CEU Vila Atlântica - Maria Benedita Câmara Bormann","category":"library","subcategory":null,"geometry_type":"Point","address":"Rua Coronel José Venâncio Dias, 840, 05160-030","equipment_type":"Bibliotecas Públicas (inclui  Bosques e Pontos de Leitura)","administrative_sphere":"Municipal","included_in_metrics":true,"exclusion_reason":null,"override_reason":null}},{"type":"Feature","geometry":{"type":"Point","coordinates":[-46.78057412,-23.73790694]},"properties":{"id":"sp_geosampa_bibliotecas:equipamento_cultura_bibliotecas.40073","source_id":"sp_geosampa_bibliotecas","name":"Biblioteca CEU Vila do Sol - Dona Maria dos Anjos","category":"library","subcategory":null,"geometry_type":"Point","address":"Av. dos Funcionários Públicos, 369, 04962-000","equipment_type":"Bibliotecas Públicas (inclui  Bosques e Pontos de Leitura)","administrative_sphere":"Municipal","included_in_metrics":true,"exclusion_reason":null,"override_reason":null}},{"type":"Feature","geometry":{"type":"Point","coordinates":[-46.69721634,-23.72784587]},"properties":{"id":"sp_geosampa_bibliotecas:equipamento_cultura_bibliotecas.40074","source_id":"sp_geosampa_bibliotecas","name":"Biblioteca CEU Vila Rubi - José Eurícledes Ferreira","category":"library","subcategory":null,"geometry_type":"Point","address":"Rua Domingos Tarroso, 101, 04823-090","equipment_type":"Bibliotecas Públicas (inclui  Bosques e Pontos de Leitura)","administrative_sphere":"Municipal","included_in_metrics":true,"exclusion_reason":null,"override_reason":null}},{"type":"Feature","geometry":{"type":"Point","coordinates":[-46.71618911,-23.85114725]},"properties":{"id":"sp_geosampa_bibliotecas:equipamento_cultura_bibliotecas.40075","source_id":"sp_geosampa_bibliotecas","name":"Biblioteca Comunitária Caminhos da Leitura - BCCL","category":"library","subcategory":null,"geometry_type":"Point","address":"Rua Ricardo vinis, 254, 04892-110","equipment_type":"Bibliotecas Públicas (inclui  Bosques e Pontos de Leitura)","administrative_sphere":"Particular","included_in_metrics":false,"exclusion_reason":"private provider","override_reason":null}},{"type":"Feature","geometry":{"type":"Point","coordinates":[-46.75486928,-23.63072772]},"properties":{"id":"sp_geosampa_bibliotecas:equipamento_cultura_bibliotecas.40076","source_id":"sp_geosampa_bibliotecas","name":"Biblioteca Comunitária Djeanne Firmino","category":"library","subcategory":null,"geometry_type":"Point","address":"Rua Carandazinho, 50, 05766-280","equipment_type":"Bibliotecas Públicas (inclui  Bosques e Pontos de Leitura)","administrative_sphere":"Particular","included_in_metrics":false,"exclusion_reason":"private provider","override_reason":null}},{"type":"Feature","geometry":{"type":"Point","coordinates":[-46.79597071,-23.68373005]},"properties":{"id":"sp_geosampa_bibliotecas:equipamento_cultura_bibliotecas.40077","source_id":"sp_geosampa_bibliotecas","name":"Biblioteca Comunitária Espaço Jovem Alexandre Araujo Chaves - EJAAC","category":"library","subcategory":null,"geometry_type":"Point","address":"Rua José Tartini, 34, 05886-090","equipment_type":"Bibliotecas Públicas (inclui  Bosques e Pontos de Leitura)","administrative_sphere":"Particular","included_in_metrics":false,"exclusion_reason":"private provider","override_reason":null}},{"type":"Feature","geometry":{"type":"Point","coordinates":[-46.63804235,-23.68678753]},"properties":{"id":"sp_geosampa_bibliotecas:equipamento_cultura_bibliotecas.40078","source_id":"sp_geosampa_bibliotecas","name":"Biblioteca Comunitária JAMAC","category":"library","subcategory":null,"geometry_type":"Point","address":"Rua Maria Balades Correa, 8, 04421-020","equipment_type":"Bibliotecas Públicas (inclui  Bosques e Pontos de Leitura)","administrative_sphere":"Particular","included_in_metrics":false,"exclusion_reason":"private provider","override_reason":null}},{"type":"Feature","geometry":{"type":"Point","coordinates":[-46.75718164,-23.6885095]},"properties":{"id":"sp_geosampa_bibliotecas:equipamento_cultura_bibliotecas.40079","source_id":"sp_geosampa_bibliotecas","name":"Biblioteca da ETEC Jardim Ângela","category":"library","subcategory":null,"geometry_type":"Point","address":"Estrada da Baronesa, 1695, 04941-175","equipment_type":"Bibliotecas Públicas (inclui  Bosques e Pontos de Leitura)","administrative_sphere":"Estadual","included_in_metrics":true,"exclusion_reason":null,"override_reason":null}},{"type":"Feature","geometry":{"type":"Point","coordinates":[-46.78683773,-23.67854768]},"properties":{"id":"sp_geosampa_bibliotecas:equipamento_cultura_bibliotecas.40080","source_id":"sp_geosampa_bibliotecas","name":"Biblioteca da Fábrica de Cultura Capão Redondo","category":"library","subcategory":null,"geometry_type":"Point","address":"Rua Bacia de São Francisco, s/n, 0, 05885-540","equipment_type":"Bibliotecas Públicas (inclui  Bosques e Pontos de Leitura)","administrative_sphere":"Estadual","included_in_metrics":true,"exclusion_reason":null,"override_reason":null}},{"type":"Feature","geometry":{"type":"Point","coordinates":[-46.75054468,-23.66169714]},"properties":{"id":"sp_geosampa_bibliotecas:equipamento_cultura_bibliotecas.40081","source_id":"sp_geosampa_bibliotecas","name":"Biblioteca da Fábrica de Cultura do Jardim São Luís","category":"library","subcategory":null,"geometry_type":"Point","address":"Rua Antônio Ramos Rosa,, 651, 05822-010","equipment_type":"Bibliotecas Públicas (inclui  Bosques e Pontos de Leitura)","administrative_sphere":"Estadual","included_in_metrics":true,"exclusion_reason":null,"override_reason":null}},{"type":"Feature","geometry":{"type":"Point","coordinates":[-46.60991127,-23.59123574]},"properties":{"id":"sp_geosampa_bibliotecas:equipamento_cultura_bibliotecas.40082","source_id":"sp_geosampa_bibliotecas","name":"Biblioteca da UNESP Ipiranga (Instituto Confúcio na UNESP e Coordenadoria de Desenvolvimento Profissional e Práticas Pedagógicas - CDeP3","category":"library","subcategory":null,"geometry_type":"Point","address":"Rua Dom Luís Lasanha, 400 - Ipiranga, São Paulo - SP, 04266-030, 400, 04266-030","equipment_type":"Bibliotecas Públicas (inclui  Bosques e Pontos de Leitura)","administrative_sphere":"Estadual","included_in_metrics":true,"exclusion_reason":null,"override_reason":null}},{"type":"Feature","geometry":{"type":"Point","coordinates":[-46.79011693,-23.60113023]},"properties":{"id":"sp_geosampa_bibliotecas:equipamento_cultura_bibliotecas.40083","source_id":"sp_geosampa_bibliotecas","name":"Biblioteca do CEU Uirapuru","category":"library","subcategory":null,"geometry_type":"Point","address":"Rua Nazir Miguel., 849, 05569-010","equipment_type":"Bibliotecas Públicas (inclui  Bosques e Pontos de Leitura)","administrative_sphere":"Municipal","included_in_metrics":true,"exclusion_reason":null,"override_reason":null}},{"type":"Feature","geometry":{"type":"Point","coordinates":[-46.64847169,-23.58750058]},"properties":{"id":"sp_geosampa_bibliotecas:equipamento_cultura_bibliotecas.40084","source_id":"sp_geosampa_bibliotecas","name":"Biblioteca do Instituto Biológico de São Paulo","category":"library","subcategory":null,"geometry_type":"Point","address":"Avenida Conselheiro Rodrigues Alves, 1252, 04014-900","equipment_type":"Bibliotecas Públicas (inclui  Bosques e Pontos de Leitura)","administrative_sphere":"Estadual","included_in_metrics":true,"exclusion_reason":null,"override_reason":null}},{"type":"Feature","geometry":{"type":"Point","coordinates":[-46.44622447,-23.49185089]},"properties":{"id":"sp_geosampa_bibliotecas:equipamento_cultura_bibliotecas.40085","source_id":"sp_geosampa_bibliotecas","name":"Biblioteca do Instituto Paulista de Geriatria e Gerontologia José Ermírio de Moraes","category":"library","subcategory":null,"geometry_type":"Point","address":"Praça Padre Aleixo  Monteiro  Mafra, 34, 08011-110","equipment_type":"Bibliotecas Públicas (inclui  Bosques e Pontos de Leitura)","administrative_sphere":"Estadual","included_in_metrics":true,"exclusion_reason":null,"override_reason":null}},{"type":"Feature","geometry":{"type":"Point","coordinates":[-46.61225742,-23.5501867]},"properties":{"id":"sp_geosampa_bibliotecas:equipamento_cultura_bibliotecas.40086","source_id":"sp_geosampa_bibliotecas","name":"Biblioteca do Museu da Imigração do Estado de São Paulo","category":"library","subcategory":null,"geometry_type":"Point","address":"R. Visc. de Parnaíba, 1316, 03164-300","equipment_type":"Bibliotecas Públicas (inclui  Bosques e Pontos de Leitura)","administrative_sphere":"Estadual","included_in_metrics":true,"exclusion_reason":null,"override_reason":null}},{"type":"Feature","geometry":{"type":"Point","coordinates":[-46.64744816,-23.53082039]},"properties":{"id":"sp_geosampa_bibliotecas:equipamento_cultura_bibliotecas.40087","source_id":"sp_geosampa_bibliotecas","name":"Biblioteca do Museu das Favelas - CRIA (Centro de Referência, Pesquisa e Biblioteca das Favelas)","category":"library","subcategory":null,"geometry_type":"Point","address":"Rua Guaianases, 1024, 01204-001","equipment_type":"Bibliotecas Públicas (inclui  Bosques e Pontos de Leitura)","administrative_sphere":"Estadual","included_in_metrics":true,"exclusion_reason":null,"override_reason":null}},{"type":"Feature","geometry":{"type":"Point","coordinates":[-46.55402633,-23.5131491]},"properties":{"id":"sp_geosampa_bibliotecas:equipamento_cultura_bibliotecas.40088","source_id":"sp_geosampa_bibliotecas","name":"Biblioteca Doutor Dirceu de Paula Brasil CEU Tiquatira","category":"library","subcategory":null,"geometry_type":"Point","address":"Av. Condessa Elizabeth de Robiano, S/N, 5280, 03074-000","equipment_type":"Bibliotecas Públicas (inclui  Bosques e Pontos de Leitura)","administrative_sphere":"Municipal","included_in_metrics":true,"exclusion_reason":null,"override_reason":null}},{"type":"Feature","geometry":{"type":"Point","coordinates":[-46.63349503,-23.53297848]},"properties":{"id":"sp_geosampa_bibliotecas:equipamento_cultura_bibliotecas.40089","source_id":"sp_geosampa_bibliotecas","name":"Biblioteca e Centro de Documentação e Pesquisa (Pinacoteca de São Paulo)","category":"library","subcategory":null,"geometry_type":"Point","address":"Avenida Tiradentes, 273, 01101-010","equipment_type":"Bibliotecas Públicas (inclui  Bosques e Pontos de Leitura)","administrative_sphere":"Estadual","included_in_metrics":true,"exclusion_reason":null,"override_reason":null}},{"type":"Feature","geometry":{"type":"Point","coordinates":[-46.66605782,-23.54377006]},"properties":{"id":"sp_geosampa_bibliotecas:equipamento_cultura_bibliotecas.40090","source_id":"sp_geosampa_bibliotecas","name":"Biblioteca e Midiateca do Centro de Referência do Futebol Brasileiro","category":"library","subcategory":null,"geometry_type":"Point","address":"Praça Charles Miller, 0, 01234-010","equipment_type":"Bibliotecas Públicas (inclui  Bosques e Pontos de Leitura)","administrative_sphere":"Estadual","included_in_metrics":true,"exclusion_reason":null,"override_reason":null}},{"type":"Feature","geometry":{"type":"Point","coordinates":[-46.66548623,-23.52429995]},"properties":{"id":"sp_geosampa_bibliotecas:equipamento_cultura_bibliotecas.40091","source_id":"sp_geosampa_bibliotecas","name":"Biblioteca Engenheiro José Hugo Leal Ferreira","category":"library","subcategory":null,"geometry_type":"Point","address":"R. Dr. Bento Teobaldo Ferraz,, 271, 01140-070","equipment_type":"Bibliotecas Públicas (inclui  Bosques e Pontos de Leitura)","administrative_sphere":"Estadual","included_in_metrics":true,"exclusion_reason":null,"override_reason":null}},{"type":"Feature","geometry":{"type":"Point","coordinates":[-46.67510275,-23.45317298]},"properties":{"id":"sp_geosampa_bibliotecas:equipamento_cultura_bibliotecas.40092","source_id":"sp_geosampa_bibliotecas","name":"Biblioteca Fabrica de Cultura Brasilândia","category":"library","subcategory":null,"geometry_type":"Point","address":"Av. General Penha Brasil, 2508, 26730-000","equipment_type":"Bibliotecas Públicas (inclui  Bosques e Pontos de Leitura)","administrative_sphere":"Estadual","included_in_metrics":true,"exclusion_reason":null,"override_reason":null}},{"type":"Feature","geometry":{"type":"Point","coordinates":[-46.57764815,-23.4503989]},"properties":{"id":"sp_geosampa_bibliotecas:equipamento_cultura_bibliotecas.40093","source_id":"sp_geosampa_bibliotecas","name":"Biblioteca Fábrica de Cultura Jaçanã","category":"library","subcategory":null,"geometry_type":"Point","address":"Rua Raimundo Eduardo da Silva, 138, 02281-213","equipment_type":"Bibliotecas Públicas (inclui  Bosques e Pontos de Leitura)","administrative_sphere":"Estadual","included_in_metrics":true,"exclusion_reason":null,"override_reason":null}},{"type":"Feature","geometry":{"type":"Point","coordinates":[-46.72906445,-23.66465539]},"properties":{"id":"sp_geosampa_bibliotecas:equipamento_cultura_bibliotecas.40094","source_id":"sp_geosampa_bibliotecas","name":"Biblioteca Fatec Zona Sul","category":"library","subcategory":null,"geometry_type":"Point","address":"Rua Frederico Grotte, 322, 05818-270","equipment_type":"Bibliotecas Públicas (inclui  Bosques e Pontos de Leitura)","administrative_sphere":"Estadual","included_in_metrics":true,"exclusion_reason":null,"override_reason":null}},{"type":"Feature","geometry":{"type":"Point","coordinates":[-46.71856593,-23.5833442]},"properties":{"id":"sp_geosampa_bibliotecas:equipamento_cultura_bibliotecas.40095","source_id":"sp_geosampa_bibliotecas","name":"Biblioteca feminista do Caxingui - Nisia Floresta","category":"library","subcategory":null,"geometry_type":"Point","address":"Rua Oscar P Coelho, 159, 05516-050","equipment_type":"Bibliotecas Públicas (inclui  Bosques e Pontos de Leitura)","administrative_sphere":"Particular","included_in_metrics":false,"exclusion_reason":"private provider","override_reason":null}},{"type":"Feature","geometry":{"type":"Point","coordinates":[-46.78046952,-23.63790867]},"properties":{"id":"sp_geosampa_bibliotecas:equipamento_cultura_bibliotecas.40096","source_id":"sp_geosampa_bibliotecas","name":"Biblioteca João do Rio","category":"library","subcategory":null,"geometry_type":"Point","address":"Avenida Carlos Lacerda, 678, 05789-000","equipment_type":"Bibliotecas Públicas (inclui  Bosques e Pontos de Leitura)","administrative_sphere":"Municipal","included_in_metrics":true,"exclusion_reason":null,"override_reason":null}},{"type":"Feature","geometry":{"type":"Point","coordinates":[-46.57479148,-23.51801789]},"properties":{"id":"sp_geosampa_bibliotecas:equipamento_cultura_bibliotecas.40097","source_id":"sp_geosampa_bibliotecas","name":"Biblioteca Leônidas da Silva - CEU Parque Novo Mundo","category":"library","subcategory":null,"geometry_type":"Point","address":"Av. Ernesto Augusto Lopes, 100, 02169-030","equipment_type":"Bibliotecas Públicas (inclui  Bosques e Pontos de Leitura)","administrative_sphere":"Municipal","included_in_metrics":true,"exclusion_reason":null,"override_reason":null}},{"type":"Feature","geometry":{"type":"Point","coordinates":[-46.73219088,-23.43824367]},"properties":{"id":"sp_geosampa_bibliotecas:equipamento_cultura_bibliotecas.40098","source_id":"sp_geosampa_bibliotecas","name":"Biblioteca Luis Gama - CEU Pinheirinho","category":"library","subcategory":null,"geometry_type":"Point","address":"Rua Camillo Zanotti, 92, 02998-080","equipment_type":"Bibliotecas Públicas (inclui  Bosques e Pontos de Leitura)","administrative_sphere":"Municipal","included_in_metrics":true,"exclusion_reason":null,"override_reason":null}},{"type":"Feature","geometry":{"type":"Point","coordinates":[-46.59664773,-23.450145]},"properties":{"id":"sp_geosampa_bibliotecas:equipamento_cultura_bibliotecas.40099","source_id":"sp_geosampa_bibliotecas","name":"Biblioteca Maria Firmino dos Reis - CEU Tremembé","category":"library","subcategory":null,"geometry_type":"Point","address":"Rua Adauto Bezerra Delgado, 94, 02320-110","equipment_type":"Bibliotecas Públicas (inclui  Bosques e Pontos de Leitura)","administrative_sphere":"Municipal","included_in_metrics":true,"exclusion_reason":null,"override_reason":null}},{"type":"Feature","geometry":{"type":"Point","coordinates":[-46.64813572,-23.53097601]},"properties":{"id":"sp_geosampa_bibliotecas:equipamento_cultura_bibliotecas.40100","source_id":"sp_geosampa_bibliotecas","name":"Biblioteca ETEC Doutora Maria Augusta Saraiva","category":"library","subcategory":null,"geometry_type":"Point","address":"Rua Guaianazes, 1385, 01204-001","equipment_type":"Bibliotecas Públicas (inclui  Bosques e Pontos de Leitura)","administrative_sphere":"Estadual","included_in_metrics":true,"exclusion_reason":null,"override_reason":null}},{"type":"Feature","geometry":{"type":"Point","coordinates":[-46.65583276,-23.58770681]},"properties":{"id":"sp_geosampa_bibliotecas:equipamento_cultura_bibliotecas.40101","source_id":"sp_geosampa_bibliotecas","name":"Biblioteca Paulo Mendes de Almeida","category":"library","subcategory":null,"geometry_type":"Point","address":"Av. Pedro Álvares Cabral, 0, 04094-000","equipment_type":"Bibliotecas Públicas (inclui  Bosques e Pontos de Leitura)","administrative_sphere":"Particular","included_in_metrics":false,"exclusion_reason":"private provider","override_reason":null}},{"type":"Feature","geometry":{"type":"Point","coordinates":[-46.62906819,-23.48663019]},"properties":{"id":"sp_geosampa_bibliotecas:equipamento_cultura_bibliotecas.40102","source_id":"sp_geosampa_bibliotecas","name":"Biblioteca Pedro Celestino - ETEC Mandaqui","category":"library","subcategory":null,"geometry_type":"Point","address":"Rua Dr. Luis Lustosa da Silva, 303, 02416-020","equipment_type":"Bibliotecas Públicas (inclui  Bosques e Pontos de Leitura)","administrative_sphere":"Estadual","included_in_metrics":true,"exclusion_reason":null,"override_reason":null}},{"type":"Feature","geometry":{"type":"Point","coordinates":[-46.6664587,-23.52410383]},"properties":{"id":"sp_geosampa_bibliotecas:equipamento_cultura_bibliotecas.40103","source_id":"sp_geosampa_bibliotecas","name":"Biblioteca Prof. José de Arruda Penteado - Biblioteca do Instituto de Artes - Unesp","category":"library","subcategory":null,"geometry_type":"Point","address":"Rua: Dr. Bento Theobaldo Ferraz, 271, 01140-070","equipment_type":"Bibliotecas Públicas (inclui  Bosques e Pontos de Leitura)","administrative_sphere":"Estadual","included_in_metrics":true,"exclusion_reason":null,"override_reason":null}},{"type":"Feature","geometry":{"type":"Point","coordinates":[-46.71459139,-23.44826001]},"properties":{"id":"sp_geosampa_bibliotecas:equipamento_cultura_bibliotecas.40104","source_id":"sp_geosampa_bibliotecas","name":"Biblioteca Profª Maria Beatriz do Nascimento - CEU Taipas","category":"library","subcategory":null,"geometry_type":"Point","address":"R. João Amado Coutinho, 240, 02815-000","equipment_type":"Bibliotecas Públicas (inclui  Bosques e Pontos de Leitura)","administrative_sphere":"Municipal","included_in_metrics":true,"exclusion_reason":null,"override_reason":null}},{"type":"Feature","geometry":{"type":"Point","coordinates":[-46.56613035,-23.5850591]},"properties":{"id":"sp_geosampa_bibliotecas:equipamento_cultura_bibliotecas.40105","source_id":"sp_geosampa_bibliotecas","name":"Biblioteca Profª Virginia Leone Bicudo - CEU Vila Alpina","category":"library","subcategory":null,"geometry_type":"Point","address":"Rua João Pedro Lecor, 144, 03227-190","equipment_type":"Bibliotecas Públicas (inclui  Bosques e Pontos de Leitura)","administrative_sphere":"Municipal","included_in_metrics":true,"exclusion_reason":null,"override_reason":null}},{"type":"Feature","geometry":{"type":"Point","coordinates":[-46.58921725,-23.56481989]},"properties":{"id":"sp_geosampa_bibliotecas:equipamento_cultura_bibliotecas.40106","source_id":"sp_geosampa_bibliotecas","name":"Biblioteca Sabesp","category":"library","subcategory":null,"geometry_type":"Point","address":"Av. Do Estado, 561, 01107-900","equipment_type":"Bibliotecas Públicas (inclui  Bosques e Pontos de Leitura)","administrative_sphere":"Estadual","included_in_metrics":true,"exclusion_reason":null,"override_reason":null}},{"type":"Feature","geometry":{"type":"Point","coordinates":[-46.58696819,-23.53311642]},"properties":{"id":"sp_geosampa_bibliotecas:equipamento_cultura_bibliotecas.40107","source_id":"sp_geosampa_bibliotecas","name":"Bibliotech da Fábrica de Cultura 4.0 Parque Belém","category":"library","subcategory":null,"geometry_type":"Point","address":"Av. Celso Garcia, 2.231, 03015-000","equipment_type":"Bibliotecas Públicas (inclui  Bosques e Pontos de Leitura)","administrative_sphere":"Estadual","included_in_metrics":true,"exclusion_reason":null,"override_reason":null}},{"type":"Feature","geometry":{"type":"Point","coordinates":[-46.4880805,-23.61482752]},"properties":{"id":"sp_geosampa_bibliotecas:equipamento_cultura_bibliotecas.40108","source_id":"sp_geosampa_bibliotecas","name":"Bibliotech da Fábrica de Cultura 4.0 Sapopemba","category":"library","subcategory":null,"geometry_type":"Point","address":"R. Augustin Luberti, 300, 03977-409","equipment_type":"Bibliotecas Públicas (inclui  Bosques e Pontos de Leitura)","administrative_sphere":"Estadual","included_in_metrics":true,"exclusion_reason":null,"override_reason":null}},{"type":"Feature","geometry":{"type":"Point","coordinates":[-46.40755355,-23.52611761]},"properties":{"id":"sp_geosampa_bibliotecas:equipamento_cultura_bibliotecas.40109","source_id":"sp_geosampa_bibliotecas","name":"Bibliotech da Fábrica de Cultura 4.0 Vila Curuçá","category":"library","subcategory":null,"geometry_type":"Point","address":"R. Pedra Dourada, 65, 08441-030","equipment_type":"Bibliotecas Públicas (inclui  Bosques e Pontos de Leitura)","administrative_sphere":"Estadual","included_in_metrics":true,"exclusion_reason":null,"override_reason":null}},{"type":"Feature","geometry":{"type":"Point","coordinates":[-46.41877048,-23.5688196]},"properties":{"id":"sp_geosampa_bibliotecas:equipamento_cultura_bibliotecas.40110","source_id":"sp_geosampa_bibliotecas","name":"Bibliotech da Fábrica de Cultural 4.0 Cidade Tiradentes","category":"library","subcategory":null,"geometry_type":"Point","address":"Rua Henriqueta Noguez Brieba, 281, 08421-530","equipment_type":"Bibliotecas Públicas (inclui  Bosques e Pontos de Leitura)","administrative_sphere":"Estadual","included_in_metrics":true,"exclusion_reason":null,"override_reason":null}},{"type":"Feature","geometry":{"type":"Point","coordinates":[-46.37158708,-23.502562]},"properties":{"id":"sp_geosampa_bibliotecas:equipamento_cultura_bibliotecas.40111","source_id":"sp_geosampa_bibliotecas","name":"Bibliotech da Fábrica de Cultural 4.0 Itaim Paulista","category":"library","subcategory":null,"geometry_type":"Point","address":"Rua Estudantes da China, 500, 08131-220","equipment_type":"Bibliotecas Públicas (inclui  Bosques e Pontos de Leitura)","administrative_sphere":"Estadual","included_in_metrics":true,"exclusion_reason":null,"override_reason":null}},{"type":"Feature","geometry":{"type":"Point","coordinates":[-46.62455427,-23.50778831]},"properties":{"id":"sp_geosampa_bibliotecas:equipamento_cultura_bibliotecas.40112","source_id":"sp_geosampa_bibliotecas","name":"BPE Biblioteca de São Paulo","category":"library","subcategory":null,"geometry_type":"Point","address":"Av. Cruzeiro do Sul, 2630, 02030-100","equipment_type":"Bibliotecas Públicas (inclui  Bosques e Pontos de Leitura)","administrative_sphere":"Estadual","included_in_metrics":true,"exclusion_reason":null,"override_reason":null}},{"type":"Feature","geometry":{"type":"Point","coordinates":[-46.72988012,-23.54172972]},"properties":{"id":"sp_geosampa_bibliotecas:equipamento_cultura_bibliotecas.40113","source_id":"sp_geosampa_bibliotecas","name":"BPE Parque Villa-Lobos","category":"library","subcategory":null,"geometry_type":"Point","address":"Av. Queiroz Filho, 1205, 05319-000","equipment_type":"Bibliotecas Públicas (inclui  Bosques e Pontos de Leitura)","administrative_sphere":"Estadual","included_in_metrics":true,"exclusion_reason":null,"override_reason":null}},{"type":"Feature","geometry":{"type":"Point","coordinates":[-46.41128293,-23.5692607]},"properties":{"id":"sp_geosampa_bibliotecas:equipamento_cultura_bibliotecas.40114","source_id":"sp_geosampa_bibliotecas","name":"Biblioteca Adelaide de Castro Alves Guimarães (CEU Inácio Monteiro)","category":"library","subcategory":null,"geometry_type":"Point","address":"Rua Barão Barroso do Amazonas, 115, 08472-721","equipment_type":"Bibliotecas Públicas (inclui  Bosques e Pontos de Leitura)","administrative_sphere":"Municipal","included_in_metrics":true,"exclusion_reason":null,"override_reason":null}},{"type":"Feature","geometry":{"type":"Point","coordinates":[-46.42960477,-23.60434022]},"properties":{"id":"sp_geosampa_bibliotecas:equipamento_cultura_bibliotecas.40115","source_id":"sp_geosampa_bibliotecas","name":"Biblioteca CEU Alto Alegre","category":"library","subcategory":null,"geometry_type":"Point","address":"Av. Bento Guelfi, 0, 08381-001","equipment_type":"Bibliotecas Públicas (inclui  Bosques e Pontos de Leitura)","administrative_sphere":"Municipal","included_in_metrics":true,"exclusion_reason":null,"override_reason":null}},{"type":"Feature","geometry":{"type":"Point","coordinates":[-46.6505237,-23.47524849]},"properties":{"id":"sp_geosampa_bibliotecas:equipamento_cultura_bibliotecas.40116","source_id":"sp_geosampa_bibliotecas","name":"Biblioteca Fábrica de Cultura Vila Nova Cachoeirinha","category":"library","subcategory":null,"geometry_type":"Point","address":"Rua Franklin do Amaral, 1575, 02479-001","equipment_type":"Bibliotecas Públicas (inclui  Bosques e Pontos de Leitura)","administrative_sphere":"Estadual","included_in_metrics":true,"exclusion_reason":null,"override_reason":null}},{"type":"Feature","geometry":{"type":"Point","coordinates":[-46.63038296,-23.53044623]},"properties":{"id":"sp_geosampa_bibliotecas:equipamento_cultura_bibliotecas.40117","source_id":"sp_geosampa_bibliotecas","name":"Biblioteca José Mindlin (Museu de Arte Sacra)","category":"library","subcategory":null,"geometry_type":"Point","address":"Av. Tiradentes, 676, 01102-000","equipment_type":"Bibliotecas Públicas (inclui  Bosques e Pontos de Leitura)","administrative_sphere":"Estadual","included_in_metrics":true,"exclusion_reason":null,"override_reason":null}},{"type":"Feature","geometry":{"type":"Point","coordinates":[-46.66521587,-23.52771269]},"properties":{"id":"sp_geosampa_bibliotecas:equipamento_cultura_bibliotecas.40118","source_id":"sp_geosampa_bibliotecas","name":"Biblioteca Latino-Americana Victor Civita (Memorial da América Latina)","category":"library","subcategory":null,"geometry_type":"Point","address":"Av. Mário de Andrade, 664, 01156-001","equipment_type":"Bibliotecas Públicas (inclui  Bosques e Pontos de Leitura)","administrative_sphere":"Estadual","included_in_metrics":true,"exclusion_reason":null,"override_reason":null}},{"type":"Feature","geometry":{"type":"Point","coordinates":[-46.63918759,-23.53538824]},"properties":{"id":"sp_geosampa_bibliotecas:equipamento_cultura_bibliotecas.40119","source_id":"sp_geosampa_bibliotecas","name":"Biblioteca Mario Casali","category":"library","subcategory":null,"geometry_type":"Point","address":"Largo General Osorio, 147, 01213-010","equipment_type":"Bibliotecas Públicas (inclui  Bosques e Pontos de Leitura)","administrative_sphere":"Estadual","included_in_metrics":true,"exclusion_reason":null,"override_reason":null}},{"type":"Feature","geometry":{"type":"Point","coordinates":[-46.54845376,-23.52584113]},"properties":{"id":"sp_geosampa_bibliotecas:equipamento_cultura_bibliotecas.40120","source_id":"sp_geosampa_bibliotecas","name":"Biblioteca Paulo Paes","category":"library","subcategory":null,"geometry_type":"Point","address":"Largo do Rosário, 20, 03634-000","equipment_type":"Bibliotecas Públicas (inclui  Bosques e Pontos de Leitura)","administrative_sphere":"Municipal","included_in_metrics":true,"exclusion_reason":null,"override_reason":null}},{"type":"Feature","geometry":{"type":"Point","coordinates":[-46.58033568,-23.53942376]},"properties":{"id":"sp_geosampa_bibliotecas:equipamento_cultura_bibliotecas.40121","source_id":"sp_geosampa_bibliotecas","name":"Biblioteca Professor Arnaldo Magalhães de giácomo","category":"library","subcategory":null,"geometry_type":"Point","address":"Rua Restinga, 136, 09403-290","equipment_type":"Bibliotecas Públicas (inclui  Bosques e Pontos de Leitura)","administrative_sphere":"Municipal","included_in_metrics":true,"exclusion_reason":null,"override_reason":null}},{"type":"Feature","geometry":{"type":"Point","coordinates":[-46.65909885,-23.58362637]},"properties":{"id":"sp_geosampa_bibliotecas:equipamento_cultura_bibliotecas.40122","source_id":"sp_geosampa_bibliotecas","name":"Carolina Maria de Jesus","category":"library","subcategory":null,"geometry_type":"Point","address":"Av. Perdro Álvares Cabral s/n, 0, 04094-050","equipment_type":"Bibliotecas Públicas (inclui  Bosques e Pontos de Leitura)","administrative_sphere":"Estadual","included_in_metrics":true,"exclusion_reason":null,"override_reason":null}},{"type":"Feature","geometry":{"type":"Point","coordinates":[-46.70173282,-23.56179217]},"properties":{"id":"sp_geosampa_bibliotecas:equipamento_cultura_bibliotecas.40123","source_id":"sp_geosampa_bibliotecas","name":"CETESB - Biblioteca Prof. Dr. Lucas Nogueira Garcez","category":"library","subcategory":null,"geometry_type":"Point","address":"Av. Prof. Frederico Hermann Jr., 345, 05459-900","equipment_type":"Bibliotecas Públicas (inclui  Bosques e Pontos de Leitura)","administrative_sphere":"Estadual","included_in_metrics":true,"exclusion_reason":null,"override_reason":null}},{"type":"Feature","geometry":{"type":"Point","coordinates":[-46.39211451,-23.58553588]},"properties":{"id":"sp_geosampa_bibliotecas:equipamento_cultura_bibliotecas.40124","source_id":"sp_geosampa_bibliotecas","name":"CEU Barro Branco – Enedina Alves Marques","category":"library","subcategory":null,"geometry_type":"Point","address":"Rua Numa Pompilio, s/n, 08473-572","equipment_type":"Bibliotecas Públicas (inclui  Bosques e Pontos de Leitura)","administrative_sphere":"Municipal","included_in_metrics":true,"exclusion_reason":null,"override_reason":null}},{"type":"Feature","geometry":{"type":"Point","coordinates":[-46.63640156,-23.66704275]},"properties":{"id":"sp_geosampa_bibliotecas:equipamento_cultura_bibliotecas.40125","source_id":"sp_geosampa_bibliotecas","name":"CEU Caminho do Mar","category":"library","subcategory":null,"geometry_type":"Point","address":"Avenida Engenheiro Armando de Arruda Pereira, 5241, 04325-001","equipment_type":"Bibliotecas Públicas (inclui  Bosques e Pontos de Leitura)","administrative_sphere":"Municipal","included_in_metrics":true,"exclusion_reason":null,"override_reason":null}},{"type":"Feature","geometry":{"type":"Point","coordinates":[-46.56203327,-23.53958316]},"properties":{"id":"sp_geosampa_bibliotecas:equipamento_cultura_bibliotecas.40126","source_id":"sp_geosampa_bibliotecas","name":"CEU Carrão, Carolina Maria de Jesus","category":"library","subcategory":null,"geometry_type":"Point","address":"Rua Monte Serrat, 233, 03312-000","equipment_type":"Bibliotecas Públicas (inclui  Bosques e Pontos de Leitura)","administrative_sphere":"Municipal","included_in_metrics":true,"exclusion_reason":null,"override_reason":null}},{"type":"Feature","geometry":{"type":"Point","coordinates":[-46.72860192,-23.62100651]},"properties":{"id":"sp_geosampa_bibliotecas:equipamento_cultura_bibliotecas.40127","source_id":"sp_geosampa_bibliotecas","name":"CEU Paraisópolis","category":"library","subcategory":null,"geometry_type":"Point","address":"R JOSE AUGUSTO DE SOUZA E SILVA, 0, 05712-040","equipment_type":"Bibliotecas Públicas (inclui  Bosques e Pontos de Leitura)","administrative_sphere":"Municipal","included_in_metrics":true,"exclusion_reason":null,"override_reason":null}},{"type":"Feature","geometry":{"type":"Point","coordinates":[-46.47917671,-23.5753383]},"properties":{"id":"sp_geosampa_bibliotecas:equipamento_cultura_bibliotecas.40128","source_id":"sp_geosampa_bibliotecas","name":"CEU Parque do Carmo – João Cândido (Almirante Negro)","category":"library","subcategory":null,"geometry_type":"Point","address":"Rua Gaspar da Silva, 240, 08270-000","equipment_type":"Bibliotecas Públicas (inclui  Bosques e Pontos de Leitura)","administrative_sphere":"Municipal","included_in_metrics":true,"exclusion_reason":null,"override_reason":null}},{"type":"Feature","geometry":{"type":"Point","coordinates":[-46.42955855,-23.4998695]},"properties":{"id":"sp_geosampa_bibliotecas:equipamento_cultura_bibliotecas.40129","source_id":"sp_geosampa_bibliotecas","name":"CEU São Miguel - Luiz Melodia","category":"library","subcategory":null,"geometry_type":"Point","address":"R. José Ferreira Crespo, 471, 08021-480","equipment_type":"Bibliotecas Públicas (inclui  Bosques e Pontos de Leitura)","administrative_sphere":"Municipal","included_in_metrics":true,"exclusion_reason":null,"override_reason":null}},{"type":"Feature","geometry":{"type":"Point","coordinates":[-46.42799599,-23.54862194]},"properties":{"id":"sp_geosampa_bibliotecas:equipamento_cultura_bibliotecas.40130","source_id":"sp_geosampa_bibliotecas","name":"CEU São Pedro/José Bonifácio - Francisco José do Nascimento (Dragão do Mar)","category":"library","subcategory":null,"geometry_type":"Point","address":"Rua Professora Lucila Cerqueira, 194, 08420-690","equipment_type":"Bibliotecas Públicas (inclui  Bosques e Pontos de Leitura)","administrative_sphere":"Municipal","included_in_metrics":true,"exclusion_reason":null,"override_reason":null}},{"type":"Feature","geometry":{"type":"Point","coordinates":[-46.41135153,-23.49536602]},"properties":{"id":"sp_geosampa_bibliotecas:equipamento_cultura_bibliotecas.40131","source_id":"sp_geosampa_bibliotecas","name":"CEU Vila Curuçá -João Cabral de Melo Neto","category":"library","subcategory":null,"geometry_type":"Point","address":"Av. Marechal Tito, 3452, 08161-945","equipment_type":"Bibliotecas Públicas (inclui  Bosques e Pontos de Leitura)","administrative_sphere":"Municipal","included_in_metrics":true,"exclusion_reason":null,"override_reason":null}},{"type":"Feature","geometry":{"type":"Point","coordinates":[-46.62455427,-23.50778831]},"properties":{"id":"sp_geosampa_bibliotecas:equipamento_cultura_bibliotecas.40132","source_id":"sp_geosampa_bibliotecas","name":"ETEC de Artes - Biblioteca Rogério Caserta","category":"library","subcategory":null,"geometry_type":"Point","address":"Avenida Cruzeiro do Sul, 2630, 02030-100","equipment_type":"Bibliotecas Públicas (inclui  Bosques e Pontos de Leitura)","administrative_sphere":"Estadual","included_in_metrics":true,"exclusion_reason":null,"override_reason":null}},{"type":"Feature","geometry":{"type":"Point","coordinates":[-46.61237278,-23.58964852]},"properties":{"id":"sp_geosampa_bibliotecas:equipamento_cultura_bibliotecas.40133","source_id":"sp_geosampa_bibliotecas","name":"ETEC Getúlio Vargas","category":"library","subcategory":null,"geometry_type":"Point","address":"Rua Moreira Costa, 243, 04266-010","equipment_type":"Bibliotecas Públicas (inclui  Bosques e Pontos de Leitura)","administrative_sphere":"Estadual","included_in_metrics":true,"exclusion_reason":null,"override_reason":null}},{"type":"Feature","geometry":{"type":"Point","coordinates":[-46.72842866,-23.52063245]},"properties":{"id":"sp_geosampa_bibliotecas:equipamento_cultura_bibliotecas.40134","source_id":"sp_geosampa_bibliotecas","name":"ETEC Professor Basilides de Godoy","category":"library","subcategory":null,"geometry_type":"Point","address":"Rua Guaipá, 678, 05089-000","equipment_type":"Bibliotecas Públicas (inclui  Bosques e Pontos de Leitura)","administrative_sphere":"Estadual","included_in_metrics":true,"exclusion_reason":null,"override_reason":null}},{"type":"Feature","geometry":{"type":"Point","coordinates":[-46.64724313,-23.53292225]},"properties":{"id":"sp_geosampa_bibliotecas:equipamento_cultura_bibliotecas.40135","source_id":"sp_geosampa_bibliotecas","name":"ETEC Sebrae","category":"library","subcategory":null,"geometry_type":"Point","address":"Alameda Nothmann, 598, 01216-000","equipment_type":"Bibliotecas Públicas (inclui  Bosques e Pontos de Leitura)","administrative_sphere":"Estadual","included_in_metrics":true,"exclusion_reason":null,"override_reason":null}},{"type":"Feature","geometry":{"type":"Point","coordinates":[-46.55851621,-23.53731487]},"properties":{"id":"sp_geosampa_bibliotecas:equipamento_cultura_bibliotecas.40136","source_id":"sp_geosampa_bibliotecas","name":"Faculdade de Tecnologia Victor Civita - Fatec tatuapé","category":"library","subcategory":null,"geometry_type":"Point","address":"Rua Antônio de Barros, 800, 03401-000","equipment_type":"Bibliotecas Públicas (inclui  Bosques e Pontos de Leitura)","administrative_sphere":"Estadual","included_in_metrics":true,"exclusion_reason":null,"override_reason":null}},{"type":"Feature","geometry":{"type":"Point","coordinates":[-46.64049471,-23.53540036]},"properties":{"id":"sp_geosampa_bibliotecas:equipamento_cultura_bibliotecas.40137","source_id":"sp_geosampa_bibliotecas","name":"Mediateca Sala Eleazar de Carvalho (Fundação Osesp)","category":"library","subcategory":null,"geometry_type":"Point","address":"Praça Julio Prestes, 16, 01218-020","equipment_type":"Bibliotecas Públicas (inclui  Bosques e Pontos de Leitura)","administrative_sphere":"Estadual","included_in_metrics":true,"exclusion_reason":null,"override_reason":null}},{"type":"Feature","geometry":{"type":"Point","coordinates":[-46.63278476,-23.53000577]},"properties":{"id":"sp_geosampa_bibliotecas:equipamento_cultura_bibliotecas.40138","source_id":"sp_geosampa_bibliotecas","name":"Nelson Alves Vianna","category":"library","subcategory":null,"geometry_type":"Point","address":"Praça Coronel Fernando Prestes, 30, 01124-060","equipment_type":"Bibliotecas Públicas (inclui  Bosques e Pontos de Leitura)","administrative_sphere":"Estadual","included_in_metrics":true,"exclusion_reason":null,"override_reason":null}},{"type":"Feature","geometry":{"type":"Point","coordinates":[-46.62608261,-23.70784194]},"properties":{"id":"sp_geosampa_bibliotecas:equipamento_cultura_bibliotecas.40139","source_id":"sp_geosampa_bibliotecas","name":"Poloteca da Associação Lar Maria e Sininha","category":"library","subcategory":null,"geometry_type":"Point","address":"Rua da Saúde, 739, 04476-320","equipment_type":"Bibliotecas Públicas (inclui  Bosques e Pontos de Leitura)","administrative_sphere":"Particular","included_in_metrics":false,"exclusion_reason":"private provider","override_reason":null}},{"type":"Feature","geometry":{"type":"Point","coordinates":[-46.64662842,-23.70598433]},"properties":{"id":"sp_geosampa_bibliotecas:equipamento_cultura_bibliotecas.40140","source_id":"sp_geosampa_bibliotecas","name":"CEU Alvarenga","category":"library","subcategory":null,"geometry_type":"Point","address":"Estrada do alvarenga, 3752, 04474-340","equipment_type":"Bibliotecas Públicas (inclui  Bosques e Pontos de Leitura)","administrative_sphere":"Municipal","included_in_metrics":true,"exclusion_reason":null,"override_reason":null}},{"type":"Feature","geometry":{"type":"Point","coordinates":[-46.72772854,-23.56173691]},"properties":{"id":"sp_geosampa_bibliotecas:equipamento_cultura_bibliotecas.40141","source_id":"sp_geosampa_bibliotecas","name":"Serviço de Biblioteca do Instituto de Geociências da USP","category":"library","subcategory":null,"geometry_type":"Point","address":"Rua do Lago, 562, 05508-080","equipment_type":"Bibliotecas Públicas (inclui  Bosques e Pontos de Leitura)","administrative_sphere":"Estadual","included_in_metrics":true,"exclusion_reason":null,"override_reason":null}},{"type":"Feature","geometry":{"type":"Point","coordinates":[-46.73028129,-23.56043222]},"properties":{"id":"sp_geosampa_bibliotecas:equipamento_cultura_bibliotecas.40142","source_id":"sp_geosampa_bibliotecas","name":"Serviço Técnico de Biblioteca da FAUUSP","category":"library","subcategory":null,"geometry_type":"Point","address":"Rua do Lago, 876, 05508-080","equipment_type":"Bibliotecas Públicas (inclui  Bosques e Pontos de Leitura)","administrative_sphere":"Estadual","included_in_metrics":true,"exclusion_reason":null,"override_reason":null}},{"type":"Feature","geometry":{"type":"Point","coordinates":[-46.61292681,-23.54024832]},"properties":{"id":"sp_geosampa_bibliotecas:equipamento_cultura_bibliotecas.40143","source_id":"sp_geosampa_bibliotecas","name":"SP Escola de Teatro – Centro de Formação das Artes do Palco","category":"library","subcategory":null,"geometry_type":"Point","address":"Avenida Rangel Pestana, 2401, 03012-050","equipment_type":"Bibliotecas Públicas (inclui  Bosques e Pontos de Leitura)","administrative_sphere":"Estadual","included_in_metrics":true,"exclusion_reason":null,"override_reason":null}},{"type":"Feature","geometry":{"type":"Point","coordinates":[-46.56465293,-23.47721537]},"properties":{"id":"sp_geosampa_bibliotecas:equipamento_cultura_bibliotecas.40144","source_id":"sp_geosampa_bibliotecas","name":"Biblioteca José Mauro de Vasconcelos","category":"library","subcategory":null,"geometry_type":"Point","address":"Pça. Com. Eduardo Oliveira, 100","equipment_type":"Bibliotecas Públicas (inclui  Bosques e Pontos de Leitura)","administrative_sphere":"Municipal","included_in_metrics":true,"exclusion_reason":null,"override_reason":null}},{"type":"Feature","geometry":{"type":"Point","coordinates":[-46.78138672,-23.41700093]},"properties":{"id":"sp_geosampa_bibliotecas:equipamento_cultura_bibliotecas.40145","source_id":"sp_geosampa_bibliotecas","name":"Bosque de leitura Parque Anhanguera (fechado temporariamente)","category":"library","subcategory":null,"geometry_type":"Point","address":"Av Fotunata Tadiello Natucci, 1000","equipment_type":"Bibliotecas Públicas (inclui  Bosques e Pontos de Leitura)","administrative_sphere":"Municipal","included_in_metrics":true,"exclusion_reason":null,"override_reason":null}},{"type":"Feature","geometry":{"type":"Point","coordinates":[-46.64027358,-23.57126215]},"properties":{"id":"sp_geosampa_bibliotecas:equipamento_cultura_bibliotecas.40146","source_id":"sp_geosampa_bibliotecas","name":"Biblioteca Pública Municipal Louis Braille","category":"library","subcategory":null,"geometry_type":"Point","address":"Rua Vergueiro, 1000","equipment_type":"Bibliotecas Públicas (inclui  Bosques e Pontos de Leitura)","administrative_sphere":"Municipal","included_in_metrics":true,"exclusion_reason":null,"override_reason":null}},{"type":"Feature","geometry":{"type":"Point","coordinates":[-46.64027358,-23.57126215]},"properties":{"id":"sp_geosampa_bibliotecas:equipamento_cultura_bibliotecas.40147","source_id":"sp_geosampa_bibliotecas","name":"Biblioteca Pública Municipal Sérgio Milliet","category":"library","subcategory":null,"geometry_type":"Point","address":"Rua Vergueiro, 1000","equipment_type":"Bibliotecas Públicas (inclui  Bosques e Pontos de Leitura)","administrative_sphere":"Municipal","included_in_metrics":true,"exclusion_reason":null,"override_reason":null}},{"type":"Feature","geometry":{"type":"Point","coordinates":[-46.64027358,-23.57126215]},"properties":{"id":"sp_geosampa_bibliotecas:equipamento_cultura_bibliotecas.40148","source_id":"sp_geosampa_bibliotecas","name":"Gibiteca Henfil","category":"library","subcategory":null,"geometry_type":"Point","address":"Rua Vergueiro, 1000","equipment_type":"Bibliotecas Públicas (inclui  Bosques e Pontos de Leitura)","administrative_sphere":"Municipal","included_in_metrics":true,"exclusion_reason":null,"override_reason":null}},{"type":"Feature","geometry":{"type":"Point","coordinates":[-46.64027358,-23.57126215]},"properties":{"id":"sp_geosampa_bibliotecas:equipamento_cultura_bibliotecas.40149","source_id":"sp_geosampa_bibliotecas","name":"Biblioteca de Culturas Surdas","category":"library","subcategory":null,"geometry_type":"Point","address":"Rua Vergueiro, 1000","equipment_type":"Bibliotecas Públicas (inclui  Bosques e Pontos de Leitura)","administrative_sphere":"Municipal","included_in_metrics":true,"exclusion_reason":null,"override_reason":null}},{"type":"Feature","geometry":{"type":"Point","coordinates":[-46.64027358,-23.57126215]},"properties":{"id":"sp_geosampa_bibliotecas:equipamento_cultura_bibliotecas.40150","source_id":"sp_geosampa_bibliotecas","name":"Biblioteca Alfredo Volpi","category":"library","subcategory":null,"geometry_type":"Point","address":"Rua Vergueiro, 1000","equipment_type":"Bibliotecas Públicas (inclui  Bosques e Pontos de Leitura)","administrative_sphere":"Municipal","included_in_metrics":true,"exclusion_reason":null,"override_reason":null}},{"type":"Feature","geometry":{"type":"Point","coordinates":[-46.43583495,-23.55369137]},"properties":{"id":"sp_geosampa_bibliotecas:equipamento_cultura_bibliotecas.40151","source_id":"sp_geosampa_bibliotecas","name":"Biblioteca Vinicius de Moraes","category":"library","subcategory":null,"geometry_type":"Point","address":"Rua Jardim Tamoio, 1119","equipment_type":"Bibliotecas Públicas (inclui  Bosques e Pontos de Leitura)","administrative_sphere":"Municipal","included_in_metrics":true,"exclusion_reason":null,"override_reason":null}},{"type":"Feature","geometry":{"type":"Point","coordinates":[-46.72272712,-23.82774671]},"properties":{"id":"sp_geosampa_bibliotecas:equipamento_cultura_bibliotecas.40152","source_id":"sp_geosampa_bibliotecas","name":"Ponto de leitura Carolina Maria de Jesus (fechado temporariamente)","category":"library","subcategory":null,"geometry_type":"Point","address":"Rua Teresinha Prado de Oliveira, 119","equipment_type":"Bibliotecas Públicas (inclui  Bosques e Pontos de Leitura)","administrative_sphere":"Municipal","included_in_metrics":true,"exclusion_reason":null,"override_reason":null}},{"type":"Feature","geometry":{"type":"Point","coordinates":[-46.66230077,-23.59160079]},"properties":{"id":"sp_geosampa_bibliotecas:equipamento_cultura_bibliotecas.40153","source_id":"sp_geosampa_bibliotecas","name":"Bosque de leitura Parque Ibirapuera (fechado temporariamente)","category":"library","subcategory":null,"geometry_type":"Point","address":"Av Quarto Centenário, 1268","equipment_type":"Bibliotecas Públicas (inclui  Bosques e Pontos de Leitura)","administrative_sphere":"Municipal","included_in_metrics":true,"exclusion_reason":null,"override_reason":null}},{"type":"Feature","geometry":{"type":"Point","coordinates":[-46.73262936,-23.58725289]},"properties":{"id":"sp_geosampa_bibliotecas:equipamento_cultura_bibliotecas.40154","source_id":"sp_geosampa_bibliotecas","name":"Ponto de leitura Butantã (fechado temporariamente)","category":"library","subcategory":null,"geometry_type":"Point","address":"Av. Junta Mizumoto, 13","equipment_type":"Bibliotecas Públicas (inclui  Bosques e Pontos de Leitura)","administrative_sphere":"Municipal","included_in_metrics":true,"exclusion_reason":null,"override_reason":null}},{"type":"Feature","geometry":{"type":"Point","coordinates":[-46.58033568,-23.53942376]},"properties":{"id":"sp_geosampa_bibliotecas:equipamento_cultura_bibliotecas.40155","source_id":"sp_geosampa_bibliotecas","name":"Biblioteca Prof. Arnaldo Magalhães Giácomo","category":"library","subcategory":null,"geometry_type":"Point","address":"Rua Restinga, 136","equipment_type":"Bibliotecas Públicas (inclui  Bosques e Pontos de Leitura)","administrative_sphere":"Municipal","included_in_metrics":true,"exclusion_reason":null,"override_reason":null}},{"type":"Feature","geometry":{"type":"Point","coordinates":[-46.64135019,-23.54714937]},"properties":{"id":"sp_geosampa_bibliotecas:equipamento_cultura_bibliotecas.40156","source_id":"sp_geosampa_bibliotecas","name":"Hemeroteca Mário de Andrade","category":"library","subcategory":null,"geometry_type":"Point","address":"Rua Bráulio Gomes, 139","equipment_type":"Bibliotecas Públicas (inclui  Bosques e Pontos de Leitura)","administrative_sphere":"Municipal","included_in_metrics":true,"exclusion_reason":null,"override_reason":null}},{"type":"Feature","geometry":{"type":"Point","coordinates":[-46.42113948,-23.49175109]},"properties":{"id":"sp_geosampa_bibliotecas:equipamento_cultura_bibliotecas.40157","source_id":"sp_geosampa_bibliotecas","name":"Ponto de leitura Vila Mara (fechado temporariamente)","category":"library","subcategory":null,"geometry_type":"Point","address":"R Conceicão do Almeida, 170","equipment_type":"Bibliotecas Públicas (inclui  Bosques e Pontos de Leitura)","administrative_sphere":"Municipal","included_in_metrics":true,"exclusion_reason":null,"override_reason":null}},{"type":"Feature","geometry":{"type":"Point","coordinates":[-46.42957883,-23.49899498]},"properties":{"id":"sp_geosampa_bibliotecas:equipamento_cultura_bibliotecas.40158","source_id":"sp_geosampa_bibliotecas","name":"Ponto de leitura Tide Setúbal (fechado temporariamente)","category":"library","subcategory":null,"geometry_type":"Point","address":"R Mario Dalari, 170","equipment_type":"Bibliotecas Públicas (inclui  Bosques e Pontos de Leitura)","administrative_sphere":"Municipal","included_in_metrics":true,"exclusion_reason":null,"override_reason":null}},{"type":"Feature","geometry":{"type":"Point","coordinates":[-46.54845376,-23.52584113]},"properties":{"id":"sp_geosampa_bibliotecas:equipamento_cultura_bibliotecas.40159","source_id":"sp_geosampa_bibliotecas","name":"Biblioteca José Paulo Paes","category":"library","subcategory":null,"geometry_type":"Point","address":"Largo do Rosário, 20","equipment_type":"Bibliotecas Públicas (inclui  Bosques e Pontos de Leitura)","administrative_sphere":"Municipal","included_in_metrics":true,"exclusion_reason":null,"override_reason":null}},{"type":"Feature","geometry":{"type":"Point","coordinates":[-46.7563716,-23.58824427]},"properties":{"id":"sp_geosampa_bibliotecas:equipamento_cultura_bibliotecas.40160","source_id":"sp_geosampa_bibliotecas","name":"Bosque de leitura Parque Raposo Tavares (fechado temporariamente)","category":"library","subcategory":null,"geometry_type":"Point","address":"R Telmo Coelho Filho, 200","equipment_type":"Bibliotecas Públicas (inclui  Bosques e Pontos de Leitura)","administrative_sphere":"Municipal","included_in_metrics":true,"exclusion_reason":null,"override_reason":null}},{"type":"Feature","geometry":{"type":"Point","coordinates":[-46.79557176,-23.42991605]},"properties":{"id":"sp_geosampa_bibliotecas:equipamento_cultura_bibliotecas.40161","source_id":"sp_geosampa_bibliotecas","name":"Ponto de leitura União dos Moradores do Parque Anhanguera (fechado temporariamente)","category":"library","subcategory":null,"geometry_type":"Point","address":"R Amadeo Caego Monteiro, 209","equipment_type":"Bibliotecas Públicas (inclui  Bosques e Pontos de Leitura)","administrative_sphere":"Municipal","included_in_metrics":true,"exclusion_reason":null,"override_reason":null}},{"type":"Feature","geometry":{"type":"Point","coordinates":[-46.44036133,-23.55002407]},"properties":{"id":"sp_geosampa_bibliotecas:equipamento_cultura_bibliotecas.40162","source_id":"sp_geosampa_bibliotecas","name":"Biblioteca Vicente de Carvalho (fechado temporariamente)","category":"library","subcategory":null,"geometry_type":"Point","address":"Rua Guilherme Valência, 210","equipment_type":"Bibliotecas Públicas (inclui  Bosques e Pontos de Leitura)","administrative_sphere":"Municipal","included_in_metrics":true,"exclusion_reason":null,"override_reason":null}},{"type":"Feature","geometry":{"type":"Point","coordinates":[-46.42048023,-23.50184087]},"properties":{"id":"sp_geosampa_bibliotecas:equipamento_cultura_bibliotecas.40163","source_id":"sp_geosampa_bibliotecas","name":"Biblioteca Vicente Paulo Guimarães","category":"library","subcategory":null,"geometry_type":"Point","address":"Rua Jaguar, 225","equipment_type":"Bibliotecas Públicas (inclui  Bosques e Pontos de Leitura)","administrative_sphere":"Municipal","included_in_metrics":true,"exclusion_reason":null,"override_reason":null}},{"type":"Feature","geometry":{"type":"Point","coordinates":[-46.40224444,-23.59908114]},"properties":{"id":"sp_geosampa_bibliotecas:equipamento_cultura_bibliotecas.40164","source_id":"sp_geosampa_bibliotecas","name":"Ponto de leitura André Vital (fechado temporariamente)","category":"library","subcategory":null,"geometry_type":"Point","address":"Av dos Metalúrgicos, 2255","equipment_type":"Bibliotecas Públicas (inclui  Bosques e Pontos de Leitura)","administrative_sphere":"Municipal","included_in_metrics":true,"exclusion_reason":null,"override_reason":null}},{"type":"Feature","geometry":{"type":"Point","coordinates":[-46.69168064,-23.73544981]},"properties":{"id":"sp_geosampa_bibliotecas:equipamento_cultura_bibliotecas.40165","source_id":"sp_geosampa_bibliotecas","name":"Ponto de leitura Graciliano Ramos","category":"library","subcategory":null,"geometry_type":"Point","address":"R  Prof. Oscar Barreto Filho, 252","equipment_type":"Bibliotecas Públicas (inclui  Bosques e Pontos de Leitura)","administrative_sphere":"Municipal","included_in_metrics":true,"exclusion_reason":null,"override_reason":null}},{"type":"Feature","geometry":{"type":"Point","coordinates":[-46.51695264,-23.60156003]},"properties":{"id":"sp_geosampa_bibliotecas:equipamento_cultura_bibliotecas.40166","source_id":"sp_geosampa_bibliotecas","name":"Biblioteca Gilberto Freyre","category":"library","subcategory":null,"geometry_type":"Point","address":"Rua José Joaquim, 290","equipment_type":"Bibliotecas Públicas (inclui  Bosques e Pontos de Leitura)","administrative_sphere":"Municipal","included_in_metrics":true,"exclusion_reason":null,"override_reason":null}},{"type":"Feature","geometry":{"type":"Point","coordinates":[-46.71905936,-23.48152543]},"properties":{"id":"sp_geosampa_bibliotecas:equipamento_cultura_bibliotecas.40167","source_id":"sp_geosampa_bibliotecas","name":"Bosque de leitura Parque Rodrigo de Gásperi (fechado temporariamente)","category":"library","subcategory":null,"geometry_type":"Point","address":"Av Miguel de Castro, 321","equipment_type":"Bibliotecas Públicas (inclui  Bosques e Pontos de Leitura)","administrative_sphere":"Municipal","included_in_metrics":true,"exclusion_reason":null,"override_reason":null}},{"type":"Feature","geometry":{"type":"Point","coordinates":[-46.74383414,-23.5986466]},"properties":{"id":"sp_geosampa_bibliotecas:equipamento_cultura_bibliotecas.40168","source_id":"sp_geosampa_bibliotecas","name":"Ponto de leitura Chácara do Jockey","category":"library","subcategory":null,"geometry_type":"Point","address":"Rua Santa Crescência, 323","equipment_type":"Bibliotecas Públicas (inclui  Bosques e Pontos de Leitura)","administrative_sphere":"Municipal","included_in_metrics":true,"exclusion_reason":null,"override_reason":null}},{"type":"Feature","geometry":{"type":"Point","coordinates":[-46.39693346,-23.49794131]},"properties":{"id":"sp_geosampa_bibliotecas:equipamento_cultura_bibliotecas.40169","source_id":"sp_geosampa_bibliotecas","name":"Ponto de leitura Severino do Ramo (fechado temporariamente)","category":"library","subcategory":null,"geometry_type":"Point","address":"R Barão de Alagoas, 340","equipment_type":"Bibliotecas Públicas (inclui  Bosques e Pontos de Leitura)","administrative_sphere":"Municipal","included_in_metrics":true,"exclusion_reason":null,"override_reason":null}},{"type":"Feature","geometry":{"type":"Point","coordinates":[-46.46823131,-23.62495528]},"properties":{"id":"sp_geosampa_bibliotecas:equipamento_cultura_bibliotecas.40170","source_id":"sp_geosampa_bibliotecas","name":"Ponto de leitura São Mateus (fechado temporariamente)","category":"library","subcategory":null,"geometry_type":"Point","address":"R. Quaresma Delgado, 354","equipment_type":"Bibliotecas Públicas (inclui  Bosques e Pontos de Leitura)","administrative_sphere":"Municipal","included_in_metrics":true,"exclusion_reason":null,"override_reason":null}},{"type":"Feature","geometry":{"type":"Point","coordinates":[-46.48032075,-23.48723271]},"properties":{"id":"sp_geosampa_bibliotecas:equipamento_cultura_bibliotecas.40171","source_id":"sp_geosampa_bibliotecas","name":"Biblioteca Rubens Borba Alves de Moraes","category":"library","subcategory":null,"geometry_type":"Point","address":"R. Sampei Sato, 440","equipment_type":"Bibliotecas Públicas (inclui  Bosques e Pontos de Leitura)","administrative_sphere":"Municipal","included_in_metrics":true,"exclusion_reason":null,"override_reason":null}},{"type":"Feature","geometry":{"type":"Point","coordinates":[-46.63904946,-23.54345176]},"properties":{"id":"sp_geosampa_bibliotecas:equipamento_cultura_bibliotecas.40172","source_id":"sp_geosampa_bibliotecas","name":"Ponto de leitura Olido (fechado temporariamente)","category":"library","subcategory":null,"geometry_type":"Point","address":"Av São  João, 473","equipment_type":"Bibliotecas Públicas (inclui  Bosques e Pontos de Leitura)","administrative_sphere":"Municipal","included_in_metrics":true,"exclusion_reason":null,"override_reason":null}},{"type":"Feature","geometry":{"type":"Point","coordinates":[-46.77438386,-23.65983681]},"properties":{"id":"sp_geosampa_bibliotecas:equipamento_cultura_bibliotecas.40173","source_id":"sp_geosampa_bibliotecas","name":"Bosque de leitura Parque Santo Dias (fechado temporariamente)","category":"library","subcategory":null,"geometry_type":"Point","address":"Estrada de Itapecirica, altura d, 4800","equipment_type":"Bibliotecas Públicas (inclui  Bosques e Pontos de Leitura)","administrative_sphere":"Municipal","included_in_metrics":true,"exclusion_reason":null,"override_reason":null}},{"type":"Feature","geometry":{"type":"Point","coordinates":[-46.64922511,-23.5450093]},"properties":{"id":"sp_geosampa_bibliotecas:equipamento_cultura_bibliotecas.40174","source_id":"sp_geosampa_bibliotecas","name":"Biblioteca Monteiro Lobato","category":"library","subcategory":null,"geometry_type":"Point","address":"Rua General Jardim, 485","equipment_type":"Bibliotecas Públicas (inclui  Bosques e Pontos de Leitura)","administrative_sphere":"Municipal","included_in_metrics":true,"exclusion_reason":null,"override_reason":null}},{"type":"Feature","geometry":{"type":"Point","coordinates":[-46.60756487,-23.46862485]},"properties":{"id":"sp_geosampa_bibliotecas:equipamento_cultura_bibliotecas.40175","source_id":"sp_geosampa_bibliotecas","name":"Bosque de leitura Parque Lions Club Tucuruvi (fechado temporariamente)","category":"library","subcategory":null,"geometry_type":"Point","address":"R Alcindo Bueno de Assis, 500","equipment_type":"Bibliotecas Públicas (inclui  Bosques e Pontos de Leitura)","administrative_sphere":"Municipal","included_in_metrics":true,"exclusion_reason":null,"override_reason":null}},{"type":"Feature","geometry":{"type":"Point","coordinates":[-46.5752443,-23.52774171]},"properties":{"id":"sp_geosampa_bibliotecas:equipamento_cultura_bibliotecas.40176","source_id":"sp_geosampa_bibliotecas","name":"Ponto de leitura Parque do Piqueri","category":"library","subcategory":null,"geometry_type":"Point","address":"R Tuiuti, 515","equipment_type":"Bibliotecas Públicas (inclui  Bosques e Pontos de Leitura)","administrative_sphere":"Municipal","included_in_metrics":true,"exclusion_reason":null,"override_reason":null}},{"type":"Feature","geometry":{"type":"Point","coordinates":[-46.70724835,-23.65427162]},"properties":{"id":"sp_geosampa_bibliotecas:equipamento_cultura_bibliotecas.40177","source_id":"sp_geosampa_bibliotecas","name":"Biblioteca Belmonte (fechado temporariamente)","category":"library","subcategory":null,"geometry_type":"Point","address":"Rua Paulo Eiró, 525","equipment_type":"Bibliotecas Públicas (inclui  Bosques e Pontos de Leitura)","administrative_sphere":"Municipal","included_in_metrics":true,"exclusion_reason":null,"override_reason":null}},{"type":"Feature","geometry":{"type":"Point","coordinates":[-46.4074169,-23.56400066]},"properties":{"id":"sp_geosampa_bibliotecas:equipamento_cultura_bibliotecas.40178","source_id":"sp_geosampa_bibliotecas","name":"Ponto de leitura Juscelino Kubitschek (fechado temporariamente)","category":"library","subcategory":null,"geometry_type":"Point","address":"Av. Inácio Monteiro, 55","equipment_type":"Bibliotecas Públicas (inclui  Bosques e Pontos de Leitura)","administrative_sphere":"Municipal","included_in_metrics":true,"exclusion_reason":null,"override_reason":null}},{"type":"Feature","geometry":{"type":"Point","coordinates":[-46.73152018,-23.67564771]},"properties":{"id":"sp_geosampa_bibliotecas:equipamento_cultura_bibliotecas.40179","source_id":"sp_geosampa_bibliotecas","name":"Bosque de leitura Parque Guarapiranga (fechado temporariamente)","category":"library","subcategory":null,"geometry_type":"Point","address":"Av. Guarapiranga, 575","equipment_type":"Bibliotecas Públicas (inclui  Bosques e Pontos de Leitura)","administrative_sphere":"Municipal","included_in_metrics":true,"exclusion_reason":null,"override_reason":null}},{"type":"Feature","geometry":{"type":"Point","coordinates":[-46.50364704,-23.56818985]},"properties":{"id":"sp_geosampa_bibliotecas:equipamento_cultura_bibliotecas.40180","source_id":"sp_geosampa_bibliotecas","name":"Biblioteca Milton Santos (fechado temporariamente)","category":"library","subcategory":null,"geometry_type":"Point","address":"Avenida Aricanduva, 5777","equipment_type":"Bibliotecas Públicas (inclui  Bosques e Pontos de Leitura)","administrative_sphere":"Municipal","included_in_metrics":true,"exclusion_reason":null,"override_reason":null}},{"type":"Feature","geometry":{"type":"Point","coordinates":[-46.39014331,-23.5804871]},"properties":{"id":"sp_geosampa_bibliotecas:equipamento_cultura_bibliotecas.40181","source_id":"sp_geosampa_bibliotecas","name":"Biblioteca Maria Firmina dos Reis (fechado temporariamente)","category":"library","subcategory":null,"geometry_type":"Point","address":"R. Inácio Monteiro, 6900","equipment_type":"Bibliotecas Públicas (inclui  Bosques e Pontos de Leitura)","administrative_sphere":"Municipal","included_in_metrics":true,"exclusion_reason":null,"override_reason":null}},{"type":"Feature","geometry":{"type":"Point","coordinates":[-46.40546953,-23.53822191]},"properties":{"id":"sp_geosampa_bibliotecas:equipamento_cultura_bibliotecas.40182","source_id":"sp_geosampa_bibliotecas","name":"Bosque de leitura Parque Lajeado (fechado temporariamente)","category":"library","subcategory":null,"geometry_type":"Point","address":"R Antônio Thadeu, 74","equipment_type":"Bibliotecas Públicas (inclui  Bosques e Pontos de Leitura)","administrative_sphere":"Municipal","included_in_metrics":true,"exclusion_reason":null,"override_reason":null}},{"type":"Feature","geometry":{"type":"Point","coordinates":[-46.44057325,-23.49931085]},"properties":{"id":"sp_geosampa_bibliotecas:equipamento_cultura_bibliotecas.40183","source_id":"sp_geosampa_bibliotecas","name":"Biblioteca Raimundo de Menezes","category":"library","subcategory":null,"geometry_type":"Point","address":"Avenida Nordestina, 780","equipment_type":"Bibliotecas Públicas (inclui  Bosques e Pontos de Leitura)","administrative_sphere":"Municipal","included_in_metrics":true,"exclusion_reason":null,"override_reason":null}},{"type":"Feature","geometry":{"type":"Point","coordinates":[-46.70876173,-23.64502492]},"properties":{"id":"sp_geosampa_bibliotecas:equipamento_cultura_bibliotecas.40184","source_id":"sp_geosampa_bibliotecas","name":"Biblioteca Prefeito Prestes Maia","category":"library","subcategory":null,"geometry_type":"Point","address":"Avenida João Dias, 822","equipment_type":"Bibliotecas Públicas (inclui  Bosques e Pontos de Leitura)","administrative_sphere":"Municipal","included_in_metrics":true,"exclusion_reason":null,"override_reason":null}},{"type":"Feature","geometry":{"type":"Point","coordinates":[-46.72687727,-23.50329826]},"properties":{"id":"sp_geosampa_bibliotecas:equipamento_cultura_bibliotecas.40185","source_id":"sp_geosampa_bibliotecas","name":"Bosque de leitura Parque Cidade de Toronto (fechado temporariamente)","category":"library","subcategory":null,"geometry_type":"Point","address":"Av Cardeal Mota, 84","equipment_type":"Bibliotecas Públicas (inclui  Bosques e Pontos de Leitura)","administrative_sphere":"Municipal","included_in_metrics":true,"exclusion_reason":null,"override_reason":null}},{"type":"Feature","geometry":{"type":"Point","coordinates":[-46.59798414,-23.51499796]},"properties":{"id":"sp_geosampa_bibliotecas:equipamento_cultura_bibliotecas.40186","source_id":"sp_geosampa_bibliotecas","name":"Bosque de leitura Parque do Trote (fechado temporariamente)","category":"library","subcategory":null,"geometry_type":"Point","address":"R São Quirino, 905","equipment_type":"Bibliotecas Públicas (inclui  Bosques e Pontos de Leitura)","administrative_sphere":"Municipal","included_in_metrics":true,"exclusion_reason":null,"override_reason":null}},{"type":"Feature","geometry":{"type":"Point","coordinates":[-46.47064646,-23.57062253]},"properties":{"id":"sp_geosampa_bibliotecas:equipamento_cultura_bibliotecas.40187","source_id":"sp_geosampa_bibliotecas","name":"Bosque de leitura Parque do Carmo (fechado temporariamente)","category":"library","subcategory":null,"geometry_type":"Point","address":"Av Afonso de Sampaio e Souza, 951","equipment_type":"Bibliotecas Públicas (inclui  Bosques e Pontos de Leitura)","administrative_sphere":"Municipal","included_in_metrics":true,"exclusion_reason":null,"override_reason":null}},{"type":"Feature","geometry":{"type":"Point","coordinates":[-46.63389138,-23.53272276]},"properties":{"id":"sp_geosampa_bibliotecas:equipamento_cultura_bibliotecas.40188","source_id":"sp_geosampa_bibliotecas","name":"Bosque de leitura Parque Jardim da Luz (fechado temporariamente)","category":"library","subcategory":null,"geometry_type":"Point","address":"R Ribeiro de Lima, 99","equipment_type":"Bibliotecas Públicas (inclui  Bosques e Pontos de Leitura)","administrative_sphere":"Municipal","included_in_metrics":true,"exclusion_reason":null,"override_reason":null}},{"type":"Feature","geometry":{"type":"Point","coordinates":[-46.44850192,-23.48818416]},"properties":{"id":"sp_geosampa_bibliotecas:equipamento_cultura_bibliotecas.40189","source_id":"sp_geosampa_bibliotecas","name":"Ponto de leitura Jardim Lapenna","category":"library","subcategory":null,"geometry_type":"Point","address":"R Serra da Juruoca, s/n","equipment_type":"Bibliotecas Públicas (inclui  Bosques e Pontos de Leitura)","administrative_sphere":"Municipal","included_in_metrics":true,"exclusion_reason":null,"override_reason":null}},{"type":"Feature","geometry":{"type":"Point","coordinates":[-46.77303893,-23.68686666]},"properties":{"id":"sp_geosampa_bibliotecas:equipamento_cultura_bibliotecas.40190","source_id":"sp_geosampa_bibliotecas","name":"Ponto de leitura Praça do Bambuzal (fechado temporariamente)","category":"library","subcategory":null,"geometry_type":"Point","address":"R da Colônia Nova, s/n","equipment_type":"Bibliotecas Públicas (inclui  Bosques e Pontos de Leitura)","administrative_sphere":"Municipal","included_in_metrics":true,"exclusion_reason":null,"override_reason":null}},{"type":"Feature","geometry":{"type":"Point","coordinates":[-46.40044005,-23.57496839]},"properties":{"id":"sp_geosampa_bibliotecas:equipamento_cultura_bibliotecas.40191","source_id":"sp_geosampa_bibliotecas","name":"Ponto de leitura Parque do Rodeio (fechado temporariamente)","category":"library","subcategory":null,"geometry_type":"Point","address":"R Igarapé da Bela Aurora, s/n","equipment_type":"Bibliotecas Públicas (inclui  Bosques e Pontos de Leitura)","administrative_sphere":"Municipal","included_in_metrics":true,"exclusion_reason":null,"override_reason":null}},{"type":"Feature","geometry":{"type":"Point","coordinates":[-46.55945111,-23.55658215]},"properties":{"id":"sp_geosampa_bibliotecas:equipamento_cultura_bibliotecas.40192","source_id":"sp_geosampa_bibliotecas","name":"Bosque de leitura Parque CERET (fechado temporariamente)","category":"library","subcategory":null,"geometry_type":"Point","address":"Rua Canuto Abreu, s/n","equipment_type":"Bibliotecas Públicas (inclui  Bosques e Pontos de Leitura)","administrative_sphere":"Municipal","included_in_metrics":true,"exclusion_reason":null,"override_reason":null}}]}
